dataset,id,backbone,arm,seed,y_true,clean,gray,n_img,CR
cub200,S1,ResNet-50,resnet50,0,0,0.8,0.7,30,0.10000000000000009
cub200,S1,ResNet-50,resnet50,0,1,0.8,0.7333333333333333,30,0.06666666666666676
cub200,S1,ResNet-50,resnet50,0,2,0.8214285714285714,0.8571428571428571,28,-0.0357142857142857
cub200,S1,ResNet-50,resnet50,0,3,0.8666666666666667,0.43333333333333335,30,0.43333333333333335
cub200,S1,ResNet-50,resnet50,0,4,0.9285714285714286,0.21428571428571427,14,0.7142857142857143
cub200,S1,ResNet-50,resnet50,0,5,0.8181818181818182,0.7272727272727273,11,0.09090909090909094
cub200,S1,ResNet-50,resnet50,0,6,1.0,0.8695652173913043,23,0.13043478260869568
cub200,S1,ResNet-50,resnet50,0,7,0.7777777777777778,0.5,18,0.2777777777777778
cub200,S1,ResNet-50,resnet50,0,8,0.5517241379310345,0.4482758620689655,29,0.10344827586206895
cub200,S1,ResNet-50,resnet50,0,9,0.8666666666666667,0.03333333333333333,30,0.8333333333333334
cub200,S1,ResNet-50,resnet50,0,10,0.5,0.5333333333333333,30,-0.033333333333333326
cub200,S1,ResNet-50,resnet50,0,11,0.9230769230769231,0.038461538461538464,26,0.8846153846153847
cub200,S1,ResNet-50,resnet50,0,12,0.9,0.9,30,0.0
cub200,S1,ResNet-50,resnet50,0,13,0.9666666666666667,0.0,30,0.9666666666666667
cub200,S1,ResNet-50,resnet50,0,14,0.9642857142857143,0.0,28,0.9642857142857143
cub200,S1,ResNet-50,resnet50,0,15,0.9285714285714286,0.0,28,0.9285714285714286
cub200,S1,ResNet-50,resnet50,0,16,0.9259259259259259,0.2962962962962963,27,0.6296296296296297
cub200,S1,ResNet-50,resnet50,0,17,1.0,0.5333333333333333,15,0.4666666666666667
cub200,S1,ResNet-50,resnet50,0,18,0.8275862068965517,0.034482758620689655,29,0.7931034482758621
cub200,S1,ResNet-50,resnet50,0,19,0.7586206896551724,0.0,29,0.7586206896551724
cub200,S1,ResNet-50,resnet50,0,20,0.8666666666666667,0.23333333333333334,30,0.6333333333333333
cub200,S1,ResNet-50,resnet50,0,21,0.5769230769230769,0.11538461538461539,26,0.46153846153846145
cub200,S1,ResNet-50,resnet50,0,22,0.4482758620689655,0.41379310344827586,29,0.03448275862068967
cub200,S1,ResNet-50,resnet50,0,23,0.9090909090909091,0.09090909090909091,22,0.8181818181818181
cub200,S1,ResNet-50,resnet50,0,24,0.5,0.7333333333333333,30,-0.23333333333333328
cub200,S1,ResNet-50,resnet50,0,25,0.9333333333333333,0.0,30,0.9333333333333333
cub200,S1,ResNet-50,resnet50,0,26,0.4666666666666667,0.3,30,0.16666666666666669
cub200,S1,ResNet-50,resnet50,0,27,0.8620689655172413,0.8620689655172413,29,0.0
cub200,S1,ResNet-50,resnet50,0,28,0.4,0.23333333333333334,30,0.16666666666666669
cub200,S1,ResNet-50,resnet50,0,29,0.4666666666666667,0.6666666666666666,30,-0.19999999999999996
cub200,S1,ResNet-50,resnet50,0,30,0.8,0.6,30,0.20000000000000007
cub200,S1,ResNet-50,resnet50,0,31,0.6521739130434783,0.13043478260869565,23,0.5217391304347826
cub200,S1,ResNet-50,resnet50,0,32,0.6896551724137931,0.13793103448275862,29,0.5517241379310345
cub200,S1,ResNet-50,resnet50,0,33,0.9310344827586207,0.3793103448275862,29,0.5517241379310345
cub200,S1,ResNet-50,resnet50,0,34,0.9666666666666667,0.3,30,0.6666666666666667
cub200,S1,ResNet-50,resnet50,0,35,0.9666666666666667,0.9333333333333333,30,0.033333333333333326
cub200,S1,ResNet-50,resnet50,0,36,0.6206896551724138,0.4827586206896552,29,0.13793103448275862
cub200,S1,ResNet-50,resnet50,0,37,0.6666666666666666,0.0,30,0.6666666666666666
cub200,S1,ResNet-50,resnet50,0,38,0.5172413793103449,0.13793103448275862,29,0.37931034482758624
cub200,S1,ResNet-50,resnet50,0,39,0.4666666666666667,0.26666666666666666,30,0.2
cub200,S1,ResNet-50,resnet50,0,40,0.8666666666666667,0.6666666666666666,30,0.20000000000000007
cub200,S1,ResNet-50,resnet50,0,41,0.9,0.0,30,0.9
cub200,S1,ResNet-50,resnet50,0,42,0.4482758620689655,0.10344827586206896,29,0.3448275862068966
cub200,S1,ResNet-50,resnet50,0,43,0.8333333333333334,0.6666666666666666,30,0.16666666666666674
cub200,S1,ResNet-50,resnet50,0,44,0.6,0.6666666666666666,30,-0.06666666666666665
cub200,S1,ResNet-50,resnet50,0,45,0.9333333333333333,0.8666666666666667,30,0.06666666666666665
cub200,S1,ResNet-50,resnet50,0,46,0.8666666666666667,0.0,30,0.8666666666666667
cub200,S1,ResNet-50,resnet50,0,47,0.9666666666666667,0.36666666666666664,30,0.6000000000000001
cub200,S1,ResNet-50,resnet50,0,48,0.6,0.2,30,0.39999999999999997
cub200,S1,ResNet-50,resnet50,0,49,0.7,0.36666666666666664,30,0.3333333333333333
cub200,S1,ResNet-50,resnet50,0,50,0.8666666666666667,0.36666666666666664,30,0.5
cub200,S1,ResNet-50,resnet50,0,51,0.8666666666666667,0.8,30,0.06666666666666665
cub200,S1,ResNet-50,resnet50,0,52,0.9666666666666667,0.8,30,0.16666666666666663
cub200,S1,ResNet-50,resnet50,0,53,0.8333333333333334,0.03333333333333333,30,0.8
cub200,S1,ResNet-50,resnet50,0,54,0.9333333333333333,0.0,30,0.9333333333333333
cub200,S1,ResNet-50,resnet50,0,55,0.9,0.06666666666666667,30,0.8333333333333334
cub200,S1,ResNet-50,resnet50,0,56,1.0,0.4,30,0.6
cub200,S1,ResNet-50,resnet50,0,57,0.7857142857142857,0.5357142857142857,28,0.25
cub200,S1,ResNet-50,resnet50,0,58,0.36666666666666664,0.13333333333333333,30,0.2333333333333333
cub200,S1,ResNet-50,resnet50,0,59,0.5172413793103449,0.6551724137931034,29,-0.13793103448275856
cub200,S1,ResNet-50,resnet50,0,60,0.9666666666666667,0.4666666666666667,30,0.5
cub200,S1,ResNet-50,resnet50,0,61,0.4,0.2,30,0.2
cub200,S1,ResNet-50,resnet50,0,62,0.8333333333333334,0.7666666666666667,30,0.06666666666666665
cub200,S1,ResNet-50,resnet50,0,63,0.36666666666666664,0.23333333333333334,30,0.1333333333333333
cub200,S1,ResNet-50,resnet50,0,64,0.55,0.4,20,0.15000000000000002
cub200,S1,ResNet-50,resnet50,0,65,0.7,0.6666666666666666,30,0.033333333333333326
cub200,S1,ResNet-50,resnet50,0,66,0.7,0.5666666666666667,30,0.1333333333333333
cub200,S1,ResNet-50,resnet50,0,67,0.8333333333333334,0.5666666666666667,30,0.2666666666666667
cub200,S1,ResNet-50,resnet50,0,68,0.7333333333333333,0.43333333333333335,30,0.29999999999999993
cub200,S1,ResNet-50,resnet50,0,69,1.0,0.0,30,1.0
cub200,S1,ResNet-50,resnet50,0,70,0.4666666666666667,0.4666666666666667,30,0.0
cub200,S1,ResNet-50,resnet50,0,71,0.6,0.3333333333333333,30,0.26666666666666666
cub200,S1,ResNet-50,resnet50,0,72,0.8666666666666667,0.4,30,0.4666666666666667
cub200,S1,ResNet-50,resnet50,0,73,1.0,0.1,30,0.9
cub200,S1,ResNet-50,resnet50,0,74,0.9629629629629629,0.2962962962962963,27,0.6666666666666666
cub200,S1,ResNet-50,resnet50,0,75,0.9333333333333333,0.7666666666666667,30,0.16666666666666663
cub200,S1,ResNet-50,resnet50,0,76,1.0,0.0,30,1.0
cub200,S1,ResNet-50,resnet50,0,77,0.896551724137931,0.5517241379310345,29,0.3448275862068966
cub200,S1,ResNet-50,resnet50,0,78,0.9,0.6666666666666666,30,0.2333333333333334
cub200,S1,ResNet-50,resnet50,0,79,0.8,0.7,30,0.10000000000000009
cub200,S1,ResNet-50,resnet50,0,80,0.9,0.8333333333333334,30,0.06666666666666665
cub200,S1,ResNet-50,resnet50,0,81,0.8,0.36666666666666664,30,0.4333333333333334
cub200,S1,ResNet-50,resnet50,0,82,0.9666666666666667,0.2,30,0.7666666666666666
cub200,S1,ResNet-50,resnet50,0,83,0.8260869565217391,0.5217391304347826,23,0.30434782608695654
cub200,S1,ResNet-50,resnet50,0,84,0.9666666666666667,0.8,30,0.16666666666666663
cub200,S1,ResNet-50,resnet50,0,85,0.9333333333333333,0.9666666666666667,30,-0.033333333333333326
cub200,S1,ResNet-50,resnet50,0,86,0.8666666666666667,0.13333333333333333,30,0.7333333333333334
cub200,S1,ResNet-50,resnet50,0,87,0.9666666666666667,0.1,30,0.8666666666666667
cub200,S1,ResNet-50,resnet50,0,88,0.8,0.7666666666666667,30,0.033333333333333326
cub200,S1,ResNet-50,resnet50,0,89,0.9,0.5333333333333333,30,0.3666666666666667
cub200,S1,ResNet-50,resnet50,0,90,0.6333333333333333,0.5666666666666667,30,0.06666666666666665
cub200,S1,ResNet-50,resnet50,0,91,0.9,0.7333333333333333,30,0.16666666666666674
cub200,S1,ResNet-50,resnet50,0,92,1.0,0.8,30,0.19999999999999996
cub200,S1,ResNet-50,resnet50,0,93,0.9666666666666667,0.6333333333333333,30,0.33333333333333337
cub200,S1,ResNet-50,resnet50,0,94,0.8333333333333334,0.0,30,0.8333333333333334
cub200,S1,ResNet-50,resnet50,0,95,0.7333333333333333,0.0,30,0.7333333333333333
cub200,S1,ResNet-50,resnet50,0,96,0.7241379310344828,0.034482758620689655,29,0.6896551724137931
cub200,S1,ResNet-50,resnet50,0,97,0.9,0.06666666666666667,30,0.8333333333333334
cub200,S1,ResNet-50,resnet50,0,98,0.8,0.4666666666666667,30,0.33333333333333337
cub200,S1,ResNet-50,resnet50,0,99,1.0,0.8666666666666667,30,0.1333333333333333
cub200,S1,ResNet-50,resnet50,0,100,1.0,1.0,20,0.0
cub200,S1,ResNet-50,resnet50,0,101,0.36666666666666664,0.4,30,-0.03333333333333338
cub200,S1,ResNet-50,resnet50,0,102,0.5,0.23333333333333334,30,0.26666666666666666
cub200,S1,ResNet-50,resnet50,0,103,0.6,0.4666666666666667,30,0.1333333333333333
cub200,S1,ResNet-50,resnet50,0,104,0.7368421052631579,0.9473684210526315,19,-0.21052631578947367
cub200,S1,ResNet-50,resnet50,0,105,0.9666666666666667,0.9333333333333333,30,0.033333333333333326
cub200,S1,ResNet-50,resnet50,0,106,0.5333333333333333,0.26666666666666666,30,0.26666666666666666
cub200,S1,ResNet-50,resnet50,0,107,0.8,0.8333333333333334,30,-0.033333333333333326
cub200,S1,ResNet-50,resnet50,0,108,0.8666666666666667,0.0,30,0.8666666666666667
cub200,S1,ResNet-50,resnet50,0,109,0.9333333333333333,0.9,30,0.033333333333333326
cub200,S1,ResNet-50,resnet50,0,110,0.6666666666666666,0.13333333333333333,30,0.5333333333333333
cub200,S1,ResNet-50,resnet50,0,111,0.6,0.8666666666666667,30,-0.2666666666666667
cub200,S1,ResNet-50,resnet50,0,112,0.9,0.85,20,0.050000000000000044
cub200,S1,ResNet-50,resnet50,0,113,0.9,0.3333333333333333,30,0.5666666666666667
cub200,S1,ResNet-50,resnet50,0,114,0.5172413793103449,0.1724137931034483,29,0.3448275862068966
cub200,S1,ResNet-50,resnet50,0,115,0.7666666666666667,0.03333333333333333,30,0.7333333333333334
cub200,S1,ResNet-50,resnet50,0,116,0.5517241379310345,0.6206896551724138,29,-0.06896551724137934
cub200,S1,ResNet-50,resnet50,0,117,0.6333333333333333,0.26666666666666666,30,0.36666666666666664
cub200,S1,ResNet-50,resnet50,0,118,0.6896551724137931,0.3793103448275862,29,0.31034482758620696
cub200,S1,ResNet-50,resnet50,0,119,0.7666666666666667,0.4666666666666667,30,0.30000000000000004
cub200,S1,ResNet-50,resnet50,0,120,0.7333333333333333,0.7,30,0.033333333333333326
cub200,S1,ResNet-50,resnet50,0,121,0.9666666666666667,0.6666666666666666,30,0.30000000000000004
cub200,S1,ResNet-50,resnet50,0,122,0.6666666666666666,0.5666666666666667,30,0.09999999999999998
cub200,S1,ResNet-50,resnet50,0,123,0.8275862068965517,0.2413793103448276,29,0.5862068965517241
cub200,S1,ResNet-50,resnet50,0,124,0.7931034482758621,0.6206896551724138,29,0.1724137931034483
cub200,S1,ResNet-50,resnet50,0,125,0.6,0.3,30,0.3
cub200,S1,ResNet-50,resnet50,0,126,0.7333333333333333,0.2,30,0.5333333333333332
cub200,S1,ResNet-50,resnet50,0,127,0.8,0.3333333333333333,30,0.46666666666666673
cub200,S1,ResNet-50,resnet50,0,128,0.5666666666666667,0.5,30,0.06666666666666665
cub200,S1,ResNet-50,resnet50,0,129,0.5666666666666667,0.23333333333333334,30,0.3333333333333333
cub200,S1,ResNet-50,resnet50,0,130,0.8,0.6,30,0.20000000000000007
cub200,S1,ResNet-50,resnet50,0,131,0.8666666666666667,0.5333333333333333,30,0.33333333333333337
cub200,S1,ResNet-50,resnet50,0,132,0.9333333333333333,0.4666666666666667,30,0.4666666666666667
cub200,S1,ResNet-50,resnet50,0,133,0.9333333333333333,0.0,30,0.9333333333333333
cub200,S1,ResNet-50,resnet50,0,134,0.6333333333333333,0.3,30,0.3333333333333333
cub200,S1,ResNet-50,resnet50,0,135,0.6333333333333333,0.0,30,0.6333333333333333
cub200,S1,ResNet-50,resnet50,0,136,0.6666666666666666,0.06666666666666667,30,0.6
cub200,S1,ResNet-50,resnet50,0,137,0.8,0.4666666666666667,30,0.33333333333333337
cub200,S1,ResNet-50,resnet50,0,138,0.9666666666666667,0.0,30,0.9666666666666667
cub200,S1,ResNet-50,resnet50,0,139,0.9666666666666667,0.0,30,0.9666666666666667
cub200,S1,ResNet-50,resnet50,0,140,0.6896551724137931,0.41379310344827586,29,0.2758620689655173
cub200,S1,ResNet-50,resnet50,0,141,0.5,0.06666666666666667,30,0.43333333333333335
cub200,S1,ResNet-50,resnet50,0,142,0.4,0.2,30,0.2
cub200,S1,ResNet-50,resnet50,0,143,0.16666666666666666,0.0,30,0.16666666666666666
cub200,S1,ResNet-50,resnet50,0,144,0.7,0.2,30,0.49999999999999994
cub200,S1,ResNet-50,resnet50,0,145,0.4666666666666667,0.1,30,0.3666666666666667
cub200,S1,ResNet-50,resnet50,0,146,0.8666666666666667,0.2,30,0.6666666666666667
cub200,S1,ResNet-50,resnet50,0,147,0.9666666666666667,0.03333333333333333,30,0.9333333333333333
cub200,S1,ResNet-50,resnet50,0,148,0.9310344827586207,0.41379310344827586,29,0.5172413793103448
cub200,S1,ResNet-50,resnet50,0,149,0.8333333333333334,0.43333333333333335,30,0.4
cub200,S1,ResNet-50,resnet50,0,150,1.0,0.6190476190476191,21,0.38095238095238093
cub200,S1,ResNet-50,resnet50,0,151,0.7666666666666667,0.0,30,0.7666666666666667
cub200,S1,ResNet-50,resnet50,0,152,0.7931034482758621,0.0,29,0.7931034482758621
cub200,S1,ResNet-50,resnet50,0,153,0.8333333333333334,0.26666666666666666,30,0.5666666666666667
cub200,S1,ResNet-50,resnet50,0,154,0.5666666666666667,0.7666666666666667,30,-0.20000000000000007
cub200,S1,ResNet-50,resnet50,0,155,0.9,0.0,30,0.9
cub200,S1,ResNet-50,resnet50,0,156,0.6206896551724138,0.0,29,0.6206896551724138
cub200,S1,ResNet-50,resnet50,0,157,0.9333333333333333,0.03333333333333333,30,0.9
cub200,S1,ResNet-50,resnet50,0,158,1.0,0.9666666666666667,30,0.033333333333333326
cub200,S1,ResNet-50,resnet50,0,159,0.9655172413793104,0.3448275862068966,29,0.6206896551724138
cub200,S1,ResNet-50,resnet50,0,160,0.9,0.03333333333333333,30,0.8666666666666667
cub200,S1,ResNet-50,resnet50,0,161,0.8333333333333334,0.0,30,0.8333333333333334
cub200,S1,ResNet-50,resnet50,0,162,0.8666666666666667,0.03333333333333333,30,0.8333333333333334
cub200,S1,ResNet-50,resnet50,0,163,0.9333333333333333,0.3333333333333333,30,0.6000000000000001
cub200,S1,ResNet-50,resnet50,0,164,0.8333333333333334,0.26666666666666666,30,0.5666666666666667
cub200,S1,ResNet-50,resnet50,0,165,0.9310344827586207,0.0,29,0.9310344827586207
cub200,S1,ResNet-50,resnet50,0,166,0.7333333333333333,0.0,30,0.7333333333333333
cub200,S1,ResNet-50,resnet50,0,167,0.896551724137931,0.0,29,0.896551724137931
cub200,S1,ResNet-50,resnet50,0,168,0.9310344827586207,0.0,29,0.9310344827586207
cub200,S1,ResNet-50,resnet50,0,169,0.7666666666666667,0.0,30,0.7666666666666667
cub200,S1,ResNet-50,resnet50,0,170,0.8,0.13333333333333333,30,0.6666666666666667
cub200,S1,ResNet-50,resnet50,0,171,0.8,0.0,30,0.8
cub200,S1,ResNet-50,resnet50,0,172,0.6,0.26666666666666666,30,0.3333333333333333
cub200,S1,ResNet-50,resnet50,0,173,0.8,0.43333333333333335,30,0.3666666666666667
cub200,S1,ResNet-50,resnet50,0,174,0.8,0.0,30,0.8
cub200,S1,ResNet-50,resnet50,0,175,0.9666666666666667,0.0,30,0.9666666666666667
cub200,S1,ResNet-50,resnet50,0,176,1.0,0.0,30,1.0
cub200,S1,ResNet-50,resnet50,0,177,0.8461538461538461,0.6923076923076923,26,0.15384615384615385
cub200,S1,ResNet-50,resnet50,0,178,0.6206896551724138,0.1724137931034483,29,0.4482758620689655
cub200,S1,ResNet-50,resnet50,0,179,0.8333333333333334,0.0,30,0.8333333333333334
cub200,S1,ResNet-50,resnet50,0,180,0.8275862068965517,0.7586206896551724,29,0.06896551724137934
cub200,S1,ResNet-50,resnet50,0,181,0.9333333333333333,0.06666666666666667,30,0.8666666666666667
cub200,S1,ResNet-50,resnet50,0,182,0.8333333333333334,0.5,30,0.33333333333333337
cub200,S1,ResNet-50,resnet50,0,183,0.8333333333333334,0.9333333333333333,30,-0.09999999999999998
cub200,S1,ResNet-50,resnet50,0,184,0.9,0.7,30,0.20000000000000007
cub200,S1,ResNet-50,resnet50,0,185,0.9,0.43333333333333335,30,0.4666666666666667
cub200,S1,ResNet-50,resnet50,0,186,1.0,0.85,20,0.15000000000000002
cub200,S1,ResNet-50,resnet50,0,187,0.9666666666666667,0.8333333333333334,30,0.1333333333333333
cub200,S1,ResNet-50,resnet50,0,188,1.0,0.8666666666666667,30,0.1333333333333333
cub200,S1,ResNet-50,resnet50,0,189,0.9310344827586207,0.9310344827586207,29,0.0
cub200,S1,ResNet-50,resnet50,0,190,0.8,0.03333333333333333,30,0.7666666666666667
cub200,S1,ResNet-50,resnet50,0,191,0.9666666666666667,0.8666666666666667,30,0.09999999999999998
cub200,S1,ResNet-50,resnet50,0,192,0.6666666666666666,0.16666666666666666,30,0.5
cub200,S1,ResNet-50,resnet50,0,193,0.9333333333333333,0.7333333333333333,30,0.20000000000000007
cub200,S1,ResNet-50,resnet50,0,194,0.8666666666666667,0.4,30,0.4666666666666667
cub200,S1,ResNet-50,resnet50,0,195,0.6,0.5666666666666667,30,0.033333333333333326
cub200,S1,ResNet-50,resnet50,0,196,0.7333333333333333,0.36666666666666664,30,0.36666666666666664
cub200,S1,ResNet-50,resnet50,0,197,0.8333333333333334,0.5,30,0.33333333333333337
cub200,S1,ResNet-50,resnet50,0,198,0.8333333333333334,0.7,30,0.13333333333333341
cub200,S1,ResNet-50,resnet50,0,199,0.9,0.0,30,0.9
cub200,S1,ResNet-50,resnet50,1,0,0.8333333333333334,0.5,30,0.33333333333333337
cub200,S1,ResNet-50,resnet50,1,1,0.7333333333333333,0.5666666666666667,30,0.16666666666666663
cub200,S1,ResNet-50,resnet50,1,2,0.8214285714285714,0.9285714285714286,28,-0.1071428571428572
cub200,S1,ResNet-50,resnet50,1,3,0.9,0.5666666666666667,30,0.33333333333333337
cub200,S1,ResNet-50,resnet50,1,4,0.8571428571428571,0.14285714285714285,14,0.7142857142857142
cub200,S1,ResNet-50,resnet50,1,5,0.8181818181818182,0.8181818181818182,11,0.0
cub200,S1,ResNet-50,resnet50,1,6,0.9130434782608695,0.6956521739130435,23,0.21739130434782605
cub200,S1,ResNet-50,resnet50,1,7,0.8888888888888888,0.6111111111111112,18,0.2777777777777777
cub200,S1,ResNet-50,resnet50,1,8,0.4482758620689655,0.5172413793103449,29,-0.06896551724137934
cub200,S1,ResNet-50,resnet50,1,9,0.8666666666666667,0.1,30,0.7666666666666667
cub200,S1,ResNet-50,resnet50,1,10,0.6333333333333333,0.43333333333333335,30,0.19999999999999996
cub200,S1,ResNet-50,resnet50,1,11,0.9230769230769231,0.07692307692307693,26,0.8461538461538463
cub200,S1,ResNet-50,resnet50,1,12,0.9,0.8,30,0.09999999999999998
cub200,S1,ResNet-50,resnet50,1,13,0.8666666666666667,0.0,30,0.8666666666666667
cub200,S1,ResNet-50,resnet50,1,14,0.9285714285714286,0.07142857142857142,28,0.8571428571428572
cub200,S1,ResNet-50,resnet50,1,15,0.9285714285714286,0.0,28,0.9285714285714286
cub200,S1,ResNet-50,resnet50,1,16,0.9259259259259259,0.2222222222222222,27,0.7037037037037037
cub200,S1,ResNet-50,resnet50,1,17,1.0,0.4666666666666667,15,0.5333333333333333
cub200,S1,ResNet-50,resnet50,1,18,0.8275862068965517,0.06896551724137931,29,0.7586206896551724
cub200,S1,ResNet-50,resnet50,1,19,0.7241379310344828,0.0,29,0.7241379310344828
cub200,S1,ResNet-50,resnet50,1,20,0.9666666666666667,0.3333333333333333,30,0.6333333333333333
cub200,S1,ResNet-50,resnet50,1,21,0.6923076923076923,0.38461538461538464,26,0.30769230769230765
cub200,S1,ResNet-50,resnet50,1,22,0.5862068965517241,0.4482758620689655,29,0.13793103448275856
cub200,S1,ResNet-50,resnet50,1,23,0.8636363636363636,0.2727272727272727,22,0.5909090909090909
cub200,S1,ResNet-50,resnet50,1,24,0.4,0.7,30,-0.29999999999999993
cub200,S1,ResNet-50,resnet50,1,25,0.9,0.0,30,0.9
cub200,S1,ResNet-50,resnet50,1,26,0.26666666666666666,0.3,30,-0.033333333333333326
cub200,S1,ResNet-50,resnet50,1,27,0.8620689655172413,0.8620689655172413,29,0.0
cub200,S1,ResNet-50,resnet50,1,28,0.4,0.4,30,0.0
cub200,S1,ResNet-50,resnet50,1,29,0.5333333333333333,0.5,30,0.033333333333333326
cub200,S1,ResNet-50,resnet50,1,30,0.7333333333333333,0.43333333333333335,30,0.29999999999999993
cub200,S1,ResNet-50,resnet50,1,31,0.6521739130434783,0.21739130434782608,23,0.4347826086956522
cub200,S1,ResNet-50,resnet50,1,32,0.5517241379310345,0.20689655172413793,29,0.3448275862068966
cub200,S1,ResNet-50,resnet50,1,33,0.9655172413793104,0.3793103448275862,29,0.5862068965517242
cub200,S1,ResNet-50,resnet50,1,34,0.9666666666666667,0.4666666666666667,30,0.5
cub200,S1,ResNet-50,resnet50,1,35,0.9666666666666667,0.9,30,0.06666666666666665
cub200,S1,ResNet-50,resnet50,1,36,0.5517241379310345,0.4482758620689655,29,0.10344827586206895
cub200,S1,ResNet-50,resnet50,1,37,0.6333333333333333,0.1,30,0.5333333333333333
cub200,S1,ResNet-50,resnet50,1,38,0.5862068965517241,0.20689655172413793,29,0.3793103448275862
cub200,S1,ResNet-50,resnet50,1,39,0.6,0.5,30,0.09999999999999998
cub200,S1,ResNet-50,resnet50,1,40,0.9333333333333333,0.7,30,0.2333333333333334
cub200,S1,ResNet-50,resnet50,1,41,0.9,0.0,30,0.9
cub200,S1,ResNet-50,resnet50,1,42,0.4482758620689655,0.1724137931034483,29,0.27586206896551724
cub200,S1,ResNet-50,resnet50,1,43,0.8333333333333334,0.7333333333333333,30,0.10000000000000009
cub200,S1,ResNet-50,resnet50,1,44,0.6666666666666666,0.7666666666666667,30,-0.10000000000000009
cub200,S1,ResNet-50,resnet50,1,45,0.9333333333333333,0.7,30,0.2333333333333334
cub200,S1,ResNet-50,resnet50,1,46,0.9,0.0,30,0.9
cub200,S1,ResNet-50,resnet50,1,47,0.9333333333333333,0.2,30,0.7333333333333334
cub200,S1,ResNet-50,resnet50,1,48,0.6666666666666666,0.36666666666666664,30,0.3
cub200,S1,ResNet-50,resnet50,1,49,0.6666666666666666,0.43333333333333335,30,0.23333333333333328
cub200,S1,ResNet-50,resnet50,1,50,0.9333333333333333,0.43333333333333335,30,0.5
cub200,S1,ResNet-50,resnet50,1,51,0.9,0.8,30,0.09999999999999998
cub200,S1,ResNet-50,resnet50,1,52,0.9666666666666667,0.9666666666666667,30,0.0
cub200,S1,ResNet-50,resnet50,1,53,0.7666666666666667,0.0,30,0.7666666666666667
cub200,S1,ResNet-50,resnet50,1,54,0.9666666666666667,0.03333333333333333,30,0.9333333333333333
cub200,S1,ResNet-50,resnet50,1,55,0.8666666666666667,0.1,30,0.7666666666666667
cub200,S1,ResNet-50,resnet50,1,56,0.9666666666666667,0.6666666666666666,30,0.30000000000000004
cub200,S1,ResNet-50,resnet50,1,57,0.6785714285714286,0.4642857142857143,28,0.2142857142857143
cub200,S1,ResNet-50,resnet50,1,58,0.23333333333333334,0.1,30,0.13333333333333333
cub200,S1,ResNet-50,resnet50,1,59,0.4827586206896552,0.5862068965517241,29,-0.1034482758620689
cub200,S1,ResNet-50,resnet50,1,60,0.9666666666666667,0.6333333333333333,30,0.33333333333333337
cub200,S1,ResNet-50,resnet50,1,61,0.5333333333333333,0.13333333333333333,30,0.4
cub200,S1,ResNet-50,resnet50,1,62,0.7666666666666667,0.7333333333333333,30,0.03333333333333344
cub200,S1,ResNet-50,resnet50,1,63,0.4,0.3,30,0.10000000000000003
cub200,S1,ResNet-50,resnet50,1,64,0.65,0.5,20,0.15000000000000002
cub200,S1,ResNet-50,resnet50,1,65,0.7333333333333333,0.7333333333333333,30,0.0
cub200,S1,ResNet-50,resnet50,1,66,0.6333333333333333,0.4,30,0.23333333333333328
cub200,S1,ResNet-50,resnet50,1,67,0.9,0.5333333333333333,30,0.3666666666666667
cub200,S1,ResNet-50,resnet50,1,68,0.7666666666666667,0.4666666666666667,30,0.30000000000000004
cub200,S1,ResNet-50,resnet50,1,69,1.0,0.0,30,1.0
cub200,S1,ResNet-50,resnet50,1,70,0.4666666666666667,0.36666666666666664,30,0.10000000000000003
cub200,S1,ResNet-50,resnet50,1,71,0.6,0.26666666666666666,30,0.3333333333333333
cub200,S1,ResNet-50,resnet50,1,72,0.9,0.36666666666666664,30,0.5333333333333334
cub200,S1,ResNet-50,resnet50,1,73,1.0,0.0,30,1.0
cub200,S1,ResNet-50,resnet50,1,74,0.9259259259259259,0.14814814814814814,27,0.7777777777777778
cub200,S1,ResNet-50,resnet50,1,75,0.9333333333333333,0.7333333333333333,30,0.20000000000000007
cub200,S1,ResNet-50,resnet50,1,76,0.9333333333333333,0.0,30,0.9333333333333333
cub200,S1,ResNet-50,resnet50,1,77,0.7931034482758621,0.4827586206896552,29,0.3103448275862069
cub200,S1,ResNet-50,resnet50,1,78,0.8333333333333334,0.4666666666666667,30,0.3666666666666667
cub200,S1,ResNet-50,resnet50,1,79,0.8,0.6666666666666666,30,0.13333333333333341
cub200,S1,ResNet-50,resnet50,1,80,0.9,0.8333333333333334,30,0.06666666666666665
cub200,S1,ResNet-50,resnet50,1,81,0.8333333333333334,0.3,30,0.5333333333333334
cub200,S1,ResNet-50,resnet50,1,82,0.9333333333333333,0.23333333333333334,30,0.7
cub200,S1,ResNet-50,resnet50,1,83,0.8260869565217391,0.43478260869565216,23,0.391304347826087
cub200,S1,ResNet-50,resnet50,1,84,0.9333333333333333,0.8333333333333334,30,0.09999999999999998
cub200,S1,ResNet-50,resnet50,1,85,0.8,0.9666666666666667,30,-0.16666666666666663
cub200,S1,ResNet-50,resnet50,1,86,0.8666666666666667,0.13333333333333333,30,0.7333333333333334
cub200,S1,ResNet-50,resnet50,1,87,0.9666666666666667,0.3,30,0.6666666666666667
cub200,S1,ResNet-50,resnet50,1,88,0.8,0.7666666666666667,30,0.033333333333333326
cub200,S1,ResNet-50,resnet50,1,89,0.9333333333333333,0.5333333333333333,30,0.4
cub200,S1,ResNet-50,resnet50,1,90,0.6333333333333333,0.6666666666666666,30,-0.033333333333333326
cub200,S1,ResNet-50,resnet50,1,91,0.8666666666666667,0.6666666666666666,30,0.20000000000000007
cub200,S1,ResNet-50,resnet50,1,92,1.0,0.7,30,0.30000000000000004
cub200,S1,ResNet-50,resnet50,1,93,0.9666666666666667,0.6666666666666666,30,0.30000000000000004
cub200,S1,ResNet-50,resnet50,1,94,0.8666666666666667,0.0,30,0.8666666666666667
cub200,S1,ResNet-50,resnet50,1,95,0.7666666666666667,0.0,30,0.7666666666666667
cub200,S1,ResNet-50,resnet50,1,96,0.6896551724137931,0.0,29,0.6896551724137931
cub200,S1,ResNet-50,resnet50,1,97,0.9,0.16666666666666666,30,0.7333333333333334
cub200,S1,ResNet-50,resnet50,1,98,0.8666666666666667,0.7,30,0.16666666666666674
cub200,S1,ResNet-50,resnet50,1,99,1.0,0.8666666666666667,30,0.1333333333333333
cub200,S1,ResNet-50,resnet50,1,100,0.95,0.95,20,0.0
cub200,S1,ResNet-50,resnet50,1,101,0.36666666666666664,0.3333333333333333,30,0.033333333333333326
cub200,S1,ResNet-50,resnet50,1,102,0.7,0.3333333333333333,30,0.36666666666666664
cub200,S1,ResNet-50,resnet50,1,103,0.6666666666666666,0.4666666666666667,30,0.19999999999999996
cub200,S1,ResNet-50,resnet50,1,104,0.7368421052631579,0.8947368421052632,19,-0.1578947368421053
cub200,S1,ResNet-50,resnet50,1,105,0.9333333333333333,0.8666666666666667,30,0.06666666666666665
cub200,S1,ResNet-50,resnet50,1,106,0.5333333333333333,0.26666666666666666,30,0.26666666666666666
cub200,S1,ResNet-50,resnet50,1,107,0.8666666666666667,0.8666666666666667,30,0.0
cub200,S1,ResNet-50,resnet50,1,108,0.9,0.0,30,0.9
cub200,S1,ResNet-50,resnet50,1,109,0.9,0.9,30,0.0
cub200,S1,ResNet-50,resnet50,1,110,0.5333333333333333,0.03333333333333333,30,0.5
cub200,S1,ResNet-50,resnet50,1,111,0.7,0.9333333333333333,30,-0.2333333333333334
cub200,S1,ResNet-50,resnet50,1,112,0.8,0.9,20,-0.09999999999999998
cub200,S1,ResNet-50,resnet50,1,113,0.9,0.23333333333333334,30,0.6666666666666667
cub200,S1,ResNet-50,resnet50,1,114,0.6206896551724138,0.1724137931034483,29,0.4482758620689655
cub200,S1,ResNet-50,resnet50,1,115,0.6666666666666666,0.03333333333333333,30,0.6333333333333333
cub200,S1,ResNet-50,resnet50,1,116,0.6551724137931034,0.5172413793103449,29,0.13793103448275856
cub200,S1,ResNet-50,resnet50,1,117,0.43333333333333335,0.2,30,0.23333333333333334
cub200,S1,ResNet-50,resnet50,1,118,0.6896551724137931,0.3448275862068966,29,0.3448275862068966
cub200,S1,ResNet-50,resnet50,1,119,0.7666666666666667,0.4666666666666667,30,0.30000000000000004
cub200,S1,ResNet-50,resnet50,1,120,0.7666666666666667,0.5333333333333333,30,0.2333333333333334
cub200,S1,ResNet-50,resnet50,1,121,0.9333333333333333,0.5333333333333333,30,0.4
cub200,S1,ResNet-50,resnet50,1,122,0.7333333333333333,0.2,30,0.5333333333333332
cub200,S1,ResNet-50,resnet50,1,123,0.7586206896551724,0.3103448275862069,29,0.44827586206896547
cub200,S1,ResNet-50,resnet50,1,124,0.6896551724137931,0.3103448275862069,29,0.37931034482758624
cub200,S1,ResNet-50,resnet50,1,125,0.6333333333333333,0.26666666666666666,30,0.36666666666666664
cub200,S1,ResNet-50,resnet50,1,126,0.6666666666666666,0.26666666666666666,30,0.39999999999999997
cub200,S1,ResNet-50,resnet50,1,127,0.7333333333333333,0.5333333333333333,30,0.19999999999999996
cub200,S1,ResNet-50,resnet50,1,128,0.7666666666666667,0.36666666666666664,30,0.4000000000000001
cub200,S1,ResNet-50,resnet50,1,129,0.5666666666666667,0.1,30,0.4666666666666667
cub200,S1,ResNet-50,resnet50,1,130,0.8,0.7,30,0.10000000000000009
cub200,S1,ResNet-50,resnet50,1,131,0.8,0.4666666666666667,30,0.33333333333333337
cub200,S1,ResNet-50,resnet50,1,132,0.9333333333333333,0.36666666666666664,30,0.5666666666666667
cub200,S1,ResNet-50,resnet50,1,133,0.9,0.0,30,0.9
cub200,S1,ResNet-50,resnet50,1,134,0.6,0.4,30,0.19999999999999996
cub200,S1,ResNet-50,resnet50,1,135,0.6666666666666666,0.0,30,0.6666666666666666
cub200,S1,ResNet-50,resnet50,1,136,0.6666666666666666,0.36666666666666664,30,0.3
cub200,S1,ResNet-50,resnet50,1,137,0.7666666666666667,0.5,30,0.2666666666666667
cub200,S1,ResNet-50,resnet50,1,138,0.8333333333333334,0.0,30,0.8333333333333334
cub200,S1,ResNet-50,resnet50,1,139,0.9666666666666667,0.0,30,0.9666666666666667
cub200,S1,ResNet-50,resnet50,1,140,0.5517241379310345,0.41379310344827586,29,0.13793103448275862
cub200,S1,ResNet-50,resnet50,1,141,0.5,0.2,30,0.3
cub200,S1,ResNet-50,resnet50,1,142,0.5333333333333333,0.3,30,0.23333333333333334
cub200,S1,ResNet-50,resnet50,1,143,0.16666666666666666,0.0,30,0.16666666666666666
cub200,S1,ResNet-50,resnet50,1,144,0.6666666666666666,0.3333333333333333,30,0.3333333333333333
cub200,S1,ResNet-50,resnet50,1,145,0.5,0.1,30,0.4
cub200,S1,ResNet-50,resnet50,1,146,0.8666666666666667,0.06666666666666667,30,0.8
cub200,S1,ResNet-50,resnet50,1,147,0.9333333333333333,0.03333333333333333,30,0.9
cub200,S1,ResNet-50,resnet50,1,148,0.896551724137931,0.1724137931034483,29,0.7241379310344828
cub200,S1,ResNet-50,resnet50,1,149,0.8666666666666667,0.5666666666666667,30,0.30000000000000004
cub200,S1,ResNet-50,resnet50,1,150,1.0,0.7619047619047619,21,0.23809523809523814
cub200,S1,ResNet-50,resnet50,1,151,0.7,0.06666666666666667,30,0.6333333333333333
cub200,S1,ResNet-50,resnet50,1,152,0.7586206896551724,0.034482758620689655,29,0.7241379310344828
cub200,S1,ResNet-50,resnet50,1,153,0.8,0.5,30,0.30000000000000004
cub200,S1,ResNet-50,resnet50,1,154,0.6333333333333333,0.5666666666666667,30,0.06666666666666665
cub200,S1,ResNet-50,resnet50,1,155,0.8666666666666667,0.0,30,0.8666666666666667
cub200,S1,ResNet-50,resnet50,1,156,0.5862068965517241,0.0,29,0.5862068965517241
cub200,S1,ResNet-50,resnet50,1,157,0.9666666666666667,0.2,30,0.7666666666666666
cub200,S1,ResNet-50,resnet50,1,158,1.0,0.9666666666666667,30,0.033333333333333326
cub200,S1,ResNet-50,resnet50,1,159,1.0,0.4482758620689655,29,0.5517241379310345
cub200,S1,ResNet-50,resnet50,1,160,0.8666666666666667,0.03333333333333333,30,0.8333333333333334
cub200,S1,ResNet-50,resnet50,1,161,0.8666666666666667,0.0,30,0.8666666666666667
cub200,S1,ResNet-50,resnet50,1,162,0.7666666666666667,0.03333333333333333,30,0.7333333333333334
cub200,S1,ResNet-50,resnet50,1,163,0.9,0.4,30,0.5
cub200,S1,ResNet-50,resnet50,1,164,0.8,0.23333333333333334,30,0.5666666666666667
cub200,S1,ResNet-50,resnet50,1,165,0.9310344827586207,0.0,29,0.9310344827586207
cub200,S1,ResNet-50,resnet50,1,166,0.6333333333333333,0.0,30,0.6333333333333333
cub200,S1,ResNet-50,resnet50,1,167,0.896551724137931,0.034482758620689655,29,0.8620689655172414
cub200,S1,ResNet-50,resnet50,1,168,0.9310344827586207,0.0,29,0.9310344827586207
cub200,S1,ResNet-50,resnet50,1,169,0.7333333333333333,0.0,30,0.7333333333333333
cub200,S1,ResNet-50,resnet50,1,170,0.8333333333333334,0.26666666666666666,30,0.5666666666666667
cub200,S1,ResNet-50,resnet50,1,171,0.8333333333333334,0.0,30,0.8333333333333334
cub200,S1,ResNet-50,resnet50,1,172,0.5666666666666667,0.0,30,0.5666666666666667
cub200,S1,ResNet-50,resnet50,1,173,0.8,0.4,30,0.4
cub200,S1,ResNet-50,resnet50,1,174,0.8,0.0,30,0.8
cub200,S1,ResNet-50,resnet50,1,175,0.9666666666666667,0.0,30,0.9666666666666667
cub200,S1,ResNet-50,resnet50,1,176,1.0,0.0,30,1.0
cub200,S1,ResNet-50,resnet50,1,177,0.8076923076923077,0.6538461538461539,26,0.15384615384615385
cub200,S1,ResNet-50,resnet50,1,178,0.6551724137931034,0.1724137931034483,29,0.48275862068965514
cub200,S1,ResNet-50,resnet50,1,179,0.8,0.0,30,0.8
cub200,S1,ResNet-50,resnet50,1,180,0.8275862068965517,0.7586206896551724,29,0.06896551724137934
cub200,S1,ResNet-50,resnet50,1,181,0.9333333333333333,0.13333333333333333,30,0.8
cub200,S1,ResNet-50,resnet50,1,182,0.8666666666666667,0.6333333333333333,30,0.2333333333333334
cub200,S1,ResNet-50,resnet50,1,183,0.8333333333333334,0.9,30,-0.06666666666666665
cub200,S1,ResNet-50,resnet50,1,184,0.9333333333333333,0.6666666666666666,30,0.2666666666666667
cub200,S1,ResNet-50,resnet50,1,185,0.9333333333333333,0.7,30,0.2333333333333334
cub200,S1,ResNet-50,resnet50,1,186,1.0,0.85,20,0.15000000000000002
cub200,S1,ResNet-50,resnet50,1,187,0.9666666666666667,0.7666666666666667,30,0.19999999999999996
cub200,S1,ResNet-50,resnet50,1,188,1.0,0.8,30,0.19999999999999996
cub200,S1,ResNet-50,resnet50,1,189,0.8620689655172413,0.8620689655172413,29,0.0
cub200,S1,ResNet-50,resnet50,1,190,0.8666666666666667,0.06666666666666667,30,0.8
cub200,S1,ResNet-50,resnet50,1,191,1.0,0.9333333333333333,30,0.06666666666666665
cub200,S1,ResNet-50,resnet50,1,192,0.7,0.13333333333333333,30,0.5666666666666667
cub200,S1,ResNet-50,resnet50,1,193,0.9,0.7,30,0.20000000000000007
cub200,S1,ResNet-50,resnet50,1,194,0.7666666666666667,0.26666666666666666,30,0.5
cub200,S1,ResNet-50,resnet50,1,195,0.7333333333333333,0.5,30,0.23333333333333328
cub200,S1,ResNet-50,resnet50,1,196,0.7,0.43333333333333335,30,0.2666666666666666
cub200,S1,ResNet-50,resnet50,1,197,0.8,0.6,30,0.20000000000000007
cub200,S1,ResNet-50,resnet50,1,198,0.8333333333333334,0.7333333333333333,30,0.10000000000000009
cub200,S1,ResNet-50,resnet50,1,199,0.9666666666666667,0.0,30,0.9666666666666667
cub200,S1,ResNet-50,resnet50,2,0,0.7666666666666667,0.5666666666666667,30,0.20000000000000007
cub200,S1,ResNet-50,resnet50,2,1,0.7666666666666667,0.7,30,0.06666666666666676
cub200,S1,ResNet-50,resnet50,2,2,0.8571428571428571,0.9285714285714286,28,-0.07142857142857151
cub200,S1,ResNet-50,resnet50,2,3,0.8,0.36666666666666664,30,0.4333333333333334
cub200,S1,ResNet-50,resnet50,2,4,0.9285714285714286,0.5,14,0.4285714285714286
cub200,S1,ResNet-50,resnet50,2,5,0.8181818181818182,0.9090909090909091,11,-0.09090909090909083
cub200,S1,ResNet-50,resnet50,2,6,0.9565217391304348,0.6956521739130435,23,0.26086956521739135
cub200,S1,ResNet-50,resnet50,2,7,0.7777777777777778,0.6666666666666666,18,0.11111111111111116
cub200,S1,ResNet-50,resnet50,2,8,0.4482758620689655,0.5172413793103449,29,-0.06896551724137934
cub200,S1,ResNet-50,resnet50,2,9,0.9,0.03333333333333333,30,0.8666666666666667
cub200,S1,ResNet-50,resnet50,2,10,0.5333333333333333,0.43333333333333335,30,0.09999999999999998
cub200,S1,ResNet-50,resnet50,2,11,0.9230769230769231,0.038461538461538464,26,0.8846153846153847
cub200,S1,ResNet-50,resnet50,2,12,0.9,0.8333333333333334,30,0.06666666666666665
cub200,S1,ResNet-50,resnet50,2,13,0.8333333333333334,0.0,30,0.8333333333333334
cub200,S1,ResNet-50,resnet50,2,14,0.9285714285714286,0.0,28,0.9285714285714286
cub200,S1,ResNet-50,resnet50,2,15,0.8928571428571429,0.0,28,0.8928571428571429
cub200,S1,ResNet-50,resnet50,2,16,0.8518518518518519,0.37037037037037035,27,0.4814814814814815
cub200,S1,ResNet-50,resnet50,2,17,1.0,0.6,15,0.4
cub200,S1,ResNet-50,resnet50,2,18,0.8275862068965517,0.0,29,0.8275862068965517
cub200,S1,ResNet-50,resnet50,2,19,0.7931034482758621,0.0,29,0.7931034482758621
cub200,S1,ResNet-50,resnet50,2,20,0.9333333333333333,0.3,30,0.6333333333333333
cub200,S1,ResNet-50,resnet50,2,21,0.6153846153846154,0.19230769230769232,26,0.42307692307692313
cub200,S1,ResNet-50,resnet50,2,22,0.5517241379310345,0.3448275862068966,29,0.2068965517241379
cub200,S1,ResNet-50,resnet50,2,23,0.8181818181818182,0.22727272727272727,22,0.5909090909090909
cub200,S1,ResNet-50,resnet50,2,24,0.6,0.7,30,-0.09999999999999998
cub200,S1,ResNet-50,resnet50,2,25,0.9,0.0,30,0.9
cub200,S1,ResNet-50,resnet50,2,26,0.3333333333333333,0.3,30,0.033333333333333326
cub200,S1,ResNet-50,resnet50,2,27,0.8620689655172413,0.8620689655172413,29,0.0
cub200,S1,ResNet-50,resnet50,2,28,0.4666666666666667,0.36666666666666664,30,0.10000000000000003
cub200,S1,ResNet-50,resnet50,2,29,0.36666666666666664,0.3333333333333333,30,0.033333333333333326
cub200,S1,ResNet-50,resnet50,2,30,0.8,0.3,30,0.5
cub200,S1,ResNet-50,resnet50,2,31,0.6521739130434783,0.34782608695652173,23,0.30434782608695654
cub200,S1,ResNet-50,resnet50,2,32,0.6206896551724138,0.3103448275862069,29,0.3103448275862069
cub200,S1,ResNet-50,resnet50,2,33,0.896551724137931,0.3448275862068966,29,0.5517241379310345
cub200,S1,ResNet-50,resnet50,2,34,0.9666666666666667,0.36666666666666664,30,0.6000000000000001
cub200,S1,ResNet-50,resnet50,2,35,1.0,0.8333333333333334,30,0.16666666666666663
cub200,S1,ResNet-50,resnet50,2,36,0.5862068965517241,0.3103448275862069,29,0.2758620689655172
cub200,S1,ResNet-50,resnet50,2,37,0.7333333333333333,0.03333333333333333,30,0.7
cub200,S1,ResNet-50,resnet50,2,38,0.4482758620689655,0.3103448275862069,29,0.13793103448275862
cub200,S1,ResNet-50,resnet50,2,39,0.5666666666666667,0.5,30,0.06666666666666665
cub200,S1,ResNet-50,resnet50,2,40,0.9333333333333333,0.6333333333333333,30,0.30000000000000004
cub200,S1,ResNet-50,resnet50,2,41,0.9,0.0,30,0.9
cub200,S1,ResNet-50,resnet50,2,42,0.3793103448275862,0.13793103448275862,29,0.24137931034482757
cub200,S1,ResNet-50,resnet50,2,43,0.9333333333333333,0.7666666666666667,30,0.16666666666666663
cub200,S1,ResNet-50,resnet50,2,44,0.7,0.7666666666666667,30,-0.06666666666666676
cub200,S1,ResNet-50,resnet50,2,45,0.9333333333333333,0.8333333333333334,30,0.09999999999999998
cub200,S1,ResNet-50,resnet50,2,46,0.9333333333333333,0.0,30,0.9333333333333333
cub200,S1,ResNet-50,resnet50,2,47,0.9666666666666667,0.23333333333333334,30,0.7333333333333334
cub200,S1,ResNet-50,resnet50,2,48,0.6,0.13333333333333333,30,0.4666666666666667
cub200,S1,ResNet-50,resnet50,2,49,0.6333333333333333,0.5666666666666667,30,0.06666666666666665
cub200,S1,ResNet-50,resnet50,2,50,0.9,0.4,30,0.5
cub200,S1,ResNet-50,resnet50,2,51,0.8666666666666667,0.7333333333333333,30,0.13333333333333341
cub200,S1,ResNet-50,resnet50,2,52,0.9333333333333333,0.9666666666666667,30,-0.033333333333333326
cub200,S1,ResNet-50,resnet50,2,53,0.8333333333333334,0.0,30,0.8333333333333334
cub200,S1,ResNet-50,resnet50,2,54,0.9,0.0,30,0.9
cub200,S1,ResNet-50,resnet50,2,55,0.9,0.0,30,0.9
cub200,S1,ResNet-50,resnet50,2,56,0.9666666666666667,0.5,30,0.4666666666666667
cub200,S1,ResNet-50,resnet50,2,57,0.7857142857142857,0.5,28,0.2857142857142857
cub200,S1,ResNet-50,resnet50,2,58,0.26666666666666666,0.06666666666666667,30,0.2
cub200,S1,ResNet-50,resnet50,2,59,0.5862068965517241,0.7241379310344828,29,-0.13793103448275867
cub200,S1,ResNet-50,resnet50,2,60,0.9666666666666667,0.5666666666666667,30,0.4
cub200,S1,ResNet-50,resnet50,2,61,0.5333333333333333,0.13333333333333333,30,0.4
cub200,S1,ResNet-50,resnet50,2,62,0.8333333333333334,0.7,30,0.13333333333333341
cub200,S1,ResNet-50,resnet50,2,63,0.5,0.26666666666666666,30,0.23333333333333334
cub200,S1,ResNet-50,resnet50,2,64,0.65,0.5,20,0.15000000000000002
cub200,S1,ResNet-50,resnet50,2,65,0.6666666666666666,0.4666666666666667,30,0.19999999999999996
cub200,S1,ResNet-50,resnet50,2,66,0.7,0.6666666666666666,30,0.033333333333333326
cub200,S1,ResNet-50,resnet50,2,67,0.8333333333333334,0.4666666666666667,30,0.3666666666666667
cub200,S1,ResNet-50,resnet50,2,68,0.8,0.3333333333333333,30,0.46666666666666673
cub200,S1,ResNet-50,resnet50,2,69,1.0,0.0,30,1.0
cub200,S1,ResNet-50,resnet50,2,70,0.26666666666666666,0.36666666666666664,30,-0.09999999999999998
cub200,S1,ResNet-50,resnet50,2,71,0.5,0.2,30,0.3
cub200,S1,ResNet-50,resnet50,2,72,0.9,0.4666666666666667,30,0.43333333333333335
cub200,S1,ResNet-50,resnet50,2,73,1.0,0.13333333333333333,30,0.8666666666666667
cub200,S1,ResNet-50,resnet50,2,74,0.9629629629629629,0.2222222222222222,27,0.7407407407407407
cub200,S1,ResNet-50,resnet50,2,75,0.9,0.7,30,0.20000000000000007
cub200,S1,ResNet-50,resnet50,2,76,0.9333333333333333,0.03333333333333333,30,0.9
cub200,S1,ResNet-50,resnet50,2,77,0.9310344827586207,0.6551724137931034,29,0.27586206896551724
cub200,S1,ResNet-50,resnet50,2,78,0.9,0.43333333333333335,30,0.4666666666666667
cub200,S1,ResNet-50,resnet50,2,79,0.7666666666666667,0.6333333333333333,30,0.13333333333333341
cub200,S1,ResNet-50,resnet50,2,80,0.9,0.8333333333333334,30,0.06666666666666665
cub200,S1,ResNet-50,resnet50,2,81,0.8,0.4,30,0.4
cub200,S1,ResNet-50,resnet50,2,82,0.9666666666666667,0.06666666666666667,30,0.9
cub200,S1,ResNet-50,resnet50,2,83,0.8260869565217391,0.6521739130434783,23,0.17391304347826086
cub200,S1,ResNet-50,resnet50,2,84,0.9333333333333333,0.7666666666666667,30,0.16666666666666663
cub200,S1,ResNet-50,resnet50,2,85,0.8333333333333334,0.8666666666666667,30,-0.033333333333333326
cub200,S1,ResNet-50,resnet50,2,86,0.7666666666666667,0.13333333333333333,30,0.6333333333333334
cub200,S1,ResNet-50,resnet50,2,87,0.9666666666666667,0.16666666666666666,30,0.8
cub200,S1,ResNet-50,resnet50,2,88,0.8,0.7333333333333333,30,0.06666666666666676
cub200,S1,ResNet-50,resnet50,2,89,0.9,0.6666666666666666,30,0.2333333333333334
cub200,S1,ResNet-50,resnet50,2,90,0.7,0.6666666666666666,30,0.033333333333333326
cub200,S1,ResNet-50,resnet50,2,91,0.9333333333333333,0.5666666666666667,30,0.3666666666666667
cub200,S1,ResNet-50,resnet50,2,92,1.0,0.8666666666666667,30,0.1333333333333333
cub200,S1,ResNet-50,resnet50,2,93,0.9333333333333333,0.6,30,0.33333333333333337
cub200,S1,ResNet-50,resnet50,2,94,0.8333333333333334,0.0,30,0.8333333333333334
cub200,S1,ResNet-50,resnet50,2,95,0.6666666666666666,0.0,30,0.6666666666666666
cub200,S1,ResNet-50,resnet50,2,96,0.7241379310344828,0.0,29,0.7241379310344828
cub200,S1,ResNet-50,resnet50,2,97,0.9333333333333333,0.03333333333333333,30,0.9
cub200,S1,ResNet-50,resnet50,2,98,0.8666666666666667,0.5333333333333333,30,0.33333333333333337
cub200,S1,ResNet-50,resnet50,2,99,1.0,0.9,30,0.09999999999999998
cub200,S1,ResNet-50,resnet50,2,100,0.95,0.95,20,0.0
cub200,S1,ResNet-50,resnet50,2,101,0.36666666666666664,0.23333333333333334,30,0.1333333333333333
cub200,S1,ResNet-50,resnet50,2,102,0.5333333333333333,0.36666666666666664,30,0.16666666666666669
cub200,S1,ResNet-50,resnet50,2,103,0.7,0.5666666666666667,30,0.1333333333333333
cub200,S1,ResNet-50,resnet50,2,104,0.8421052631578947,0.8947368421052632,19,-0.052631578947368474
cub200,S1,ResNet-50,resnet50,2,105,0.9333333333333333,0.9333333333333333,30,0.0
cub200,S1,ResNet-50,resnet50,2,106,0.5,0.3,30,0.2
cub200,S1,ResNet-50,resnet50,2,107,0.7666666666666667,0.8,30,-0.033333333333333326
cub200,S1,ResNet-50,resnet50,2,108,0.9,0.0,30,0.9
cub200,S1,ResNet-50,resnet50,2,109,0.9333333333333333,0.9333333333333333,30,0.0
cub200,S1,ResNet-50,resnet50,2,110,0.5333333333333333,0.16666666666666666,30,0.3666666666666667
cub200,S1,ResNet-50,resnet50,2,111,0.7333333333333333,0.9333333333333333,30,-0.20000000000000007
cub200,S1,ResNet-50,resnet50,2,112,0.9,0.65,20,0.25
cub200,S1,ResNet-50,resnet50,2,113,0.9333333333333333,0.26666666666666666,30,0.6666666666666667
cub200,S1,ResNet-50,resnet50,2,114,0.6896551724137931,0.20689655172413793,29,0.48275862068965525
cub200,S1,ResNet-50,resnet50,2,115,0.8,0.06666666666666667,30,0.7333333333333334
cub200,S1,ResNet-50,resnet50,2,116,0.6551724137931034,0.4827586206896552,29,0.17241379310344823
cub200,S1,ResNet-50,resnet50,2,117,0.6333333333333333,0.26666666666666666,30,0.36666666666666664
cub200,S1,ResNet-50,resnet50,2,118,0.6551724137931034,0.10344827586206896,29,0.5517241379310345
cub200,S1,ResNet-50,resnet50,2,119,0.7,0.43333333333333335,30,0.2666666666666666
cub200,S1,ResNet-50,resnet50,2,120,0.7,0.6,30,0.09999999999999998
cub200,S1,ResNet-50,resnet50,2,121,0.9333333333333333,0.6,30,0.33333333333333337
cub200,S1,ResNet-50,resnet50,2,122,0.8,0.5333333333333333,30,0.2666666666666667
cub200,S1,ResNet-50,resnet50,2,123,0.8275862068965517,0.41379310344827586,29,0.41379310344827586
cub200,S1,ResNet-50,resnet50,2,124,0.8275862068965517,0.41379310344827586,29,0.41379310344827586
cub200,S1,ResNet-50,resnet50,2,125,0.6666666666666666,0.1,30,0.5666666666666667
cub200,S1,ResNet-50,resnet50,2,126,0.7333333333333333,0.16666666666666666,30,0.5666666666666667
cub200,S1,ResNet-50,resnet50,2,127,0.7333333333333333,0.6,30,0.1333333333333333
cub200,S1,ResNet-50,resnet50,2,128,0.8,0.5,30,0.30000000000000004
cub200,S1,ResNet-50,resnet50,2,129,0.5666666666666667,0.13333333333333333,30,0.43333333333333335
cub200,S1,ResNet-50,resnet50,2,130,0.8666666666666667,0.8666666666666667,30,0.0
cub200,S1,ResNet-50,resnet50,2,131,0.8,0.6,30,0.20000000000000007
cub200,S1,ResNet-50,resnet50,2,132,0.8666666666666667,0.13333333333333333,30,0.7333333333333334
cub200,S1,ResNet-50,resnet50,2,133,1.0,0.0,30,1.0
cub200,S1,ResNet-50,resnet50,2,134,0.6333333333333333,0.4,30,0.23333333333333328
cub200,S1,ResNet-50,resnet50,2,135,0.7,0.0,30,0.7
cub200,S1,ResNet-50,resnet50,2,136,0.7,0.06666666666666667,30,0.6333333333333333
cub200,S1,ResNet-50,resnet50,2,137,0.8,0.26666666666666666,30,0.5333333333333334
cub200,S1,ResNet-50,resnet50,2,138,0.9333333333333333,0.0,30,0.9333333333333333
cub200,S1,ResNet-50,resnet50,2,139,0.9333333333333333,0.03333333333333333,30,0.9
cub200,S1,ResNet-50,resnet50,2,140,0.7586206896551724,0.4827586206896552,29,0.2758620689655172
cub200,S1,ResNet-50,resnet50,2,141,0.5,0.16666666666666666,30,0.33333333333333337
cub200,S1,ResNet-50,resnet50,2,142,0.5,0.16666666666666666,30,0.33333333333333337
cub200,S1,ResNet-50,resnet50,2,143,0.23333333333333334,0.0,30,0.23333333333333334
cub200,S1,ResNet-50,resnet50,2,144,0.7,0.3333333333333333,30,0.36666666666666664
cub200,S1,ResNet-50,resnet50,2,145,0.36666666666666664,0.06666666666666667,30,0.3
cub200,S1,ResNet-50,resnet50,2,146,0.8,0.23333333333333334,30,0.5666666666666667
cub200,S1,ResNet-50,resnet50,2,147,0.9666666666666667,0.06666666666666667,30,0.9
cub200,S1,ResNet-50,resnet50,2,148,0.896551724137931,0.13793103448275862,29,0.7586206896551724
cub200,S1,ResNet-50,resnet50,2,149,0.8666666666666667,0.5333333333333333,30,0.33333333333333337
cub200,S1,ResNet-50,resnet50,2,150,0.9523809523809523,0.5714285714285714,21,0.38095238095238093
cub200,S1,ResNet-50,resnet50,2,151,0.7666666666666667,0.26666666666666666,30,0.5
cub200,S1,ResNet-50,resnet50,2,152,0.8275862068965517,0.10344827586206896,29,0.7241379310344828
cub200,S1,ResNet-50,resnet50,2,153,0.8,0.06666666666666667,30,0.7333333333333334
cub200,S1,ResNet-50,resnet50,2,154,0.6666666666666666,0.6,30,0.06666666666666665
cub200,S1,ResNet-50,resnet50,2,155,0.7666666666666667,0.0,30,0.7666666666666667
cub200,S1,ResNet-50,resnet50,2,156,0.6206896551724138,0.0,29,0.6206896551724138
cub200,S1,ResNet-50,resnet50,2,157,0.9333333333333333,0.0,30,0.9333333333333333
cub200,S1,ResNet-50,resnet50,2,158,1.0,0.9333333333333333,30,0.06666666666666665
cub200,S1,ResNet-50,resnet50,2,159,0.9655172413793104,0.5862068965517241,29,0.3793103448275863
cub200,S1,ResNet-50,resnet50,2,160,0.9333333333333333,0.06666666666666667,30,0.8666666666666667
cub200,S1,ResNet-50,resnet50,2,161,0.8666666666666667,0.0,30,0.8666666666666667
cub200,S1,ResNet-50,resnet50,2,162,0.7666666666666667,0.0,30,0.7666666666666667
cub200,S1,ResNet-50,resnet50,2,163,0.9333333333333333,0.5,30,0.43333333333333335
cub200,S1,ResNet-50,resnet50,2,164,0.9,0.23333333333333334,30,0.6666666666666667
cub200,S1,ResNet-50,resnet50,2,165,0.9310344827586207,0.13793103448275862,29,0.7931034482758621
cub200,S1,ResNet-50,resnet50,2,166,0.7,0.0,30,0.7
cub200,S1,ResNet-50,resnet50,2,167,0.896551724137931,0.034482758620689655,29,0.8620689655172414
cub200,S1,ResNet-50,resnet50,2,168,0.896551724137931,0.0,29,0.896551724137931
cub200,S1,ResNet-50,resnet50,2,169,0.7333333333333333,0.03333333333333333,30,0.7
cub200,S1,ResNet-50,resnet50,2,170,0.8333333333333334,0.36666666666666664,30,0.46666666666666673
cub200,S1,ResNet-50,resnet50,2,171,0.9,0.0,30,0.9
cub200,S1,ResNet-50,resnet50,2,172,0.5,0.1,30,0.4
cub200,S1,ResNet-50,resnet50,2,173,0.7333333333333333,0.4666666666666667,30,0.2666666666666666
cub200,S1,ResNet-50,resnet50,2,174,0.7,0.0,30,0.7
cub200,S1,ResNet-50,resnet50,2,175,0.9666666666666667,0.0,30,0.9666666666666667
cub200,S1,ResNet-50,resnet50,2,176,0.9666666666666667,0.0,30,0.9666666666666667
cub200,S1,ResNet-50,resnet50,2,177,0.8461538461538461,0.5769230769230769,26,0.2692307692307693
cub200,S1,ResNet-50,resnet50,2,178,0.6206896551724138,0.4482758620689655,29,0.1724137931034483
cub200,S1,ResNet-50,resnet50,2,179,0.8666666666666667,0.0,30,0.8666666666666667
cub200,S1,ResNet-50,resnet50,2,180,0.896551724137931,0.5172413793103449,29,0.3793103448275862
cub200,S1,ResNet-50,resnet50,2,181,0.9,0.13333333333333333,30,0.7666666666666667
cub200,S1,ResNet-50,resnet50,2,182,0.9333333333333333,0.7333333333333333,30,0.20000000000000007
cub200,S1,ResNet-50,resnet50,2,183,0.8,0.8666666666666667,30,-0.06666666666666665
cub200,S1,ResNet-50,resnet50,2,184,0.9333333333333333,0.7,30,0.2333333333333334
cub200,S1,ResNet-50,resnet50,2,185,0.9,0.5333333333333333,30,0.3666666666666667
cub200,S1,ResNet-50,resnet50,2,186,0.95,0.85,20,0.09999999999999998
cub200,S1,ResNet-50,resnet50,2,187,0.9666666666666667,0.8666666666666667,30,0.09999999999999998
cub200,S1,ResNet-50,resnet50,2,188,1.0,0.7666666666666667,30,0.23333333333333328
cub200,S1,ResNet-50,resnet50,2,189,0.9655172413793104,0.9310344827586207,29,0.034482758620689724
cub200,S1,ResNet-50,resnet50,2,190,0.8,0.03333333333333333,30,0.7666666666666667
cub200,S1,ResNet-50,resnet50,2,191,0.9666666666666667,0.9666666666666667,30,0.0
cub200,S1,ResNet-50,resnet50,2,192,0.7,0.0,30,0.7
cub200,S1,ResNet-50,resnet50,2,193,0.9333333333333333,0.7666666666666667,30,0.16666666666666663
cub200,S1,ResNet-50,resnet50,2,194,0.8,0.06666666666666667,30,0.7333333333333334
cub200,S1,ResNet-50,resnet50,2,195,0.6,0.6,30,0.0
cub200,S1,ResNet-50,resnet50,2,196,0.6666666666666666,0.4,30,0.2666666666666666
cub200,S1,ResNet-50,resnet50,2,197,0.8333333333333334,0.6,30,0.2333333333333334
cub200,S1,ResNet-50,resnet50,2,198,0.8666666666666667,0.7333333333333333,30,0.13333333333333341
cub200,S1,ResNet-50,resnet50,2,199,0.9666666666666667,0.0,30,0.9666666666666667
cub200,S1,ResNet-50,resnet50,3,0,0.8333333333333334,0.5,30,0.33333333333333337
cub200,S1,ResNet-50,resnet50,3,1,0.7666666666666667,0.5333333333333333,30,0.2333333333333334
cub200,S1,ResNet-50,resnet50,3,2,0.7857142857142857,0.7857142857142857,28,0.0
cub200,S1,ResNet-50,resnet50,3,3,0.7333333333333333,0.3333333333333333,30,0.39999999999999997
cub200,S1,ResNet-50,resnet50,3,4,0.9285714285714286,0.2857142857142857,14,0.6428571428571429
cub200,S1,ResNet-50,resnet50,3,5,0.7272727272727273,0.8181818181818182,11,-0.09090909090909094
cub200,S1,ResNet-50,resnet50,3,6,0.9130434782608695,0.6956521739130435,23,0.21739130434782605
cub200,S1,ResNet-50,resnet50,3,7,0.8888888888888888,0.6666666666666666,18,0.2222222222222222
cub200,S1,ResNet-50,resnet50,3,8,0.5517241379310345,0.4482758620689655,29,0.10344827586206895
cub200,S1,ResNet-50,resnet50,3,9,0.9,0.0,30,0.9
cub200,S1,ResNet-50,resnet50,3,10,0.6666666666666666,0.4666666666666667,30,0.19999999999999996
cub200,S1,ResNet-50,resnet50,3,11,0.9230769230769231,0.038461538461538464,26,0.8846153846153847
cub200,S1,ResNet-50,resnet50,3,12,0.9333333333333333,0.7666666666666667,30,0.16666666666666663
cub200,S1,ResNet-50,resnet50,3,13,0.8666666666666667,0.0,30,0.8666666666666667
cub200,S1,ResNet-50,resnet50,3,14,0.9642857142857143,0.0,28,0.9642857142857143
cub200,S1,ResNet-50,resnet50,3,15,0.9285714285714286,0.0,28,0.9285714285714286
cub200,S1,ResNet-50,resnet50,3,16,0.9629629629629629,0.48148148148148145,27,0.48148148148148145
cub200,S1,ResNet-50,resnet50,3,17,1.0,0.5333333333333333,15,0.4666666666666667
cub200,S1,ResNet-50,resnet50,3,18,0.8620689655172413,0.06896551724137931,29,0.793103448275862
cub200,S1,ResNet-50,resnet50,3,19,0.6896551724137931,0.0,29,0.6896551724137931
cub200,S1,ResNet-50,resnet50,3,20,1.0,0.2,30,0.8
cub200,S1,ResNet-50,resnet50,3,21,0.6923076923076923,0.07692307692307693,26,0.6153846153846154
cub200,S1,ResNet-50,resnet50,3,22,0.5862068965517241,0.4827586206896552,29,0.1034482758620689
cub200,S1,ResNet-50,resnet50,3,23,0.9090909090909091,0.13636363636363635,22,0.7727272727272727
cub200,S1,ResNet-50,resnet50,3,24,0.5333333333333333,0.6666666666666666,30,-0.1333333333333333
cub200,S1,ResNet-50,resnet50,3,25,0.9,0.0,30,0.9
cub200,S1,ResNet-50,resnet50,3,26,0.36666666666666664,0.13333333333333333,30,0.2333333333333333
cub200,S1,ResNet-50,resnet50,3,27,0.8620689655172413,0.8620689655172413,29,0.0
cub200,S1,ResNet-50,resnet50,3,28,0.3,0.06666666666666667,30,0.23333333333333334
cub200,S1,ResNet-50,resnet50,3,29,0.5,0.6333333333333333,30,-0.1333333333333333
cub200,S1,ResNet-50,resnet50,3,30,0.7,0.3333333333333333,30,0.36666666666666664
cub200,S1,ResNet-50,resnet50,3,31,0.6521739130434783,0.21739130434782608,23,0.4347826086956522
cub200,S1,ResNet-50,resnet50,3,32,0.6551724137931034,0.5172413793103449,29,0.13793103448275856
cub200,S1,ResNet-50,resnet50,3,33,0.9655172413793104,0.27586206896551724,29,0.6896551724137931
cub200,S1,ResNet-50,resnet50,3,34,1.0,0.43333333333333335,30,0.5666666666666667
cub200,S1,ResNet-50,resnet50,3,35,1.0,0.7,30,0.30000000000000004
cub200,S1,ResNet-50,resnet50,3,36,0.4827586206896552,0.5517241379310345,29,-0.06896551724137928
cub200,S1,ResNet-50,resnet50,3,37,0.7,0.0,30,0.7
cub200,S1,ResNet-50,resnet50,3,38,0.5862068965517241,0.3103448275862069,29,0.2758620689655172
cub200,S1,ResNet-50,resnet50,3,39,0.5333333333333333,0.3333333333333333,30,0.2
cub200,S1,ResNet-50,resnet50,3,40,0.8666666666666667,0.7666666666666667,30,0.09999999999999998
cub200,S1,ResNet-50,resnet50,3,41,0.9,0.0,30,0.9
cub200,S1,ResNet-50,resnet50,3,42,0.4482758620689655,0.06896551724137931,29,0.3793103448275862
cub200,S1,ResNet-50,resnet50,3,43,0.8333333333333334,0.7333333333333333,30,0.10000000000000009
cub200,S1,ResNet-50,resnet50,3,44,0.6333333333333333,0.7666666666666667,30,-0.13333333333333341
cub200,S1,ResNet-50,resnet50,3,45,0.9333333333333333,0.6666666666666666,30,0.2666666666666667
cub200,S1,ResNet-50,resnet50,3,46,0.9333333333333333,0.03333333333333333,30,0.9
cub200,S1,ResNet-50,resnet50,3,47,0.9666666666666667,0.26666666666666666,30,0.7
cub200,S1,ResNet-50,resnet50,3,48,0.6666666666666666,0.3333333333333333,30,0.3333333333333333
cub200,S1,ResNet-50,resnet50,3,49,0.6333333333333333,0.2,30,0.4333333333333333
cub200,S1,ResNet-50,resnet50,3,50,0.8333333333333334,0.36666666666666664,30,0.46666666666666673
cub200,S1,ResNet-50,resnet50,3,51,0.8666666666666667,0.8333333333333334,30,0.033333333333333326
cub200,S1,ResNet-50,resnet50,3,52,0.9,0.7333333333333333,30,0.16666666666666674
cub200,S1,ResNet-50,resnet50,3,53,0.8333333333333334,0.06666666666666667,30,0.7666666666666667
cub200,S1,ResNet-50,resnet50,3,54,0.9,0.0,30,0.9
cub200,S1,ResNet-50,resnet50,3,55,0.9,0.13333333333333333,30,0.7666666666666667
cub200,S1,ResNet-50,resnet50,3,56,0.9666666666666667,0.5666666666666667,30,0.4
cub200,S1,ResNet-50,resnet50,3,57,0.75,0.5,28,0.25
cub200,S1,ResNet-50,resnet50,3,58,0.3333333333333333,0.1,30,0.2333333333333333
cub200,S1,ResNet-50,resnet50,3,59,0.3793103448275862,0.5517241379310345,29,-0.1724137931034483
cub200,S1,ResNet-50,resnet50,3,60,0.9666666666666667,0.4666666666666667,30,0.5
cub200,S1,ResNet-50,resnet50,3,61,0.5,0.3,30,0.2
cub200,S1,ResNet-50,resnet50,3,62,0.7666666666666667,0.6666666666666666,30,0.10000000000000009
cub200,S1,ResNet-50,resnet50,3,63,0.4,0.3,30,0.10000000000000003
cub200,S1,ResNet-50,resnet50,3,64,0.6,0.45,20,0.14999999999999997
cub200,S1,ResNet-50,resnet50,3,65,0.6,0.6666666666666666,30,-0.06666666666666665
cub200,S1,ResNet-50,resnet50,3,66,0.7,0.6,30,0.09999999999999998
cub200,S1,ResNet-50,resnet50,3,67,0.8333333333333334,0.5666666666666667,30,0.2666666666666667
cub200,S1,ResNet-50,resnet50,3,68,0.8,0.3333333333333333,30,0.46666666666666673
cub200,S1,ResNet-50,resnet50,3,69,0.9666666666666667,0.0,30,0.9666666666666667
cub200,S1,ResNet-50,resnet50,3,70,0.4,0.36666666666666664,30,0.03333333333333338
cub200,S1,ResNet-50,resnet50,3,71,0.5666666666666667,0.36666666666666664,30,0.2
cub200,S1,ResNet-50,resnet50,3,72,0.9,0.43333333333333335,30,0.4666666666666667
cub200,S1,ResNet-50,resnet50,3,73,1.0,0.03333333333333333,30,0.9666666666666667
cub200,S1,ResNet-50,resnet50,3,74,0.9259259259259259,0.4074074074074074,27,0.5185185185185186
cub200,S1,ResNet-50,resnet50,3,75,0.9,0.6333333333333333,30,0.2666666666666667
cub200,S1,ResNet-50,resnet50,3,76,1.0,0.0,30,1.0
cub200,S1,ResNet-50,resnet50,3,77,0.8275862068965517,0.41379310344827586,29,0.41379310344827586
cub200,S1,ResNet-50,resnet50,3,78,0.8,0.43333333333333335,30,0.3666666666666667
cub200,S1,ResNet-50,resnet50,3,79,0.8,0.7333333333333333,30,0.06666666666666676
cub200,S1,ResNet-50,resnet50,3,80,0.9,0.8,30,0.09999999999999998
cub200,S1,ResNet-50,resnet50,3,81,0.8,0.5333333333333333,30,0.2666666666666667
cub200,S1,ResNet-50,resnet50,3,82,0.9666666666666667,0.23333333333333334,30,0.7333333333333334
cub200,S1,ResNet-50,resnet50,3,83,0.8695652173913043,0.6956521739130435,23,0.17391304347826086
cub200,S1,ResNet-50,resnet50,3,84,0.9666666666666667,0.8,30,0.16666666666666663
cub200,S1,ResNet-50,resnet50,3,85,0.8666666666666667,1.0,30,-0.1333333333333333
cub200,S1,ResNet-50,resnet50,3,86,0.8333333333333334,0.03333333333333333,30,0.8
cub200,S1,ResNet-50,resnet50,3,87,0.9,0.03333333333333333,30,0.8666666666666667
cub200,S1,ResNet-50,resnet50,3,88,0.8,0.7333333333333333,30,0.06666666666666676
cub200,S1,ResNet-50,resnet50,3,89,0.9333333333333333,0.5666666666666667,30,0.3666666666666667
cub200,S1,ResNet-50,resnet50,3,90,0.5666666666666667,0.5666666666666667,30,0.0
cub200,S1,ResNet-50,resnet50,3,91,0.8666666666666667,0.6,30,0.2666666666666667
cub200,S1,ResNet-50,resnet50,3,92,1.0,0.7666666666666667,30,0.23333333333333328
cub200,S1,ResNet-50,resnet50,3,93,0.9666666666666667,0.6,30,0.3666666666666667
cub200,S1,ResNet-50,resnet50,3,94,0.8,0.0,30,0.8
cub200,S1,ResNet-50,resnet50,3,95,0.7333333333333333,0.0,30,0.7333333333333333
cub200,S1,ResNet-50,resnet50,3,96,0.7241379310344828,0.0,29,0.7241379310344828
cub200,S1,ResNet-50,resnet50,3,97,0.8666666666666667,0.03333333333333333,30,0.8333333333333334
cub200,S1,ResNet-50,resnet50,3,98,0.8,0.6666666666666666,30,0.13333333333333341
cub200,S1,ResNet-50,resnet50,3,99,0.9666666666666667,0.8333333333333334,30,0.1333333333333333
cub200,S1,ResNet-50,resnet50,3,100,0.95,0.95,20,0.0
cub200,S1,ResNet-50,resnet50,3,101,0.26666666666666666,0.3333333333333333,30,-0.06666666666666665
cub200,S1,ResNet-50,resnet50,3,102,0.5666666666666667,0.3333333333333333,30,0.23333333333333334
cub200,S1,ResNet-50,resnet50,3,103,0.6666666666666666,0.4,30,0.2666666666666666
cub200,S1,ResNet-50,resnet50,3,104,0.8421052631578947,1.0,19,-0.1578947368421053
cub200,S1,ResNet-50,resnet50,3,105,0.9666666666666667,0.8666666666666667,30,0.09999999999999998
cub200,S1,ResNet-50,resnet50,3,106,0.43333333333333335,0.23333333333333334,30,0.2
cub200,S1,ResNet-50,resnet50,3,107,0.7666666666666667,0.7333333333333333,30,0.03333333333333344
cub200,S1,ResNet-50,resnet50,3,108,0.9,0.0,30,0.9
cub200,S1,ResNet-50,resnet50,3,109,0.9333333333333333,0.8666666666666667,30,0.06666666666666665
cub200,S1,ResNet-50,resnet50,3,110,0.5,0.06666666666666667,30,0.43333333333333335
cub200,S1,ResNet-50,resnet50,3,111,0.6333333333333333,0.8666666666666667,30,-0.2333333333333334
cub200,S1,ResNet-50,resnet50,3,112,0.9,0.65,20,0.25
cub200,S1,ResNet-50,resnet50,3,113,0.9666666666666667,0.23333333333333334,30,0.7333333333333334
cub200,S1,ResNet-50,resnet50,3,114,0.6896551724137931,0.13793103448275862,29,0.5517241379310345
cub200,S1,ResNet-50,resnet50,3,115,0.7666666666666667,0.03333333333333333,30,0.7333333333333334
cub200,S1,ResNet-50,resnet50,3,116,0.6206896551724138,0.5517241379310345,29,0.06896551724137934
cub200,S1,ResNet-50,resnet50,3,117,0.5333333333333333,0.06666666666666667,30,0.4666666666666667
cub200,S1,ResNet-50,resnet50,3,118,0.7241379310344828,0.4482758620689655,29,0.27586206896551724
cub200,S1,ResNet-50,resnet50,3,119,0.7666666666666667,0.5,30,0.2666666666666667
cub200,S1,ResNet-50,resnet50,3,120,0.7,0.6666666666666666,30,0.033333333333333326
cub200,S1,ResNet-50,resnet50,3,121,0.9333333333333333,0.6333333333333333,30,0.30000000000000004
cub200,S1,ResNet-50,resnet50,3,122,0.8,0.4666666666666667,30,0.33333333333333337
cub200,S1,ResNet-50,resnet50,3,123,0.8620689655172413,0.41379310344827586,29,0.44827586206896547
cub200,S1,ResNet-50,resnet50,3,124,0.7931034482758621,0.4827586206896552,29,0.3103448275862069
cub200,S1,ResNet-50,resnet50,3,125,0.7,0.16666666666666666,30,0.5333333333333333
cub200,S1,ResNet-50,resnet50,3,126,0.7,0.26666666666666666,30,0.4333333333333333
cub200,S1,ResNet-50,resnet50,3,127,0.8,0.36666666666666664,30,0.4333333333333334
cub200,S1,ResNet-50,resnet50,3,128,0.7333333333333333,0.6333333333333333,30,0.09999999999999998
cub200,S1,ResNet-50,resnet50,3,129,0.6333333333333333,0.06666666666666667,30,0.5666666666666667
cub200,S1,ResNet-50,resnet50,3,130,0.8,0.7333333333333333,30,0.06666666666666676
cub200,S1,ResNet-50,resnet50,3,131,0.8,0.5666666666666667,30,0.2333333333333334
cub200,S1,ResNet-50,resnet50,3,132,0.9333333333333333,0.2,30,0.7333333333333334
cub200,S1,ResNet-50,resnet50,3,133,0.9666666666666667,0.0,30,0.9666666666666667
cub200,S1,ResNet-50,resnet50,3,134,0.6666666666666666,0.3,30,0.36666666666666664
cub200,S1,ResNet-50,resnet50,3,135,0.7,0.0,30,0.7
cub200,S1,ResNet-50,resnet50,3,136,0.6666666666666666,0.13333333333333333,30,0.5333333333333333
cub200,S1,ResNet-50,resnet50,3,137,0.8,0.3333333333333333,30,0.46666666666666673
cub200,S1,ResNet-50,resnet50,3,138,0.9,0.0,30,0.9
cub200,S1,ResNet-50,resnet50,3,139,0.9333333333333333,0.0,30,0.9333333333333333
cub200,S1,ResNet-50,resnet50,3,140,0.6206896551724138,0.3793103448275862,29,0.24137931034482762
cub200,S1,ResNet-50,resnet50,3,141,0.43333333333333335,0.1,30,0.33333333333333337
cub200,S1,ResNet-50,resnet50,3,142,0.5,0.36666666666666664,30,0.13333333333333336
cub200,S1,ResNet-50,resnet50,3,143,0.23333333333333334,0.03333333333333333,30,0.2
cub200,S1,ResNet-50,resnet50,3,144,0.8,0.43333333333333335,30,0.3666666666666667
cub200,S1,ResNet-50,resnet50,3,145,0.43333333333333335,0.06666666666666667,30,0.3666666666666667
cub200,S1,ResNet-50,resnet50,3,146,0.8,0.03333333333333333,30,0.7666666666666667
cub200,S1,ResNet-50,resnet50,3,147,0.9333333333333333,0.16666666666666666,30,0.7666666666666667
cub200,S1,ResNet-50,resnet50,3,148,0.9310344827586207,0.3103448275862069,29,0.6206896551724137
cub200,S1,ResNet-50,resnet50,3,149,0.8333333333333334,0.4666666666666667,30,0.3666666666666667
cub200,S1,ResNet-50,resnet50,3,150,0.9047619047619048,0.7142857142857143,21,0.19047619047619047
cub200,S1,ResNet-50,resnet50,3,151,0.8333333333333334,0.13333333333333333,30,0.7000000000000001
cub200,S1,ResNet-50,resnet50,3,152,0.7931034482758621,0.0,29,0.7931034482758621
cub200,S1,ResNet-50,resnet50,3,153,0.8,0.2,30,0.6000000000000001
cub200,S1,ResNet-50,resnet50,3,154,0.5666666666666667,0.7333333333333333,30,-0.16666666666666663
cub200,S1,ResNet-50,resnet50,3,155,0.9333333333333333,0.0,30,0.9333333333333333
cub200,S1,ResNet-50,resnet50,3,156,0.6206896551724138,0.034482758620689655,29,0.5862068965517242
cub200,S1,ResNet-50,resnet50,3,157,0.9,0.06666666666666667,30,0.8333333333333334
cub200,S1,ResNet-50,resnet50,3,158,1.0,0.9,30,0.09999999999999998
cub200,S1,ResNet-50,resnet50,3,159,0.9310344827586207,0.41379310344827586,29,0.5172413793103448
cub200,S1,ResNet-50,resnet50,3,160,0.9,0.1,30,0.8
cub200,S1,ResNet-50,resnet50,3,161,0.7333333333333333,0.0,30,0.7333333333333333
cub200,S1,ResNet-50,resnet50,3,162,0.8666666666666667,0.03333333333333333,30,0.8333333333333334
cub200,S1,ResNet-50,resnet50,3,163,0.9333333333333333,0.3333333333333333,30,0.6000000000000001
cub200,S1,ResNet-50,resnet50,3,164,0.8666666666666667,0.2,30,0.6666666666666667
cub200,S1,ResNet-50,resnet50,3,165,0.9310344827586207,0.0,29,0.9310344827586207
cub200,S1,ResNet-50,resnet50,3,166,0.6666666666666666,0.0,30,0.6666666666666666
cub200,S1,ResNet-50,resnet50,3,167,0.8275862068965517,0.0,29,0.8275862068965517
cub200,S1,ResNet-50,resnet50,3,168,0.9655172413793104,0.0,29,0.9655172413793104
cub200,S1,ResNet-50,resnet50,3,169,0.7333333333333333,0.0,30,0.7333333333333333
cub200,S1,ResNet-50,resnet50,3,170,0.9,0.3,30,0.6000000000000001
cub200,S1,ResNet-50,resnet50,3,171,0.8333333333333334,0.0,30,0.8333333333333334
cub200,S1,ResNet-50,resnet50,3,172,0.5666666666666667,0.26666666666666666,30,0.3
cub200,S1,ResNet-50,resnet50,3,173,0.7333333333333333,0.3,30,0.4333333333333333
cub200,S1,ResNet-50,resnet50,3,174,0.7,0.0,30,0.7
cub200,S1,ResNet-50,resnet50,3,175,0.9666666666666667,0.0,30,0.9666666666666667
cub200,S1,ResNet-50,resnet50,3,176,0.9666666666666667,0.0,30,0.9666666666666667
cub200,S1,ResNet-50,resnet50,3,177,0.8076923076923077,0.6923076923076923,26,0.11538461538461542
cub200,S1,ResNet-50,resnet50,3,178,0.5517241379310345,0.1724137931034483,29,0.3793103448275862
cub200,S1,ResNet-50,resnet50,3,179,0.8333333333333334,0.0,30,0.8333333333333334
cub200,S1,ResNet-50,resnet50,3,180,0.896551724137931,0.7586206896551724,29,0.13793103448275867
cub200,S1,ResNet-50,resnet50,3,181,0.9333333333333333,0.16666666666666666,30,0.7666666666666667
cub200,S1,ResNet-50,resnet50,3,182,0.9666666666666667,0.7666666666666667,30,0.19999999999999996
cub200,S1,ResNet-50,resnet50,3,183,0.8666666666666667,0.8,30,0.06666666666666665
cub200,S1,ResNet-50,resnet50,3,184,0.8666666666666667,0.7666666666666667,30,0.09999999999999998
cub200,S1,ResNet-50,resnet50,3,185,0.9,0.7333333333333333,30,0.16666666666666674
cub200,S1,ResNet-50,resnet50,3,186,1.0,0.9,20,0.09999999999999998
cub200,S1,ResNet-50,resnet50,3,187,0.9666666666666667,0.8333333333333334,30,0.1333333333333333
cub200,S1,ResNet-50,resnet50,3,188,1.0,0.8666666666666667,30,0.1333333333333333
cub200,S1,ResNet-50,resnet50,3,189,0.9310344827586207,0.9310344827586207,29,0.0
cub200,S1,ResNet-50,resnet50,3,190,0.8,0.0,30,0.8
cub200,S1,ResNet-50,resnet50,3,191,0.9333333333333333,0.8666666666666667,30,0.06666666666666665
cub200,S1,ResNet-50,resnet50,3,192,0.6666666666666666,0.1,30,0.5666666666666667
cub200,S1,ResNet-50,resnet50,3,193,0.9333333333333333,0.8333333333333334,30,0.09999999999999998
cub200,S1,ResNet-50,resnet50,3,194,0.9,0.3,30,0.6000000000000001
cub200,S1,ResNet-50,resnet50,3,195,0.7333333333333333,0.4666666666666667,30,0.2666666666666666
cub200,S1,ResNet-50,resnet50,3,196,0.6333333333333333,0.26666666666666666,30,0.36666666666666664
cub200,S1,ResNet-50,resnet50,3,197,0.9333333333333333,0.6333333333333333,30,0.30000000000000004
cub200,S1,ResNet-50,resnet50,3,198,0.8333333333333334,0.8,30,0.033333333333333326
cub200,S1,ResNet-50,resnet50,3,199,0.9333333333333333,0.13333333333333333,30,0.8
cub200,S1,ResNet-50,resnet50,4,0,0.8333333333333334,0.6333333333333333,30,0.20000000000000007
cub200,S1,ResNet-50,resnet50,4,1,0.8666666666666667,0.5666666666666667,30,0.30000000000000004
cub200,S1,ResNet-50,resnet50,4,2,0.8571428571428571,0.8571428571428571,28,0.0
cub200,S1,ResNet-50,resnet50,4,3,0.8666666666666667,0.43333333333333335,30,0.43333333333333335
cub200,S1,ResNet-50,resnet50,4,4,0.9285714285714286,0.2857142857142857,14,0.6428571428571429
cub200,S1,ResNet-50,resnet50,4,5,0.8181818181818182,0.7272727272727273,11,0.09090909090909094
cub200,S1,ResNet-50,resnet50,4,6,0.9565217391304348,0.782608695652174,23,0.17391304347826086
cub200,S1,ResNet-50,resnet50,4,7,0.8888888888888888,0.4444444444444444,18,0.4444444444444444
cub200,S1,ResNet-50,resnet50,4,8,0.5517241379310345,0.4827586206896552,29,0.06896551724137928
cub200,S1,ResNet-50,resnet50,4,9,0.9333333333333333,0.0,30,0.9333333333333333
cub200,S1,ResNet-50,resnet50,4,10,0.5,0.4,30,0.09999999999999998
cub200,S1,ResNet-50,resnet50,4,11,0.9230769230769231,0.038461538461538464,26,0.8846153846153847
cub200,S1,ResNet-50,resnet50,4,12,0.9,0.9,30,0.0
cub200,S1,ResNet-50,resnet50,4,13,0.8666666666666667,0.0,30,0.8666666666666667
cub200,S1,ResNet-50,resnet50,4,14,0.9642857142857143,0.0,28,0.9642857142857143
cub200,S1,ResNet-50,resnet50,4,15,0.8928571428571429,0.0,28,0.8928571428571429
cub200,S1,ResNet-50,resnet50,4,16,0.8888888888888888,0.2962962962962963,27,0.5925925925925926
cub200,S1,ResNet-50,resnet50,4,17,0.9333333333333333,0.5333333333333333,15,0.4
cub200,S1,ResNet-50,resnet50,4,18,0.896551724137931,0.27586206896551724,29,0.6206896551724138
cub200,S1,ResNet-50,resnet50,4,19,0.7586206896551724,0.0,29,0.7586206896551724
cub200,S1,ResNet-50,resnet50,4,20,0.9333333333333333,0.3,30,0.6333333333333333
cub200,S1,ResNet-50,resnet50,4,21,0.5384615384615384,0.2692307692307692,26,0.2692307692307692
cub200,S1,ResNet-50,resnet50,4,22,0.4482758620689655,0.41379310344827586,29,0.03448275862068967
cub200,S1,ResNet-50,resnet50,4,23,0.9090909090909091,0.22727272727272727,22,0.6818181818181818
cub200,S1,ResNet-50,resnet50,4,24,0.6333333333333333,0.6333333333333333,30,0.0
cub200,S1,ResNet-50,resnet50,4,25,0.9333333333333333,0.0,30,0.9333333333333333
cub200,S1,ResNet-50,resnet50,4,26,0.36666666666666664,0.4,30,-0.03333333333333338
cub200,S1,ResNet-50,resnet50,4,27,0.896551724137931,0.7931034482758621,29,0.10344827586206895
cub200,S1,ResNet-50,resnet50,4,28,0.3333333333333333,0.13333333333333333,30,0.19999999999999998
cub200,S1,ResNet-50,resnet50,4,29,0.3333333333333333,0.4666666666666667,30,-0.13333333333333336
cub200,S1,ResNet-50,resnet50,4,30,0.8666666666666667,0.2,30,0.6666666666666667
cub200,S1,ResNet-50,resnet50,4,31,0.6956521739130435,0.17391304347826086,23,0.5217391304347826
cub200,S1,ResNet-50,resnet50,4,32,0.7241379310344828,0.3448275862068966,29,0.3793103448275862
cub200,S1,ResNet-50,resnet50,4,33,0.9310344827586207,0.1724137931034483,29,0.7586206896551724
cub200,S1,ResNet-50,resnet50,4,34,1.0,0.3,30,0.7
cub200,S1,ResNet-50,resnet50,4,35,0.9666666666666667,0.8333333333333334,30,0.1333333333333333
cub200,S1,ResNet-50,resnet50,4,36,0.6551724137931034,0.4482758620689655,29,0.2068965517241379
cub200,S1,ResNet-50,resnet50,4,37,0.6666666666666666,0.0,30,0.6666666666666666
cub200,S1,ResNet-50,resnet50,4,38,0.5172413793103449,0.20689655172413793,29,0.31034482758620696
cub200,S1,ResNet-50,resnet50,4,39,0.6,0.3333333333333333,30,0.26666666666666666
cub200,S1,ResNet-50,resnet50,4,40,0.9,0.6666666666666666,30,0.2333333333333334
cub200,S1,ResNet-50,resnet50,4,41,0.9666666666666667,0.0,30,0.9666666666666667
cub200,S1,ResNet-50,resnet50,4,42,0.5172413793103449,0.034482758620689655,29,0.4827586206896552
cub200,S1,ResNet-50,resnet50,4,43,0.8666666666666667,0.7,30,0.16666666666666674
cub200,S1,ResNet-50,resnet50,4,44,0.6,0.6,30,0.0
cub200,S1,ResNet-50,resnet50,4,45,0.9333333333333333,0.7333333333333333,30,0.20000000000000007
cub200,S1,ResNet-50,resnet50,4,46,0.9666666666666667,0.03333333333333333,30,0.9333333333333333
cub200,S1,ResNet-50,resnet50,4,47,0.9666666666666667,0.36666666666666664,30,0.6000000000000001
cub200,S1,ResNet-50,resnet50,4,48,0.7666666666666667,0.2,30,0.5666666666666667
cub200,S1,ResNet-50,resnet50,4,49,0.6666666666666666,0.3,30,0.36666666666666664
cub200,S1,ResNet-50,resnet50,4,50,0.8333333333333334,0.3,30,0.5333333333333334
cub200,S1,ResNet-50,resnet50,4,51,0.8666666666666667,0.8333333333333334,30,0.033333333333333326
cub200,S1,ResNet-50,resnet50,4,52,0.9666666666666667,0.8666666666666667,30,0.09999999999999998
cub200,S1,ResNet-50,resnet50,4,53,0.8333333333333334,0.0,30,0.8333333333333334
cub200,S1,ResNet-50,resnet50,4,54,0.8666666666666667,0.0,30,0.8666666666666667
cub200,S1,ResNet-50,resnet50,4,55,0.9,0.06666666666666667,30,0.8333333333333334
cub200,S1,ResNet-50,resnet50,4,56,0.9666666666666667,0.6,30,0.3666666666666667
cub200,S1,ResNet-50,resnet50,4,57,0.7142857142857143,0.5,28,0.2142857142857143
cub200,S1,ResNet-50,resnet50,4,58,0.3333333333333333,0.13333333333333333,30,0.19999999999999998
cub200,S1,ResNet-50,resnet50,4,59,0.5862068965517241,0.7241379310344828,29,-0.13793103448275867
cub200,S1,ResNet-50,resnet50,4,60,0.9666666666666667,0.4,30,0.5666666666666667
cub200,S1,ResNet-50,resnet50,4,61,0.3,0.13333333333333333,30,0.16666666666666666
cub200,S1,ResNet-50,resnet50,4,62,0.8666666666666667,0.7,30,0.16666666666666674
cub200,S1,ResNet-50,resnet50,4,63,0.43333333333333335,0.26666666666666666,30,0.16666666666666669
cub200,S1,ResNet-50,resnet50,4,64,0.55,0.5,20,0.050000000000000044
cub200,S1,ResNet-50,resnet50,4,65,0.6333333333333333,0.7,30,-0.06666666666666665
cub200,S1,ResNet-50,resnet50,4,66,0.6333333333333333,0.4,30,0.23333333333333328
cub200,S1,ResNet-50,resnet50,4,67,0.9,0.5,30,0.4
cub200,S1,ResNet-50,resnet50,4,68,0.8333333333333334,0.4666666666666667,30,0.3666666666666667
cub200,S1,ResNet-50,resnet50,4,69,0.9666666666666667,0.0,30,0.9666666666666667
cub200,S1,ResNet-50,resnet50,4,70,0.5,0.4666666666666667,30,0.033333333333333326
cub200,S1,ResNet-50,resnet50,4,71,0.5666666666666667,0.23333333333333334,30,0.3333333333333333
cub200,S1,ResNet-50,resnet50,4,72,0.9666666666666667,0.4666666666666667,30,0.5
cub200,S1,ResNet-50,resnet50,4,73,0.9666666666666667,0.13333333333333333,30,0.8333333333333334
cub200,S1,ResNet-50,resnet50,4,74,0.9259259259259259,0.2962962962962963,27,0.6296296296296297
cub200,S1,ResNet-50,resnet50,4,75,0.9333333333333333,0.7,30,0.2333333333333334
cub200,S1,ResNet-50,resnet50,4,76,1.0,0.0,30,1.0
cub200,S1,ResNet-50,resnet50,4,77,0.8275862068965517,0.2413793103448276,29,0.5862068965517241
cub200,S1,ResNet-50,resnet50,4,78,0.8333333333333334,0.5333333333333333,30,0.30000000000000004
cub200,S1,ResNet-50,resnet50,4,79,0.8333333333333334,0.6666666666666666,30,0.16666666666666674
cub200,S1,ResNet-50,resnet50,4,80,0.9,0.8333333333333334,30,0.06666666666666665
cub200,S1,ResNet-50,resnet50,4,81,0.8666666666666667,0.23333333333333334,30,0.6333333333333333
cub200,S1,ResNet-50,resnet50,4,82,0.9666666666666667,0.23333333333333334,30,0.7333333333333334
cub200,S1,ResNet-50,resnet50,4,83,0.8260869565217391,0.6086956521739131,23,0.21739130434782605
cub200,S1,ResNet-50,resnet50,4,84,0.9666666666666667,0.7666666666666667,30,0.19999999999999996
cub200,S1,ResNet-50,resnet50,4,85,0.9,0.9666666666666667,30,-0.06666666666666665
cub200,S1,ResNet-50,resnet50,4,86,0.8,0.06666666666666667,30,0.7333333333333334
cub200,S1,ResNet-50,resnet50,4,87,0.9333333333333333,0.06666666666666667,30,0.8666666666666667
cub200,S1,ResNet-50,resnet50,4,88,0.8,0.7333333333333333,30,0.06666666666666676
cub200,S1,ResNet-50,resnet50,4,89,0.9333333333333333,0.6,30,0.33333333333333337
cub200,S1,ResNet-50,resnet50,4,90,0.6333333333333333,0.6333333333333333,30,0.0
cub200,S1,ResNet-50,resnet50,4,91,0.9,0.7333333333333333,30,0.16666666666666674
cub200,S1,ResNet-50,resnet50,4,92,1.0,0.7333333333333333,30,0.2666666666666667
cub200,S1,ResNet-50,resnet50,4,93,0.9666666666666667,0.7333333333333333,30,0.2333333333333334
cub200,S1,ResNet-50,resnet50,4,94,0.8666666666666667,0.0,30,0.8666666666666667
cub200,S1,ResNet-50,resnet50,4,95,0.7,0.0,30,0.7
cub200,S1,ResNet-50,resnet50,4,96,0.6206896551724138,0.0,29,0.6206896551724138
cub200,S1,ResNet-50,resnet50,4,97,0.9,0.06666666666666667,30,0.8333333333333334
cub200,S1,ResNet-50,resnet50,4,98,0.8,0.5666666666666667,30,0.2333333333333334
cub200,S1,ResNet-50,resnet50,4,99,1.0,0.9,30,0.09999999999999998
cub200,S1,ResNet-50,resnet50,4,100,1.0,0.95,20,0.050000000000000044
cub200,S1,ResNet-50,resnet50,4,101,0.23333333333333334,0.36666666666666664,30,-0.1333333333333333
cub200,S1,ResNet-50,resnet50,4,102,0.6333333333333333,0.16666666666666666,30,0.4666666666666667
cub200,S1,ResNet-50,resnet50,4,103,0.6333333333333333,0.4,30,0.23333333333333328
cub200,S1,ResNet-50,resnet50,4,104,0.7894736842105263,0.8421052631578947,19,-0.05263157894736836
cub200,S1,ResNet-50,resnet50,4,105,0.9333333333333333,0.9333333333333333,30,0.0
cub200,S1,ResNet-50,resnet50,4,106,0.4666666666666667,0.26666666666666666,30,0.2
cub200,S1,ResNet-50,resnet50,4,107,0.7666666666666667,0.8,30,-0.033333333333333326
cub200,S1,ResNet-50,resnet50,4,108,0.9333333333333333,0.0,30,0.9333333333333333
cub200,S1,ResNet-50,resnet50,4,109,0.9666666666666667,0.8666666666666667,30,0.09999999999999998
cub200,S1,ResNet-50,resnet50,4,110,0.6,0.1,30,0.5
cub200,S1,ResNet-50,resnet50,4,111,0.6666666666666666,0.8333333333333334,30,-0.16666666666666674
cub200,S1,ResNet-50,resnet50,4,112,0.85,0.8,20,0.04999999999999993
cub200,S1,ResNet-50,resnet50,4,113,0.9333333333333333,0.36666666666666664,30,0.5666666666666667
cub200,S1,ResNet-50,resnet50,4,114,0.7241379310344828,0.2413793103448276,29,0.48275862068965514
cub200,S1,ResNet-50,resnet50,4,115,0.7,0.0,30,0.7
cub200,S1,ResNet-50,resnet50,4,116,0.6206896551724138,0.5517241379310345,29,0.06896551724137934
cub200,S1,ResNet-50,resnet50,4,117,0.5,0.0,30,0.5
cub200,S1,ResNet-50,resnet50,4,118,0.5517241379310345,0.3793103448275862,29,0.1724137931034483
cub200,S1,ResNet-50,resnet50,4,119,0.8333333333333334,0.36666666666666664,30,0.46666666666666673
cub200,S1,ResNet-50,resnet50,4,120,0.7666666666666667,0.6,30,0.16666666666666674
cub200,S1,ResNet-50,resnet50,4,121,0.9,0.6666666666666666,30,0.2333333333333334
cub200,S1,ResNet-50,resnet50,4,122,0.8,0.06666666666666667,30,0.7333333333333334
cub200,S1,ResNet-50,resnet50,4,123,0.8620689655172413,0.5172413793103449,29,0.34482758620689646
cub200,S1,ResNet-50,resnet50,4,124,0.7586206896551724,0.5862068965517241,29,0.1724137931034483
cub200,S1,ResNet-50,resnet50,4,125,0.7333333333333333,0.13333333333333333,30,0.6
cub200,S1,ResNet-50,resnet50,4,126,0.7333333333333333,0.06666666666666667,30,0.6666666666666666
cub200,S1,ResNet-50,resnet50,4,127,0.7666666666666667,0.36666666666666664,30,0.4000000000000001
cub200,S1,ResNet-50,resnet50,4,128,0.7666666666666667,0.43333333333333335,30,0.33333333333333337
cub200,S1,ResNet-50,resnet50,4,129,0.6,0.23333333333333334,30,0.36666666666666664
cub200,S1,ResNet-50,resnet50,4,130,0.8666666666666667,0.8,30,0.06666666666666665
cub200,S1,ResNet-50,resnet50,4,131,0.8666666666666667,0.7333333333333333,30,0.13333333333333341
cub200,S1,ResNet-50,resnet50,4,132,0.9333333333333333,0.13333333333333333,30,0.8
cub200,S1,ResNet-50,resnet50,4,133,0.9333333333333333,0.0,30,0.9333333333333333
cub200,S1,ResNet-50,resnet50,4,134,0.6666666666666666,0.43333333333333335,30,0.23333333333333328
cub200,S1,ResNet-50,resnet50,4,135,0.7333333333333333,0.0,30,0.7333333333333333
cub200,S1,ResNet-50,resnet50,4,136,0.7333333333333333,0.16666666666666666,30,0.5666666666666667
cub200,S1,ResNet-50,resnet50,4,137,0.7666666666666667,0.3333333333333333,30,0.4333333333333334
cub200,S1,ResNet-50,resnet50,4,138,0.9333333333333333,0.0,30,0.9333333333333333
cub200,S1,ResNet-50,resnet50,4,139,0.9333333333333333,0.0,30,0.9333333333333333
cub200,S1,ResNet-50,resnet50,4,140,0.6206896551724138,0.4482758620689655,29,0.1724137931034483
cub200,S1,ResNet-50,resnet50,4,141,0.5,0.13333333333333333,30,0.3666666666666667
cub200,S1,ResNet-50,resnet50,4,142,0.6333333333333333,0.2,30,0.4333333333333333
cub200,S1,ResNet-50,resnet50,4,143,0.2,0.0,30,0.2
cub200,S1,ResNet-50,resnet50,4,144,0.6,0.23333333333333334,30,0.36666666666666664
cub200,S1,ResNet-50,resnet50,4,145,0.43333333333333335,0.13333333333333333,30,0.30000000000000004
cub200,S1,ResNet-50,resnet50,4,146,0.8,0.16666666666666666,30,0.6333333333333334
cub200,S1,ResNet-50,resnet50,4,147,0.9666666666666667,0.06666666666666667,30,0.9
cub200,S1,ResNet-50,resnet50,4,148,0.8620689655172413,0.13793103448275862,29,0.7241379310344827
cub200,S1,ResNet-50,resnet50,4,149,0.8666666666666667,0.43333333333333335,30,0.43333333333333335
cub200,S1,ResNet-50,resnet50,4,150,0.9047619047619048,0.7142857142857143,21,0.19047619047619047
cub200,S1,ResNet-50,resnet50,4,151,0.7666666666666667,0.1,30,0.6666666666666667
cub200,S1,ResNet-50,resnet50,4,152,0.8275862068965517,0.0,29,0.8275862068965517
cub200,S1,ResNet-50,resnet50,4,153,0.7666666666666667,0.16666666666666666,30,0.6000000000000001
cub200,S1,ResNet-50,resnet50,4,154,0.6666666666666666,0.6666666666666666,30,0.0
cub200,S1,ResNet-50,resnet50,4,155,0.8666666666666667,0.0,30,0.8666666666666667
cub200,S1,ResNet-50,resnet50,4,156,0.6896551724137931,0.0,29,0.6896551724137931
cub200,S1,ResNet-50,resnet50,4,157,0.9333333333333333,0.1,30,0.8333333333333334
cub200,S1,ResNet-50,resnet50,4,158,1.0,0.9333333333333333,30,0.06666666666666665
cub200,S1,ResNet-50,resnet50,4,159,1.0,0.41379310344827586,29,0.5862068965517242
cub200,S1,ResNet-50,resnet50,4,160,0.8333333333333334,0.03333333333333333,30,0.8
cub200,S1,ResNet-50,resnet50,4,161,0.8333333333333334,0.0,30,0.8333333333333334
cub200,S1,ResNet-50,resnet50,4,162,0.8,0.0,30,0.8
cub200,S1,ResNet-50,resnet50,4,163,0.9333333333333333,0.3333333333333333,30,0.6000000000000001
cub200,S1,ResNet-50,resnet50,4,164,0.8666666666666667,0.2,30,0.6666666666666667
cub200,S1,ResNet-50,resnet50,4,165,0.9310344827586207,0.034482758620689655,29,0.896551724137931
cub200,S1,ResNet-50,resnet50,4,166,0.7,0.0,30,0.7
cub200,S1,ResNet-50,resnet50,4,167,0.896551724137931,0.0,29,0.896551724137931
cub200,S1,ResNet-50,resnet50,4,168,0.9655172413793104,0.0,29,0.9655172413793104
cub200,S1,ResNet-50,resnet50,4,169,0.8333333333333334,0.0,30,0.8333333333333334
cub200,S1,ResNet-50,resnet50,4,170,0.7666666666666667,0.26666666666666666,30,0.5
cub200,S1,ResNet-50,resnet50,4,171,0.7666666666666667,0.0,30,0.7666666666666667
cub200,S1,ResNet-50,resnet50,4,172,0.4666666666666667,0.1,30,0.3666666666666667
cub200,S1,ResNet-50,resnet50,4,173,0.7,0.3333333333333333,30,0.36666666666666664
cub200,S1,ResNet-50,resnet50,4,174,0.7666666666666667,0.0,30,0.7666666666666667
cub200,S1,ResNet-50,resnet50,4,175,0.9666666666666667,0.0,30,0.9666666666666667
cub200,S1,ResNet-50,resnet50,4,176,0.9333333333333333,0.0,30,0.9333333333333333
cub200,S1,ResNet-50,resnet50,4,177,0.8461538461538461,0.7307692307692307,26,0.11538461538461542
cub200,S1,ResNet-50,resnet50,4,178,0.6551724137931034,0.0,29,0.6551724137931034
cub200,S1,ResNet-50,resnet50,4,179,0.8,0.0,30,0.8
cub200,S1,ResNet-50,resnet50,4,180,0.8275862068965517,0.6206896551724138,29,0.2068965517241379
cub200,S1,ResNet-50,resnet50,4,181,0.8666666666666667,0.16666666666666666,30,0.7000000000000001
cub200,S1,ResNet-50,resnet50,4,182,0.8666666666666667,0.6,30,0.2666666666666667
cub200,S1,ResNet-50,resnet50,4,183,0.8333333333333334,0.9333333333333333,30,-0.09999999999999998
cub200,S1,ResNet-50,resnet50,4,184,0.9333333333333333,0.7666666666666667,30,0.16666666666666663
cub200,S1,ResNet-50,resnet50,4,185,0.9333333333333333,0.5,30,0.43333333333333335
cub200,S1,ResNet-50,resnet50,4,186,0.85,0.85,20,0.0
cub200,S1,ResNet-50,resnet50,4,187,0.9666666666666667,0.7333333333333333,30,0.2333333333333334
cub200,S1,ResNet-50,resnet50,4,188,1.0,0.7333333333333333,30,0.2666666666666667
cub200,S1,ResNet-50,resnet50,4,189,0.9655172413793104,0.9310344827586207,29,0.034482758620689724
cub200,S1,ResNet-50,resnet50,4,190,0.8666666666666667,0.0,30,0.8666666666666667
cub200,S1,ResNet-50,resnet50,4,191,0.9666666666666667,0.7666666666666667,30,0.19999999999999996
cub200,S1,ResNet-50,resnet50,4,192,0.7666666666666667,0.06666666666666667,30,0.7000000000000001
cub200,S1,ResNet-50,resnet50,4,193,0.9333333333333333,0.8333333333333334,30,0.09999999999999998
cub200,S1,ResNet-50,resnet50,4,194,0.9,0.43333333333333335,30,0.4666666666666667
cub200,S1,ResNet-50,resnet50,4,195,0.5333333333333333,0.36666666666666664,30,0.16666666666666669
cub200,S1,ResNet-50,resnet50,4,196,0.6333333333333333,0.2,30,0.4333333333333333
cub200,S1,ResNet-50,resnet50,4,197,0.8,0.5333333333333333,30,0.2666666666666667
cub200,S1,ResNet-50,resnet50,4,198,0.8666666666666667,0.7333333333333333,30,0.13333333333333341
cub200,S1,ResNet-50,resnet50,4,199,0.9333333333333333,0.1,30,0.8333333333333334
cub200,S2,ConvNeXt-T,convnext_tiny_in1k,0,0,0.8,0.7,30,0.10000000000000009
cub200,S2,ConvNeXt-T,convnext_tiny_in1k,0,1,0.8333333333333334,0.7333333333333333,30,0.10000000000000009
cub200,S2,ConvNeXt-T,convnext_tiny_in1k,0,2,0.9642857142857143,0.9642857142857143,28,0.0
cub200,S2,ConvNeXt-T,convnext_tiny_in1k,0,3,0.9,0.6,30,0.30000000000000004
cub200,S2,ConvNeXt-T,convnext_tiny_in1k,0,4,0.8571428571428571,0.6428571428571429,14,0.2142857142857142
cub200,S2,ConvNeXt-T,convnext_tiny_in1k,0,5,1.0,1.0,11,0.0
cub200,S2,ConvNeXt-T,convnext_tiny_in1k,0,6,1.0,0.782608695652174,23,0.21739130434782605
cub200,S2,ConvNeXt-T,convnext_tiny_in1k,0,7,1.0,0.6666666666666666,18,0.33333333333333337
cub200,S2,ConvNeXt-T,convnext_tiny_in1k,0,8,0.5862068965517241,0.4482758620689655,29,0.13793103448275856
cub200,S2,ConvNeXt-T,convnext_tiny_in1k,0,9,1.0,0.03333333333333333,30,0.9666666666666667
cub200,S2,ConvNeXt-T,convnext_tiny_in1k,0,10,0.6333333333333333,0.5333333333333333,30,0.09999999999999998
cub200,S2,ConvNeXt-T,convnext_tiny_in1k,0,11,1.0,0.0,26,1.0
cub200,S2,ConvNeXt-T,convnext_tiny_in1k,0,12,0.9,0.8,30,0.09999999999999998
cub200,S2,ConvNeXt-T,convnext_tiny_in1k,0,13,0.9333333333333333,0.0,30,0.9333333333333333
cub200,S2,ConvNeXt-T,convnext_tiny_in1k,0,14,0.9642857142857143,0.10714285714285714,28,0.8571428571428572
cub200,S2,ConvNeXt-T,convnext_tiny_in1k,0,15,0.9285714285714286,0.0,28,0.9285714285714286
cub200,S2,ConvNeXt-T,convnext_tiny_in1k,0,16,0.9629629629629629,0.0,27,0.9629629629629629
cub200,S2,ConvNeXt-T,convnext_tiny_in1k,0,17,1.0,0.6666666666666666,15,0.33333333333333337
cub200,S2,ConvNeXt-T,convnext_tiny_in1k,0,18,0.9310344827586207,0.5517241379310345,29,0.3793103448275862
cub200,S2,ConvNeXt-T,convnext_tiny_in1k,0,19,0.9310344827586207,0.0,29,0.9310344827586207
cub200,S2,ConvNeXt-T,convnext_tiny_in1k,0,20,1.0,0.7666666666666667,30,0.23333333333333328
cub200,S2,ConvNeXt-T,convnext_tiny_in1k,0,21,0.6538461538461539,0.07692307692307693,26,0.5769230769230769
cub200,S2,ConvNeXt-T,convnext_tiny_in1k,0,22,0.6206896551724138,0.4482758620689655,29,0.1724137931034483
cub200,S2,ConvNeXt-T,convnext_tiny_in1k,0,23,0.9090909090909091,0.13636363636363635,22,0.7727272727272727
cub200,S2,ConvNeXt-T,convnext_tiny_in1k,0,24,0.7333333333333333,0.9,30,-0.16666666666666674
cub200,S2,ConvNeXt-T,convnext_tiny_in1k,0,25,0.9666666666666667,0.2,30,0.7666666666666666
cub200,S2,ConvNeXt-T,convnext_tiny_in1k,0,26,0.43333333333333335,0.3,30,0.13333333333333336
cub200,S2,ConvNeXt-T,convnext_tiny_in1k,0,27,0.896551724137931,0.896551724137931,29,0.0
cub200,S2,ConvNeXt-T,convnext_tiny_in1k,0,28,0.5,0.2,30,0.3
cub200,S2,ConvNeXt-T,convnext_tiny_in1k,0,29,0.4,0.5,30,-0.09999999999999998
cub200,S2,ConvNeXt-T,convnext_tiny_in1k,0,30,0.8666666666666667,0.6333333333333333,30,0.2333333333333334
cub200,S2,ConvNeXt-T,convnext_tiny_in1k,0,31,0.8260869565217391,0.17391304347826086,23,0.6521739130434783
cub200,S2,ConvNeXt-T,convnext_tiny_in1k,0,32,0.9310344827586207,0.5172413793103449,29,0.4137931034482758
cub200,S2,ConvNeXt-T,convnext_tiny_in1k,0,33,0.9655172413793104,0.4827586206896552,29,0.4827586206896552
cub200,S2,ConvNeXt-T,convnext_tiny_in1k,0,34,1.0,0.0,30,1.0
cub200,S2,ConvNeXt-T,convnext_tiny_in1k,0,35,0.9333333333333333,0.9333333333333333,30,0.0
cub200,S2,ConvNeXt-T,convnext_tiny_in1k,0,36,0.6206896551724138,0.4482758620689655,29,0.1724137931034483
cub200,S2,ConvNeXt-T,convnext_tiny_in1k,0,37,0.8333333333333334,0.03333333333333333,30,0.8
cub200,S2,ConvNeXt-T,convnext_tiny_in1k,0,38,0.5172413793103449,0.4482758620689655,29,0.06896551724137934
cub200,S2,ConvNeXt-T,convnext_tiny_in1k,0,39,0.6666666666666666,0.5,30,0.16666666666666663
cub200,S2,ConvNeXt-T,convnext_tiny_in1k,0,40,0.9333333333333333,0.7,30,0.2333333333333334
cub200,S2,ConvNeXt-T,convnext_tiny_in1k,0,41,0.9333333333333333,0.0,30,0.9333333333333333
cub200,S2,ConvNeXt-T,convnext_tiny_in1k,0,42,0.5172413793103449,0.10344827586206896,29,0.4137931034482759
cub200,S2,ConvNeXt-T,convnext_tiny_in1k,0,43,0.8666666666666667,0.7,30,0.16666666666666674
cub200,S2,ConvNeXt-T,convnext_tiny_in1k,0,44,0.7333333333333333,0.8333333333333334,30,-0.10000000000000009
cub200,S2,ConvNeXt-T,convnext_tiny_in1k,0,45,0.9333333333333333,0.9,30,0.033333333333333326
cub200,S2,ConvNeXt-T,convnext_tiny_in1k,0,46,0.9666666666666667,0.0,30,0.9666666666666667
cub200,S2,ConvNeXt-T,convnext_tiny_in1k,0,47,1.0,0.3333333333333333,30,0.6666666666666667
cub200,S2,ConvNeXt-T,convnext_tiny_in1k,0,48,0.6,0.0,30,0.6
cub200,S2,ConvNeXt-T,convnext_tiny_in1k,0,49,0.7333333333333333,0.5333333333333333,30,0.19999999999999996
cub200,S2,ConvNeXt-T,convnext_tiny_in1k,0,50,0.9333333333333333,0.7,30,0.2333333333333334
cub200,S2,ConvNeXt-T,convnext_tiny_in1k,0,51,0.9333333333333333,0.8333333333333334,30,0.09999999999999998
cub200,S2,ConvNeXt-T,convnext_tiny_in1k,0,52,0.9666666666666667,0.8333333333333334,30,0.1333333333333333
cub200,S2,ConvNeXt-T,convnext_tiny_in1k,0,53,0.9,0.0,30,0.9
cub200,S2,ConvNeXt-T,convnext_tiny_in1k,0,54,0.9333333333333333,0.06666666666666667,30,0.8666666666666667
cub200,S2,ConvNeXt-T,convnext_tiny_in1k,0,55,0.9,0.06666666666666667,30,0.8333333333333334
cub200,S2,ConvNeXt-T,convnext_tiny_in1k,0,56,1.0,0.1,30,0.9
cub200,S2,ConvNeXt-T,convnext_tiny_in1k,0,57,0.8214285714285714,0.6428571428571429,28,0.1785714285714285
cub200,S2,ConvNeXt-T,convnext_tiny_in1k,0,58,0.23333333333333334,0.1,30,0.13333333333333333
cub200,S2,ConvNeXt-T,convnext_tiny_in1k,0,59,0.5517241379310345,0.41379310344827586,29,0.13793103448275862
cub200,S2,ConvNeXt-T,convnext_tiny_in1k,0,60,1.0,0.5,30,0.5
cub200,S2,ConvNeXt-T,convnext_tiny_in1k,0,61,0.4666666666666667,0.23333333333333334,30,0.23333333333333334
cub200,S2,ConvNeXt-T,convnext_tiny_in1k,0,62,1.0,1.0,30,0.0
cub200,S2,ConvNeXt-T,convnext_tiny_in1k,0,63,0.6666666666666666,0.23333333333333334,30,0.4333333333333333
cub200,S2,ConvNeXt-T,convnext_tiny_in1k,0,64,0.8,0.55,20,0.25
cub200,S2,ConvNeXt-T,convnext_tiny_in1k,0,65,0.7666666666666667,0.7,30,0.06666666666666676
cub200,S2,ConvNeXt-T,convnext_tiny_in1k,0,66,0.7,0.36666666666666664,30,0.3333333333333333
cub200,S2,ConvNeXt-T,convnext_tiny_in1k,0,67,0.8,0.6333333333333333,30,0.16666666666666674
cub200,S2,ConvNeXt-T,convnext_tiny_in1k,0,68,0.8,0.23333333333333334,30,0.5666666666666667
cub200,S2,ConvNeXt-T,convnext_tiny_in1k,0,69,1.0,0.0,30,1.0
cub200,S2,ConvNeXt-T,convnext_tiny_in1k,0,70,0.5333333333333333,0.43333333333333335,30,0.09999999999999998
cub200,S2,ConvNeXt-T,convnext_tiny_in1k,0,71,0.7,0.6,30,0.09999999999999998
cub200,S2,ConvNeXt-T,convnext_tiny_in1k,0,72,0.9333333333333333,0.5666666666666667,30,0.3666666666666667
cub200,S2,ConvNeXt-T,convnext_tiny_in1k,0,73,1.0,0.23333333333333334,30,0.7666666666666666
cub200,S2,ConvNeXt-T,convnext_tiny_in1k,0,74,1.0,0.2222222222222222,27,0.7777777777777778
cub200,S2,ConvNeXt-T,convnext_tiny_in1k,0,75,0.9333333333333333,0.8666666666666667,30,0.06666666666666665
cub200,S2,ConvNeXt-T,convnext_tiny_in1k,0,76,0.9666666666666667,0.0,30,0.9666666666666667
cub200,S2,ConvNeXt-T,convnext_tiny_in1k,0,77,0.9655172413793104,0.9310344827586207,29,0.034482758620689724
cub200,S2,ConvNeXt-T,convnext_tiny_in1k,0,78,0.9,0.9,30,0.0
cub200,S2,ConvNeXt-T,convnext_tiny_in1k,0,79,0.8666666666666667,0.7333333333333333,30,0.13333333333333341
cub200,S2,ConvNeXt-T,convnext_tiny_in1k,0,80,0.9333333333333333,0.9333333333333333,30,0.0
cub200,S2,ConvNeXt-T,convnext_tiny_in1k,0,81,0.8666666666666667,0.0,30,0.8666666666666667
cub200,S2,ConvNeXt-T,convnext_tiny_in1k,0,82,0.9666666666666667,0.06666666666666667,30,0.9
cub200,S2,ConvNeXt-T,convnext_tiny_in1k,0,83,0.8260869565217391,0.6086956521739131,23,0.21739130434782605
cub200,S2,ConvNeXt-T,convnext_tiny_in1k,0,84,0.9333333333333333,0.8666666666666667,30,0.06666666666666665
cub200,S2,ConvNeXt-T,convnext_tiny_in1k,0,85,1.0,0.9666666666666667,30,0.033333333333333326
cub200,S2,ConvNeXt-T,convnext_tiny_in1k,0,86,0.8666666666666667,0.43333333333333335,30,0.43333333333333335
cub200,S2,ConvNeXt-T,convnext_tiny_in1k,0,87,0.9333333333333333,0.0,30,0.9333333333333333
cub200,S2,ConvNeXt-T,convnext_tiny_in1k,0,88,0.8,0.8,30,0.0
cub200,S2,ConvNeXt-T,convnext_tiny_in1k,0,89,0.9,0.5,30,0.4
cub200,S2,ConvNeXt-T,convnext_tiny_in1k,0,90,0.8,0.7666666666666667,30,0.033333333333333326
cub200,S2,ConvNeXt-T,convnext_tiny_in1k,0,91,0.9333333333333333,0.7666666666666667,30,0.16666666666666663
cub200,S2,ConvNeXt-T,convnext_tiny_in1k,0,92,1.0,1.0,30,0.0
cub200,S2,ConvNeXt-T,convnext_tiny_in1k,0,93,0.9666666666666667,0.8666666666666667,30,0.09999999999999998
cub200,S2,ConvNeXt-T,convnext_tiny_in1k,0,94,0.8333333333333334,0.0,30,0.8333333333333334
cub200,S2,ConvNeXt-T,convnext_tiny_in1k,0,95,0.8,0.0,30,0.8
cub200,S2,ConvNeXt-T,convnext_tiny_in1k,0,96,0.7241379310344828,0.0,29,0.7241379310344828
cub200,S2,ConvNeXt-T,convnext_tiny_in1k,0,97,0.9,0.0,30,0.9
cub200,S2,ConvNeXt-T,convnext_tiny_in1k,0,98,0.8666666666666667,0.8333333333333334,30,0.033333333333333326
cub200,S2,ConvNeXt-T,convnext_tiny_in1k,0,99,0.9666666666666667,0.9333333333333333,30,0.033333333333333326
cub200,S2,ConvNeXt-T,convnext_tiny_in1k,0,100,0.95,0.8,20,0.1499999999999999
cub200,S2,ConvNeXt-T,convnext_tiny_in1k,0,101,0.43333333333333335,0.43333333333333335,30,0.0
cub200,S2,ConvNeXt-T,convnext_tiny_in1k,0,102,0.6333333333333333,0.5,30,0.1333333333333333
cub200,S2,ConvNeXt-T,convnext_tiny_in1k,0,103,0.7,0.6,30,0.09999999999999998
cub200,S2,ConvNeXt-T,convnext_tiny_in1k,0,104,0.8421052631578947,1.0,19,-0.1578947368421053
cub200,S2,ConvNeXt-T,convnext_tiny_in1k,0,105,1.0,0.9333333333333333,30,0.06666666666666665
cub200,S2,ConvNeXt-T,convnext_tiny_in1k,0,106,0.6333333333333333,0.6,30,0.033333333333333326
cub200,S2,ConvNeXt-T,convnext_tiny_in1k,0,107,0.8333333333333334,0.8666666666666667,30,-0.033333333333333326
cub200,S2,ConvNeXt-T,convnext_tiny_in1k,0,108,0.9,0.0,30,0.9
cub200,S2,ConvNeXt-T,convnext_tiny_in1k,0,109,1.0,1.0,30,0.0
cub200,S2,ConvNeXt-T,convnext_tiny_in1k,0,110,0.5666666666666667,0.4666666666666667,30,0.09999999999999998
cub200,S2,ConvNeXt-T,convnext_tiny_in1k,0,111,0.7,0.7333333333333333,30,-0.033333333333333326
cub200,S2,ConvNeXt-T,convnext_tiny_in1k,0,112,0.9,0.8,20,0.09999999999999998
cub200,S2,ConvNeXt-T,convnext_tiny_in1k,0,113,0.9333333333333333,0.8333333333333334,30,0.09999999999999998
cub200,S2,ConvNeXt-T,convnext_tiny_in1k,0,114,0.6206896551724138,0.41379310344827586,29,0.20689655172413796
cub200,S2,ConvNeXt-T,convnext_tiny_in1k,0,115,0.7,0.0,30,0.7
cub200,S2,ConvNeXt-T,convnext_tiny_in1k,0,116,0.8620689655172413,0.8275862068965517,29,0.03448275862068961
cub200,S2,ConvNeXt-T,convnext_tiny_in1k,0,117,0.7666666666666667,0.36666666666666664,30,0.4000000000000001
cub200,S2,ConvNeXt-T,convnext_tiny_in1k,0,118,0.7241379310344828,0.1724137931034483,29,0.5517241379310345
cub200,S2,ConvNeXt-T,convnext_tiny_in1k,0,119,0.7333333333333333,0.6,30,0.1333333333333333
cub200,S2,ConvNeXt-T,convnext_tiny_in1k,0,120,0.8333333333333334,0.5666666666666667,30,0.2666666666666667
cub200,S2,ConvNeXt-T,convnext_tiny_in1k,0,121,1.0,0.9,30,0.09999999999999998
cub200,S2,ConvNeXt-T,convnext_tiny_in1k,0,122,0.8333333333333334,0.1,30,0.7333333333333334
cub200,S2,ConvNeXt-T,convnext_tiny_in1k,0,123,0.9655172413793104,0.1724137931034483,29,0.7931034482758621
cub200,S2,ConvNeXt-T,convnext_tiny_in1k,0,124,0.896551724137931,0.6896551724137931,29,0.2068965517241379
cub200,S2,ConvNeXt-T,convnext_tiny_in1k,0,125,0.8333333333333334,0.06666666666666667,30,0.7666666666666667
cub200,S2,ConvNeXt-T,convnext_tiny_in1k,0,126,0.6666666666666666,0.5333333333333333,30,0.1333333333333333
cub200,S2,ConvNeXt-T,convnext_tiny_in1k,0,127,0.8666666666666667,0.7,30,0.16666666666666674
cub200,S2,ConvNeXt-T,convnext_tiny_in1k,0,128,0.8,0.23333333333333334,30,0.5666666666666667
cub200,S2,ConvNeXt-T,convnext_tiny_in1k,0,129,0.5333333333333333,0.03333333333333333,30,0.5
cub200,S2,ConvNeXt-T,convnext_tiny_in1k,0,130,0.8666666666666667,0.5,30,0.3666666666666667
cub200,S2,ConvNeXt-T,convnext_tiny_in1k,0,131,0.9666666666666667,0.9666666666666667,30,0.0
cub200,S2,ConvNeXt-T,convnext_tiny_in1k,0,132,0.9666666666666667,0.16666666666666666,30,0.8
cub200,S2,ConvNeXt-T,convnext_tiny_in1k,0,133,0.9666666666666667,0.0,30,0.9666666666666667
cub200,S2,ConvNeXt-T,convnext_tiny_in1k,0,134,0.6,0.5,30,0.09999999999999998
cub200,S2,ConvNeXt-T,convnext_tiny_in1k,0,135,0.7333333333333333,0.0,30,0.7333333333333333
cub200,S2,ConvNeXt-T,convnext_tiny_in1k,0,136,0.6333333333333333,0.23333333333333334,30,0.39999999999999997
cub200,S2,ConvNeXt-T,convnext_tiny_in1k,0,137,0.8333333333333334,0.5333333333333333,30,0.30000000000000004
cub200,S2,ConvNeXt-T,convnext_tiny_in1k,0,138,0.8666666666666667,0.0,30,0.8666666666666667
cub200,S2,ConvNeXt-T,convnext_tiny_in1k,0,139,0.9333333333333333,0.0,30,0.9333333333333333
cub200,S2,ConvNeXt-T,convnext_tiny_in1k,0,140,0.8275862068965517,0.6896551724137931,29,0.13793103448275856
cub200,S2,ConvNeXt-T,convnext_tiny_in1k,0,141,0.7666666666666667,0.6666666666666666,30,0.10000000000000009
cub200,S2,ConvNeXt-T,convnext_tiny_in1k,0,142,0.7333333333333333,0.13333333333333333,30,0.6
cub200,S2,ConvNeXt-T,convnext_tiny_in1k,0,143,0.23333333333333334,0.0,30,0.23333333333333334
cub200,S2,ConvNeXt-T,convnext_tiny_in1k,0,144,0.7,0.4666666666666667,30,0.23333333333333328
cub200,S2,ConvNeXt-T,convnext_tiny_in1k,0,145,0.5333333333333333,0.0,30,0.5333333333333333
cub200,S2,ConvNeXt-T,convnext_tiny_in1k,0,146,0.9,0.6666666666666666,30,0.2333333333333334
cub200,S2,ConvNeXt-T,convnext_tiny_in1k,0,147,0.9666666666666667,0.03333333333333333,30,0.9333333333333333
cub200,S2,ConvNeXt-T,convnext_tiny_in1k,0,148,1.0,0.41379310344827586,29,0.5862068965517242
cub200,S2,ConvNeXt-T,convnext_tiny_in1k,0,149,0.8333333333333334,0.8,30,0.033333333333333326
cub200,S2,ConvNeXt-T,convnext_tiny_in1k,0,150,1.0,0.9523809523809523,21,0.04761904761904767
cub200,S2,ConvNeXt-T,convnext_tiny_in1k,0,151,0.9,0.7,30,0.20000000000000007
cub200,S2,ConvNeXt-T,convnext_tiny_in1k,0,152,0.8620689655172413,0.0,29,0.8620689655172413
cub200,S2,ConvNeXt-T,convnext_tiny_in1k,0,153,0.9333333333333333,0.3333333333333333,30,0.6000000000000001
cub200,S2,ConvNeXt-T,convnext_tiny_in1k,0,154,0.7,0.7333333333333333,30,-0.033333333333333326
cub200,S2,ConvNeXt-T,convnext_tiny_in1k,0,155,0.9666666666666667,0.0,30,0.9666666666666667
cub200,S2,ConvNeXt-T,convnext_tiny_in1k,0,156,0.7931034482758621,0.0,29,0.7931034482758621
cub200,S2,ConvNeXt-T,convnext_tiny_in1k,0,157,0.9666666666666667,0.2,30,0.7666666666666666
cub200,S2,ConvNeXt-T,convnext_tiny_in1k,0,158,1.0,1.0,30,0.0
cub200,S2,ConvNeXt-T,convnext_tiny_in1k,0,159,1.0,0.8620689655172413,29,0.13793103448275867
cub200,S2,ConvNeXt-T,convnext_tiny_in1k,0,160,0.9666666666666667,0.0,30,0.9666666666666667
cub200,S2,ConvNeXt-T,convnext_tiny_in1k,0,161,0.8333333333333334,0.0,30,0.8333333333333334
cub200,S2,ConvNeXt-T,convnext_tiny_in1k,0,162,0.9666666666666667,0.0,30,0.9666666666666667
cub200,S2,ConvNeXt-T,convnext_tiny_in1k,0,163,0.9666666666666667,0.6666666666666666,30,0.30000000000000004
cub200,S2,ConvNeXt-T,convnext_tiny_in1k,0,164,0.9,0.0,30,0.9
cub200,S2,ConvNeXt-T,convnext_tiny_in1k,0,165,0.9310344827586207,0.0,29,0.9310344827586207
cub200,S2,ConvNeXt-T,convnext_tiny_in1k,0,166,0.7333333333333333,0.0,30,0.7333333333333333
cub200,S2,ConvNeXt-T,convnext_tiny_in1k,0,167,0.9310344827586207,0.0,29,0.9310344827586207
cub200,S2,ConvNeXt-T,convnext_tiny_in1k,0,168,0.9655172413793104,0.0,29,0.9655172413793104
cub200,S2,ConvNeXt-T,convnext_tiny_in1k,0,169,0.8,0.0,30,0.8
cub200,S2,ConvNeXt-T,convnext_tiny_in1k,0,170,0.9,0.06666666666666667,30,0.8333333333333334
cub200,S2,ConvNeXt-T,convnext_tiny_in1k,0,171,0.9,0.0,30,0.9
cub200,S2,ConvNeXt-T,convnext_tiny_in1k,0,172,0.7666666666666667,0.0,30,0.7666666666666667
cub200,S2,ConvNeXt-T,convnext_tiny_in1k,0,173,0.9,0.23333333333333334,30,0.6666666666666667
cub200,S2,ConvNeXt-T,convnext_tiny_in1k,0,174,0.8333333333333334,0.0,30,0.8333333333333334
cub200,S2,ConvNeXt-T,convnext_tiny_in1k,0,175,0.9666666666666667,0.0,30,0.9666666666666667
cub200,S2,ConvNeXt-T,convnext_tiny_in1k,0,176,0.9333333333333333,0.0,30,0.9333333333333333
cub200,S2,ConvNeXt-T,convnext_tiny_in1k,0,177,0.8846153846153846,0.6538461538461539,26,0.23076923076923073
cub200,S2,ConvNeXt-T,convnext_tiny_in1k,0,178,0.6896551724137931,0.0,29,0.6896551724137931
cub200,S2,ConvNeXt-T,convnext_tiny_in1k,0,179,0.9,0.0,30,0.9
cub200,S2,ConvNeXt-T,convnext_tiny_in1k,0,180,0.9310344827586207,0.5517241379310345,29,0.3793103448275862
cub200,S2,ConvNeXt-T,convnext_tiny_in1k,0,181,0.9,0.0,30,0.9
cub200,S2,ConvNeXt-T,convnext_tiny_in1k,0,182,0.9666666666666667,0.6666666666666666,30,0.30000000000000004
cub200,S2,ConvNeXt-T,convnext_tiny_in1k,0,183,0.8666666666666667,0.9,30,-0.033333333333333326
cub200,S2,ConvNeXt-T,convnext_tiny_in1k,0,184,0.9,0.8,30,0.09999999999999998
cub200,S2,ConvNeXt-T,convnext_tiny_in1k,0,185,0.9666666666666667,0.23333333333333334,30,0.7333333333333334
cub200,S2,ConvNeXt-T,convnext_tiny_in1k,0,186,0.95,1.0,20,-0.050000000000000044
cub200,S2,ConvNeXt-T,convnext_tiny_in1k,0,187,0.9666666666666667,0.7666666666666667,30,0.19999999999999996
cub200,S2,ConvNeXt-T,convnext_tiny_in1k,0,188,1.0,0.7666666666666667,30,0.23333333333333328
cub200,S2,ConvNeXt-T,convnext_tiny_in1k,0,189,0.9655172413793104,0.9655172413793104,29,0.0
cub200,S2,ConvNeXt-T,convnext_tiny_in1k,0,190,0.8666666666666667,0.0,30,0.8666666666666667
cub200,S2,ConvNeXt-T,convnext_tiny_in1k,0,191,0.9666666666666667,0.9666666666666667,30,0.0
cub200,S2,ConvNeXt-T,convnext_tiny_in1k,0,192,0.7666666666666667,0.3333333333333333,30,0.4333333333333334
cub200,S2,ConvNeXt-T,convnext_tiny_in1k,0,193,0.9333333333333333,0.8,30,0.1333333333333333
cub200,S2,ConvNeXt-T,convnext_tiny_in1k,0,194,0.8666666666666667,0.23333333333333334,30,0.6333333333333333
cub200,S2,ConvNeXt-T,convnext_tiny_in1k,0,195,0.7,0.5,30,0.19999999999999996
cub200,S2,ConvNeXt-T,convnext_tiny_in1k,0,196,0.7333333333333333,0.6333333333333333,30,0.09999999999999998
cub200,S2,ConvNeXt-T,convnext_tiny_in1k,0,197,0.9,0.7333333333333333,30,0.16666666666666674
cub200,S2,ConvNeXt-T,convnext_tiny_in1k,0,198,0.9,0.7333333333333333,30,0.16666666666666674
cub200,S2,ConvNeXt-T,convnext_tiny_in1k,0,199,0.9666666666666667,0.0,30,0.9666666666666667
cub200,S2,ConvNeXt-T,convnext_tiny_in1k,1,0,0.7666666666666667,0.6666666666666666,30,0.10000000000000009
cub200,S2,ConvNeXt-T,convnext_tiny_in1k,1,1,0.8333333333333334,0.8333333333333334,30,0.0
cub200,S2,ConvNeXt-T,convnext_tiny_in1k,1,2,1.0,1.0,28,0.0
cub200,S2,ConvNeXt-T,convnext_tiny_in1k,1,3,0.9666666666666667,0.8333333333333334,30,0.1333333333333333
cub200,S2,ConvNeXt-T,convnext_tiny_in1k,1,4,0.9285714285714286,0.6428571428571429,14,0.2857142857142857
cub200,S2,ConvNeXt-T,convnext_tiny_in1k,1,5,0.9090909090909091,0.8181818181818182,11,0.09090909090909083
cub200,S2,ConvNeXt-T,convnext_tiny_in1k,1,6,0.9565217391304348,0.6086956521739131,23,0.34782608695652173
cub200,S2,ConvNeXt-T,convnext_tiny_in1k,1,7,0.8888888888888888,0.6666666666666666,18,0.2222222222222222
cub200,S2,ConvNeXt-T,convnext_tiny_in1k,1,8,0.4827586206896552,0.6206896551724138,29,-0.13793103448275862
cub200,S2,ConvNeXt-T,convnext_tiny_in1k,1,9,0.9666666666666667,0.06666666666666667,30,0.9
cub200,S2,ConvNeXt-T,convnext_tiny_in1k,1,10,0.6333333333333333,0.23333333333333334,30,0.39999999999999997
cub200,S2,ConvNeXt-T,convnext_tiny_in1k,1,11,1.0,0.0,26,1.0
cub200,S2,ConvNeXt-T,convnext_tiny_in1k,1,12,0.9,0.8666666666666667,30,0.033333333333333326
cub200,S2,ConvNeXt-T,convnext_tiny_in1k,1,13,0.9666666666666667,0.0,30,0.9666666666666667
cub200,S2,ConvNeXt-T,convnext_tiny_in1k,1,14,0.8571428571428571,0.07142857142857142,28,0.7857142857142857
cub200,S2,ConvNeXt-T,convnext_tiny_in1k,1,15,0.8928571428571429,0.0,28,0.8928571428571429
cub200,S2,ConvNeXt-T,convnext_tiny_in1k,1,16,0.8888888888888888,0.0,27,0.8888888888888888
cub200,S2,ConvNeXt-T,convnext_tiny_in1k,1,17,1.0,0.8,15,0.19999999999999996
cub200,S2,ConvNeXt-T,convnext_tiny_in1k,1,18,0.8275862068965517,0.3103448275862069,29,0.5172413793103448
cub200,S2,ConvNeXt-T,convnext_tiny_in1k,1,19,0.9655172413793104,0.0,29,0.9655172413793104
cub200,S2,ConvNeXt-T,convnext_tiny_in1k,1,20,1.0,0.23333333333333334,30,0.7666666666666666
cub200,S2,ConvNeXt-T,convnext_tiny_in1k,1,21,0.6153846153846154,0.038461538461538464,26,0.576923076923077
cub200,S2,ConvNeXt-T,convnext_tiny_in1k,1,22,0.6206896551724138,0.4482758620689655,29,0.1724137931034483
cub200,S2,ConvNeXt-T,convnext_tiny_in1k,1,23,0.9090909090909091,0.22727272727272727,22,0.6818181818181818
cub200,S2,ConvNeXt-T,convnext_tiny_in1k,1,24,0.6,0.8,30,-0.20000000000000007
cub200,S2,ConvNeXt-T,convnext_tiny_in1k,1,25,0.9333333333333333,0.2,30,0.7333333333333334
cub200,S2,ConvNeXt-T,convnext_tiny_in1k,1,26,0.4,0.5666666666666667,30,-0.16666666666666663
cub200,S2,ConvNeXt-T,convnext_tiny_in1k,1,27,0.9655172413793104,0.9655172413793104,29,0.0
cub200,S2,ConvNeXt-T,convnext_tiny_in1k,1,28,0.5666666666666667,0.5666666666666667,30,0.0
cub200,S2,ConvNeXt-T,convnext_tiny_in1k,1,29,0.3,0.26666666666666666,30,0.033333333333333326
cub200,S2,ConvNeXt-T,convnext_tiny_in1k,1,30,0.8333333333333334,0.23333333333333334,30,0.6000000000000001
cub200,S2,ConvNeXt-T,convnext_tiny_in1k,1,31,0.6956521739130435,0.13043478260869565,23,0.5652173913043478
cub200,S2,ConvNeXt-T,convnext_tiny_in1k,1,32,0.8620689655172413,0.6896551724137931,29,0.17241379310344818
cub200,S2,ConvNeXt-T,convnext_tiny_in1k,1,33,0.9655172413793104,0.6551724137931034,29,0.31034482758620696
cub200,S2,ConvNeXt-T,convnext_tiny_in1k,1,34,0.9666666666666667,0.0,30,0.9666666666666667
cub200,S2,ConvNeXt-T,convnext_tiny_in1k,1,35,0.9666666666666667,0.9333333333333333,30,0.033333333333333326
cub200,S2,ConvNeXt-T,convnext_tiny_in1k,1,36,0.6206896551724138,0.5172413793103449,29,0.10344827586206895
cub200,S2,ConvNeXt-T,convnext_tiny_in1k,1,37,0.7666666666666667,0.03333333333333333,30,0.7333333333333334
cub200,S2,ConvNeXt-T,convnext_tiny_in1k,1,38,0.5517241379310345,0.4827586206896552,29,0.06896551724137928
cub200,S2,ConvNeXt-T,convnext_tiny_in1k,1,39,0.6666666666666666,0.6333333333333333,30,0.033333333333333326
cub200,S2,ConvNeXt-T,convnext_tiny_in1k,1,40,0.9333333333333333,0.7666666666666667,30,0.16666666666666663
cub200,S2,ConvNeXt-T,convnext_tiny_in1k,1,41,0.9,0.0,30,0.9
cub200,S2,ConvNeXt-T,convnext_tiny_in1k,1,42,0.5172413793103449,0.06896551724137931,29,0.4482758620689655
cub200,S2,ConvNeXt-T,convnext_tiny_in1k,1,43,0.9333333333333333,0.8,30,0.1333333333333333
cub200,S2,ConvNeXt-T,convnext_tiny_in1k,1,44,0.6333333333333333,0.7,30,-0.06666666666666665
cub200,S2,ConvNeXt-T,convnext_tiny_in1k,1,45,0.9333333333333333,0.9333333333333333,30,0.0
cub200,S2,ConvNeXt-T,convnext_tiny_in1k,1,46,0.9666666666666667,0.0,30,0.9666666666666667
cub200,S2,ConvNeXt-T,convnext_tiny_in1k,1,47,1.0,0.36666666666666664,30,0.6333333333333333
cub200,S2,ConvNeXt-T,convnext_tiny_in1k,1,48,0.7,0.1,30,0.6
cub200,S2,ConvNeXt-T,convnext_tiny_in1k,1,49,0.7,0.4666666666666667,30,0.23333333333333328
cub200,S2,ConvNeXt-T,convnext_tiny_in1k,1,50,0.8,0.7,30,0.10000000000000009
cub200,S2,ConvNeXt-T,convnext_tiny_in1k,1,51,0.9,0.5666666666666667,30,0.33333333333333337
cub200,S2,ConvNeXt-T,convnext_tiny_in1k,1,52,1.0,0.9,30,0.09999999999999998
cub200,S2,ConvNeXt-T,convnext_tiny_in1k,1,53,0.9,0.03333333333333333,30,0.8666666666666667
cub200,S2,ConvNeXt-T,convnext_tiny_in1k,1,54,0.9333333333333333,0.4666666666666667,30,0.4666666666666667
cub200,S2,ConvNeXt-T,convnext_tiny_in1k,1,55,0.8666666666666667,0.03333333333333333,30,0.8333333333333334
cub200,S2,ConvNeXt-T,convnext_tiny_in1k,1,56,1.0,0.06666666666666667,30,0.9333333333333333
cub200,S2,ConvNeXt-T,convnext_tiny_in1k,1,57,0.8928571428571429,0.5714285714285714,28,0.3214285714285715
cub200,S2,ConvNeXt-T,convnext_tiny_in1k,1,58,0.4,0.36666666666666664,30,0.03333333333333338
cub200,S2,ConvNeXt-T,convnext_tiny_in1k,1,59,0.4482758620689655,0.3103448275862069,29,0.13793103448275862
cub200,S2,ConvNeXt-T,convnext_tiny_in1k,1,60,0.9333333333333333,0.4,30,0.5333333333333333
cub200,S2,ConvNeXt-T,convnext_tiny_in1k,1,61,0.4666666666666667,0.13333333333333333,30,0.33333333333333337
cub200,S2,ConvNeXt-T,convnext_tiny_in1k,1,62,1.0,0.9666666666666667,30,0.033333333333333326
cub200,S2,ConvNeXt-T,convnext_tiny_in1k,1,63,0.5666666666666667,0.4,30,0.16666666666666663
cub200,S2,ConvNeXt-T,convnext_tiny_in1k,1,64,0.85,0.6,20,0.25
cub200,S2,ConvNeXt-T,convnext_tiny_in1k,1,65,0.7,0.43333333333333335,30,0.2666666666666666
cub200,S2,ConvNeXt-T,convnext_tiny_in1k,1,66,0.7333333333333333,0.36666666666666664,30,0.36666666666666664
cub200,S2,ConvNeXt-T,convnext_tiny_in1k,1,67,0.8333333333333334,0.6666666666666666,30,0.16666666666666674
cub200,S2,ConvNeXt-T,convnext_tiny_in1k,1,68,0.8333333333333334,0.3333333333333333,30,0.5
cub200,S2,ConvNeXt-T,convnext_tiny_in1k,1,69,1.0,0.0,30,1.0
cub200,S2,ConvNeXt-T,convnext_tiny_in1k,1,70,0.4666666666666667,0.4666666666666667,30,0.0
cub200,S2,ConvNeXt-T,convnext_tiny_in1k,1,71,0.6,0.5333333333333333,30,0.06666666666666665
cub200,S2,ConvNeXt-T,convnext_tiny_in1k,1,72,0.9333333333333333,0.5,30,0.43333333333333335
cub200,S2,ConvNeXt-T,convnext_tiny_in1k,1,73,1.0,0.26666666666666666,30,0.7333333333333334
cub200,S2,ConvNeXt-T,convnext_tiny_in1k,1,74,0.9629629629629629,0.4074074074074074,27,0.5555555555555556
cub200,S2,ConvNeXt-T,convnext_tiny_in1k,1,75,0.9333333333333333,0.8666666666666667,30,0.06666666666666665
cub200,S2,ConvNeXt-T,convnext_tiny_in1k,1,76,0.9333333333333333,0.0,30,0.9333333333333333
cub200,S2,ConvNeXt-T,convnext_tiny_in1k,1,77,1.0,0.896551724137931,29,0.10344827586206895
cub200,S2,ConvNeXt-T,convnext_tiny_in1k,1,78,0.9666666666666667,0.9333333333333333,30,0.033333333333333326
cub200,S2,ConvNeXt-T,convnext_tiny_in1k,1,79,0.8,0.6333333333333333,30,0.16666666666666674
cub200,S2,ConvNeXt-T,convnext_tiny_in1k,1,80,0.8666666666666667,0.9,30,-0.033333333333333326
cub200,S2,ConvNeXt-T,convnext_tiny_in1k,1,81,0.9,0.0,30,0.9
cub200,S2,ConvNeXt-T,convnext_tiny_in1k,1,82,0.9333333333333333,0.0,30,0.9333333333333333
cub200,S2,ConvNeXt-T,convnext_tiny_in1k,1,83,0.8695652173913043,0.7391304347826086,23,0.13043478260869568
cub200,S2,ConvNeXt-T,convnext_tiny_in1k,1,84,0.9666666666666667,0.8,30,0.16666666666666663
cub200,S2,ConvNeXt-T,convnext_tiny_in1k,1,85,0.9,0.8333333333333334,30,0.06666666666666665
cub200,S2,ConvNeXt-T,convnext_tiny_in1k,1,86,0.9,0.3,30,0.6000000000000001
cub200,S2,ConvNeXt-T,convnext_tiny_in1k,1,87,0.9333333333333333,0.0,30,0.9333333333333333
cub200,S2,ConvNeXt-T,convnext_tiny_in1k,1,88,0.8,0.7666666666666667,30,0.033333333333333326
cub200,S2,ConvNeXt-T,convnext_tiny_in1k,1,89,0.9,0.43333333333333335,30,0.4666666666666667
cub200,S2,ConvNeXt-T,convnext_tiny_in1k,1,90,0.7666666666666667,0.7333333333333333,30,0.03333333333333344
cub200,S2,ConvNeXt-T,convnext_tiny_in1k,1,91,0.8333333333333334,0.7666666666666667,30,0.06666666666666665
cub200,S2,ConvNeXt-T,convnext_tiny_in1k,1,92,1.0,1.0,30,0.0
cub200,S2,ConvNeXt-T,convnext_tiny_in1k,1,93,0.9666666666666667,0.8333333333333334,30,0.1333333333333333
cub200,S2,ConvNeXt-T,convnext_tiny_in1k,1,94,0.9,0.0,30,0.9
cub200,S2,ConvNeXt-T,convnext_tiny_in1k,1,95,0.8333333333333334,0.0,30,0.8333333333333334
cub200,S2,ConvNeXt-T,convnext_tiny_in1k,1,96,0.7586206896551724,0.0,29,0.7586206896551724
cub200,S2,ConvNeXt-T,convnext_tiny_in1k,1,97,0.9333333333333333,0.0,30,0.9333333333333333
cub200,S2,ConvNeXt-T,convnext_tiny_in1k,1,98,0.9,0.7666666666666667,30,0.1333333333333333
cub200,S2,ConvNeXt-T,convnext_tiny_in1k,1,99,0.9333333333333333,0.9,30,0.033333333333333326
cub200,S2,ConvNeXt-T,convnext_tiny_in1k,1,100,0.95,1.0,20,-0.050000000000000044
cub200,S2,ConvNeXt-T,convnext_tiny_in1k,1,101,0.43333333333333335,0.4666666666666667,30,-0.033333333333333326
cub200,S2,ConvNeXt-T,convnext_tiny_in1k,1,102,0.7333333333333333,0.6666666666666666,30,0.06666666666666665
cub200,S2,ConvNeXt-T,convnext_tiny_in1k,1,103,0.7,0.6,30,0.09999999999999998
cub200,S2,ConvNeXt-T,convnext_tiny_in1k,1,104,0.7894736842105263,0.9473684210526315,19,-0.1578947368421052
cub200,S2,ConvNeXt-T,convnext_tiny_in1k,1,105,0.9666666666666667,1.0,30,-0.033333333333333326
cub200,S2,ConvNeXt-T,convnext_tiny_in1k,1,106,0.6666666666666666,0.6333333333333333,30,0.033333333333333326
cub200,S2,ConvNeXt-T,convnext_tiny_in1k,1,107,0.8666666666666667,0.9,30,-0.033333333333333326
cub200,S2,ConvNeXt-T,convnext_tiny_in1k,1,108,0.8666666666666667,0.0,30,0.8666666666666667
cub200,S2,ConvNeXt-T,convnext_tiny_in1k,1,109,0.9666666666666667,1.0,30,-0.033333333333333326
cub200,S2,ConvNeXt-T,convnext_tiny_in1k,1,110,0.5333333333333333,0.6,30,-0.06666666666666665
cub200,S2,ConvNeXt-T,convnext_tiny_in1k,1,111,0.7,0.8,30,-0.10000000000000009
cub200,S2,ConvNeXt-T,convnext_tiny_in1k,1,112,0.85,0.9,20,-0.050000000000000044
cub200,S2,ConvNeXt-T,convnext_tiny_in1k,1,113,0.9666666666666667,0.9666666666666667,30,0.0
cub200,S2,ConvNeXt-T,convnext_tiny_in1k,1,114,0.7241379310344828,0.3103448275862069,29,0.41379310344827586
cub200,S2,ConvNeXt-T,convnext_tiny_in1k,1,115,0.7333333333333333,0.03333333333333333,30,0.7
cub200,S2,ConvNeXt-T,convnext_tiny_in1k,1,116,0.7931034482758621,0.7241379310344828,29,0.06896551724137934
cub200,S2,ConvNeXt-T,convnext_tiny_in1k,1,117,0.5,0.3333333333333333,30,0.16666666666666669
cub200,S2,ConvNeXt-T,convnext_tiny_in1k,1,118,0.6206896551724138,0.10344827586206896,29,0.5172413793103449
cub200,S2,ConvNeXt-T,convnext_tiny_in1k,1,119,0.7,0.5333333333333333,30,0.16666666666666663
cub200,S2,ConvNeXt-T,convnext_tiny_in1k,1,120,0.8,0.6333333333333333,30,0.16666666666666674
cub200,S2,ConvNeXt-T,convnext_tiny_in1k,1,121,0.9333333333333333,0.8,30,0.1333333333333333
cub200,S2,ConvNeXt-T,convnext_tiny_in1k,1,122,0.8333333333333334,0.03333333333333333,30,0.8
cub200,S2,ConvNeXt-T,convnext_tiny_in1k,1,123,0.9655172413793104,0.13793103448275862,29,0.8275862068965518
cub200,S2,ConvNeXt-T,convnext_tiny_in1k,1,124,0.8275862068965517,0.4827586206896552,29,0.3448275862068965
cub200,S2,ConvNeXt-T,convnext_tiny_in1k,1,125,0.8333333333333334,0.1,30,0.7333333333333334
cub200,S2,ConvNeXt-T,convnext_tiny_in1k,1,126,0.8333333333333334,0.43333333333333335,30,0.4
cub200,S2,ConvNeXt-T,convnext_tiny_in1k,1,127,0.8666666666666667,0.6333333333333333,30,0.2333333333333334
cub200,S2,ConvNeXt-T,convnext_tiny_in1k,1,128,0.8333333333333334,0.3333333333333333,30,0.5
cub200,S2,ConvNeXt-T,convnext_tiny_in1k,1,129,0.5666666666666667,0.1,30,0.4666666666666667
cub200,S2,ConvNeXt-T,convnext_tiny_in1k,1,130,0.9,0.7333333333333333,30,0.16666666666666674
cub200,S2,ConvNeXt-T,convnext_tiny_in1k,1,131,0.9666666666666667,0.9333333333333333,30,0.033333333333333326
cub200,S2,ConvNeXt-T,convnext_tiny_in1k,1,132,0.9,0.1,30,0.8
cub200,S2,ConvNeXt-T,convnext_tiny_in1k,1,133,0.9666666666666667,0.0,30,0.9666666666666667
cub200,S2,ConvNeXt-T,convnext_tiny_in1k,1,134,0.5666666666666667,0.36666666666666664,30,0.2
cub200,S2,ConvNeXt-T,convnext_tiny_in1k,1,135,0.6666666666666666,0.0,30,0.6666666666666666
cub200,S2,ConvNeXt-T,convnext_tiny_in1k,1,136,0.7333333333333333,0.13333333333333333,30,0.6
cub200,S2,ConvNeXt-T,convnext_tiny_in1k,1,137,0.9,0.7666666666666667,30,0.1333333333333333
cub200,S2,ConvNeXt-T,convnext_tiny_in1k,1,138,0.9333333333333333,0.0,30,0.9333333333333333
cub200,S2,ConvNeXt-T,convnext_tiny_in1k,1,139,0.9333333333333333,0.0,30,0.9333333333333333
cub200,S2,ConvNeXt-T,convnext_tiny_in1k,1,140,0.7931034482758621,0.6206896551724138,29,0.1724137931034483
cub200,S2,ConvNeXt-T,convnext_tiny_in1k,1,141,0.6333333333333333,0.5333333333333333,30,0.09999999999999998
cub200,S2,ConvNeXt-T,convnext_tiny_in1k,1,142,0.7,0.13333333333333333,30,0.5666666666666667
cub200,S2,ConvNeXt-T,convnext_tiny_in1k,1,143,0.26666666666666666,0.03333333333333333,30,0.23333333333333334
cub200,S2,ConvNeXt-T,convnext_tiny_in1k,1,144,0.7333333333333333,0.5666666666666667,30,0.16666666666666663
cub200,S2,ConvNeXt-T,convnext_tiny_in1k,1,145,0.5333333333333333,0.03333333333333333,30,0.5
cub200,S2,ConvNeXt-T,convnext_tiny_in1k,1,146,1.0,0.3,30,0.7
cub200,S2,ConvNeXt-T,convnext_tiny_in1k,1,147,0.9666666666666667,0.0,30,0.9666666666666667
cub200,S2,ConvNeXt-T,convnext_tiny_in1k,1,148,0.9655172413793104,0.3448275862068966,29,0.6206896551724138
cub200,S2,ConvNeXt-T,convnext_tiny_in1k,1,149,0.9333333333333333,0.8333333333333334,30,0.09999999999999998
cub200,S2,ConvNeXt-T,convnext_tiny_in1k,1,150,1.0,0.9047619047619048,21,0.09523809523809523
cub200,S2,ConvNeXt-T,convnext_tiny_in1k,1,151,0.9,0.8666666666666667,30,0.033333333333333326
cub200,S2,ConvNeXt-T,convnext_tiny_in1k,1,152,0.896551724137931,0.0,29,0.896551724137931
cub200,S2,ConvNeXt-T,convnext_tiny_in1k,1,153,0.9,0.3333333333333333,30,0.5666666666666667
cub200,S2,ConvNeXt-T,convnext_tiny_in1k,1,154,0.7666666666666667,0.7,30,0.06666666666666676
cub200,S2,ConvNeXt-T,convnext_tiny_in1k,1,155,0.9333333333333333,0.0,30,0.9333333333333333
cub200,S2,ConvNeXt-T,convnext_tiny_in1k,1,156,0.6896551724137931,0.0,29,0.6896551724137931
cub200,S2,ConvNeXt-T,convnext_tiny_in1k,1,157,0.9666666666666667,0.1,30,0.8666666666666667
cub200,S2,ConvNeXt-T,convnext_tiny_in1k,1,158,1.0,1.0,30,0.0
cub200,S2,ConvNeXt-T,convnext_tiny_in1k,1,159,0.9655172413793104,0.9310344827586207,29,0.034482758620689724
cub200,S2,ConvNeXt-T,convnext_tiny_in1k,1,160,0.9666666666666667,0.0,30,0.9666666666666667
cub200,S2,ConvNeXt-T,convnext_tiny_in1k,1,161,0.9,0.0,30,0.9
cub200,S2,ConvNeXt-T,convnext_tiny_in1k,1,162,0.9333333333333333,0.0,30,0.9333333333333333
cub200,S2,ConvNeXt-T,convnext_tiny_in1k,1,163,0.9666666666666667,0.7,30,0.2666666666666667
cub200,S2,ConvNeXt-T,convnext_tiny_in1k,1,164,0.9,0.0,30,0.9
cub200,S2,ConvNeXt-T,convnext_tiny_in1k,1,165,0.9310344827586207,0.0,29,0.9310344827586207
cub200,S2,ConvNeXt-T,convnext_tiny_in1k,1,166,0.7,0.03333333333333333,30,0.6666666666666666
cub200,S2,ConvNeXt-T,convnext_tiny_in1k,1,167,0.9310344827586207,0.0,29,0.9310344827586207
cub200,S2,ConvNeXt-T,convnext_tiny_in1k,1,168,0.9655172413793104,0.0,29,0.9655172413793104
cub200,S2,ConvNeXt-T,convnext_tiny_in1k,1,169,0.7666666666666667,0.0,30,0.7666666666666667
cub200,S2,ConvNeXt-T,convnext_tiny_in1k,1,170,0.9,0.26666666666666666,30,0.6333333333333333
cub200,S2,ConvNeXt-T,convnext_tiny_in1k,1,171,0.8666666666666667,0.0,30,0.8666666666666667
cub200,S2,ConvNeXt-T,convnext_tiny_in1k,1,172,0.8,0.0,30,0.8
cub200,S2,ConvNeXt-T,convnext_tiny_in1k,1,173,0.9,0.03333333333333333,30,0.8666666666666667
cub200,S2,ConvNeXt-T,convnext_tiny_in1k,1,174,0.8333333333333334,0.0,30,0.8333333333333334
cub200,S2,ConvNeXt-T,convnext_tiny_in1k,1,175,1.0,0.0,30,1.0
cub200,S2,ConvNeXt-T,convnext_tiny_in1k,1,176,1.0,0.0,30,1.0
cub200,S2,ConvNeXt-T,convnext_tiny_in1k,1,177,0.8076923076923077,0.23076923076923078,26,0.5769230769230769
cub200,S2,ConvNeXt-T,convnext_tiny_in1k,1,178,0.6206896551724138,0.0,29,0.6206896551724138
cub200,S2,ConvNeXt-T,convnext_tiny_in1k,1,179,0.9,0.0,30,0.9
cub200,S2,ConvNeXt-T,convnext_tiny_in1k,1,180,0.9310344827586207,0.4827586206896552,29,0.44827586206896547
cub200,S2,ConvNeXt-T,convnext_tiny_in1k,1,181,0.9333333333333333,0.0,30,0.9333333333333333
cub200,S2,ConvNeXt-T,convnext_tiny_in1k,1,182,0.8666666666666667,0.8,30,0.06666666666666665
cub200,S2,ConvNeXt-T,convnext_tiny_in1k,1,183,0.8666666666666667,0.8666666666666667,30,0.0
cub200,S2,ConvNeXt-T,convnext_tiny_in1k,1,184,0.9333333333333333,0.9,30,0.033333333333333326
cub200,S2,ConvNeXt-T,convnext_tiny_in1k,1,185,0.9666666666666667,0.0,30,0.9666666666666667
cub200,S2,ConvNeXt-T,convnext_tiny_in1k,1,186,0.95,1.0,20,-0.050000000000000044
cub200,S2,ConvNeXt-T,convnext_tiny_in1k,1,187,1.0,0.7333333333333333,30,0.2666666666666667
cub200,S2,ConvNeXt-T,convnext_tiny_in1k,1,188,1.0,0.8333333333333334,30,0.16666666666666663
cub200,S2,ConvNeXt-T,convnext_tiny_in1k,1,189,0.9655172413793104,0.9655172413793104,29,0.0
cub200,S2,ConvNeXt-T,convnext_tiny_in1k,1,190,0.8666666666666667,0.03333333333333333,30,0.8333333333333334
cub200,S2,ConvNeXt-T,convnext_tiny_in1k,1,191,0.9666666666666667,0.8666666666666667,30,0.09999999999999998
cub200,S2,ConvNeXt-T,convnext_tiny_in1k,1,192,0.7333333333333333,0.43333333333333335,30,0.29999999999999993
cub200,S2,ConvNeXt-T,convnext_tiny_in1k,1,193,0.9333333333333333,0.9333333333333333,30,0.0
cub200,S2,ConvNeXt-T,convnext_tiny_in1k,1,194,0.9,0.23333333333333334,30,0.6666666666666667
cub200,S2,ConvNeXt-T,convnext_tiny_in1k,1,195,0.7,0.36666666666666664,30,0.3333333333333333
cub200,S2,ConvNeXt-T,convnext_tiny_in1k,1,196,0.7,0.6666666666666666,30,0.033333333333333326
cub200,S2,ConvNeXt-T,convnext_tiny_in1k,1,197,0.9,0.8333333333333334,30,0.06666666666666665
cub200,S2,ConvNeXt-T,convnext_tiny_in1k,1,198,0.8666666666666667,0.8333333333333334,30,0.033333333333333326
cub200,S2,ConvNeXt-T,convnext_tiny_in1k,1,199,0.9666666666666667,0.0,30,0.9666666666666667
cub200,S2,ConvNeXt-T,convnext_tiny_in1k,2,0,0.8333333333333334,0.5333333333333333,30,0.30000000000000004
cub200,S2,ConvNeXt-T,convnext_tiny_in1k,2,1,0.8,0.8333333333333334,30,-0.033333333333333326
cub200,S2,ConvNeXt-T,convnext_tiny_in1k,2,2,1.0,1.0,28,0.0
cub200,S2,ConvNeXt-T,convnext_tiny_in1k,2,3,0.9333333333333333,0.8666666666666667,30,0.06666666666666665
cub200,S2,ConvNeXt-T,convnext_tiny_in1k,2,4,0.9285714285714286,0.7142857142857143,14,0.2142857142857143
cub200,S2,ConvNeXt-T,convnext_tiny_in1k,2,5,1.0,1.0,11,0.0
cub200,S2,ConvNeXt-T,convnext_tiny_in1k,2,6,1.0,0.9130434782608695,23,0.08695652173913049
cub200,S2,ConvNeXt-T,convnext_tiny_in1k,2,7,1.0,0.6666666666666666,18,0.33333333333333337
cub200,S2,ConvNeXt-T,convnext_tiny_in1k,2,8,0.5172413793103449,0.5517241379310345,29,-0.03448275862068961
cub200,S2,ConvNeXt-T,convnext_tiny_in1k,2,9,0.9333333333333333,0.03333333333333333,30,0.9
cub200,S2,ConvNeXt-T,convnext_tiny_in1k,2,10,0.6666666666666666,0.4666666666666667,30,0.19999999999999996
cub200,S2,ConvNeXt-T,convnext_tiny_in1k,2,11,0.9615384615384616,0.0,26,0.9615384615384616
cub200,S2,ConvNeXt-T,convnext_tiny_in1k,2,12,0.9333333333333333,0.9,30,0.033333333333333326
cub200,S2,ConvNeXt-T,convnext_tiny_in1k,2,13,0.9666666666666667,0.0,30,0.9666666666666667
cub200,S2,ConvNeXt-T,convnext_tiny_in1k,2,14,0.8571428571428571,0.07142857142857142,28,0.7857142857142857
cub200,S2,ConvNeXt-T,convnext_tiny_in1k,2,15,0.9285714285714286,0.0,28,0.9285714285714286
cub200,S2,ConvNeXt-T,convnext_tiny_in1k,2,16,0.9629629629629629,0.0,27,0.9629629629629629
cub200,S2,ConvNeXt-T,convnext_tiny_in1k,2,17,1.0,0.6,15,0.4
cub200,S2,ConvNeXt-T,convnext_tiny_in1k,2,18,1.0,0.4482758620689655,29,0.5517241379310345
cub200,S2,ConvNeXt-T,convnext_tiny_in1k,2,19,0.9310344827586207,0.0,29,0.9310344827586207
cub200,S2,ConvNeXt-T,convnext_tiny_in1k,2,20,1.0,0.13333333333333333,30,0.8666666666666667
cub200,S2,ConvNeXt-T,convnext_tiny_in1k,2,21,0.5769230769230769,0.3076923076923077,26,0.26923076923076916
cub200,S2,ConvNeXt-T,convnext_tiny_in1k,2,22,0.7241379310344828,0.5862068965517241,29,0.13793103448275867
cub200,S2,ConvNeXt-T,convnext_tiny_in1k,2,23,0.9545454545454546,0.45454545454545453,22,0.5
cub200,S2,ConvNeXt-T,convnext_tiny_in1k,2,24,0.5666666666666667,0.4,30,0.16666666666666663
cub200,S2,ConvNeXt-T,convnext_tiny_in1k,2,25,0.9,0.16666666666666666,30,0.7333333333333334
cub200,S2,ConvNeXt-T,convnext_tiny_in1k,2,26,0.43333333333333335,0.36666666666666664,30,0.06666666666666671
cub200,S2,ConvNeXt-T,convnext_tiny_in1k,2,27,0.9310344827586207,0.9310344827586207,29,0.0
cub200,S2,ConvNeXt-T,convnext_tiny_in1k,2,28,0.6333333333333333,0.26666666666666666,30,0.36666666666666664
cub200,S2,ConvNeXt-T,convnext_tiny_in1k,2,29,0.3333333333333333,0.6666666666666666,30,-0.3333333333333333
cub200,S2,ConvNeXt-T,convnext_tiny_in1k,2,30,0.9,0.2,30,0.7
cub200,S2,ConvNeXt-T,convnext_tiny_in1k,2,31,0.6956521739130435,0.21739130434782608,23,0.4782608695652174
cub200,S2,ConvNeXt-T,convnext_tiny_in1k,2,32,0.9310344827586207,0.6896551724137931,29,0.2413793103448275
cub200,S2,ConvNeXt-T,convnext_tiny_in1k,2,33,0.9655172413793104,0.4482758620689655,29,0.5172413793103449
cub200,S2,ConvNeXt-T,convnext_tiny_in1k,2,34,0.9666666666666667,0.06666666666666667,30,0.9
cub200,S2,ConvNeXt-T,convnext_tiny_in1k,2,35,1.0,0.9333333333333333,30,0.06666666666666665
cub200,S2,ConvNeXt-T,convnext_tiny_in1k,2,36,0.5862068965517241,0.3793103448275862,29,0.2068965517241379
cub200,S2,ConvNeXt-T,convnext_tiny_in1k,2,37,0.7666666666666667,0.03333333333333333,30,0.7333333333333334
cub200,S2,ConvNeXt-T,convnext_tiny_in1k,2,38,0.5517241379310345,0.5172413793103449,29,0.03448275862068961
cub200,S2,ConvNeXt-T,convnext_tiny_in1k,2,39,0.7666666666666667,0.4,30,0.3666666666666667
cub200,S2,ConvNeXt-T,convnext_tiny_in1k,2,40,0.9,0.6666666666666666,30,0.2333333333333334
cub200,S2,ConvNeXt-T,convnext_tiny_in1k,2,41,0.9333333333333333,0.0,30,0.9333333333333333
cub200,S2,ConvNeXt-T,convnext_tiny_in1k,2,42,0.4827586206896552,0.1724137931034483,29,0.3103448275862069
cub200,S2,ConvNeXt-T,convnext_tiny_in1k,2,43,0.8333333333333334,0.7333333333333333,30,0.10000000000000009
cub200,S2,ConvNeXt-T,convnext_tiny_in1k,2,44,0.8333333333333334,0.8,30,0.033333333333333326
cub200,S2,ConvNeXt-T,convnext_tiny_in1k,2,45,0.9333333333333333,0.9,30,0.033333333333333326
cub200,S2,ConvNeXt-T,convnext_tiny_in1k,2,46,0.9333333333333333,0.03333333333333333,30,0.9
cub200,S2,ConvNeXt-T,convnext_tiny_in1k,2,47,1.0,0.36666666666666664,30,0.6333333333333333
cub200,S2,ConvNeXt-T,convnext_tiny_in1k,2,48,0.7333333333333333,0.1,30,0.6333333333333333
cub200,S2,ConvNeXt-T,convnext_tiny_in1k,2,49,0.7,0.4,30,0.29999999999999993
cub200,S2,ConvNeXt-T,convnext_tiny_in1k,2,50,0.9333333333333333,0.7333333333333333,30,0.20000000000000007
cub200,S2,ConvNeXt-T,convnext_tiny_in1k,2,51,0.9,0.5666666666666667,30,0.33333333333333337
cub200,S2,ConvNeXt-T,convnext_tiny_in1k,2,52,0.9666666666666667,0.7333333333333333,30,0.2333333333333334
cub200,S2,ConvNeXt-T,convnext_tiny_in1k,2,53,0.9,0.16666666666666666,30,0.7333333333333334
cub200,S2,ConvNeXt-T,convnext_tiny_in1k,2,54,0.9,0.03333333333333333,30,0.8666666666666667
cub200,S2,ConvNeXt-T,convnext_tiny_in1k,2,55,0.9333333333333333,0.0,30,0.9333333333333333
cub200,S2,ConvNeXt-T,convnext_tiny_in1k,2,56,1.0,0.0,30,1.0
cub200,S2,ConvNeXt-T,convnext_tiny_in1k,2,57,0.8571428571428571,0.5357142857142857,28,0.3214285714285714
cub200,S2,ConvNeXt-T,convnext_tiny_in1k,2,58,0.16666666666666666,0.13333333333333333,30,0.033333333333333326
cub200,S2,ConvNeXt-T,convnext_tiny_in1k,2,59,0.5172413793103449,0.2413793103448276,29,0.27586206896551724
cub200,S2,ConvNeXt-T,convnext_tiny_in1k,2,60,1.0,0.2,30,0.8
cub200,S2,ConvNeXt-T,convnext_tiny_in1k,2,61,0.4666666666666667,0.3,30,0.16666666666666669
cub200,S2,ConvNeXt-T,convnext_tiny_in1k,2,62,0.9666666666666667,0.9666666666666667,30,0.0
cub200,S2,ConvNeXt-T,convnext_tiny_in1k,2,63,0.6,0.26666666666666666,30,0.3333333333333333
cub200,S2,ConvNeXt-T,convnext_tiny_in1k,2,64,0.65,0.45,20,0.2
cub200,S2,ConvNeXt-T,convnext_tiny_in1k,2,65,0.7,0.6,30,0.09999999999999998
cub200,S2,ConvNeXt-T,convnext_tiny_in1k,2,66,0.7333333333333333,0.26666666666666666,30,0.4666666666666666
cub200,S2,ConvNeXt-T,convnext_tiny_in1k,2,67,0.8333333333333334,0.8666666666666667,30,-0.033333333333333326
cub200,S2,ConvNeXt-T,convnext_tiny_in1k,2,68,0.7666666666666667,0.13333333333333333,30,0.6333333333333334
cub200,S2,ConvNeXt-T,convnext_tiny_in1k,2,69,1.0,0.0,30,1.0
cub200,S2,ConvNeXt-T,convnext_tiny_in1k,2,70,0.5,0.4666666666666667,30,0.033333333333333326
cub200,S2,ConvNeXt-T,convnext_tiny_in1k,2,71,0.5,0.6,30,-0.09999999999999998
cub200,S2,ConvNeXt-T,convnext_tiny_in1k,2,72,0.9666666666666667,0.5333333333333333,30,0.43333333333333335
cub200,S2,ConvNeXt-T,convnext_tiny_in1k,2,73,1.0,0.36666666666666664,30,0.6333333333333333
cub200,S2,ConvNeXt-T,convnext_tiny_in1k,2,74,1.0,0.18518518518518517,27,0.8148148148148149
cub200,S2,ConvNeXt-T,convnext_tiny_in1k,2,75,0.9333333333333333,0.9,30,0.033333333333333326
cub200,S2,ConvNeXt-T,convnext_tiny_in1k,2,76,0.9333333333333333,0.0,30,0.9333333333333333
cub200,S2,ConvNeXt-T,convnext_tiny_in1k,2,77,1.0,1.0,29,0.0
cub200,S2,ConvNeXt-T,convnext_tiny_in1k,2,78,0.9333333333333333,0.9,30,0.033333333333333326
cub200,S2,ConvNeXt-T,convnext_tiny_in1k,2,79,0.8333333333333334,0.7666666666666667,30,0.06666666666666665
cub200,S2,ConvNeXt-T,convnext_tiny_in1k,2,80,0.9,0.9333333333333333,30,-0.033333333333333326
cub200,S2,ConvNeXt-T,convnext_tiny_in1k,2,81,0.8,0.03333333333333333,30,0.7666666666666667
cub200,S2,ConvNeXt-T,convnext_tiny_in1k,2,82,0.9666666666666667,0.13333333333333333,30,0.8333333333333334
cub200,S2,ConvNeXt-T,convnext_tiny_in1k,2,83,0.9130434782608695,0.43478260869565216,23,0.47826086956521735
cub200,S2,ConvNeXt-T,convnext_tiny_in1k,2,84,0.9333333333333333,0.8333333333333334,30,0.09999999999999998
cub200,S2,ConvNeXt-T,convnext_tiny_in1k,2,85,0.9,0.9333333333333333,30,-0.033333333333333326
cub200,S2,ConvNeXt-T,convnext_tiny_in1k,2,86,0.8666666666666667,0.36666666666666664,30,0.5
cub200,S2,ConvNeXt-T,convnext_tiny_in1k,2,87,0.9333333333333333,0.0,30,0.9333333333333333
cub200,S2,ConvNeXt-T,convnext_tiny_in1k,2,88,0.8,0.7666666666666667,30,0.033333333333333326
cub200,S2,ConvNeXt-T,convnext_tiny_in1k,2,89,0.9,0.6,30,0.30000000000000004
cub200,S2,ConvNeXt-T,convnext_tiny_in1k,2,90,0.7333333333333333,0.7666666666666667,30,-0.03333333333333344
cub200,S2,ConvNeXt-T,convnext_tiny_in1k,2,91,0.8333333333333334,0.7333333333333333,30,0.10000000000000009
cub200,S2,ConvNeXt-T,convnext_tiny_in1k,2,92,1.0,1.0,30,0.0
cub200,S2,ConvNeXt-T,convnext_tiny_in1k,2,93,0.9666666666666667,0.7,30,0.2666666666666667
cub200,S2,ConvNeXt-T,convnext_tiny_in1k,2,94,0.8333333333333334,0.0,30,0.8333333333333334
cub200,S2,ConvNeXt-T,convnext_tiny_in1k,2,95,0.8333333333333334,0.0,30,0.8333333333333334
cub200,S2,ConvNeXt-T,convnext_tiny_in1k,2,96,0.7241379310344828,0.0,29,0.7241379310344828
cub200,S2,ConvNeXt-T,convnext_tiny_in1k,2,97,0.9,0.0,30,0.9
cub200,S2,ConvNeXt-T,convnext_tiny_in1k,2,98,0.9,0.7666666666666667,30,0.1333333333333333
cub200,S2,ConvNeXt-T,convnext_tiny_in1k,2,99,0.9666666666666667,0.9333333333333333,30,0.033333333333333326
cub200,S2,ConvNeXt-T,convnext_tiny_in1k,2,100,1.0,1.0,20,0.0
cub200,S2,ConvNeXt-T,convnext_tiny_in1k,2,101,0.4,0.5,30,-0.09999999999999998
cub200,S2,ConvNeXt-T,convnext_tiny_in1k,2,102,0.7,0.5333333333333333,30,0.16666666666666663
cub200,S2,ConvNeXt-T,convnext_tiny_in1k,2,103,0.6666666666666666,0.6,30,0.06666666666666665
cub200,S2,ConvNeXt-T,convnext_tiny_in1k,2,104,0.7894736842105263,0.8421052631578947,19,-0.05263157894736836
cub200,S2,ConvNeXt-T,convnext_tiny_in1k,2,105,0.9333333333333333,0.9333333333333333,30,0.0
cub200,S2,ConvNeXt-T,convnext_tiny_in1k,2,106,0.7,0.4666666666666667,30,0.23333333333333328
cub200,S2,ConvNeXt-T,convnext_tiny_in1k,2,107,0.8666666666666667,0.8666666666666667,30,0.0
cub200,S2,ConvNeXt-T,convnext_tiny_in1k,2,108,0.8666666666666667,0.0,30,0.8666666666666667
cub200,S2,ConvNeXt-T,convnext_tiny_in1k,2,109,0.9666666666666667,0.9333333333333333,30,0.033333333333333326
cub200,S2,ConvNeXt-T,convnext_tiny_in1k,2,110,0.43333333333333335,0.36666666666666664,30,0.06666666666666671
cub200,S2,ConvNeXt-T,convnext_tiny_in1k,2,111,0.7666666666666667,0.8333333333333334,30,-0.06666666666666665
cub200,S2,ConvNeXt-T,convnext_tiny_in1k,2,112,0.9,0.9,20,0.0
cub200,S2,ConvNeXt-T,convnext_tiny_in1k,2,113,0.9333333333333333,0.9666666666666667,30,-0.033333333333333326
cub200,S2,ConvNeXt-T,convnext_tiny_in1k,2,114,0.7586206896551724,0.41379310344827586,29,0.3448275862068965
cub200,S2,ConvNeXt-T,convnext_tiny_in1k,2,115,0.7666666666666667,0.06666666666666667,30,0.7000000000000001
cub200,S2,ConvNeXt-T,convnext_tiny_in1k,2,116,0.7931034482758621,0.6896551724137931,29,0.10344827586206895
cub200,S2,ConvNeXt-T,convnext_tiny_in1k,2,117,0.5666666666666667,0.16666666666666666,30,0.4
cub200,S2,ConvNeXt-T,convnext_tiny_in1k,2,118,0.7586206896551724,0.10344827586206896,29,0.6551724137931034
cub200,S2,ConvNeXt-T,convnext_tiny_in1k,2,119,0.7,0.4666666666666667,30,0.23333333333333328
cub200,S2,ConvNeXt-T,convnext_tiny_in1k,2,120,0.8666666666666667,0.4666666666666667,30,0.4
cub200,S2,ConvNeXt-T,convnext_tiny_in1k,2,121,1.0,0.8,30,0.19999999999999996
cub200,S2,ConvNeXt-T,convnext_tiny_in1k,2,122,0.9,0.03333333333333333,30,0.8666666666666667
cub200,S2,ConvNeXt-T,convnext_tiny_in1k,2,123,0.9655172413793104,0.3793103448275862,29,0.5862068965517242
cub200,S2,ConvNeXt-T,convnext_tiny_in1k,2,124,0.8620689655172413,0.6551724137931034,29,0.2068965517241379
cub200,S2,ConvNeXt-T,convnext_tiny_in1k,2,125,0.8,0.03333333333333333,30,0.7666666666666667
cub200,S2,ConvNeXt-T,convnext_tiny_in1k,2,126,0.6333333333333333,0.36666666666666664,30,0.26666666666666666
cub200,S2,ConvNeXt-T,convnext_tiny_in1k,2,127,0.9,0.7,30,0.20000000000000007
cub200,S2,ConvNeXt-T,convnext_tiny_in1k,2,128,0.7333333333333333,0.5,30,0.23333333333333328
cub200,S2,ConvNeXt-T,convnext_tiny_in1k,2,129,0.6,0.06666666666666667,30,0.5333333333333333
cub200,S2,ConvNeXt-T,convnext_tiny_in1k,2,130,0.8666666666666667,0.7333333333333333,30,0.13333333333333341
cub200,S2,ConvNeXt-T,convnext_tiny_in1k,2,131,0.9,0.9333333333333333,30,-0.033333333333333326
cub200,S2,ConvNeXt-T,convnext_tiny_in1k,2,132,0.9333333333333333,0.16666666666666666,30,0.7666666666666667
cub200,S2,ConvNeXt-T,convnext_tiny_in1k,2,133,0.9333333333333333,0.0,30,0.9333333333333333
cub200,S2,ConvNeXt-T,convnext_tiny_in1k,2,134,0.7333333333333333,0.6,30,0.1333333333333333
cub200,S2,ConvNeXt-T,convnext_tiny_in1k,2,135,0.7666666666666667,0.0,30,0.7666666666666667
cub200,S2,ConvNeXt-T,convnext_tiny_in1k,2,136,0.7333333333333333,0.06666666666666667,30,0.6666666666666666
cub200,S2,ConvNeXt-T,convnext_tiny_in1k,2,137,0.9,0.5,30,0.4
cub200,S2,ConvNeXt-T,convnext_tiny_in1k,2,138,0.9,0.0,30,0.9
cub200,S2,ConvNeXt-T,convnext_tiny_in1k,2,139,0.9666666666666667,0.0,30,0.9666666666666667
cub200,S2,ConvNeXt-T,convnext_tiny_in1k,2,140,0.9310344827586207,0.4482758620689655,29,0.48275862068965514
cub200,S2,ConvNeXt-T,convnext_tiny_in1k,2,141,0.7333333333333333,0.7,30,0.033333333333333326
cub200,S2,ConvNeXt-T,convnext_tiny_in1k,2,142,0.7666666666666667,0.03333333333333333,30,0.7333333333333334
cub200,S2,ConvNeXt-T,convnext_tiny_in1k,2,143,0.36666666666666664,0.0,30,0.36666666666666664
cub200,S2,ConvNeXt-T,convnext_tiny_in1k,2,144,0.7,0.4666666666666667,30,0.23333333333333328
cub200,S2,ConvNeXt-T,convnext_tiny_in1k,2,145,0.6,0.0,30,0.6
cub200,S2,ConvNeXt-T,convnext_tiny_in1k,2,146,0.9333333333333333,0.8,30,0.1333333333333333
cub200,S2,ConvNeXt-T,convnext_tiny_in1k,2,147,0.9666666666666667,0.13333333333333333,30,0.8333333333333334
cub200,S2,ConvNeXt-T,convnext_tiny_in1k,2,148,1.0,0.2413793103448276,29,0.7586206896551724
cub200,S2,ConvNeXt-T,convnext_tiny_in1k,2,149,0.9,0.7666666666666667,30,0.1333333333333333
cub200,S2,ConvNeXt-T,convnext_tiny_in1k,2,150,1.0,0.8571428571428571,21,0.1428571428571429
cub200,S2,ConvNeXt-T,convnext_tiny_in1k,2,151,0.9,0.7333333333333333,30,0.16666666666666674
cub200,S2,ConvNeXt-T,convnext_tiny_in1k,2,152,0.8275862068965517,0.0,29,0.8275862068965517
cub200,S2,ConvNeXt-T,convnext_tiny_in1k,2,153,0.9,0.5333333333333333,30,0.3666666666666667
cub200,S2,ConvNeXt-T,convnext_tiny_in1k,2,154,0.7333333333333333,0.6666666666666666,30,0.06666666666666665
cub200,S2,ConvNeXt-T,convnext_tiny_in1k,2,155,1.0,0.03333333333333333,30,0.9666666666666667
cub200,S2,ConvNeXt-T,convnext_tiny_in1k,2,156,0.7931034482758621,0.0,29,0.7931034482758621
cub200,S2,ConvNeXt-T,convnext_tiny_in1k,2,157,0.9333333333333333,0.2,30,0.7333333333333334
cub200,S2,ConvNeXt-T,convnext_tiny_in1k,2,158,1.0,1.0,30,0.0
cub200,S2,ConvNeXt-T,convnext_tiny_in1k,2,159,1.0,0.9310344827586207,29,0.06896551724137934
cub200,S2,ConvNeXt-T,convnext_tiny_in1k,2,160,0.9,0.0,30,0.9
cub200,S2,ConvNeXt-T,convnext_tiny_in1k,2,161,0.8666666666666667,0.0,30,0.8666666666666667
cub200,S2,ConvNeXt-T,convnext_tiny_in1k,2,162,0.9666666666666667,0.0,30,0.9666666666666667
cub200,S2,ConvNeXt-T,convnext_tiny_in1k,2,163,0.9666666666666667,0.7666666666666667,30,0.19999999999999996
cub200,S2,ConvNeXt-T,convnext_tiny_in1k,2,164,0.9,0.03333333333333333,30,0.8666666666666667
cub200,S2,ConvNeXt-T,convnext_tiny_in1k,2,165,0.9310344827586207,0.034482758620689655,29,0.896551724137931
cub200,S2,ConvNeXt-T,convnext_tiny_in1k,2,166,0.7,0.0,30,0.7
cub200,S2,ConvNeXt-T,convnext_tiny_in1k,2,167,0.9310344827586207,0.0,29,0.9310344827586207
cub200,S2,ConvNeXt-T,convnext_tiny_in1k,2,168,1.0,0.0,29,1.0
cub200,S2,ConvNeXt-T,convnext_tiny_in1k,2,169,0.8,0.0,30,0.8
cub200,S2,ConvNeXt-T,convnext_tiny_in1k,2,170,0.9333333333333333,0.06666666666666667,30,0.8666666666666667
cub200,S2,ConvNeXt-T,convnext_tiny_in1k,2,171,0.9,0.0,30,0.9
cub200,S2,ConvNeXt-T,convnext_tiny_in1k,2,172,0.7,0.03333333333333333,30,0.6666666666666666
cub200,S2,ConvNeXt-T,convnext_tiny_in1k,2,173,0.9333333333333333,0.16666666666666666,30,0.7666666666666667
cub200,S2,ConvNeXt-T,convnext_tiny_in1k,2,174,0.7666666666666667,0.0,30,0.7666666666666667
cub200,S2,ConvNeXt-T,convnext_tiny_in1k,2,175,1.0,0.0,30,1.0
cub200,S2,ConvNeXt-T,convnext_tiny_in1k,2,176,0.9333333333333333,0.0,30,0.9333333333333333
cub200,S2,ConvNeXt-T,convnext_tiny_in1k,2,177,0.8846153846153846,0.5384615384615384,26,0.34615384615384615
cub200,S2,ConvNeXt-T,convnext_tiny_in1k,2,178,0.6896551724137931,0.0,29,0.6896551724137931
cub200,S2,ConvNeXt-T,convnext_tiny_in1k,2,179,0.8333333333333334,0.0,30,0.8333333333333334
cub200,S2,ConvNeXt-T,convnext_tiny_in1k,2,180,0.9310344827586207,0.6206896551724138,29,0.31034482758620685
cub200,S2,ConvNeXt-T,convnext_tiny_in1k,2,181,0.9666666666666667,0.0,30,0.9666666666666667
cub200,S2,ConvNeXt-T,convnext_tiny_in1k,2,182,0.8666666666666667,0.4666666666666667,30,0.4
cub200,S2,ConvNeXt-T,convnext_tiny_in1k,2,183,0.8333333333333334,0.9,30,-0.06666666666666665
cub200,S2,ConvNeXt-T,convnext_tiny_in1k,2,184,0.9666666666666667,0.8333333333333334,30,0.1333333333333333
cub200,S2,ConvNeXt-T,convnext_tiny_in1k,2,185,0.9333333333333333,0.16666666666666666,30,0.7666666666666667
cub200,S2,ConvNeXt-T,convnext_tiny_in1k,2,186,1.0,1.0,20,0.0
cub200,S2,ConvNeXt-T,convnext_tiny_in1k,2,187,1.0,0.7666666666666667,30,0.23333333333333328
cub200,S2,ConvNeXt-T,convnext_tiny_in1k,2,188,1.0,0.8666666666666667,30,0.1333333333333333
cub200,S2,ConvNeXt-T,convnext_tiny_in1k,2,189,0.9310344827586207,0.9655172413793104,29,-0.034482758620689724
cub200,S2,ConvNeXt-T,convnext_tiny_in1k,2,190,0.8666666666666667,0.0,30,0.8666666666666667
cub200,S2,ConvNeXt-T,convnext_tiny_in1k,2,191,1.0,0.9666666666666667,30,0.033333333333333326
cub200,S2,ConvNeXt-T,convnext_tiny_in1k,2,192,0.7666666666666667,0.7,30,0.06666666666666676
cub200,S2,ConvNeXt-T,convnext_tiny_in1k,2,193,0.9333333333333333,0.8,30,0.1333333333333333
cub200,S2,ConvNeXt-T,convnext_tiny_in1k,2,194,0.9333333333333333,0.1,30,0.8333333333333334
cub200,S2,ConvNeXt-T,convnext_tiny_in1k,2,195,0.7,0.3,30,0.39999999999999997
cub200,S2,ConvNeXt-T,convnext_tiny_in1k,2,196,0.8,0.6,30,0.20000000000000007
cub200,S2,ConvNeXt-T,convnext_tiny_in1k,2,197,0.8666666666666667,0.7,30,0.16666666666666674
cub200,S2,ConvNeXt-T,convnext_tiny_in1k,2,198,0.9,0.8,30,0.09999999999999998
cub200,S2,ConvNeXt-T,convnext_tiny_in1k,2,199,0.9666666666666667,0.0,30,0.9666666666666667
cub200,S2,ConvNeXt-T,convnext_tiny_in1k,3,0,0.8333333333333334,0.7333333333333333,30,0.10000000000000009
cub200,S2,ConvNeXt-T,convnext_tiny_in1k,3,1,0.7333333333333333,0.7666666666666667,30,-0.03333333333333344
cub200,S2,ConvNeXt-T,convnext_tiny_in1k,3,2,0.9642857142857143,0.9285714285714286,28,0.0357142857142857
cub200,S2,ConvNeXt-T,convnext_tiny_in1k,3,3,0.9666666666666667,0.8,30,0.16666666666666663
cub200,S2,ConvNeXt-T,convnext_tiny_in1k,3,4,0.9285714285714286,0.7857142857142857,14,0.1428571428571429
cub200,S2,ConvNeXt-T,convnext_tiny_in1k,3,5,0.9090909090909091,0.9090909090909091,11,0.0
cub200,S2,ConvNeXt-T,convnext_tiny_in1k,3,6,1.0,0.6521739130434783,23,0.34782608695652173
cub200,S2,ConvNeXt-T,convnext_tiny_in1k,3,7,1.0,0.4444444444444444,18,0.5555555555555556
cub200,S2,ConvNeXt-T,convnext_tiny_in1k,3,8,0.5517241379310345,0.4482758620689655,29,0.10344827586206895
cub200,S2,ConvNeXt-T,convnext_tiny_in1k,3,9,0.9666666666666667,0.03333333333333333,30,0.9333333333333333
cub200,S2,ConvNeXt-T,convnext_tiny_in1k,3,10,0.6333333333333333,0.5666666666666667,30,0.06666666666666665
cub200,S2,ConvNeXt-T,convnext_tiny_in1k,3,11,1.0,0.0,26,1.0
cub200,S2,ConvNeXt-T,convnext_tiny_in1k,3,12,0.9,0.8333333333333334,30,0.06666666666666665
cub200,S2,ConvNeXt-T,convnext_tiny_in1k,3,13,0.9666666666666667,0.0,30,0.9666666666666667
cub200,S2,ConvNeXt-T,convnext_tiny_in1k,3,14,0.8928571428571429,0.03571428571428571,28,0.8571428571428572
cub200,S2,ConvNeXt-T,convnext_tiny_in1k,3,15,0.8928571428571429,0.0,28,0.8928571428571429
cub200,S2,ConvNeXt-T,convnext_tiny_in1k,3,16,0.9259259259259259,0.0,27,0.9259259259259259
cub200,S2,ConvNeXt-T,convnext_tiny_in1k,3,17,1.0,0.8,15,0.19999999999999996
cub200,S2,ConvNeXt-T,convnext_tiny_in1k,3,18,0.9655172413793104,0.27586206896551724,29,0.6896551724137931
cub200,S2,ConvNeXt-T,convnext_tiny_in1k,3,19,0.9310344827586207,0.0,29,0.9310344827586207
cub200,S2,ConvNeXt-T,convnext_tiny_in1k,3,20,0.9666666666666667,0.4,30,0.5666666666666667
cub200,S2,ConvNeXt-T,convnext_tiny_in1k,3,21,0.6923076923076923,0.15384615384615385,26,0.5384615384615384
cub200,S2,ConvNeXt-T,convnext_tiny_in1k,3,22,0.6206896551724138,0.41379310344827586,29,0.20689655172413796
cub200,S2,ConvNeXt-T,convnext_tiny_in1k,3,23,0.9545454545454546,0.36363636363636365,22,0.5909090909090909
cub200,S2,ConvNeXt-T,convnext_tiny_in1k,3,24,0.7333333333333333,0.7333333333333333,30,0.0
cub200,S2,ConvNeXt-T,convnext_tiny_in1k,3,25,0.9,0.1,30,0.8
cub200,S2,ConvNeXt-T,convnext_tiny_in1k,3,26,0.43333333333333335,0.3,30,0.13333333333333336
cub200,S2,ConvNeXt-T,convnext_tiny_in1k,3,27,0.9655172413793104,0.9310344827586207,29,0.034482758620689724
cub200,S2,ConvNeXt-T,convnext_tiny_in1k,3,28,0.6666666666666666,0.5666666666666667,30,0.09999999999999998
cub200,S2,ConvNeXt-T,convnext_tiny_in1k,3,29,0.4666666666666667,0.4,30,0.06666666666666665
cub200,S2,ConvNeXt-T,convnext_tiny_in1k,3,30,0.9,0.5,30,0.4
cub200,S2,ConvNeXt-T,convnext_tiny_in1k,3,31,0.7391304347826086,0.17391304347826086,23,0.5652173913043478
cub200,S2,ConvNeXt-T,convnext_tiny_in1k,3,32,0.9310344827586207,0.7241379310344828,29,0.2068965517241379
cub200,S2,ConvNeXt-T,convnext_tiny_in1k,3,33,0.9655172413793104,0.5862068965517241,29,0.3793103448275863
cub200,S2,ConvNeXt-T,convnext_tiny_in1k,3,34,0.9333333333333333,0.03333333333333333,30,0.9
cub200,S2,ConvNeXt-T,convnext_tiny_in1k,3,35,0.9666666666666667,0.9333333333333333,30,0.033333333333333326
cub200,S2,ConvNeXt-T,convnext_tiny_in1k,3,36,0.5517241379310345,0.3103448275862069,29,0.24137931034482757
cub200,S2,ConvNeXt-T,convnext_tiny_in1k,3,37,0.7,0.0,30,0.7
cub200,S2,ConvNeXt-T,convnext_tiny_in1k,3,38,0.5172413793103449,0.5517241379310345,29,-0.03448275862068961
cub200,S2,ConvNeXt-T,convnext_tiny_in1k,3,39,0.6666666666666666,0.5,30,0.16666666666666663
cub200,S2,ConvNeXt-T,convnext_tiny_in1k,3,40,0.8333333333333334,0.5666666666666667,30,0.2666666666666667
cub200,S2,ConvNeXt-T,convnext_tiny_in1k,3,41,0.8666666666666667,0.0,30,0.8666666666666667
cub200,S2,ConvNeXt-T,convnext_tiny_in1k,3,42,0.5517241379310345,0.06896551724137931,29,0.48275862068965514
cub200,S2,ConvNeXt-T,convnext_tiny_in1k,3,43,0.8666666666666667,0.7,30,0.16666666666666674
cub200,S2,ConvNeXt-T,convnext_tiny_in1k,3,44,0.7666666666666667,0.7333333333333333,30,0.03333333333333344
cub200,S2,ConvNeXt-T,convnext_tiny_in1k,3,45,0.9333333333333333,0.8666666666666667,30,0.06666666666666665
cub200,S2,ConvNeXt-T,convnext_tiny_in1k,3,46,0.9666666666666667,0.0,30,0.9666666666666667
cub200,S2,ConvNeXt-T,convnext_tiny_in1k,3,47,1.0,0.7333333333333333,30,0.2666666666666667
cub200,S2,ConvNeXt-T,convnext_tiny_in1k,3,48,0.5,0.0,30,0.5
cub200,S2,ConvNeXt-T,convnext_tiny_in1k,3,49,0.7333333333333333,0.36666666666666664,30,0.36666666666666664
cub200,S2,ConvNeXt-T,convnext_tiny_in1k,3,50,0.9,0.8666666666666667,30,0.033333333333333326
cub200,S2,ConvNeXt-T,convnext_tiny_in1k,3,51,0.9666666666666667,0.7,30,0.2666666666666667
cub200,S2,ConvNeXt-T,convnext_tiny_in1k,3,52,1.0,0.9333333333333333,30,0.06666666666666665
cub200,S2,ConvNeXt-T,convnext_tiny_in1k,3,53,0.9,0.06666666666666667,30,0.8333333333333334
cub200,S2,ConvNeXt-T,convnext_tiny_in1k,3,54,0.8666666666666667,0.0,30,0.8666666666666667
cub200,S2,ConvNeXt-T,convnext_tiny_in1k,3,55,0.9,0.0,30,0.9
cub200,S2,ConvNeXt-T,convnext_tiny_in1k,3,56,1.0,0.13333333333333333,30,0.8666666666666667
cub200,S2,ConvNeXt-T,convnext_tiny_in1k,3,57,0.8214285714285714,0.6071428571428571,28,0.2142857142857143
cub200,S2,ConvNeXt-T,convnext_tiny_in1k,3,58,0.43333333333333335,0.23333333333333334,30,0.2
cub200,S2,ConvNeXt-T,convnext_tiny_in1k,3,59,0.6206896551724138,0.5172413793103449,29,0.10344827586206895
cub200,S2,ConvNeXt-T,convnext_tiny_in1k,3,60,0.9666666666666667,0.4666666666666667,30,0.5
cub200,S2,ConvNeXt-T,convnext_tiny_in1k,3,61,0.5,0.3,30,0.2
cub200,S2,ConvNeXt-T,convnext_tiny_in1k,3,62,1.0,0.9333333333333333,30,0.06666666666666665
cub200,S2,ConvNeXt-T,convnext_tiny_in1k,3,63,0.6666666666666666,0.26666666666666666,30,0.39999999999999997
cub200,S2,ConvNeXt-T,convnext_tiny_in1k,3,64,0.7,0.6,20,0.09999999999999998
cub200,S2,ConvNeXt-T,convnext_tiny_in1k,3,65,0.6333333333333333,0.3333333333333333,30,0.3
cub200,S2,ConvNeXt-T,convnext_tiny_in1k,3,66,0.7666666666666667,0.5,30,0.2666666666666667
cub200,S2,ConvNeXt-T,convnext_tiny_in1k,3,67,0.8333333333333334,0.6333333333333333,30,0.20000000000000007
cub200,S2,ConvNeXt-T,convnext_tiny_in1k,3,68,0.8666666666666667,0.3333333333333333,30,0.5333333333333334
cub200,S2,ConvNeXt-T,convnext_tiny_in1k,3,69,1.0,0.0,30,1.0
cub200,S2,ConvNeXt-T,convnext_tiny_in1k,3,70,0.5666666666666667,0.4666666666666667,30,0.09999999999999998
cub200,S2,ConvNeXt-T,convnext_tiny_in1k,3,71,0.5666666666666667,0.5,30,0.06666666666666665
cub200,S2,ConvNeXt-T,convnext_tiny_in1k,3,72,0.9666666666666667,0.5333333333333333,30,0.43333333333333335
cub200,S2,ConvNeXt-T,convnext_tiny_in1k,3,73,1.0,0.1,30,0.9
cub200,S2,ConvNeXt-T,convnext_tiny_in1k,3,74,1.0,0.07407407407407407,27,0.9259259259259259
cub200,S2,ConvNeXt-T,convnext_tiny_in1k,3,75,0.9333333333333333,0.9,30,0.033333333333333326
cub200,S2,ConvNeXt-T,convnext_tiny_in1k,3,76,0.9333333333333333,0.0,30,0.9333333333333333
cub200,S2,ConvNeXt-T,convnext_tiny_in1k,3,77,0.9310344827586207,0.8620689655172413,29,0.06896551724137934
cub200,S2,ConvNeXt-T,convnext_tiny_in1k,3,78,0.9333333333333333,0.9,30,0.033333333333333326
cub200,S2,ConvNeXt-T,convnext_tiny_in1k,3,79,0.8666666666666667,0.7333333333333333,30,0.13333333333333341
cub200,S2,ConvNeXt-T,convnext_tiny_in1k,3,80,0.9,0.9333333333333333,30,-0.033333333333333326
cub200,S2,ConvNeXt-T,convnext_tiny_in1k,3,81,0.8333333333333334,0.1,30,0.7333333333333334
cub200,S2,ConvNeXt-T,convnext_tiny_in1k,3,82,0.9666666666666667,0.16666666666666666,30,0.8
cub200,S2,ConvNeXt-T,convnext_tiny_in1k,3,83,0.782608695652174,0.43478260869565216,23,0.3478260869565218
cub200,S2,ConvNeXt-T,convnext_tiny_in1k,3,84,0.9,0.7333333333333333,30,0.16666666666666674
cub200,S2,ConvNeXt-T,convnext_tiny_in1k,3,85,0.9666666666666667,0.9666666666666667,30,0.0
cub200,S2,ConvNeXt-T,convnext_tiny_in1k,3,86,0.9,0.36666666666666664,30,0.5333333333333334
cub200,S2,ConvNeXt-T,convnext_tiny_in1k,3,87,0.9,0.0,30,0.9
cub200,S2,ConvNeXt-T,convnext_tiny_in1k,3,88,0.8,0.7666666666666667,30,0.033333333333333326
cub200,S2,ConvNeXt-T,convnext_tiny_in1k,3,89,0.9666666666666667,0.5,30,0.4666666666666667
cub200,S2,ConvNeXt-T,convnext_tiny_in1k,3,90,0.7,0.8333333333333334,30,-0.13333333333333341
cub200,S2,ConvNeXt-T,convnext_tiny_in1k,3,91,0.8666666666666667,0.9,30,-0.033333333333333326
cub200,S2,ConvNeXt-T,convnext_tiny_in1k,3,92,1.0,1.0,30,0.0
cub200,S2,ConvNeXt-T,convnext_tiny_in1k,3,93,0.9666666666666667,0.8,30,0.16666666666666663
cub200,S2,ConvNeXt-T,convnext_tiny_in1k,3,94,0.9,0.0,30,0.9
cub200,S2,ConvNeXt-T,convnext_tiny_in1k,3,95,0.7666666666666667,0.0,30,0.7666666666666667
cub200,S2,ConvNeXt-T,convnext_tiny_in1k,3,96,0.7241379310344828,0.0,29,0.7241379310344828
cub200,S2,ConvNeXt-T,convnext_tiny_in1k,3,97,0.9,0.0,30,0.9
cub200,S2,ConvNeXt-T,convnext_tiny_in1k,3,98,0.9,0.6,30,0.30000000000000004
cub200,S2,ConvNeXt-T,convnext_tiny_in1k,3,99,1.0,1.0,30,0.0
cub200,S2,ConvNeXt-T,convnext_tiny_in1k,3,100,1.0,1.0,20,0.0
cub200,S2,ConvNeXt-T,convnext_tiny_in1k,3,101,0.36666666666666664,0.36666666666666664,30,0.0
cub200,S2,ConvNeXt-T,convnext_tiny_in1k,3,102,0.8666666666666667,0.6666666666666666,30,0.20000000000000007
cub200,S2,ConvNeXt-T,convnext_tiny_in1k,3,103,0.6666666666666666,0.5,30,0.16666666666666663
cub200,S2,ConvNeXt-T,convnext_tiny_in1k,3,104,0.8421052631578947,0.9473684210526315,19,-0.10526315789473684
cub200,S2,ConvNeXt-T,convnext_tiny_in1k,3,105,0.9666666666666667,0.9333333333333333,30,0.033333333333333326
cub200,S2,ConvNeXt-T,convnext_tiny_in1k,3,106,0.7,0.6333333333333333,30,0.06666666666666665
cub200,S2,ConvNeXt-T,convnext_tiny_in1k,3,107,0.8666666666666667,0.8333333333333334,30,0.033333333333333326
cub200,S2,ConvNeXt-T,convnext_tiny_in1k,3,108,0.9,0.0,30,0.9
cub200,S2,ConvNeXt-T,convnext_tiny_in1k,3,109,1.0,0.9333333333333333,30,0.06666666666666665
cub200,S2,ConvNeXt-T,convnext_tiny_in1k,3,110,0.6,0.5,30,0.09999999999999998
cub200,S2,ConvNeXt-T,convnext_tiny_in1k,3,111,0.6333333333333333,0.7,30,-0.06666666666666665
cub200,S2,ConvNeXt-T,convnext_tiny_in1k,3,112,0.9,0.95,20,-0.04999999999999993
cub200,S2,ConvNeXt-T,convnext_tiny_in1k,3,113,0.9666666666666667,0.9,30,0.06666666666666665
cub200,S2,ConvNeXt-T,convnext_tiny_in1k,3,114,0.7241379310344828,0.2413793103448276,29,0.48275862068965514
cub200,S2,ConvNeXt-T,convnext_tiny_in1k,3,115,0.7,0.06666666666666667,30,0.6333333333333333
cub200,S2,ConvNeXt-T,convnext_tiny_in1k,3,116,0.8275862068965517,0.7931034482758621,29,0.03448275862068961
cub200,S2,ConvNeXt-T,convnext_tiny_in1k,3,117,0.5666666666666667,0.43333333333333335,30,0.1333333333333333
cub200,S2,ConvNeXt-T,convnext_tiny_in1k,3,118,0.6206896551724138,0.1724137931034483,29,0.4482758620689655
cub200,S2,ConvNeXt-T,convnext_tiny_in1k,3,119,0.7333333333333333,0.5333333333333333,30,0.19999999999999996
cub200,S2,ConvNeXt-T,convnext_tiny_in1k,3,120,0.7666666666666667,0.5666666666666667,30,0.20000000000000007
cub200,S2,ConvNeXt-T,convnext_tiny_in1k,3,121,0.9333333333333333,0.7666666666666667,30,0.16666666666666663
cub200,S2,ConvNeXt-T,convnext_tiny_in1k,3,122,0.8333333333333334,0.03333333333333333,30,0.8
cub200,S2,ConvNeXt-T,convnext_tiny_in1k,3,123,0.9655172413793104,0.2413793103448276,29,0.7241379310344828
cub200,S2,ConvNeXt-T,convnext_tiny_in1k,3,124,0.8620689655172413,0.5862068965517241,29,0.27586206896551724
cub200,S2,ConvNeXt-T,convnext_tiny_in1k,3,125,0.8333333333333334,0.3,30,0.5333333333333334
cub200,S2,ConvNeXt-T,convnext_tiny_in1k,3,126,0.8333333333333334,0.4666666666666667,30,0.3666666666666667
cub200,S2,ConvNeXt-T,convnext_tiny_in1k,3,127,0.9333333333333333,0.8,30,0.1333333333333333
cub200,S2,ConvNeXt-T,convnext_tiny_in1k,3,128,0.8,0.43333333333333335,30,0.3666666666666667
cub200,S2,ConvNeXt-T,convnext_tiny_in1k,3,129,0.5666666666666667,0.3,30,0.26666666666666666
cub200,S2,ConvNeXt-T,convnext_tiny_in1k,3,130,0.9,0.7,30,0.20000000000000007
cub200,S2,ConvNeXt-T,convnext_tiny_in1k,3,131,0.9666666666666667,0.9333333333333333,30,0.033333333333333326
cub200,S2,ConvNeXt-T,convnext_tiny_in1k,3,132,0.9333333333333333,0.3333333333333333,30,0.6000000000000001
cub200,S2,ConvNeXt-T,convnext_tiny_in1k,3,133,0.9333333333333333,0.0,30,0.9333333333333333
cub200,S2,ConvNeXt-T,convnext_tiny_in1k,3,134,0.6,0.4666666666666667,30,0.1333333333333333
cub200,S2,ConvNeXt-T,convnext_tiny_in1k,3,135,0.7666666666666667,0.0,30,0.7666666666666667
cub200,S2,ConvNeXt-T,convnext_tiny_in1k,3,136,0.7333333333333333,0.16666666666666666,30,0.5666666666666667
cub200,S2,ConvNeXt-T,convnext_tiny_in1k,3,137,0.8,0.2,30,0.6000000000000001
cub200,S2,ConvNeXt-T,convnext_tiny_in1k,3,138,0.9,0.0,30,0.9
cub200,S2,ConvNeXt-T,convnext_tiny_in1k,3,139,0.9333333333333333,0.0,30,0.9333333333333333
cub200,S2,ConvNeXt-T,convnext_tiny_in1k,3,140,0.7931034482758621,0.5517241379310345,29,0.24137931034482762
cub200,S2,ConvNeXt-T,convnext_tiny_in1k,3,141,0.6333333333333333,0.6333333333333333,30,0.0
cub200,S2,ConvNeXt-T,convnext_tiny_in1k,3,142,0.6,0.03333333333333333,30,0.5666666666666667
cub200,S2,ConvNeXt-T,convnext_tiny_in1k,3,143,0.23333333333333334,0.03333333333333333,30,0.2
cub200,S2,ConvNeXt-T,convnext_tiny_in1k,3,144,0.8,0.5666666666666667,30,0.2333333333333334
cub200,S2,ConvNeXt-T,convnext_tiny_in1k,3,145,0.6333333333333333,0.0,30,0.6333333333333333
cub200,S2,ConvNeXt-T,convnext_tiny_in1k,3,146,0.9666666666666667,0.6,30,0.3666666666666667
cub200,S2,ConvNeXt-T,convnext_tiny_in1k,3,147,0.9666666666666667,0.16666666666666666,30,0.8
cub200,S2,ConvNeXt-T,convnext_tiny_in1k,3,148,1.0,0.41379310344827586,29,0.5862068965517242
cub200,S2,ConvNeXt-T,convnext_tiny_in1k,3,149,0.9,0.8,30,0.09999999999999998
cub200,S2,ConvNeXt-T,convnext_tiny_in1k,3,150,1.0,0.9047619047619048,21,0.09523809523809523
cub200,S2,ConvNeXt-T,convnext_tiny_in1k,3,151,0.9,0.8,30,0.09999999999999998
cub200,S2,ConvNeXt-T,convnext_tiny_in1k,3,152,0.896551724137931,0.0,29,0.896551724137931
cub200,S2,ConvNeXt-T,convnext_tiny_in1k,3,153,0.8333333333333334,0.3,30,0.5333333333333334
cub200,S2,ConvNeXt-T,convnext_tiny_in1k,3,154,0.7,0.6666666666666666,30,0.033333333333333326
cub200,S2,ConvNeXt-T,convnext_tiny_in1k,3,155,0.9666666666666667,0.0,30,0.9666666666666667
cub200,S2,ConvNeXt-T,convnext_tiny_in1k,3,156,0.6551724137931034,0.0,29,0.6551724137931034
cub200,S2,ConvNeXt-T,convnext_tiny_in1k,3,157,0.9,0.0,30,0.9
cub200,S2,ConvNeXt-T,convnext_tiny_in1k,3,158,0.9666666666666667,1.0,30,-0.033333333333333326
cub200,S2,ConvNeXt-T,convnext_tiny_in1k,3,159,0.9655172413793104,0.6551724137931034,29,0.31034482758620696
cub200,S2,ConvNeXt-T,convnext_tiny_in1k,3,160,0.9333333333333333,0.0,30,0.9333333333333333
cub200,S2,ConvNeXt-T,convnext_tiny_in1k,3,161,0.9,0.0,30,0.9
cub200,S2,ConvNeXt-T,convnext_tiny_in1k,3,162,0.9666666666666667,0.0,30,0.9666666666666667
cub200,S2,ConvNeXt-T,convnext_tiny_in1k,3,163,0.9333333333333333,0.23333333333333334,30,0.7
cub200,S2,ConvNeXt-T,convnext_tiny_in1k,3,164,0.9333333333333333,0.0,30,0.9333333333333333
cub200,S2,ConvNeXt-T,convnext_tiny_in1k,3,165,0.9310344827586207,0.0,29,0.9310344827586207
cub200,S2,ConvNeXt-T,convnext_tiny_in1k,3,166,0.7,0.0,30,0.7
cub200,S2,ConvNeXt-T,convnext_tiny_in1k,3,167,0.9310344827586207,0.0,29,0.9310344827586207
cub200,S2,ConvNeXt-T,convnext_tiny_in1k,3,168,0.9655172413793104,0.0,29,0.9655172413793104
cub200,S2,ConvNeXt-T,convnext_tiny_in1k,3,169,0.7333333333333333,0.0,30,0.7333333333333333
cub200,S2,ConvNeXt-T,convnext_tiny_in1k,3,170,0.9333333333333333,0.13333333333333333,30,0.8
cub200,S2,ConvNeXt-T,convnext_tiny_in1k,3,171,0.8666666666666667,0.0,30,0.8666666666666667
cub200,S2,ConvNeXt-T,convnext_tiny_in1k,3,172,0.6333333333333333,0.03333333333333333,30,0.6
cub200,S2,ConvNeXt-T,convnext_tiny_in1k,3,173,0.8666666666666667,0.23333333333333334,30,0.6333333333333333
cub200,S2,ConvNeXt-T,convnext_tiny_in1k,3,174,0.8,0.03333333333333333,30,0.7666666666666667
cub200,S2,ConvNeXt-T,convnext_tiny_in1k,3,175,1.0,0.0,30,1.0
cub200,S2,ConvNeXt-T,convnext_tiny_in1k,3,176,0.9333333333333333,0.0,30,0.9333333333333333
cub200,S2,ConvNeXt-T,convnext_tiny_in1k,3,177,0.9230769230769231,0.3076923076923077,26,0.6153846153846154
cub200,S2,ConvNeXt-T,convnext_tiny_in1k,3,178,0.6551724137931034,0.034482758620689655,29,0.6206896551724138
cub200,S2,ConvNeXt-T,convnext_tiny_in1k,3,179,0.8333333333333334,0.0,30,0.8333333333333334
cub200,S2,ConvNeXt-T,convnext_tiny_in1k,3,180,0.9655172413793104,0.10344827586206896,29,0.8620689655172414
cub200,S2,ConvNeXt-T,convnext_tiny_in1k,3,181,0.9,0.0,30,0.9
cub200,S2,ConvNeXt-T,convnext_tiny_in1k,3,182,0.9,0.7,30,0.20000000000000007
cub200,S2,ConvNeXt-T,convnext_tiny_in1k,3,183,0.9,0.8,30,0.09999999999999998
cub200,S2,ConvNeXt-T,convnext_tiny_in1k,3,184,0.9666666666666667,0.8666666666666667,30,0.09999999999999998
cub200,S2,ConvNeXt-T,convnext_tiny_in1k,3,185,0.9,0.03333333333333333,30,0.8666666666666667
cub200,S2,ConvNeXt-T,convnext_tiny_in1k,3,186,1.0,1.0,20,0.0
cub200,S2,ConvNeXt-T,convnext_tiny_in1k,3,187,1.0,0.8,30,0.19999999999999996
cub200,S2,ConvNeXt-T,convnext_tiny_in1k,3,188,1.0,0.7666666666666667,30,0.23333333333333328
cub200,S2,ConvNeXt-T,convnext_tiny_in1k,3,189,0.9310344827586207,0.9655172413793104,29,-0.034482758620689724
cub200,S2,ConvNeXt-T,convnext_tiny_in1k,3,190,0.8666666666666667,0.0,30,0.8666666666666667
cub200,S2,ConvNeXt-T,convnext_tiny_in1k,3,191,1.0,0.8666666666666667,30,0.1333333333333333
cub200,S2,ConvNeXt-T,convnext_tiny_in1k,3,192,0.7333333333333333,0.7,30,0.033333333333333326
cub200,S2,ConvNeXt-T,convnext_tiny_in1k,3,193,0.9333333333333333,0.9,30,0.033333333333333326
cub200,S2,ConvNeXt-T,convnext_tiny_in1k,3,194,0.8666666666666667,0.3333333333333333,30,0.5333333333333334
cub200,S2,ConvNeXt-T,convnext_tiny_in1k,3,195,0.8,0.6666666666666666,30,0.13333333333333341
cub200,S2,ConvNeXt-T,convnext_tiny_in1k,3,196,0.7666666666666667,0.6666666666666666,30,0.10000000000000009
cub200,S2,ConvNeXt-T,convnext_tiny_in1k,3,197,0.8666666666666667,0.7333333333333333,30,0.13333333333333341
cub200,S2,ConvNeXt-T,convnext_tiny_in1k,3,198,0.8666666666666667,0.7,30,0.16666666666666674
cub200,S2,ConvNeXt-T,convnext_tiny_in1k,3,199,0.9666666666666667,0.0,30,0.9666666666666667
cub200,S2,ConvNeXt-T,convnext_tiny_in1k,4,0,0.8,0.6666666666666666,30,0.13333333333333341
cub200,S2,ConvNeXt-T,convnext_tiny_in1k,4,1,0.8333333333333334,0.7333333333333333,30,0.10000000000000009
cub200,S2,ConvNeXt-T,convnext_tiny_in1k,4,2,1.0,0.9642857142857143,28,0.0357142857142857
cub200,S2,ConvNeXt-T,convnext_tiny_in1k,4,3,0.9,0.6333333333333333,30,0.2666666666666667
cub200,S2,ConvNeXt-T,convnext_tiny_in1k,4,4,0.8571428571428571,0.6428571428571429,14,0.2142857142857142
cub200,S2,ConvNeXt-T,convnext_tiny_in1k,4,5,0.8181818181818182,0.9090909090909091,11,-0.09090909090909083
cub200,S2,ConvNeXt-T,convnext_tiny_in1k,4,6,1.0,0.6086956521739131,23,0.3913043478260869
cub200,S2,ConvNeXt-T,convnext_tiny_in1k,4,7,1.0,0.7222222222222222,18,0.2777777777777778
cub200,S2,ConvNeXt-T,convnext_tiny_in1k,4,8,0.4827586206896552,0.4827586206896552,29,0.0
cub200,S2,ConvNeXt-T,convnext_tiny_in1k,4,9,0.9333333333333333,0.03333333333333333,30,0.9
cub200,S2,ConvNeXt-T,convnext_tiny_in1k,4,10,0.6666666666666666,0.5333333333333333,30,0.1333333333333333
cub200,S2,ConvNeXt-T,convnext_tiny_in1k,4,11,0.9615384615384616,0.0,26,0.9615384615384616
cub200,S2,ConvNeXt-T,convnext_tiny_in1k,4,12,0.9333333333333333,0.9333333333333333,30,0.0
cub200,S2,ConvNeXt-T,convnext_tiny_in1k,4,13,0.9666666666666667,0.0,30,0.9666666666666667
cub200,S2,ConvNeXt-T,convnext_tiny_in1k,4,14,0.9642857142857143,0.0,28,0.9642857142857143
cub200,S2,ConvNeXt-T,convnext_tiny_in1k,4,15,0.9285714285714286,0.0,28,0.9285714285714286
cub200,S2,ConvNeXt-T,convnext_tiny_in1k,4,16,1.0,0.037037037037037035,27,0.962962962962963
cub200,S2,ConvNeXt-T,convnext_tiny_in1k,4,17,1.0,0.8,15,0.19999999999999996
cub200,S2,ConvNeXt-T,convnext_tiny_in1k,4,18,0.896551724137931,0.3793103448275862,29,0.5172413793103449
cub200,S2,ConvNeXt-T,convnext_tiny_in1k,4,19,0.9655172413793104,0.0,29,0.9655172413793104
cub200,S2,ConvNeXt-T,convnext_tiny_in1k,4,20,0.9333333333333333,0.7,30,0.2333333333333334
cub200,S2,ConvNeXt-T,convnext_tiny_in1k,4,21,0.8076923076923077,0.11538461538461539,26,0.6923076923076923
cub200,S2,ConvNeXt-T,convnext_tiny_in1k,4,22,0.6551724137931034,0.4482758620689655,29,0.2068965517241379
cub200,S2,ConvNeXt-T,convnext_tiny_in1k,4,23,0.9090909090909091,0.2727272727272727,22,0.6363636363636364
cub200,S2,ConvNeXt-T,convnext_tiny_in1k,4,24,0.4666666666666667,0.4,30,0.06666666666666665
cub200,S2,ConvNeXt-T,convnext_tiny_in1k,4,25,0.9666666666666667,0.13333333333333333,30,0.8333333333333334
cub200,S2,ConvNeXt-T,convnext_tiny_in1k,4,26,0.43333333333333335,0.43333333333333335,30,0.0
cub200,S2,ConvNeXt-T,convnext_tiny_in1k,4,27,0.9655172413793104,0.8620689655172413,29,0.10344827586206906
cub200,S2,ConvNeXt-T,convnext_tiny_in1k,4,28,0.6,0.36666666666666664,30,0.23333333333333334
cub200,S2,ConvNeXt-T,convnext_tiny_in1k,4,29,0.4,0.23333333333333334,30,0.16666666666666669
cub200,S2,ConvNeXt-T,convnext_tiny_in1k,4,30,0.8333333333333334,0.5333333333333333,30,0.30000000000000004
cub200,S2,ConvNeXt-T,convnext_tiny_in1k,4,31,0.782608695652174,0.391304347826087,23,0.391304347826087
cub200,S2,ConvNeXt-T,convnext_tiny_in1k,4,32,0.896551724137931,0.5172413793103449,29,0.3793103448275862
cub200,S2,ConvNeXt-T,convnext_tiny_in1k,4,33,1.0,0.5172413793103449,29,0.48275862068965514
cub200,S2,ConvNeXt-T,convnext_tiny_in1k,4,34,0.9666666666666667,0.13333333333333333,30,0.8333333333333334
cub200,S2,ConvNeXt-T,convnext_tiny_in1k,4,35,0.9666666666666667,0.9333333333333333,30,0.033333333333333326
cub200,S2,ConvNeXt-T,convnext_tiny_in1k,4,36,0.6206896551724138,0.5517241379310345,29,0.06896551724137934
cub200,S2,ConvNeXt-T,convnext_tiny_in1k,4,37,0.6666666666666666,0.0,30,0.6666666666666666
cub200,S2,ConvNeXt-T,convnext_tiny_in1k,4,38,0.5172413793103449,0.4482758620689655,29,0.06896551724137934
cub200,S2,ConvNeXt-T,convnext_tiny_in1k,4,39,0.6666666666666666,0.4666666666666667,30,0.19999999999999996
cub200,S2,ConvNeXt-T,convnext_tiny_in1k,4,40,0.9666666666666667,0.8333333333333334,30,0.1333333333333333
cub200,S2,ConvNeXt-T,convnext_tiny_in1k,4,41,0.9,0.0,30,0.9
cub200,S2,ConvNeXt-T,convnext_tiny_in1k,4,42,0.5172413793103449,0.06896551724137931,29,0.4482758620689655
cub200,S2,ConvNeXt-T,convnext_tiny_in1k,4,43,0.8,0.8333333333333334,30,-0.033333333333333326
cub200,S2,ConvNeXt-T,convnext_tiny_in1k,4,44,0.7333333333333333,0.7333333333333333,30,0.0
cub200,S2,ConvNeXt-T,convnext_tiny_in1k,4,45,0.9333333333333333,0.9333333333333333,30,0.0
cub200,S2,ConvNeXt-T,convnext_tiny_in1k,4,46,0.9666666666666667,0.0,30,0.9666666666666667
cub200,S2,ConvNeXt-T,convnext_tiny_in1k,4,47,1.0,0.4666666666666667,30,0.5333333333333333
cub200,S2,ConvNeXt-T,convnext_tiny_in1k,4,48,0.7,0.03333333333333333,30,0.6666666666666666
cub200,S2,ConvNeXt-T,convnext_tiny_in1k,4,49,0.6666666666666666,0.36666666666666664,30,0.3
cub200,S2,ConvNeXt-T,convnext_tiny_in1k,4,50,0.9333333333333333,0.6666666666666666,30,0.2666666666666667
cub200,S2,ConvNeXt-T,convnext_tiny_in1k,4,51,1.0,0.7666666666666667,30,0.23333333333333328
cub200,S2,ConvNeXt-T,convnext_tiny_in1k,4,52,0.9666666666666667,0.9666666666666667,30,0.0
cub200,S2,ConvNeXt-T,convnext_tiny_in1k,4,53,0.9,0.0,30,0.9
cub200,S2,ConvNeXt-T,convnext_tiny_in1k,4,54,0.8666666666666667,0.0,30,0.8666666666666667
cub200,S2,ConvNeXt-T,convnext_tiny_in1k,4,55,0.9,0.03333333333333333,30,0.8666666666666667
cub200,S2,ConvNeXt-T,convnext_tiny_in1k,4,56,1.0,0.13333333333333333,30,0.8666666666666667
cub200,S2,ConvNeXt-T,convnext_tiny_in1k,4,57,0.8571428571428571,0.7142857142857143,28,0.1428571428571428
cub200,S2,ConvNeXt-T,convnext_tiny_in1k,4,58,0.3,0.2,30,0.09999999999999998
cub200,S2,ConvNeXt-T,convnext_tiny_in1k,4,59,0.5517241379310345,0.41379310344827586,29,0.13793103448275862
cub200,S2,ConvNeXt-T,convnext_tiny_in1k,4,60,0.9666666666666667,0.7,30,0.2666666666666667
cub200,S2,ConvNeXt-T,convnext_tiny_in1k,4,61,0.4666666666666667,0.2,30,0.26666666666666666
cub200,S2,ConvNeXt-T,convnext_tiny_in1k,4,62,1.0,0.8333333333333334,30,0.16666666666666663
cub200,S2,ConvNeXt-T,convnext_tiny_in1k,4,63,0.6666666666666666,0.4,30,0.2666666666666666
cub200,S2,ConvNeXt-T,convnext_tiny_in1k,4,64,0.8,0.65,20,0.15000000000000002
cub200,S2,ConvNeXt-T,convnext_tiny_in1k,4,65,0.5333333333333333,0.4666666666666667,30,0.06666666666666665
cub200,S2,ConvNeXt-T,convnext_tiny_in1k,4,66,0.7333333333333333,0.5333333333333333,30,0.19999999999999996
cub200,S2,ConvNeXt-T,convnext_tiny_in1k,4,67,0.7,0.7,30,0.0
cub200,S2,ConvNeXt-T,convnext_tiny_in1k,4,68,0.9,0.16666666666666666,30,0.7333333333333334
cub200,S2,ConvNeXt-T,convnext_tiny_in1k,4,69,1.0,0.0,30,1.0
cub200,S2,ConvNeXt-T,convnext_tiny_in1k,4,70,0.43333333333333335,0.4666666666666667,30,-0.033333333333333326
cub200,S2,ConvNeXt-T,convnext_tiny_in1k,4,71,0.6666666666666666,0.6333333333333333,30,0.033333333333333326
cub200,S2,ConvNeXt-T,convnext_tiny_in1k,4,72,0.9333333333333333,0.6333333333333333,30,0.30000000000000004
cub200,S2,ConvNeXt-T,convnext_tiny_in1k,4,73,1.0,0.06666666666666667,30,0.9333333333333333
cub200,S2,ConvNeXt-T,convnext_tiny_in1k,4,74,1.0,0.25925925925925924,27,0.7407407407407407
cub200,S2,ConvNeXt-T,convnext_tiny_in1k,4,75,0.9,0.8333333333333334,30,0.06666666666666665
cub200,S2,ConvNeXt-T,convnext_tiny_in1k,4,76,0.9333333333333333,0.0,30,0.9333333333333333
cub200,S2,ConvNeXt-T,convnext_tiny_in1k,4,77,0.8620689655172413,0.8275862068965517,29,0.03448275862068961
cub200,S2,ConvNeXt-T,convnext_tiny_in1k,4,78,0.9666666666666667,0.8333333333333334,30,0.1333333333333333
cub200,S2,ConvNeXt-T,convnext_tiny_in1k,4,79,0.8666666666666667,0.7,30,0.16666666666666674
cub200,S2,ConvNeXt-T,convnext_tiny_in1k,4,80,0.9333333333333333,0.9333333333333333,30,0.0
cub200,S2,ConvNeXt-T,convnext_tiny_in1k,4,81,0.8333333333333334,0.0,30,0.8333333333333334
cub200,S2,ConvNeXt-T,convnext_tiny_in1k,4,82,0.9666666666666667,0.03333333333333333,30,0.9333333333333333
cub200,S2,ConvNeXt-T,convnext_tiny_in1k,4,83,0.8695652173913043,0.5217391304347826,23,0.34782608695652173
cub200,S2,ConvNeXt-T,convnext_tiny_in1k,4,84,0.9666666666666667,0.8333333333333334,30,0.1333333333333333
cub200,S2,ConvNeXt-T,convnext_tiny_in1k,4,85,0.9333333333333333,0.9666666666666667,30,-0.033333333333333326
cub200,S2,ConvNeXt-T,convnext_tiny_in1k,4,86,0.8,0.3333333333333333,30,0.46666666666666673
cub200,S2,ConvNeXt-T,convnext_tiny_in1k,4,87,0.9,0.03333333333333333,30,0.8666666666666667
cub200,S2,ConvNeXt-T,convnext_tiny_in1k,4,88,0.8,0.7666666666666667,30,0.033333333333333326
cub200,S2,ConvNeXt-T,convnext_tiny_in1k,4,89,0.9333333333333333,0.5333333333333333,30,0.4
cub200,S2,ConvNeXt-T,convnext_tiny_in1k,4,90,0.6666666666666666,0.7,30,-0.033333333333333326
cub200,S2,ConvNeXt-T,convnext_tiny_in1k,4,91,0.9,0.8,30,0.09999999999999998
cub200,S2,ConvNeXt-T,convnext_tiny_in1k,4,92,1.0,0.9666666666666667,30,0.033333333333333326
cub200,S2,ConvNeXt-T,convnext_tiny_in1k,4,93,0.9666666666666667,0.8,30,0.16666666666666663
cub200,S2,ConvNeXt-T,convnext_tiny_in1k,4,94,0.9,0.0,30,0.9
cub200,S2,ConvNeXt-T,convnext_tiny_in1k,4,95,0.8333333333333334,0.0,30,0.8333333333333334
cub200,S2,ConvNeXt-T,convnext_tiny_in1k,4,96,0.7241379310344828,0.0,29,0.7241379310344828
cub200,S2,ConvNeXt-T,convnext_tiny_in1k,4,97,0.9,0.0,30,0.9
cub200,S2,ConvNeXt-T,convnext_tiny_in1k,4,98,0.9333333333333333,0.8,30,0.1333333333333333
cub200,S2,ConvNeXt-T,convnext_tiny_in1k,4,99,0.9333333333333333,0.9666666666666667,30,-0.033333333333333326
cub200,S2,ConvNeXt-T,convnext_tiny_in1k,4,100,0.9,0.9,20,0.0
cub200,S2,ConvNeXt-T,convnext_tiny_in1k,4,101,0.43333333333333335,0.4,30,0.033333333333333326
cub200,S2,ConvNeXt-T,convnext_tiny_in1k,4,102,0.6,0.5333333333333333,30,0.06666666666666665
cub200,S2,ConvNeXt-T,convnext_tiny_in1k,4,103,0.7333333333333333,0.6333333333333333,30,0.09999999999999998
cub200,S2,ConvNeXt-T,convnext_tiny_in1k,4,104,0.8421052631578947,1.0,19,-0.1578947368421053
cub200,S2,ConvNeXt-T,convnext_tiny_in1k,4,105,1.0,0.9666666666666667,30,0.033333333333333326
cub200,S2,ConvNeXt-T,convnext_tiny_in1k,4,106,0.6333333333333333,0.6333333333333333,30,0.0
cub200,S2,ConvNeXt-T,convnext_tiny_in1k,4,107,0.9,0.8666666666666667,30,0.033333333333333326
cub200,S2,ConvNeXt-T,convnext_tiny_in1k,4,108,0.9,0.0,30,0.9
cub200,S2,ConvNeXt-T,convnext_tiny_in1k,4,109,0.9666666666666667,0.9666666666666667,30,0.0
cub200,S2,ConvNeXt-T,convnext_tiny_in1k,4,110,0.6,0.6333333333333333,30,-0.033333333333333326
cub200,S2,ConvNeXt-T,convnext_tiny_in1k,4,111,0.8333333333333334,0.7333333333333333,30,0.10000000000000009
cub200,S2,ConvNeXt-T,convnext_tiny_in1k,4,112,0.9,0.9,20,0.0
cub200,S2,ConvNeXt-T,convnext_tiny_in1k,4,113,0.9666666666666667,0.9333333333333333,30,0.033333333333333326
cub200,S2,ConvNeXt-T,convnext_tiny_in1k,4,114,0.7586206896551724,0.41379310344827586,29,0.3448275862068965
cub200,S2,ConvNeXt-T,convnext_tiny_in1k,4,115,0.6333333333333333,0.2,30,0.4333333333333333
cub200,S2,ConvNeXt-T,convnext_tiny_in1k,4,116,0.7586206896551724,0.6551724137931034,29,0.10344827586206895
cub200,S2,ConvNeXt-T,convnext_tiny_in1k,4,117,0.5666666666666667,0.1,30,0.4666666666666667
cub200,S2,ConvNeXt-T,convnext_tiny_in1k,4,118,0.6551724137931034,0.1724137931034483,29,0.48275862068965514
cub200,S2,ConvNeXt-T,convnext_tiny_in1k,4,119,0.7333333333333333,0.5333333333333333,30,0.19999999999999996
cub200,S2,ConvNeXt-T,convnext_tiny_in1k,4,120,0.9,0.6666666666666666,30,0.2333333333333334
cub200,S2,ConvNeXt-T,convnext_tiny_in1k,4,121,1.0,0.7,30,0.30000000000000004
cub200,S2,ConvNeXt-T,convnext_tiny_in1k,4,122,0.8333333333333334,0.06666666666666667,30,0.7666666666666667
cub200,S2,ConvNeXt-T,convnext_tiny_in1k,4,123,1.0,0.1724137931034483,29,0.8275862068965517
cub200,S2,ConvNeXt-T,convnext_tiny_in1k,4,124,0.896551724137931,0.5862068965517241,29,0.31034482758620696
cub200,S2,ConvNeXt-T,convnext_tiny_in1k,4,125,0.8333333333333334,0.16666666666666666,30,0.6666666666666667
cub200,S2,ConvNeXt-T,convnext_tiny_in1k,4,126,0.6333333333333333,0.3,30,0.3333333333333333
cub200,S2,ConvNeXt-T,convnext_tiny_in1k,4,127,0.8333333333333334,0.5333333333333333,30,0.30000000000000004
cub200,S2,ConvNeXt-T,convnext_tiny_in1k,4,128,0.8333333333333334,0.16666666666666666,30,0.6666666666666667
cub200,S2,ConvNeXt-T,convnext_tiny_in1k,4,129,0.6,0.26666666666666666,30,0.3333333333333333
cub200,S2,ConvNeXt-T,convnext_tiny_in1k,4,130,0.9333333333333333,0.6,30,0.33333333333333337
cub200,S2,ConvNeXt-T,convnext_tiny_in1k,4,131,0.9333333333333333,0.9,30,0.033333333333333326
cub200,S2,ConvNeXt-T,convnext_tiny_in1k,4,132,0.9333333333333333,0.13333333333333333,30,0.8
cub200,S2,ConvNeXt-T,convnext_tiny_in1k,4,133,0.9333333333333333,0.0,30,0.9333333333333333
cub200,S2,ConvNeXt-T,convnext_tiny_in1k,4,134,0.6333333333333333,0.6666666666666666,30,-0.033333333333333326
cub200,S2,ConvNeXt-T,convnext_tiny_in1k,4,135,0.6666666666666666,0.0,30,0.6666666666666666
cub200,S2,ConvNeXt-T,convnext_tiny_in1k,4,136,0.7,0.23333333333333334,30,0.4666666666666666
cub200,S2,ConvNeXt-T,convnext_tiny_in1k,4,137,0.9,0.3333333333333333,30,0.5666666666666667
cub200,S2,ConvNeXt-T,convnext_tiny_in1k,4,138,0.9,0.0,30,0.9
cub200,S2,ConvNeXt-T,convnext_tiny_in1k,4,139,0.9333333333333333,0.0,30,0.9333333333333333
cub200,S2,ConvNeXt-T,convnext_tiny_in1k,4,140,0.7241379310344828,0.27586206896551724,29,0.4482758620689655
cub200,S2,ConvNeXt-T,convnext_tiny_in1k,4,141,0.6,0.4,30,0.19999999999999996
cub200,S2,ConvNeXt-T,convnext_tiny_in1k,4,142,0.7,0.23333333333333334,30,0.4666666666666666
cub200,S2,ConvNeXt-T,convnext_tiny_in1k,4,143,0.2,0.0,30,0.2
cub200,S2,ConvNeXt-T,convnext_tiny_in1k,4,144,0.7333333333333333,0.4666666666666667,30,0.2666666666666666
cub200,S2,ConvNeXt-T,convnext_tiny_in1k,4,145,0.5333333333333333,0.0,30,0.5333333333333333
cub200,S2,ConvNeXt-T,convnext_tiny_in1k,4,146,1.0,0.7333333333333333,30,0.2666666666666667
cub200,S2,ConvNeXt-T,convnext_tiny_in1k,4,147,0.9666666666666667,0.06666666666666667,30,0.9
cub200,S2,ConvNeXt-T,convnext_tiny_in1k,4,148,1.0,0.3793103448275862,29,0.6206896551724138
cub200,S2,ConvNeXt-T,convnext_tiny_in1k,4,149,0.9,0.8,30,0.09999999999999998
cub200,S2,ConvNeXt-T,convnext_tiny_in1k,4,150,1.0,0.9047619047619048,21,0.09523809523809523
cub200,S2,ConvNeXt-T,convnext_tiny_in1k,4,151,0.8333333333333334,0.6,30,0.2333333333333334
cub200,S2,ConvNeXt-T,convnext_tiny_in1k,4,152,0.9310344827586207,0.0,29,0.9310344827586207
cub200,S2,ConvNeXt-T,convnext_tiny_in1k,4,153,0.9333333333333333,0.23333333333333334,30,0.7
cub200,S2,ConvNeXt-T,convnext_tiny_in1k,4,154,0.7333333333333333,0.7666666666666667,30,-0.03333333333333344
cub200,S2,ConvNeXt-T,convnext_tiny_in1k,4,155,0.9666666666666667,0.0,30,0.9666666666666667
cub200,S2,ConvNeXt-T,convnext_tiny_in1k,4,156,0.7931034482758621,0.0,29,0.7931034482758621
cub200,S2,ConvNeXt-T,convnext_tiny_in1k,4,157,0.9666666666666667,0.13333333333333333,30,0.8333333333333334
cub200,S2,ConvNeXt-T,convnext_tiny_in1k,4,158,1.0,1.0,30,0.0
cub200,S2,ConvNeXt-T,convnext_tiny_in1k,4,159,1.0,0.8275862068965517,29,0.1724137931034483
cub200,S2,ConvNeXt-T,convnext_tiny_in1k,4,160,0.9333333333333333,0.0,30,0.9333333333333333
cub200,S2,ConvNeXt-T,convnext_tiny_in1k,4,161,0.8333333333333334,0.0,30,0.8333333333333334
cub200,S2,ConvNeXt-T,convnext_tiny_in1k,4,162,0.9333333333333333,0.0,30,0.9333333333333333
cub200,S2,ConvNeXt-T,convnext_tiny_in1k,4,163,0.9333333333333333,0.6,30,0.33333333333333337
cub200,S2,ConvNeXt-T,convnext_tiny_in1k,4,164,0.9333333333333333,0.13333333333333333,30,0.8
cub200,S2,ConvNeXt-T,convnext_tiny_in1k,4,165,0.9310344827586207,0.0,29,0.9310344827586207
cub200,S2,ConvNeXt-T,convnext_tiny_in1k,4,166,0.7333333333333333,0.0,30,0.7333333333333333
cub200,S2,ConvNeXt-T,convnext_tiny_in1k,4,167,0.9310344827586207,0.0,29,0.9310344827586207
cub200,S2,ConvNeXt-T,convnext_tiny_in1k,4,168,1.0,0.0,29,1.0
cub200,S2,ConvNeXt-T,convnext_tiny_in1k,4,169,0.7333333333333333,0.0,30,0.7333333333333333
cub200,S2,ConvNeXt-T,convnext_tiny_in1k,4,170,0.9,0.1,30,0.8
cub200,S2,ConvNeXt-T,convnext_tiny_in1k,4,171,0.8333333333333334,0.0,30,0.8333333333333334
cub200,S2,ConvNeXt-T,convnext_tiny_in1k,4,172,0.8,0.0,30,0.8
cub200,S2,ConvNeXt-T,convnext_tiny_in1k,4,173,0.8333333333333334,0.1,30,0.7333333333333334
cub200,S2,ConvNeXt-T,convnext_tiny_in1k,4,174,0.7,0.0,30,0.7
cub200,S2,ConvNeXt-T,convnext_tiny_in1k,4,175,1.0,0.0,30,1.0
cub200,S2,ConvNeXt-T,convnext_tiny_in1k,4,176,0.9333333333333333,0.0,30,0.9333333333333333
cub200,S2,ConvNeXt-T,convnext_tiny_in1k,4,177,0.8846153846153846,0.3076923076923077,26,0.5769230769230769
cub200,S2,ConvNeXt-T,convnext_tiny_in1k,4,178,0.5517241379310345,0.034482758620689655,29,0.5172413793103449
cub200,S2,ConvNeXt-T,convnext_tiny_in1k,4,179,0.8333333333333334,0.0,30,0.8333333333333334
cub200,S2,ConvNeXt-T,convnext_tiny_in1k,4,180,0.896551724137931,0.4827586206896552,29,0.41379310344827586
cub200,S2,ConvNeXt-T,convnext_tiny_in1k,4,181,0.9333333333333333,0.0,30,0.9333333333333333
cub200,S2,ConvNeXt-T,convnext_tiny_in1k,4,182,0.9333333333333333,0.6666666666666666,30,0.2666666666666667
cub200,S2,ConvNeXt-T,convnext_tiny_in1k,4,183,0.8666666666666667,0.8666666666666667,30,0.0
cub200,S2,ConvNeXt-T,convnext_tiny_in1k,4,184,0.9666666666666667,0.8333333333333334,30,0.1333333333333333
cub200,S2,ConvNeXt-T,convnext_tiny_in1k,4,185,0.9666666666666667,0.23333333333333334,30,0.7333333333333334
cub200,S2,ConvNeXt-T,convnext_tiny_in1k,4,186,0.9,0.95,20,-0.04999999999999993
cub200,S2,ConvNeXt-T,convnext_tiny_in1k,4,187,1.0,0.8,30,0.19999999999999996
cub200,S2,ConvNeXt-T,convnext_tiny_in1k,4,188,1.0,0.8,30,0.19999999999999996
cub200,S2,ConvNeXt-T,convnext_tiny_in1k,4,189,0.9655172413793104,0.9655172413793104,29,0.0
cub200,S2,ConvNeXt-T,convnext_tiny_in1k,4,190,0.8666666666666667,0.03333333333333333,30,0.8333333333333334
cub200,S2,ConvNeXt-T,convnext_tiny_in1k,4,191,1.0,0.9333333333333333,30,0.06666666666666665
cub200,S2,ConvNeXt-T,convnext_tiny_in1k,4,192,0.8,0.6666666666666666,30,0.13333333333333341
cub200,S2,ConvNeXt-T,convnext_tiny_in1k,4,193,0.9333333333333333,0.8666666666666667,30,0.06666666666666665
cub200,S2,ConvNeXt-T,convnext_tiny_in1k,4,194,0.9,0.1,30,0.8
cub200,S2,ConvNeXt-T,convnext_tiny_in1k,4,195,0.6666666666666666,0.4,30,0.2666666666666666
cub200,S2,ConvNeXt-T,convnext_tiny_in1k,4,196,0.7,0.36666666666666664,30,0.3333333333333333
cub200,S2,ConvNeXt-T,convnext_tiny_in1k,4,197,0.9,0.7666666666666667,30,0.1333333333333333
cub200,S2,ConvNeXt-T,convnext_tiny_in1k,4,198,0.9,0.8666666666666667,30,0.033333333333333326
cub200,S2,ConvNeXt-T,convnext_tiny_in1k,4,199,0.9666666666666667,0.0,30,0.9666666666666667
cub200,S3,ViT-S,vit_small_in1k,0,0,0.6666666666666666,0.26666666666666666,30,0.39999999999999997
cub200,S3,ViT-S,vit_small_in1k,0,1,0.8,0.5666666666666667,30,0.2333333333333334
cub200,S3,ViT-S,vit_small_in1k,0,2,0.7857142857142857,0.7142857142857143,28,0.0714285714285714
cub200,S3,ViT-S,vit_small_in1k,0,3,0.8,0.5666666666666667,30,0.2333333333333334
cub200,S3,ViT-S,vit_small_in1k,0,4,0.8571428571428571,0.5,14,0.3571428571428571
cub200,S3,ViT-S,vit_small_in1k,0,5,0.9090909090909091,0.7272727272727273,11,0.18181818181818177
cub200,S3,ViT-S,vit_small_in1k,0,6,0.9565217391304348,0.21739130434782608,23,0.7391304347826088
cub200,S3,ViT-S,vit_small_in1k,0,7,0.8888888888888888,0.2777777777777778,18,0.611111111111111
cub200,S3,ViT-S,vit_small_in1k,0,8,0.5172413793103449,0.6896551724137931,29,-0.1724137931034483
cub200,S3,ViT-S,vit_small_in1k,0,9,0.9,0.03333333333333333,30,0.8666666666666667
cub200,S3,ViT-S,vit_small_in1k,0,10,0.6,0.3,30,0.3
cub200,S3,ViT-S,vit_small_in1k,0,11,0.9615384615384616,0.0,26,0.9615384615384616
cub200,S3,ViT-S,vit_small_in1k,0,12,0.9666666666666667,0.6,30,0.3666666666666667
cub200,S3,ViT-S,vit_small_in1k,0,13,0.9666666666666667,0.0,30,0.9666666666666667
cub200,S3,ViT-S,vit_small_in1k,0,14,0.8928571428571429,0.0,28,0.8928571428571429
cub200,S3,ViT-S,vit_small_in1k,0,15,0.9285714285714286,0.0,28,0.9285714285714286
cub200,S3,ViT-S,vit_small_in1k,0,16,0.9629629629629629,0.037037037037037035,27,0.9259259259259258
cub200,S3,ViT-S,vit_small_in1k,0,17,1.0,0.5333333333333333,15,0.4666666666666667
cub200,S3,ViT-S,vit_small_in1k,0,18,0.9655172413793104,0.20689655172413793,29,0.7586206896551725
cub200,S3,ViT-S,vit_small_in1k,0,19,0.8620689655172413,0.0,29,0.8620689655172413
cub200,S3,ViT-S,vit_small_in1k,0,20,0.9666666666666667,0.16666666666666666,30,0.8
cub200,S3,ViT-S,vit_small_in1k,0,21,0.8461538461538461,0.34615384615384615,26,0.5
cub200,S3,ViT-S,vit_small_in1k,0,22,0.5862068965517241,0.20689655172413793,29,0.3793103448275862
cub200,S3,ViT-S,vit_small_in1k,0,23,0.9545454545454546,0.5909090909090909,22,0.36363636363636365
cub200,S3,ViT-S,vit_small_in1k,0,24,0.36666666666666664,0.5,30,-0.13333333333333336
cub200,S3,ViT-S,vit_small_in1k,0,25,0.8,0.03333333333333333,30,0.7666666666666667
cub200,S3,ViT-S,vit_small_in1k,0,26,0.36666666666666664,0.1,30,0.2666666666666666
cub200,S3,ViT-S,vit_small_in1k,0,27,1.0,0.896551724137931,29,0.10344827586206895
cub200,S3,ViT-S,vit_small_in1k,0,28,0.43333333333333335,0.26666666666666666,30,0.16666666666666669
cub200,S3,ViT-S,vit_small_in1k,0,29,0.4,0.16666666666666666,30,0.23333333333333336
cub200,S3,ViT-S,vit_small_in1k,0,30,0.8666666666666667,0.1,30,0.7666666666666667
cub200,S3,ViT-S,vit_small_in1k,0,31,0.6086956521739131,0.0,23,0.6086956521739131
cub200,S3,ViT-S,vit_small_in1k,0,32,0.7931034482758621,0.1724137931034483,29,0.6206896551724138
cub200,S3,ViT-S,vit_small_in1k,0,33,0.9655172413793104,0.10344827586206896,29,0.8620689655172414
cub200,S3,ViT-S,vit_small_in1k,0,34,0.9333333333333333,0.03333333333333333,30,0.9
cub200,S3,ViT-S,vit_small_in1k,0,35,1.0,0.7666666666666667,30,0.23333333333333328
cub200,S3,ViT-S,vit_small_in1k,0,36,0.6206896551724138,0.13793103448275862,29,0.4827586206896552
cub200,S3,ViT-S,vit_small_in1k,0,37,0.8666666666666667,0.03333333333333333,30,0.8333333333333334
cub200,S3,ViT-S,vit_small_in1k,0,38,0.4827586206896552,0.3793103448275862,29,0.103448275862069
cub200,S3,ViT-S,vit_small_in1k,0,39,0.7,0.4,30,0.29999999999999993
cub200,S3,ViT-S,vit_small_in1k,0,40,0.9,0.5666666666666667,30,0.33333333333333337
cub200,S3,ViT-S,vit_small_in1k,0,41,0.8333333333333334,0.0,30,0.8333333333333334
cub200,S3,ViT-S,vit_small_in1k,0,42,0.5172413793103449,0.034482758620689655,29,0.4827586206896552
cub200,S3,ViT-S,vit_small_in1k,0,43,0.7666666666666667,0.4666666666666667,30,0.30000000000000004
cub200,S3,ViT-S,vit_small_in1k,0,44,0.5666666666666667,0.7666666666666667,30,-0.20000000000000007
cub200,S3,ViT-S,vit_small_in1k,0,45,0.9333333333333333,0.5333333333333333,30,0.4
cub200,S3,ViT-S,vit_small_in1k,0,46,0.9333333333333333,0.03333333333333333,30,0.9
cub200,S3,ViT-S,vit_small_in1k,0,47,1.0,0.16666666666666666,30,0.8333333333333334
cub200,S3,ViT-S,vit_small_in1k,0,48,0.6,0.0,30,0.6
cub200,S3,ViT-S,vit_small_in1k,0,49,0.8333333333333334,0.2,30,0.6333333333333333
cub200,S3,ViT-S,vit_small_in1k,0,50,0.8,0.36666666666666664,30,0.4333333333333334
cub200,S3,ViT-S,vit_small_in1k,0,51,0.9666666666666667,0.3333333333333333,30,0.6333333333333333
cub200,S3,ViT-S,vit_small_in1k,0,52,1.0,0.8333333333333334,30,0.16666666666666663
cub200,S3,ViT-S,vit_small_in1k,0,53,0.9,0.0,30,0.9
cub200,S3,ViT-S,vit_small_in1k,0,54,0.9333333333333333,0.23333333333333334,30,0.7
cub200,S3,ViT-S,vit_small_in1k,0,55,0.9,0.0,30,0.9
cub200,S3,ViT-S,vit_small_in1k,0,56,1.0,0.2,30,0.8
cub200,S3,ViT-S,vit_small_in1k,0,57,0.8571428571428571,0.2857142857142857,28,0.5714285714285714
cub200,S3,ViT-S,vit_small_in1k,0,58,0.26666666666666666,0.13333333333333333,30,0.13333333333333333
cub200,S3,ViT-S,vit_small_in1k,0,59,0.5172413793103449,0.10344827586206896,29,0.4137931034482759
cub200,S3,ViT-S,vit_small_in1k,0,60,0.9333333333333333,0.5666666666666667,30,0.3666666666666667
cub200,S3,ViT-S,vit_small_in1k,0,61,0.43333333333333335,0.0,30,0.43333333333333335
cub200,S3,ViT-S,vit_small_in1k,0,62,0.8333333333333334,0.9333333333333333,30,-0.09999999999999998
cub200,S3,ViT-S,vit_small_in1k,0,63,0.5333333333333333,0.1,30,0.43333333333333335
cub200,S3,ViT-S,vit_small_in1k,0,64,0.6,0.3,20,0.3
cub200,S3,ViT-S,vit_small_in1k,0,65,0.7,0.43333333333333335,30,0.2666666666666666
cub200,S3,ViT-S,vit_small_in1k,0,66,0.7333333333333333,0.36666666666666664,30,0.36666666666666664
cub200,S3,ViT-S,vit_small_in1k,0,67,0.5666666666666667,0.16666666666666666,30,0.4
cub200,S3,ViT-S,vit_small_in1k,0,68,0.8333333333333334,0.16666666666666666,30,0.6666666666666667
cub200,S3,ViT-S,vit_small_in1k,0,69,1.0,0.0,30,1.0
cub200,S3,ViT-S,vit_small_in1k,0,70,0.5,0.43333333333333335,30,0.06666666666666665
cub200,S3,ViT-S,vit_small_in1k,0,71,0.5333333333333333,0.4,30,0.1333333333333333
cub200,S3,ViT-S,vit_small_in1k,0,72,0.8,0.26666666666666666,30,0.5333333333333334
cub200,S3,ViT-S,vit_small_in1k,0,73,0.9666666666666667,0.0,30,0.9666666666666667
cub200,S3,ViT-S,vit_small_in1k,0,74,0.9629629629629629,0.14814814814814814,27,0.8148148148148148
cub200,S3,ViT-S,vit_small_in1k,0,75,0.9,0.7666666666666667,30,0.1333333333333333
cub200,S3,ViT-S,vit_small_in1k,0,76,0.9,0.0,30,0.9
cub200,S3,ViT-S,vit_small_in1k,0,77,0.9310344827586207,0.7241379310344828,29,0.2068965517241379
cub200,S3,ViT-S,vit_small_in1k,0,78,0.8666666666666667,0.8333333333333334,30,0.033333333333333326
cub200,S3,ViT-S,vit_small_in1k,0,79,0.8666666666666667,0.36666666666666664,30,0.5
cub200,S3,ViT-S,vit_small_in1k,0,80,0.9,0.9,30,0.0
cub200,S3,ViT-S,vit_small_in1k,0,81,0.9,0.1,30,0.8
cub200,S3,ViT-S,vit_small_in1k,0,82,0.9333333333333333,0.0,30,0.9333333333333333
cub200,S3,ViT-S,vit_small_in1k,0,83,0.9130434782608695,0.30434782608695654,23,0.608695652173913
cub200,S3,ViT-S,vit_small_in1k,0,84,0.9666666666666667,0.4,30,0.5666666666666667
cub200,S3,ViT-S,vit_small_in1k,0,85,0.8333333333333334,0.9666666666666667,30,-0.1333333333333333
cub200,S3,ViT-S,vit_small_in1k,0,86,0.8666666666666667,0.2,30,0.6666666666666667
cub200,S3,ViT-S,vit_small_in1k,0,87,0.9333333333333333,0.06666666666666667,30,0.8666666666666667
cub200,S3,ViT-S,vit_small_in1k,0,88,0.7666666666666667,0.7666666666666667,30,0.0
cub200,S3,ViT-S,vit_small_in1k,0,89,0.8,0.5333333333333333,30,0.2666666666666667
cub200,S3,ViT-S,vit_small_in1k,0,90,0.4,0.7333333333333333,30,-0.33333333333333326
cub200,S3,ViT-S,vit_small_in1k,0,91,0.7333333333333333,0.3333333333333333,30,0.39999999999999997
cub200,S3,ViT-S,vit_small_in1k,0,92,1.0,0.8666666666666667,30,0.1333333333333333
cub200,S3,ViT-S,vit_small_in1k,0,93,0.9666666666666667,0.43333333333333335,30,0.5333333333333333
cub200,S3,ViT-S,vit_small_in1k,0,94,0.9,0.0,30,0.9
cub200,S3,ViT-S,vit_small_in1k,0,95,0.7666666666666667,0.0,30,0.7666666666666667
cub200,S3,ViT-S,vit_small_in1k,0,96,0.7241379310344828,0.0,29,0.7241379310344828
cub200,S3,ViT-S,vit_small_in1k,0,97,0.9,0.0,30,0.9
cub200,S3,ViT-S,vit_small_in1k,0,98,0.8666666666666667,0.2,30,0.6666666666666667
cub200,S3,ViT-S,vit_small_in1k,0,99,1.0,0.9333333333333333,30,0.06666666666666665
cub200,S3,ViT-S,vit_small_in1k,0,100,0.95,0.8,20,0.1499999999999999
cub200,S3,ViT-S,vit_small_in1k,0,101,0.4,0.13333333333333333,30,0.2666666666666667
cub200,S3,ViT-S,vit_small_in1k,0,102,0.5666666666666667,0.5,30,0.06666666666666665
cub200,S3,ViT-S,vit_small_in1k,0,103,0.7666666666666667,0.4,30,0.3666666666666667
cub200,S3,ViT-S,vit_small_in1k,0,104,0.42105263157894735,0.6842105263157895,19,-0.26315789473684215
cub200,S3,ViT-S,vit_small_in1k,0,105,1.0,0.5333333333333333,30,0.4666666666666667
cub200,S3,ViT-S,vit_small_in1k,0,106,0.4666666666666667,0.26666666666666666,30,0.2
cub200,S3,ViT-S,vit_small_in1k,0,107,0.8333333333333334,0.8,30,0.033333333333333326
cub200,S3,ViT-S,vit_small_in1k,0,108,0.9,0.0,30,0.9
cub200,S3,ViT-S,vit_small_in1k,0,109,0.9333333333333333,1.0,30,-0.06666666666666665
cub200,S3,ViT-S,vit_small_in1k,0,110,0.7,0.43333333333333335,30,0.2666666666666666
cub200,S3,ViT-S,vit_small_in1k,0,111,0.7,0.7,30,0.0
cub200,S3,ViT-S,vit_small_in1k,0,112,0.9,0.75,20,0.15000000000000002
cub200,S3,ViT-S,vit_small_in1k,0,113,0.9333333333333333,0.8666666666666667,30,0.06666666666666665
cub200,S3,ViT-S,vit_small_in1k,0,114,0.6206896551724138,0.2413793103448276,29,0.3793103448275862
cub200,S3,ViT-S,vit_small_in1k,0,115,0.6333333333333333,0.0,30,0.6333333333333333
cub200,S3,ViT-S,vit_small_in1k,0,116,0.6551724137931034,0.4827586206896552,29,0.17241379310344823
cub200,S3,ViT-S,vit_small_in1k,0,117,0.4666666666666667,0.1,30,0.3666666666666667
cub200,S3,ViT-S,vit_small_in1k,0,118,0.6206896551724138,0.0,29,0.6206896551724138
cub200,S3,ViT-S,vit_small_in1k,0,119,0.7666666666666667,0.1,30,0.6666666666666667
cub200,S3,ViT-S,vit_small_in1k,0,120,0.7666666666666667,0.4,30,0.3666666666666667
cub200,S3,ViT-S,vit_small_in1k,0,121,0.8,0.4,30,0.4
cub200,S3,ViT-S,vit_small_in1k,0,122,0.8,0.13333333333333333,30,0.6666666666666667
cub200,S3,ViT-S,vit_small_in1k,0,123,0.7931034482758621,0.20689655172413793,29,0.5862068965517242
cub200,S3,ViT-S,vit_small_in1k,0,124,0.8275862068965517,0.6896551724137931,29,0.13793103448275856
cub200,S3,ViT-S,vit_small_in1k,0,125,0.7333333333333333,0.03333333333333333,30,0.7
cub200,S3,ViT-S,vit_small_in1k,0,126,0.8666666666666667,0.03333333333333333,30,0.8333333333333334
cub200,S3,ViT-S,vit_small_in1k,0,127,0.7333333333333333,0.6666666666666666,30,0.06666666666666665
cub200,S3,ViT-S,vit_small_in1k,0,128,0.7333333333333333,0.26666666666666666,30,0.4666666666666666
cub200,S3,ViT-S,vit_small_in1k,0,129,0.6,0.2,30,0.39999999999999997
cub200,S3,ViT-S,vit_small_in1k,0,130,0.5333333333333333,0.43333333333333335,30,0.09999999999999998
cub200,S3,ViT-S,vit_small_in1k,0,131,0.8666666666666667,0.36666666666666664,30,0.5
cub200,S3,ViT-S,vit_small_in1k,0,132,0.8,0.13333333333333333,30,0.6666666666666667
cub200,S3,ViT-S,vit_small_in1k,0,133,0.9666666666666667,0.0,30,0.9666666666666667
cub200,S3,ViT-S,vit_small_in1k,0,134,0.4666666666666667,0.4,30,0.06666666666666665
cub200,S3,ViT-S,vit_small_in1k,0,135,0.7666666666666667,0.03333333333333333,30,0.7333333333333334
cub200,S3,ViT-S,vit_small_in1k,0,136,0.7,0.2,30,0.49999999999999994
cub200,S3,ViT-S,vit_small_in1k,0,137,0.7666666666666667,0.26666666666666666,30,0.5
cub200,S3,ViT-S,vit_small_in1k,0,138,0.9,0.0,30,0.9
cub200,S3,ViT-S,vit_small_in1k,0,139,0.9333333333333333,0.0,30,0.9333333333333333
cub200,S3,ViT-S,vit_small_in1k,0,140,0.8620689655172413,0.3793103448275862,29,0.48275862068965514
cub200,S3,ViT-S,vit_small_in1k,0,141,0.4666666666666667,0.3333333333333333,30,0.13333333333333336
cub200,S3,ViT-S,vit_small_in1k,0,142,0.5333333333333333,0.06666666666666667,30,0.4666666666666667
cub200,S3,ViT-S,vit_small_in1k,0,143,0.26666666666666666,0.03333333333333333,30,0.23333333333333334
cub200,S3,ViT-S,vit_small_in1k,0,144,0.6333333333333333,0.3,30,0.3333333333333333
cub200,S3,ViT-S,vit_small_in1k,0,145,0.7,0.0,30,0.7
cub200,S3,ViT-S,vit_small_in1k,0,146,0.8,0.16666666666666666,30,0.6333333333333334
cub200,S3,ViT-S,vit_small_in1k,0,147,0.9333333333333333,0.26666666666666666,30,0.6666666666666667
cub200,S3,ViT-S,vit_small_in1k,0,148,0.9310344827586207,0.1724137931034483,29,0.7586206896551724
cub200,S3,ViT-S,vit_small_in1k,0,149,0.9,0.7666666666666667,30,0.1333333333333333
cub200,S3,ViT-S,vit_small_in1k,0,150,0.8571428571428571,0.5714285714285714,21,0.2857142857142857
cub200,S3,ViT-S,vit_small_in1k,0,151,0.7333333333333333,0.3,30,0.4333333333333333
cub200,S3,ViT-S,vit_small_in1k,0,152,0.7586206896551724,0.0,29,0.7586206896551724
cub200,S3,ViT-S,vit_small_in1k,0,153,0.9,0.0,30,0.9
cub200,S3,ViT-S,vit_small_in1k,0,154,0.7,0.43333333333333335,30,0.2666666666666666
cub200,S3,ViT-S,vit_small_in1k,0,155,0.9,0.0,30,0.9
cub200,S3,ViT-S,vit_small_in1k,0,156,0.7931034482758621,0.0,29,0.7931034482758621
cub200,S3,ViT-S,vit_small_in1k,0,157,0.9666666666666667,0.0,30,0.9666666666666667
cub200,S3,ViT-S,vit_small_in1k,0,158,1.0,0.8666666666666667,30,0.1333333333333333
cub200,S3,ViT-S,vit_small_in1k,0,159,1.0,0.4827586206896552,29,0.5172413793103448
cub200,S3,ViT-S,vit_small_in1k,0,160,0.8333333333333334,0.0,30,0.8333333333333334
cub200,S3,ViT-S,vit_small_in1k,0,161,0.8,0.0,30,0.8
cub200,S3,ViT-S,vit_small_in1k,0,162,0.9666666666666667,0.0,30,0.9666666666666667
cub200,S3,ViT-S,vit_small_in1k,0,163,0.9,0.1,30,0.8
cub200,S3,ViT-S,vit_small_in1k,0,164,0.9333333333333333,0.03333333333333333,30,0.9
cub200,S3,ViT-S,vit_small_in1k,0,165,0.8620689655172413,0.034482758620689655,29,0.8275862068965517
cub200,S3,ViT-S,vit_small_in1k,0,166,0.6,0.0,30,0.6
cub200,S3,ViT-S,vit_small_in1k,0,167,0.9310344827586207,0.0,29,0.9310344827586207
cub200,S3,ViT-S,vit_small_in1k,0,168,0.9655172413793104,0.0,29,0.9655172413793104
cub200,S3,ViT-S,vit_small_in1k,0,169,0.8,0.0,30,0.8
cub200,S3,ViT-S,vit_small_in1k,0,170,0.9333333333333333,0.0,30,0.9333333333333333
cub200,S3,ViT-S,vit_small_in1k,0,171,0.8666666666666667,0.0,30,0.8666666666666667
cub200,S3,ViT-S,vit_small_in1k,0,172,0.4666666666666667,0.1,30,0.3666666666666667
cub200,S3,ViT-S,vit_small_in1k,0,173,0.8,0.03333333333333333,30,0.7666666666666667
cub200,S3,ViT-S,vit_small_in1k,0,174,0.7333333333333333,0.0,30,0.7333333333333333
cub200,S3,ViT-S,vit_small_in1k,0,175,0.9333333333333333,0.0,30,0.9333333333333333
cub200,S3,ViT-S,vit_small_in1k,0,176,1.0,0.0,30,1.0
cub200,S3,ViT-S,vit_small_in1k,0,177,0.9230769230769231,0.15384615384615385,26,0.7692307692307693
cub200,S3,ViT-S,vit_small_in1k,0,178,0.5172413793103449,0.0,29,0.5172413793103449
cub200,S3,ViT-S,vit_small_in1k,0,179,0.7666666666666667,0.0,30,0.7666666666666667
cub200,S3,ViT-S,vit_small_in1k,0,180,0.8620689655172413,0.3793103448275862,29,0.48275862068965514
cub200,S3,ViT-S,vit_small_in1k,0,181,0.9,0.0,30,0.9
cub200,S3,ViT-S,vit_small_in1k,0,182,0.9333333333333333,0.6333333333333333,30,0.30000000000000004
cub200,S3,ViT-S,vit_small_in1k,0,183,0.7333333333333333,0.8,30,-0.06666666666666676
cub200,S3,ViT-S,vit_small_in1k,0,184,0.9666666666666667,0.6,30,0.3666666666666667
cub200,S3,ViT-S,vit_small_in1k,0,185,0.9666666666666667,0.0,30,0.9666666666666667
cub200,S3,ViT-S,vit_small_in1k,0,186,0.9,0.8,20,0.09999999999999998
cub200,S3,ViT-S,vit_small_in1k,0,187,1.0,0.5333333333333333,30,0.4666666666666667
cub200,S3,ViT-S,vit_small_in1k,0,188,1.0,0.6666666666666666,30,0.33333333333333337
cub200,S3,ViT-S,vit_small_in1k,0,189,0.9655172413793104,0.896551724137931,29,0.06896551724137934
cub200,S3,ViT-S,vit_small_in1k,0,190,0.8666666666666667,0.0,30,0.8666666666666667
cub200,S3,ViT-S,vit_small_in1k,0,191,1.0,0.9333333333333333,30,0.06666666666666665
cub200,S3,ViT-S,vit_small_in1k,0,192,0.7333333333333333,0.4666666666666667,30,0.2666666666666666
cub200,S3,ViT-S,vit_small_in1k,0,193,0.9,0.9,30,0.0
cub200,S3,ViT-S,vit_small_in1k,0,194,0.9333333333333333,0.0,30,0.9333333333333333
cub200,S3,ViT-S,vit_small_in1k,0,195,0.5333333333333333,0.03333333333333333,30,0.5
cub200,S3,ViT-S,vit_small_in1k,0,196,0.7666666666666667,0.6333333333333333,30,0.13333333333333341
cub200,S3,ViT-S,vit_small_in1k,0,197,0.8666666666666667,0.6666666666666666,30,0.20000000000000007
cub200,S3,ViT-S,vit_small_in1k,0,198,0.7666666666666667,0.5333333333333333,30,0.2333333333333334
cub200,S3,ViT-S,vit_small_in1k,0,199,0.9333333333333333,0.0,30,0.9333333333333333
cub200,S3,ViT-S,vit_small_in1k,1,0,0.6333333333333333,0.16666666666666666,30,0.4666666666666667
cub200,S3,ViT-S,vit_small_in1k,1,1,0.8,0.7333333333333333,30,0.06666666666666676
cub200,S3,ViT-S,vit_small_in1k,1,2,0.7857142857142857,0.7857142857142857,28,0.0
cub200,S3,ViT-S,vit_small_in1k,1,3,0.8666666666666667,0.4666666666666667,30,0.4
cub200,S3,ViT-S,vit_small_in1k,1,4,0.7857142857142857,0.7857142857142857,14,0.0
cub200,S3,ViT-S,vit_small_in1k,1,5,0.8181818181818182,0.9090909090909091,11,-0.09090909090909083
cub200,S3,ViT-S,vit_small_in1k,1,6,0.9565217391304348,0.5217391304347826,23,0.4347826086956522
cub200,S3,ViT-S,vit_small_in1k,1,7,0.7777777777777778,0.4444444444444444,18,0.33333333333333337
cub200,S3,ViT-S,vit_small_in1k,1,8,0.5517241379310345,0.5517241379310345,29,0.0
cub200,S3,ViT-S,vit_small_in1k,1,9,0.9333333333333333,0.0,30,0.9333333333333333
cub200,S3,ViT-S,vit_small_in1k,1,10,0.5333333333333333,0.26666666666666666,30,0.26666666666666666
cub200,S3,ViT-S,vit_small_in1k,1,11,1.0,0.0,26,1.0
cub200,S3,ViT-S,vit_small_in1k,1,12,0.9,0.43333333333333335,30,0.4666666666666667
cub200,S3,ViT-S,vit_small_in1k,1,13,0.9,0.0,30,0.9
cub200,S3,ViT-S,vit_small_in1k,1,14,0.8214285714285714,0.0,28,0.8214285714285714
cub200,S3,ViT-S,vit_small_in1k,1,15,0.8928571428571429,0.0,28,0.8928571428571429
cub200,S3,ViT-S,vit_small_in1k,1,16,0.9259259259259259,0.037037037037037035,27,0.8888888888888888
cub200,S3,ViT-S,vit_small_in1k,1,17,1.0,0.13333333333333333,15,0.8666666666666667
cub200,S3,ViT-S,vit_small_in1k,1,18,0.896551724137931,0.27586206896551724,29,0.6206896551724138
cub200,S3,ViT-S,vit_small_in1k,1,19,0.896551724137931,0.0,29,0.896551724137931
cub200,S3,ViT-S,vit_small_in1k,1,20,0.9666666666666667,0.3,30,0.6666666666666667
cub200,S3,ViT-S,vit_small_in1k,1,21,0.7692307692307693,0.15384615384615385,26,0.6153846153846154
cub200,S3,ViT-S,vit_small_in1k,1,22,0.5172413793103449,0.4482758620689655,29,0.06896551724137934
cub200,S3,ViT-S,vit_small_in1k,1,23,1.0,0.45454545454545453,22,0.5454545454545454
cub200,S3,ViT-S,vit_small_in1k,1,24,0.5,0.4666666666666667,30,0.033333333333333326
cub200,S3,ViT-S,vit_small_in1k,1,25,0.8,0.0,30,0.8
cub200,S3,ViT-S,vit_small_in1k,1,26,0.4666666666666667,0.3,30,0.16666666666666669
cub200,S3,ViT-S,vit_small_in1k,1,27,1.0,1.0,29,0.0
cub200,S3,ViT-S,vit_small_in1k,1,28,0.3333333333333333,0.3,30,0.033333333333333326
cub200,S3,ViT-S,vit_small_in1k,1,29,0.36666666666666664,0.3,30,0.06666666666666665
cub200,S3,ViT-S,vit_small_in1k,1,30,0.7666666666666667,0.43333333333333335,30,0.33333333333333337
cub200,S3,ViT-S,vit_small_in1k,1,31,0.6956521739130435,0.043478260869565216,23,0.6521739130434783
cub200,S3,ViT-S,vit_small_in1k,1,32,0.7931034482758621,0.3103448275862069,29,0.4827586206896552
cub200,S3,ViT-S,vit_small_in1k,1,33,0.9655172413793104,0.5517241379310345,29,0.4137931034482759
cub200,S3,ViT-S,vit_small_in1k,1,34,0.9666666666666667,0.0,30,0.9666666666666667
cub200,S3,ViT-S,vit_small_in1k,1,35,1.0,0.9333333333333333,30,0.06666666666666665
cub200,S3,ViT-S,vit_small_in1k,1,36,0.5517241379310345,0.0,29,0.5517241379310345
cub200,S3,ViT-S,vit_small_in1k,1,37,0.6666666666666666,0.03333333333333333,30,0.6333333333333333
cub200,S3,ViT-S,vit_small_in1k,1,38,0.5172413793103449,0.27586206896551724,29,0.24137931034482762
cub200,S3,ViT-S,vit_small_in1k,1,39,0.7,0.5666666666666667,30,0.1333333333333333
cub200,S3,ViT-S,vit_small_in1k,1,40,0.8333333333333334,0.6666666666666666,30,0.16666666666666674
cub200,S3,ViT-S,vit_small_in1k,1,41,0.8666666666666667,0.0,30,0.8666666666666667
cub200,S3,ViT-S,vit_small_in1k,1,42,0.4827586206896552,0.0,29,0.4827586206896552
cub200,S3,ViT-S,vit_small_in1k,1,43,0.7666666666666667,0.36666666666666664,30,0.4000000000000001
cub200,S3,ViT-S,vit_small_in1k,1,44,0.6,0.6333333333333333,30,-0.033333333333333326
cub200,S3,ViT-S,vit_small_in1k,1,45,0.9333333333333333,0.7666666666666667,30,0.16666666666666663
cub200,S3,ViT-S,vit_small_in1k,1,46,0.9,0.0,30,0.9
cub200,S3,ViT-S,vit_small_in1k,1,47,1.0,0.06666666666666667,30,0.9333333333333333
cub200,S3,ViT-S,vit_small_in1k,1,48,0.7,0.03333333333333333,30,0.6666666666666666
cub200,S3,ViT-S,vit_small_in1k,1,49,0.9,0.5,30,0.4
cub200,S3,ViT-S,vit_small_in1k,1,50,0.6,0.36666666666666664,30,0.23333333333333334
cub200,S3,ViT-S,vit_small_in1k,1,51,0.9,0.5,30,0.4
cub200,S3,ViT-S,vit_small_in1k,1,52,0.9666666666666667,0.6333333333333333,30,0.33333333333333337
cub200,S3,ViT-S,vit_small_in1k,1,53,0.8333333333333334,0.0,30,0.8333333333333334
cub200,S3,ViT-S,vit_small_in1k,1,54,0.8666666666666667,0.0,30,0.8666666666666667
cub200,S3,ViT-S,vit_small_in1k,1,55,0.8666666666666667,0.0,30,0.8666666666666667
cub200,S3,ViT-S,vit_small_in1k,1,56,1.0,0.03333333333333333,30,0.9666666666666667
cub200,S3,ViT-S,vit_small_in1k,1,57,0.8571428571428571,0.35714285714285715,28,0.49999999999999994
cub200,S3,ViT-S,vit_small_in1k,1,58,0.36666666666666664,0.26666666666666666,30,0.09999999999999998
cub200,S3,ViT-S,vit_small_in1k,1,59,0.5172413793103449,0.2413793103448276,29,0.27586206896551724
cub200,S3,ViT-S,vit_small_in1k,1,60,0.9666666666666667,0.13333333333333333,30,0.8333333333333334
cub200,S3,ViT-S,vit_small_in1k,1,61,0.36666666666666664,0.0,30,0.36666666666666664
cub200,S3,ViT-S,vit_small_in1k,1,62,0.8666666666666667,0.9333333333333333,30,-0.06666666666666665
cub200,S3,ViT-S,vit_small_in1k,1,63,0.5666666666666667,0.1,30,0.4666666666666667
cub200,S3,ViT-S,vit_small_in1k,1,64,0.6,0.1,20,0.5
cub200,S3,ViT-S,vit_small_in1k,1,65,0.6333333333333333,0.26666666666666666,30,0.36666666666666664
cub200,S3,ViT-S,vit_small_in1k,1,66,0.7666666666666667,0.5333333333333333,30,0.2333333333333334
cub200,S3,ViT-S,vit_small_in1k,1,67,0.6666666666666666,0.03333333333333333,30,0.6333333333333333
cub200,S3,ViT-S,vit_small_in1k,1,68,0.7333333333333333,0.3,30,0.4333333333333333
cub200,S3,ViT-S,vit_small_in1k,1,69,0.9666666666666667,0.0,30,0.9666666666666667
cub200,S3,ViT-S,vit_small_in1k,1,70,0.5333333333333333,0.5666666666666667,30,-0.033333333333333326
cub200,S3,ViT-S,vit_small_in1k,1,71,0.5,0.4666666666666667,30,0.033333333333333326
cub200,S3,ViT-S,vit_small_in1k,1,72,0.9333333333333333,0.4,30,0.5333333333333333
cub200,S3,ViT-S,vit_small_in1k,1,73,0.9666666666666667,0.03333333333333333,30,0.9333333333333333
cub200,S3,ViT-S,vit_small_in1k,1,74,0.9629629629629629,0.0,27,0.9629629629629629
cub200,S3,ViT-S,vit_small_in1k,1,75,0.9666666666666667,0.7666666666666667,30,0.19999999999999996
cub200,S3,ViT-S,vit_small_in1k,1,76,0.9333333333333333,0.0,30,0.9333333333333333
cub200,S3,ViT-S,vit_small_in1k,1,77,0.7586206896551724,0.7931034482758621,29,-0.034482758620689724
cub200,S3,ViT-S,vit_small_in1k,1,78,0.8,0.6333333333333333,30,0.16666666666666674
cub200,S3,ViT-S,vit_small_in1k,1,79,0.9,0.5333333333333333,30,0.3666666666666667
cub200,S3,ViT-S,vit_small_in1k,1,80,0.8666666666666667,0.8333333333333334,30,0.033333333333333326
cub200,S3,ViT-S,vit_small_in1k,1,81,0.8333333333333334,0.26666666666666666,30,0.5666666666666667
cub200,S3,ViT-S,vit_small_in1k,1,82,0.9333333333333333,0.0,30,0.9333333333333333
cub200,S3,ViT-S,vit_small_in1k,1,83,0.9565217391304348,0.0,23,0.9565217391304348
cub200,S3,ViT-S,vit_small_in1k,1,84,0.8666666666666667,0.6333333333333333,30,0.2333333333333334
cub200,S3,ViT-S,vit_small_in1k,1,85,0.8666666666666667,0.8666666666666667,30,0.0
cub200,S3,ViT-S,vit_small_in1k,1,86,0.8333333333333334,0.3333333333333333,30,0.5
cub200,S3,ViT-S,vit_small_in1k,1,87,0.9333333333333333,0.03333333333333333,30,0.9
cub200,S3,ViT-S,vit_small_in1k,1,88,0.8,0.7333333333333333,30,0.06666666666666676
cub200,S3,ViT-S,vit_small_in1k,1,89,0.9333333333333333,0.5,30,0.43333333333333335
cub200,S3,ViT-S,vit_small_in1k,1,90,0.6,0.6666666666666666,30,-0.06666666666666665
cub200,S3,ViT-S,vit_small_in1k,1,91,0.7,0.26666666666666666,30,0.4333333333333333
cub200,S3,ViT-S,vit_small_in1k,1,92,1.0,0.9333333333333333,30,0.06666666666666665
cub200,S3,ViT-S,vit_small_in1k,1,93,0.9666666666666667,0.7333333333333333,30,0.2333333333333334
cub200,S3,ViT-S,vit_small_in1k,1,94,0.9,0.0,30,0.9
cub200,S3,ViT-S,vit_small_in1k,1,95,0.7333333333333333,0.0,30,0.7333333333333333
cub200,S3,ViT-S,vit_small_in1k,1,96,0.7241379310344828,0.0,29,0.7241379310344828
cub200,S3,ViT-S,vit_small_in1k,1,97,0.8666666666666667,0.0,30,0.8666666666666667
cub200,S3,ViT-S,vit_small_in1k,1,98,0.9,0.26666666666666666,30,0.6333333333333333
cub200,S3,ViT-S,vit_small_in1k,1,99,0.9,0.8333333333333334,30,0.06666666666666665
cub200,S3,ViT-S,vit_small_in1k,1,100,0.9,0.8,20,0.09999999999999998
cub200,S3,ViT-S,vit_small_in1k,1,101,0.23333333333333334,0.2,30,0.033333333333333326
cub200,S3,ViT-S,vit_small_in1k,1,102,0.6,0.4666666666666667,30,0.1333333333333333
cub200,S3,ViT-S,vit_small_in1k,1,103,0.5,0.4,30,0.09999999999999998
cub200,S3,ViT-S,vit_small_in1k,1,104,0.5263157894736842,0.9473684210526315,19,-0.42105263157894735
cub200,S3,ViT-S,vit_small_in1k,1,105,0.9666666666666667,0.4666666666666667,30,0.5
cub200,S3,ViT-S,vit_small_in1k,1,106,0.3,0.3,30,0.0
cub200,S3,ViT-S,vit_small_in1k,1,107,0.8,0.8,30,0.0
cub200,S3,ViT-S,vit_small_in1k,1,108,0.9,0.06666666666666667,30,0.8333333333333334
cub200,S3,ViT-S,vit_small_in1k,1,109,0.9,0.9333333333333333,30,-0.033333333333333326
cub200,S3,ViT-S,vit_small_in1k,1,110,0.6333333333333333,0.3,30,0.3333333333333333
cub200,S3,ViT-S,vit_small_in1k,1,111,0.7333333333333333,0.7333333333333333,30,0.0
cub200,S3,ViT-S,vit_small_in1k,1,112,0.9,0.45,20,0.45
cub200,S3,ViT-S,vit_small_in1k,1,113,0.9,0.7,30,0.20000000000000007
cub200,S3,ViT-S,vit_small_in1k,1,114,0.6206896551724138,0.41379310344827586,29,0.20689655172413796
cub200,S3,ViT-S,vit_small_in1k,1,115,0.7333333333333333,0.03333333333333333,30,0.7
cub200,S3,ViT-S,vit_small_in1k,1,116,0.6206896551724138,0.4482758620689655,29,0.1724137931034483
cub200,S3,ViT-S,vit_small_in1k,1,117,0.5333333333333333,0.06666666666666667,30,0.4666666666666667
cub200,S3,ViT-S,vit_small_in1k,1,118,0.6206896551724138,0.0,29,0.6206896551724138
cub200,S3,ViT-S,vit_small_in1k,1,119,0.7,0.26666666666666666,30,0.4333333333333333
cub200,S3,ViT-S,vit_small_in1k,1,120,0.6666666666666666,0.3333333333333333,30,0.3333333333333333
cub200,S3,ViT-S,vit_small_in1k,1,121,1.0,0.4666666666666667,30,0.5333333333333333
cub200,S3,ViT-S,vit_small_in1k,1,122,0.7666666666666667,0.0,30,0.7666666666666667
cub200,S3,ViT-S,vit_small_in1k,1,123,0.7241379310344828,0.27586206896551724,29,0.4482758620689655
cub200,S3,ViT-S,vit_small_in1k,1,124,0.7241379310344828,0.6206896551724138,29,0.10344827586206895
cub200,S3,ViT-S,vit_small_in1k,1,125,0.7,0.1,30,0.6
cub200,S3,ViT-S,vit_small_in1k,1,126,0.7666666666666667,0.1,30,0.6666666666666667
cub200,S3,ViT-S,vit_small_in1k,1,127,0.7666666666666667,0.5333333333333333,30,0.2333333333333334
cub200,S3,ViT-S,vit_small_in1k,1,128,0.8,0.2,30,0.6000000000000001
cub200,S3,ViT-S,vit_small_in1k,1,129,0.6,0.06666666666666667,30,0.5333333333333333
cub200,S3,ViT-S,vit_small_in1k,1,130,0.5333333333333333,0.43333333333333335,30,0.09999999999999998
cub200,S3,ViT-S,vit_small_in1k,1,131,0.9,0.7,30,0.20000000000000007
cub200,S3,ViT-S,vit_small_in1k,1,132,0.9,0.36666666666666664,30,0.5333333333333334
cub200,S3,ViT-S,vit_small_in1k,1,133,0.9333333333333333,0.0,30,0.9333333333333333
cub200,S3,ViT-S,vit_small_in1k,1,134,0.6333333333333333,0.5666666666666667,30,0.06666666666666665
cub200,S3,ViT-S,vit_small_in1k,1,135,0.7333333333333333,0.0,30,0.7333333333333333
cub200,S3,ViT-S,vit_small_in1k,1,136,0.5333333333333333,0.23333333333333334,30,0.3
cub200,S3,ViT-S,vit_small_in1k,1,137,0.7666666666666667,0.16666666666666666,30,0.6000000000000001
cub200,S3,ViT-S,vit_small_in1k,1,138,0.9,0.0,30,0.9
cub200,S3,ViT-S,vit_small_in1k,1,139,0.9333333333333333,0.0,30,0.9333333333333333
cub200,S3,ViT-S,vit_small_in1k,1,140,0.896551724137931,0.06896551724137931,29,0.8275862068965517
cub200,S3,ViT-S,vit_small_in1k,1,141,0.4666666666666667,0.3,30,0.16666666666666669
cub200,S3,ViT-S,vit_small_in1k,1,142,0.5,0.0,30,0.5
cub200,S3,ViT-S,vit_small_in1k,1,143,0.2,0.0,30,0.2
cub200,S3,ViT-S,vit_small_in1k,1,144,0.6333333333333333,0.3,30,0.3333333333333333
cub200,S3,ViT-S,vit_small_in1k,1,145,0.6333333333333333,0.0,30,0.6333333333333333
cub200,S3,ViT-S,vit_small_in1k,1,146,0.8666666666666667,0.1,30,0.7666666666666667
cub200,S3,ViT-S,vit_small_in1k,1,147,0.9333333333333333,0.1,30,0.8333333333333334
cub200,S3,ViT-S,vit_small_in1k,1,148,0.9310344827586207,0.0,29,0.9310344827586207
cub200,S3,ViT-S,vit_small_in1k,1,149,0.9,0.7333333333333333,30,0.16666666666666674
cub200,S3,ViT-S,vit_small_in1k,1,150,0.8095238095238095,0.5714285714285714,21,0.23809523809523814
cub200,S3,ViT-S,vit_small_in1k,1,151,0.8,0.1,30,0.7000000000000001
cub200,S3,ViT-S,vit_small_in1k,1,152,0.7931034482758621,0.0,29,0.7931034482758621
cub200,S3,ViT-S,vit_small_in1k,1,153,0.7333333333333333,0.03333333333333333,30,0.7
cub200,S3,ViT-S,vit_small_in1k,1,154,0.7,0.3333333333333333,30,0.36666666666666664
cub200,S3,ViT-S,vit_small_in1k,1,155,0.8666666666666667,0.0,30,0.8666666666666667
cub200,S3,ViT-S,vit_small_in1k,1,156,0.7586206896551724,0.0,29,0.7586206896551724
cub200,S3,ViT-S,vit_small_in1k,1,157,1.0,0.0,30,1.0
cub200,S3,ViT-S,vit_small_in1k,1,158,0.9666666666666667,0.9,30,0.06666666666666665
cub200,S3,ViT-S,vit_small_in1k,1,159,1.0,0.27586206896551724,29,0.7241379310344828
cub200,S3,ViT-S,vit_small_in1k,1,160,0.8666666666666667,0.0,30,0.8666666666666667
cub200,S3,ViT-S,vit_small_in1k,1,161,0.8,0.0,30,0.8
cub200,S3,ViT-S,vit_small_in1k,1,162,0.9333333333333333,0.0,30,0.9333333333333333
cub200,S3,ViT-S,vit_small_in1k,1,163,0.9333333333333333,0.03333333333333333,30,0.9
cub200,S3,ViT-S,vit_small_in1k,1,164,0.8666666666666667,0.03333333333333333,30,0.8333333333333334
cub200,S3,ViT-S,vit_small_in1k,1,165,0.8620689655172413,0.034482758620689655,29,0.8275862068965517
cub200,S3,ViT-S,vit_small_in1k,1,166,0.5666666666666667,0.0,30,0.5666666666666667
cub200,S3,ViT-S,vit_small_in1k,1,167,0.896551724137931,0.0,29,0.896551724137931
cub200,S3,ViT-S,vit_small_in1k,1,168,1.0,0.0,29,1.0
cub200,S3,ViT-S,vit_small_in1k,1,169,0.8666666666666667,0.0,30,0.8666666666666667
cub200,S3,ViT-S,vit_small_in1k,1,170,0.9,0.1,30,0.8
cub200,S3,ViT-S,vit_small_in1k,1,171,0.9666666666666667,0.0,30,0.9666666666666667
cub200,S3,ViT-S,vit_small_in1k,1,172,0.6333333333333333,0.0,30,0.6333333333333333
cub200,S3,ViT-S,vit_small_in1k,1,173,0.8,0.0,30,0.8
cub200,S3,ViT-S,vit_small_in1k,1,174,0.7333333333333333,0.0,30,0.7333333333333333
cub200,S3,ViT-S,vit_small_in1k,1,175,0.9666666666666667,0.0,30,0.9666666666666667
cub200,S3,ViT-S,vit_small_in1k,1,176,1.0,0.0,30,1.0
cub200,S3,ViT-S,vit_small_in1k,1,177,0.8846153846153846,0.46153846153846156,26,0.423076923076923
cub200,S3,ViT-S,vit_small_in1k,1,178,0.7931034482758621,0.034482758620689655,29,0.7586206896551725
cub200,S3,ViT-S,vit_small_in1k,1,179,0.8666666666666667,0.0,30,0.8666666666666667
cub200,S3,ViT-S,vit_small_in1k,1,180,0.9310344827586207,0.3448275862068966,29,0.5862068965517241
cub200,S3,ViT-S,vit_small_in1k,1,181,0.9,0.0,30,0.9
cub200,S3,ViT-S,vit_small_in1k,1,182,0.9,0.5333333333333333,30,0.3666666666666667
cub200,S3,ViT-S,vit_small_in1k,1,183,0.7666666666666667,0.8333333333333334,30,-0.06666666666666665
cub200,S3,ViT-S,vit_small_in1k,1,184,0.9333333333333333,0.4666666666666667,30,0.4666666666666667
cub200,S3,ViT-S,vit_small_in1k,1,185,0.9666666666666667,0.13333333333333333,30,0.8333333333333334
cub200,S3,ViT-S,vit_small_in1k,1,186,0.7,0.75,20,-0.050000000000000044
cub200,S3,ViT-S,vit_small_in1k,1,187,0.9666666666666667,0.4666666666666667,30,0.5
cub200,S3,ViT-S,vit_small_in1k,1,188,1.0,0.7666666666666667,30,0.23333333333333328
cub200,S3,ViT-S,vit_small_in1k,1,189,0.896551724137931,0.9655172413793104,29,-0.06896551724137934
cub200,S3,ViT-S,vit_small_in1k,1,190,0.8666666666666667,0.13333333333333333,30,0.7333333333333334
cub200,S3,ViT-S,vit_small_in1k,1,191,0.9333333333333333,0.8666666666666667,30,0.06666666666666665
cub200,S3,ViT-S,vit_small_in1k,1,192,0.6333333333333333,0.4,30,0.23333333333333328
cub200,S3,ViT-S,vit_small_in1k,1,193,0.9333333333333333,0.8333333333333334,30,0.09999999999999998
cub200,S3,ViT-S,vit_small_in1k,1,194,0.9,0.0,30,0.9
cub200,S3,ViT-S,vit_small_in1k,1,195,0.5666666666666667,0.13333333333333333,30,0.43333333333333335
cub200,S3,ViT-S,vit_small_in1k,1,196,0.7666666666666667,0.5333333333333333,30,0.2333333333333334
cub200,S3,ViT-S,vit_small_in1k,1,197,0.8666666666666667,0.7,30,0.16666666666666674
cub200,S3,ViT-S,vit_small_in1k,1,198,0.8,0.4666666666666667,30,0.33333333333333337
cub200,S3,ViT-S,vit_small_in1k,1,199,0.9333333333333333,0.0,30,0.9333333333333333
cub200,S3,ViT-S,vit_small_in1k,2,0,0.6666666666666666,0.16666666666666666,30,0.5
cub200,S3,ViT-S,vit_small_in1k,2,1,0.7,0.43333333333333335,30,0.2666666666666666
cub200,S3,ViT-S,vit_small_in1k,2,2,0.7857142857142857,0.7142857142857143,28,0.0714285714285714
cub200,S3,ViT-S,vit_small_in1k,2,3,0.8,0.3333333333333333,30,0.46666666666666673
cub200,S3,ViT-S,vit_small_in1k,2,4,0.8571428571428571,0.5,14,0.3571428571428571
cub200,S3,ViT-S,vit_small_in1k,2,5,0.8181818181818182,0.9090909090909091,11,-0.09090909090909083
cub200,S3,ViT-S,vit_small_in1k,2,6,0.8695652173913043,0.5652173913043478,23,0.30434782608695654
cub200,S3,ViT-S,vit_small_in1k,2,7,0.9444444444444444,0.3333333333333333,18,0.6111111111111112
cub200,S3,ViT-S,vit_small_in1k,2,8,0.3793103448275862,0.20689655172413793,29,0.17241379310344826
cub200,S3,ViT-S,vit_small_in1k,2,9,0.8333333333333334,0.0,30,0.8333333333333334
cub200,S3,ViT-S,vit_small_in1k,2,10,0.6,0.26666666666666666,30,0.3333333333333333
cub200,S3,ViT-S,vit_small_in1k,2,11,1.0,0.0,26,1.0
cub200,S3,ViT-S,vit_small_in1k,2,12,0.9,0.5666666666666667,30,0.33333333333333337
cub200,S3,ViT-S,vit_small_in1k,2,13,1.0,0.0,30,1.0
cub200,S3,ViT-S,vit_small_in1k,2,14,0.9642857142857143,0.0,28,0.9642857142857143
cub200,S3,ViT-S,vit_small_in1k,2,15,0.8928571428571429,0.0,28,0.8928571428571429
cub200,S3,ViT-S,vit_small_in1k,2,16,0.9629629629629629,0.0,27,0.9629629629629629
cub200,S3,ViT-S,vit_small_in1k,2,17,1.0,0.26666666666666666,15,0.7333333333333334
cub200,S3,ViT-S,vit_small_in1k,2,18,0.9310344827586207,0.41379310344827586,29,0.5172413793103448
cub200,S3,ViT-S,vit_small_in1k,2,19,0.8620689655172413,0.0,29,0.8620689655172413
cub200,S3,ViT-S,vit_small_in1k,2,20,0.9666666666666667,0.06666666666666667,30,0.9
cub200,S3,ViT-S,vit_small_in1k,2,21,0.6538461538461539,0.15384615384615385,26,0.5
cub200,S3,ViT-S,vit_small_in1k,2,22,0.6551724137931034,0.4827586206896552,29,0.17241379310344823
cub200,S3,ViT-S,vit_small_in1k,2,23,1.0,0.2727272727272727,22,0.7272727272727273
cub200,S3,ViT-S,vit_small_in1k,2,24,0.6333333333333333,0.5333333333333333,30,0.09999999999999998
cub200,S3,ViT-S,vit_small_in1k,2,25,0.8333333333333334,0.2,30,0.6333333333333333
cub200,S3,ViT-S,vit_small_in1k,2,26,0.4,0.13333333333333333,30,0.2666666666666667
cub200,S3,ViT-S,vit_small_in1k,2,27,0.9310344827586207,0.9310344827586207,29,0.0
cub200,S3,ViT-S,vit_small_in1k,2,28,0.4,0.4,30,0.0
cub200,S3,ViT-S,vit_small_in1k,2,29,0.36666666666666664,0.26666666666666666,30,0.09999999999999998
cub200,S3,ViT-S,vit_small_in1k,2,30,0.9,0.3333333333333333,30,0.5666666666666667
cub200,S3,ViT-S,vit_small_in1k,2,31,0.6956521739130435,0.08695652173913043,23,0.6086956521739131
cub200,S3,ViT-S,vit_small_in1k,2,32,0.7586206896551724,0.3448275862068966,29,0.4137931034482758
cub200,S3,ViT-S,vit_small_in1k,2,33,0.9310344827586207,0.1724137931034483,29,0.7586206896551724
cub200,S3,ViT-S,vit_small_in1k,2,34,0.9666666666666667,0.0,30,0.9666666666666667
cub200,S3,ViT-S,vit_small_in1k,2,35,1.0,0.8,30,0.19999999999999996
cub200,S3,ViT-S,vit_small_in1k,2,36,0.5517241379310345,0.0,29,0.5517241379310345
cub200,S3,ViT-S,vit_small_in1k,2,37,0.8,0.0,30,0.8
cub200,S3,ViT-S,vit_small_in1k,2,38,0.4482758620689655,0.5517241379310345,29,-0.10344827586206895
cub200,S3,ViT-S,vit_small_in1k,2,39,0.6666666666666666,0.6666666666666666,30,0.0
cub200,S3,ViT-S,vit_small_in1k,2,40,0.8666666666666667,0.36666666666666664,30,0.5
cub200,S3,ViT-S,vit_small_in1k,2,41,0.8666666666666667,0.0,30,0.8666666666666667
cub200,S3,ViT-S,vit_small_in1k,2,42,0.6206896551724138,0.0,29,0.6206896551724138
cub200,S3,ViT-S,vit_small_in1k,2,43,0.7333333333333333,0.4,30,0.33333333333333326
cub200,S3,ViT-S,vit_small_in1k,2,44,0.6666666666666666,0.8333333333333334,30,-0.16666666666666674
cub200,S3,ViT-S,vit_small_in1k,2,45,0.9333333333333333,0.8,30,0.1333333333333333
cub200,S3,ViT-S,vit_small_in1k,2,46,0.9666666666666667,0.0,30,0.9666666666666667
cub200,S3,ViT-S,vit_small_in1k,2,47,1.0,0.0,30,1.0
cub200,S3,ViT-S,vit_small_in1k,2,48,0.7333333333333333,0.03333333333333333,30,0.7
cub200,S3,ViT-S,vit_small_in1k,2,49,0.7666666666666667,0.26666666666666666,30,0.5
cub200,S3,ViT-S,vit_small_in1k,2,50,0.8,0.4,30,0.4
cub200,S3,ViT-S,vit_small_in1k,2,51,0.8666666666666667,0.5,30,0.3666666666666667
cub200,S3,ViT-S,vit_small_in1k,2,52,0.9666666666666667,0.5666666666666667,30,0.4
cub200,S3,ViT-S,vit_small_in1k,2,53,0.9,0.0,30,0.9
cub200,S3,ViT-S,vit_small_in1k,2,54,0.8666666666666667,0.0,30,0.8666666666666667
cub200,S3,ViT-S,vit_small_in1k,2,55,0.9,0.0,30,0.9
cub200,S3,ViT-S,vit_small_in1k,2,56,1.0,0.06666666666666667,30,0.9333333333333333
cub200,S3,ViT-S,vit_small_in1k,2,57,0.75,0.32142857142857145,28,0.42857142857142855
cub200,S3,ViT-S,vit_small_in1k,2,58,0.2,0.4,30,-0.2
cub200,S3,ViT-S,vit_small_in1k,2,59,0.4482758620689655,0.2413793103448276,29,0.20689655172413793
cub200,S3,ViT-S,vit_small_in1k,2,60,0.9666666666666667,0.5666666666666667,30,0.4
cub200,S3,ViT-S,vit_small_in1k,2,61,0.4,0.03333333333333333,30,0.3666666666666667
cub200,S3,ViT-S,vit_small_in1k,2,62,0.7666666666666667,0.9,30,-0.1333333333333333
cub200,S3,ViT-S,vit_small_in1k,2,63,0.4666666666666667,0.03333333333333333,30,0.43333333333333335
cub200,S3,ViT-S,vit_small_in1k,2,64,0.55,0.35,20,0.20000000000000007
cub200,S3,ViT-S,vit_small_in1k,2,65,0.7666666666666667,0.5,30,0.2666666666666667
cub200,S3,ViT-S,vit_small_in1k,2,66,0.7333333333333333,0.36666666666666664,30,0.36666666666666664
cub200,S3,ViT-S,vit_small_in1k,2,67,0.7333333333333333,0.2,30,0.5333333333333332
cub200,S3,ViT-S,vit_small_in1k,2,68,0.8333333333333334,0.0,30,0.8333333333333334
cub200,S3,ViT-S,vit_small_in1k,2,69,1.0,0.0,30,1.0
cub200,S3,ViT-S,vit_small_in1k,2,70,0.4,0.26666666666666666,30,0.13333333333333336
cub200,S3,ViT-S,vit_small_in1k,2,71,0.4,0.36666666666666664,30,0.03333333333333338
cub200,S3,ViT-S,vit_small_in1k,2,72,0.8666666666666667,0.26666666666666666,30,0.6000000000000001
cub200,S3,ViT-S,vit_small_in1k,2,73,1.0,0.03333333333333333,30,0.9666666666666667
cub200,S3,ViT-S,vit_small_in1k,2,74,0.9629629629629629,0.037037037037037035,27,0.9259259259259258
cub200,S3,ViT-S,vit_small_in1k,2,75,0.9333333333333333,0.7666666666666667,30,0.16666666666666663
cub200,S3,ViT-S,vit_small_in1k,2,76,0.9,0.0,30,0.9
cub200,S3,ViT-S,vit_small_in1k,2,77,0.8275862068965517,0.7586206896551724,29,0.06896551724137934
cub200,S3,ViT-S,vit_small_in1k,2,78,0.9,0.6,30,0.30000000000000004
cub200,S3,ViT-S,vit_small_in1k,2,79,0.8666666666666667,0.5,30,0.3666666666666667
cub200,S3,ViT-S,vit_small_in1k,2,80,0.9,0.9,30,0.0
cub200,S3,ViT-S,vit_small_in1k,2,81,0.7666666666666667,0.03333333333333333,30,0.7333333333333334
cub200,S3,ViT-S,vit_small_in1k,2,82,0.9,0.0,30,0.9
cub200,S3,ViT-S,vit_small_in1k,2,83,0.9130434782608695,0.043478260869565216,23,0.8695652173913043
cub200,S3,ViT-S,vit_small_in1k,2,84,0.9,0.4,30,0.5
cub200,S3,ViT-S,vit_small_in1k,2,85,0.9,0.9333333333333333,30,-0.033333333333333326
cub200,S3,ViT-S,vit_small_in1k,2,86,0.7666666666666667,0.0,30,0.7666666666666667
cub200,S3,ViT-S,vit_small_in1k,2,87,0.8666666666666667,0.03333333333333333,30,0.8333333333333334
cub200,S3,ViT-S,vit_small_in1k,2,88,0.8,0.7333333333333333,30,0.06666666666666676
cub200,S3,ViT-S,vit_small_in1k,2,89,0.9333333333333333,0.43333333333333335,30,0.5
cub200,S3,ViT-S,vit_small_in1k,2,90,0.5333333333333333,0.8,30,-0.2666666666666667
cub200,S3,ViT-S,vit_small_in1k,2,91,0.7,0.5666666666666667,30,0.1333333333333333
cub200,S3,ViT-S,vit_small_in1k,2,92,0.9666666666666667,0.8,30,0.16666666666666663
cub200,S3,ViT-S,vit_small_in1k,2,93,0.9,0.7,30,0.20000000000000007
cub200,S3,ViT-S,vit_small_in1k,2,94,0.8666666666666667,0.0,30,0.8666666666666667
cub200,S3,ViT-S,vit_small_in1k,2,95,0.7333333333333333,0.0,30,0.7333333333333333
cub200,S3,ViT-S,vit_small_in1k,2,96,0.8275862068965517,0.0,29,0.8275862068965517
cub200,S3,ViT-S,vit_small_in1k,2,97,0.9,0.0,30,0.9
cub200,S3,ViT-S,vit_small_in1k,2,98,0.9,0.16666666666666666,30,0.7333333333333334
cub200,S3,ViT-S,vit_small_in1k,2,99,0.9333333333333333,0.8,30,0.1333333333333333
cub200,S3,ViT-S,vit_small_in1k,2,100,1.0,0.6,20,0.4
cub200,S3,ViT-S,vit_small_in1k,2,101,0.5333333333333333,0.16666666666666666,30,0.3666666666666667
cub200,S3,ViT-S,vit_small_in1k,2,102,0.6333333333333333,0.5666666666666667,30,0.06666666666666665
cub200,S3,ViT-S,vit_small_in1k,2,103,0.7666666666666667,0.43333333333333335,30,0.33333333333333337
cub200,S3,ViT-S,vit_small_in1k,2,104,0.631578947368421,0.8421052631578947,19,-0.21052631578947367
cub200,S3,ViT-S,vit_small_in1k,2,105,1.0,0.6,30,0.4
cub200,S3,ViT-S,vit_small_in1k,2,106,0.5,0.36666666666666664,30,0.13333333333333336
cub200,S3,ViT-S,vit_small_in1k,2,107,0.8,0.8,30,0.0
cub200,S3,ViT-S,vit_small_in1k,2,108,0.9,0.0,30,0.9
cub200,S3,ViT-S,vit_small_in1k,2,109,0.9333333333333333,0.9666666666666667,30,-0.033333333333333326
cub200,S3,ViT-S,vit_small_in1k,2,110,0.5333333333333333,0.1,30,0.43333333333333335
cub200,S3,ViT-S,vit_small_in1k,2,111,0.6333333333333333,0.7333333333333333,30,-0.09999999999999998
cub200,S3,ViT-S,vit_small_in1k,2,112,0.95,0.8,20,0.1499999999999999
cub200,S3,ViT-S,vit_small_in1k,2,113,0.9333333333333333,0.8,30,0.1333333333333333
cub200,S3,ViT-S,vit_small_in1k,2,114,0.5862068965517241,0.1724137931034483,29,0.4137931034482758
cub200,S3,ViT-S,vit_small_in1k,2,115,0.6666666666666666,0.03333333333333333,30,0.6333333333333333
cub200,S3,ViT-S,vit_small_in1k,2,116,0.6206896551724138,0.13793103448275862,29,0.4827586206896552
cub200,S3,ViT-S,vit_small_in1k,2,117,0.7,0.03333333333333333,30,0.6666666666666666
cub200,S3,ViT-S,vit_small_in1k,2,118,0.6551724137931034,0.0,29,0.6551724137931034
cub200,S3,ViT-S,vit_small_in1k,2,119,0.7666666666666667,0.2,30,0.5666666666666667
cub200,S3,ViT-S,vit_small_in1k,2,120,0.6666666666666666,0.1,30,0.5666666666666667
cub200,S3,ViT-S,vit_small_in1k,2,121,0.8666666666666667,0.4666666666666667,30,0.4
cub200,S3,ViT-S,vit_small_in1k,2,122,0.8,0.2,30,0.6000000000000001
cub200,S3,ViT-S,vit_small_in1k,2,123,0.8620689655172413,0.13793103448275862,29,0.7241379310344827
cub200,S3,ViT-S,vit_small_in1k,2,124,0.896551724137931,0.5517241379310345,29,0.3448275862068966
cub200,S3,ViT-S,vit_small_in1k,2,125,0.7666666666666667,0.03333333333333333,30,0.7333333333333334
cub200,S3,ViT-S,vit_small_in1k,2,126,0.8333333333333334,0.0,30,0.8333333333333334
cub200,S3,ViT-S,vit_small_in1k,2,127,0.7666666666666667,0.36666666666666664,30,0.4000000000000001
cub200,S3,ViT-S,vit_small_in1k,2,128,0.8,0.23333333333333334,30,0.5666666666666667
cub200,S3,ViT-S,vit_small_in1k,2,129,0.6333333333333333,0.03333333333333333,30,0.6
cub200,S3,ViT-S,vit_small_in1k,2,130,0.6,0.7,30,-0.09999999999999998
cub200,S3,ViT-S,vit_small_in1k,2,131,0.8666666666666667,0.3,30,0.5666666666666667
cub200,S3,ViT-S,vit_small_in1k,2,132,0.8666666666666667,0.0,30,0.8666666666666667
cub200,S3,ViT-S,vit_small_in1k,2,133,0.9,0.0,30,0.9
cub200,S3,ViT-S,vit_small_in1k,2,134,0.6333333333333333,0.5,30,0.1333333333333333
cub200,S3,ViT-S,vit_small_in1k,2,135,0.7666666666666667,0.03333333333333333,30,0.7333333333333334
cub200,S3,ViT-S,vit_small_in1k,2,136,0.6666666666666666,0.03333333333333333,30,0.6333333333333333
cub200,S3,ViT-S,vit_small_in1k,2,137,0.8,0.1,30,0.7000000000000001
cub200,S3,ViT-S,vit_small_in1k,2,138,0.8666666666666667,0.0,30,0.8666666666666667
cub200,S3,ViT-S,vit_small_in1k,2,139,0.8666666666666667,0.0,30,0.8666666666666667
cub200,S3,ViT-S,vit_small_in1k,2,140,0.6896551724137931,0.2413793103448276,29,0.4482758620689655
cub200,S3,ViT-S,vit_small_in1k,2,141,0.5,0.4666666666666667,30,0.033333333333333326
cub200,S3,ViT-S,vit_small_in1k,2,142,0.43333333333333335,0.2,30,0.23333333333333334
cub200,S3,ViT-S,vit_small_in1k,2,143,0.36666666666666664,0.0,30,0.36666666666666664
cub200,S3,ViT-S,vit_small_in1k,2,144,0.6666666666666666,0.4666666666666667,30,0.19999999999999996
cub200,S3,ViT-S,vit_small_in1k,2,145,0.5333333333333333,0.06666666666666667,30,0.4666666666666667
cub200,S3,ViT-S,vit_small_in1k,2,146,0.8333333333333334,0.26666666666666666,30,0.5666666666666667
cub200,S3,ViT-S,vit_small_in1k,2,147,0.9333333333333333,0.0,30,0.9333333333333333
cub200,S3,ViT-S,vit_small_in1k,2,148,0.9310344827586207,0.06896551724137931,29,0.8620689655172413
cub200,S3,ViT-S,vit_small_in1k,2,149,0.9,0.6,30,0.30000000000000004
cub200,S3,ViT-S,vit_small_in1k,2,150,0.9047619047619048,0.47619047619047616,21,0.4285714285714286
cub200,S3,ViT-S,vit_small_in1k,2,151,0.7333333333333333,0.3,30,0.4333333333333333
cub200,S3,ViT-S,vit_small_in1k,2,152,0.8275862068965517,0.0,29,0.8275862068965517
cub200,S3,ViT-S,vit_small_in1k,2,153,0.8,0.03333333333333333,30,0.7666666666666667
cub200,S3,ViT-S,vit_small_in1k,2,154,0.6666666666666666,0.26666666666666666,30,0.39999999999999997
cub200,S3,ViT-S,vit_small_in1k,2,155,0.9333333333333333,0.0,30,0.9333333333333333
cub200,S3,ViT-S,vit_small_in1k,2,156,0.7586206896551724,0.0,29,0.7586206896551724
cub200,S3,ViT-S,vit_small_in1k,2,157,0.9666666666666667,0.0,30,0.9666666666666667
cub200,S3,ViT-S,vit_small_in1k,2,158,1.0,1.0,30,0.0
cub200,S3,ViT-S,vit_small_in1k,2,159,1.0,0.4827586206896552,29,0.5172413793103448
cub200,S3,ViT-S,vit_small_in1k,2,160,0.8333333333333334,0.0,30,0.8333333333333334
cub200,S3,ViT-S,vit_small_in1k,2,161,0.8,0.0,30,0.8
cub200,S3,ViT-S,vit_small_in1k,2,162,0.9,0.0,30,0.9
cub200,S3,ViT-S,vit_small_in1k,2,163,1.0,0.3,30,0.7
cub200,S3,ViT-S,vit_small_in1k,2,164,0.9,0.03333333333333333,30,0.8666666666666667
cub200,S3,ViT-S,vit_small_in1k,2,165,0.896551724137931,0.0,29,0.896551724137931
cub200,S3,ViT-S,vit_small_in1k,2,166,0.7333333333333333,0.0,30,0.7333333333333333
cub200,S3,ViT-S,vit_small_in1k,2,167,0.9310344827586207,0.0,29,0.9310344827586207
cub200,S3,ViT-S,vit_small_in1k,2,168,1.0,0.0,29,1.0
cub200,S3,ViT-S,vit_small_in1k,2,169,0.7333333333333333,0.0,30,0.7333333333333333
cub200,S3,ViT-S,vit_small_in1k,2,170,0.9,0.0,30,0.9
cub200,S3,ViT-S,vit_small_in1k,2,171,0.8333333333333334,0.0,30,0.8333333333333334
cub200,S3,ViT-S,vit_small_in1k,2,172,0.4666666666666667,0.0,30,0.4666666666666667
cub200,S3,ViT-S,vit_small_in1k,2,173,0.8,0.0,30,0.8
cub200,S3,ViT-S,vit_small_in1k,2,174,0.8,0.0,30,0.8
cub200,S3,ViT-S,vit_small_in1k,2,175,0.9666666666666667,0.0,30,0.9666666666666667
cub200,S3,ViT-S,vit_small_in1k,2,176,1.0,0.0,30,1.0
cub200,S3,ViT-S,vit_small_in1k,2,177,0.8461538461538461,0.11538461538461539,26,0.7307692307692307
cub200,S3,ViT-S,vit_small_in1k,2,178,0.6551724137931034,0.0,29,0.6551724137931034
cub200,S3,ViT-S,vit_small_in1k,2,179,0.7,0.0,30,0.7
cub200,S3,ViT-S,vit_small_in1k,2,180,0.9310344827586207,0.10344827586206896,29,0.8275862068965517
cub200,S3,ViT-S,vit_small_in1k,2,181,0.8333333333333334,0.06666666666666667,30,0.7666666666666667
cub200,S3,ViT-S,vit_small_in1k,2,182,0.9333333333333333,0.5666666666666667,30,0.3666666666666667
cub200,S3,ViT-S,vit_small_in1k,2,183,0.7666666666666667,0.7333333333333333,30,0.03333333333333344
cub200,S3,ViT-S,vit_small_in1k,2,184,0.9333333333333333,0.5,30,0.43333333333333335
cub200,S3,ViT-S,vit_small_in1k,2,185,0.9666666666666667,0.2,30,0.7666666666666666
cub200,S3,ViT-S,vit_small_in1k,2,186,0.8,0.7,20,0.10000000000000009
cub200,S3,ViT-S,vit_small_in1k,2,187,1.0,0.5333333333333333,30,0.4666666666666667
cub200,S3,ViT-S,vit_small_in1k,2,188,1.0,0.6666666666666666,30,0.33333333333333337
cub200,S3,ViT-S,vit_small_in1k,2,189,0.9655172413793104,0.9655172413793104,29,0.0
cub200,S3,ViT-S,vit_small_in1k,2,190,0.8666666666666667,0.06666666666666667,30,0.8
cub200,S3,ViT-S,vit_small_in1k,2,191,0.9666666666666667,0.7333333333333333,30,0.2333333333333334
cub200,S3,ViT-S,vit_small_in1k,2,192,0.7333333333333333,0.5,30,0.23333333333333328
cub200,S3,ViT-S,vit_small_in1k,2,193,0.9666666666666667,0.8,30,0.16666666666666663
cub200,S3,ViT-S,vit_small_in1k,2,194,0.9333333333333333,0.06666666666666667,30,0.8666666666666667
cub200,S3,ViT-S,vit_small_in1k,2,195,0.6666666666666666,0.16666666666666666,30,0.5
cub200,S3,ViT-S,vit_small_in1k,2,196,0.8333333333333334,0.4,30,0.43333333333333335
cub200,S3,ViT-S,vit_small_in1k,2,197,0.8666666666666667,0.7,30,0.16666666666666674
cub200,S3,ViT-S,vit_small_in1k,2,198,0.7666666666666667,0.43333333333333335,30,0.33333333333333337
cub200,S3,ViT-S,vit_small_in1k,2,199,0.9666666666666667,0.0,30,0.9666666666666667
cub200,S3,ViT-S,vit_small_in1k,3,0,0.7333333333333333,0.23333333333333334,30,0.49999999999999994
cub200,S3,ViT-S,vit_small_in1k,3,1,0.8333333333333334,0.5,30,0.33333333333333337
cub200,S3,ViT-S,vit_small_in1k,3,2,0.7142857142857143,0.7142857142857143,28,0.0
cub200,S3,ViT-S,vit_small_in1k,3,3,0.8666666666666667,0.26666666666666666,30,0.6000000000000001
cub200,S3,ViT-S,vit_small_in1k,3,4,0.8571428571428571,0.7857142857142857,14,0.0714285714285714
cub200,S3,ViT-S,vit_small_in1k,3,5,0.9090909090909091,0.8181818181818182,11,0.09090909090909083
cub200,S3,ViT-S,vit_small_in1k,3,6,0.9565217391304348,0.5217391304347826,23,0.4347826086956522
cub200,S3,ViT-S,vit_small_in1k,3,7,0.8888888888888888,0.3888888888888889,18,0.49999999999999994
cub200,S3,ViT-S,vit_small_in1k,3,8,0.3793103448275862,0.41379310344827586,29,-0.03448275862068967
cub200,S3,ViT-S,vit_small_in1k,3,9,0.9,0.0,30,0.9
cub200,S3,ViT-S,vit_small_in1k,3,10,0.43333333333333335,0.3333333333333333,30,0.10000000000000003
cub200,S3,ViT-S,vit_small_in1k,3,11,0.9615384615384616,0.038461538461538464,26,0.9230769230769231
cub200,S3,ViT-S,vit_small_in1k,3,12,0.9666666666666667,0.7,30,0.2666666666666667
cub200,S3,ViT-S,vit_small_in1k,3,13,0.9666666666666667,0.0,30,0.9666666666666667
cub200,S3,ViT-S,vit_small_in1k,3,14,0.9642857142857143,0.0,28,0.9642857142857143
cub200,S3,ViT-S,vit_small_in1k,3,15,0.8928571428571429,0.0,28,0.8928571428571429
cub200,S3,ViT-S,vit_small_in1k,3,16,0.9259259259259259,0.037037037037037035,27,0.8888888888888888
cub200,S3,ViT-S,vit_small_in1k,3,17,1.0,0.06666666666666667,15,0.9333333333333333
cub200,S3,ViT-S,vit_small_in1k,3,18,0.9310344827586207,0.3793103448275862,29,0.5517241379310345
cub200,S3,ViT-S,vit_small_in1k,3,19,0.9655172413793104,0.0,29,0.9655172413793104
cub200,S3,ViT-S,vit_small_in1k,3,20,0.9,0.06666666666666667,30,0.8333333333333334
cub200,S3,ViT-S,vit_small_in1k,3,21,0.6153846153846154,0.07692307692307693,26,0.5384615384615385
cub200,S3,ViT-S,vit_small_in1k,3,22,0.5517241379310345,0.2413793103448276,29,0.31034482758620685
cub200,S3,ViT-S,vit_small_in1k,3,23,0.8181818181818182,0.5,22,0.31818181818181823
cub200,S3,ViT-S,vit_small_in1k,3,24,0.26666666666666666,0.4666666666666667,30,-0.2
cub200,S3,ViT-S,vit_small_in1k,3,25,0.8333333333333334,0.03333333333333333,30,0.8
cub200,S3,ViT-S,vit_small_in1k,3,26,0.43333333333333335,0.23333333333333334,30,0.2
cub200,S3,ViT-S,vit_small_in1k,3,27,0.9655172413793104,1.0,29,-0.03448275862068961
cub200,S3,ViT-S,vit_small_in1k,3,28,0.4,0.5,30,-0.09999999999999998
cub200,S3,ViT-S,vit_small_in1k,3,29,0.23333333333333334,0.26666666666666666,30,-0.033333333333333326
cub200,S3,ViT-S,vit_small_in1k,3,30,0.7666666666666667,0.16666666666666666,30,0.6000000000000001
cub200,S3,ViT-S,vit_small_in1k,3,31,0.6956521739130435,0.0,23,0.6956521739130435
cub200,S3,ViT-S,vit_small_in1k,3,32,0.7931034482758621,0.13793103448275862,29,0.6551724137931034
cub200,S3,ViT-S,vit_small_in1k,3,33,0.9310344827586207,0.3448275862068966,29,0.5862068965517241
cub200,S3,ViT-S,vit_small_in1k,3,34,0.9333333333333333,0.0,30,0.9333333333333333
cub200,S3,ViT-S,vit_small_in1k,3,35,1.0,0.8333333333333334,30,0.16666666666666663
cub200,S3,ViT-S,vit_small_in1k,3,36,0.5862068965517241,0.0,29,0.5862068965517241
cub200,S3,ViT-S,vit_small_in1k,3,37,0.8333333333333334,0.0,30,0.8333333333333334
cub200,S3,ViT-S,vit_small_in1k,3,38,0.4482758620689655,0.3793103448275862,29,0.06896551724137934
cub200,S3,ViT-S,vit_small_in1k,3,39,0.6333333333333333,0.6333333333333333,30,0.0
cub200,S3,ViT-S,vit_small_in1k,3,40,0.9,0.4666666666666667,30,0.43333333333333335
cub200,S3,ViT-S,vit_small_in1k,3,41,0.8666666666666667,0.0,30,0.8666666666666667
cub200,S3,ViT-S,vit_small_in1k,3,42,0.4827586206896552,0.0,29,0.4827586206896552
cub200,S3,ViT-S,vit_small_in1k,3,43,0.7,0.5,30,0.19999999999999996
cub200,S3,ViT-S,vit_small_in1k,3,44,0.5666666666666667,0.6666666666666666,30,-0.09999999999999998
cub200,S3,ViT-S,vit_small_in1k,3,45,0.9333333333333333,0.8666666666666667,30,0.06666666666666665
cub200,S3,ViT-S,vit_small_in1k,3,46,0.9666666666666667,0.0,30,0.9666666666666667
cub200,S3,ViT-S,vit_small_in1k,3,47,1.0,0.03333333333333333,30,0.9666666666666667
cub200,S3,ViT-S,vit_small_in1k,3,48,0.7666666666666667,0.0,30,0.7666666666666667
cub200,S3,ViT-S,vit_small_in1k,3,49,0.8,0.43333333333333335,30,0.3666666666666667
cub200,S3,ViT-S,vit_small_in1k,3,50,0.7666666666666667,0.6,30,0.16666666666666674
cub200,S3,ViT-S,vit_small_in1k,3,51,0.9666666666666667,0.6333333333333333,30,0.33333333333333337
cub200,S3,ViT-S,vit_small_in1k,3,52,0.9666666666666667,0.7666666666666667,30,0.19999999999999996
cub200,S3,ViT-S,vit_small_in1k,3,53,0.9,0.0,30,0.9
cub200,S3,ViT-S,vit_small_in1k,3,54,0.9,0.36666666666666664,30,0.5333333333333334
cub200,S3,ViT-S,vit_small_in1k,3,55,1.0,0.1,30,0.9
cub200,S3,ViT-S,vit_small_in1k,3,56,1.0,0.06666666666666667,30,0.9333333333333333
cub200,S3,ViT-S,vit_small_in1k,3,57,0.9285714285714286,0.5714285714285714,28,0.3571428571428572
cub200,S3,ViT-S,vit_small_in1k,3,58,0.16666666666666666,0.16666666666666666,30,0.0
cub200,S3,ViT-S,vit_small_in1k,3,59,0.5517241379310345,0.3103448275862069,29,0.24137931034482757
cub200,S3,ViT-S,vit_small_in1k,3,60,0.9666666666666667,0.5,30,0.4666666666666667
cub200,S3,ViT-S,vit_small_in1k,3,61,0.36666666666666664,0.0,30,0.36666666666666664
cub200,S3,ViT-S,vit_small_in1k,3,62,0.9666666666666667,0.9333333333333333,30,0.033333333333333326
cub200,S3,ViT-S,vit_small_in1k,3,63,0.6333333333333333,0.03333333333333333,30,0.6
cub200,S3,ViT-S,vit_small_in1k,3,64,0.6,0.1,20,0.5
cub200,S3,ViT-S,vit_small_in1k,3,65,0.6,0.5,30,0.09999999999999998
cub200,S3,ViT-S,vit_small_in1k,3,66,0.7666666666666667,0.23333333333333334,30,0.5333333333333334
cub200,S3,ViT-S,vit_small_in1k,3,67,0.6,0.1,30,0.5
cub200,S3,ViT-S,vit_small_in1k,3,68,0.7333333333333333,0.5666666666666667,30,0.16666666666666663
cub200,S3,ViT-S,vit_small_in1k,3,69,1.0,0.0,30,1.0
cub200,S3,ViT-S,vit_small_in1k,3,70,0.4666666666666667,0.5,30,-0.033333333333333326
cub200,S3,ViT-S,vit_small_in1k,3,71,0.6,0.4666666666666667,30,0.1333333333333333
cub200,S3,ViT-S,vit_small_in1k,3,72,0.9333333333333333,0.26666666666666666,30,0.6666666666666667
cub200,S3,ViT-S,vit_small_in1k,3,73,1.0,0.03333333333333333,30,0.9666666666666667
cub200,S3,ViT-S,vit_small_in1k,3,74,1.0,0.037037037037037035,27,0.962962962962963
cub200,S3,ViT-S,vit_small_in1k,3,75,0.9666666666666667,0.7333333333333333,30,0.2333333333333334
cub200,S3,ViT-S,vit_small_in1k,3,76,0.9,0.0,30,0.9
cub200,S3,ViT-S,vit_small_in1k,3,77,0.8620689655172413,0.7241379310344828,29,0.13793103448275856
cub200,S3,ViT-S,vit_small_in1k,3,78,0.8333333333333334,0.5333333333333333,30,0.30000000000000004
cub200,S3,ViT-S,vit_small_in1k,3,79,0.8666666666666667,0.6666666666666666,30,0.20000000000000007
cub200,S3,ViT-S,vit_small_in1k,3,80,0.9,0.9,30,0.0
cub200,S3,ViT-S,vit_small_in1k,3,81,0.8,0.23333333333333334,30,0.5666666666666667
cub200,S3,ViT-S,vit_small_in1k,3,82,0.9333333333333333,0.0,30,0.9333333333333333
cub200,S3,ViT-S,vit_small_in1k,3,83,0.9130434782608695,0.17391304347826086,23,0.7391304347826086
cub200,S3,ViT-S,vit_small_in1k,3,84,0.9666666666666667,0.7333333333333333,30,0.2333333333333334
cub200,S3,ViT-S,vit_small_in1k,3,85,0.9,0.9,30,0.0
cub200,S3,ViT-S,vit_small_in1k,3,86,0.8333333333333334,0.2,30,0.6333333333333333
cub200,S3,ViT-S,vit_small_in1k,3,87,0.9,0.0,30,0.9
cub200,S3,ViT-S,vit_small_in1k,3,88,0.8,0.7333333333333333,30,0.06666666666666676
cub200,S3,ViT-S,vit_small_in1k,3,89,0.9,0.7333333333333333,30,0.16666666666666674
cub200,S3,ViT-S,vit_small_in1k,3,90,0.4666666666666667,0.7666666666666667,30,-0.30000000000000004
cub200,S3,ViT-S,vit_small_in1k,3,91,0.7,0.43333333333333335,30,0.2666666666666666
cub200,S3,ViT-S,vit_small_in1k,3,92,0.9666666666666667,0.8,30,0.16666666666666663
cub200,S3,ViT-S,vit_small_in1k,3,93,0.9333333333333333,0.43333333333333335,30,0.5
cub200,S3,ViT-S,vit_small_in1k,3,94,0.9,0.0,30,0.9
cub200,S3,ViT-S,vit_small_in1k,3,95,0.6666666666666666,0.0,30,0.6666666666666666
cub200,S3,ViT-S,vit_small_in1k,3,96,0.6896551724137931,0.0,29,0.6896551724137931
cub200,S3,ViT-S,vit_small_in1k,3,97,0.8666666666666667,0.0,30,0.8666666666666667
cub200,S3,ViT-S,vit_small_in1k,3,98,0.8666666666666667,0.3,30,0.5666666666666667
cub200,S3,ViT-S,vit_small_in1k,3,99,0.9666666666666667,0.8333333333333334,30,0.1333333333333333
cub200,S3,ViT-S,vit_small_in1k,3,100,0.95,0.75,20,0.19999999999999996
cub200,S3,ViT-S,vit_small_in1k,3,101,0.4,0.2,30,0.2
cub200,S3,ViT-S,vit_small_in1k,3,102,0.5,0.2,30,0.3
cub200,S3,ViT-S,vit_small_in1k,3,103,0.6666666666666666,0.5,30,0.16666666666666663
cub200,S3,ViT-S,vit_small_in1k,3,104,0.6842105263157895,0.8947368421052632,19,-0.21052631578947367
cub200,S3,ViT-S,vit_small_in1k,3,105,0.9666666666666667,0.7333333333333333,30,0.2333333333333334
cub200,S3,ViT-S,vit_small_in1k,3,106,0.5,0.2,30,0.3
cub200,S3,ViT-S,vit_small_in1k,3,107,0.7666666666666667,0.6666666666666666,30,0.10000000000000009
cub200,S3,ViT-S,vit_small_in1k,3,108,0.9,0.0,30,0.9
cub200,S3,ViT-S,vit_small_in1k,3,109,0.9333333333333333,0.9666666666666667,30,-0.033333333333333326
cub200,S3,ViT-S,vit_small_in1k,3,110,0.5333333333333333,0.4,30,0.1333333333333333
cub200,S3,ViT-S,vit_small_in1k,3,111,0.6333333333333333,0.7,30,-0.06666666666666665
cub200,S3,ViT-S,vit_small_in1k,3,112,0.95,0.5,20,0.44999999999999996
cub200,S3,ViT-S,vit_small_in1k,3,113,0.8666666666666667,0.7666666666666667,30,0.09999999999999998
cub200,S3,ViT-S,vit_small_in1k,3,114,0.5862068965517241,0.3793103448275862,29,0.2068965517241379
cub200,S3,ViT-S,vit_small_in1k,3,115,0.6666666666666666,0.06666666666666667,30,0.6
cub200,S3,ViT-S,vit_small_in1k,3,116,0.7931034482758621,0.3448275862068966,29,0.4482758620689655
cub200,S3,ViT-S,vit_small_in1k,3,117,0.6,0.1,30,0.5
cub200,S3,ViT-S,vit_small_in1k,3,118,0.41379310344827586,0.06896551724137931,29,0.3448275862068966
cub200,S3,ViT-S,vit_small_in1k,3,119,0.7333333333333333,0.23333333333333334,30,0.49999999999999994
cub200,S3,ViT-S,vit_small_in1k,3,120,0.6333333333333333,0.5333333333333333,30,0.09999999999999998
cub200,S3,ViT-S,vit_small_in1k,3,121,0.8666666666666667,0.5,30,0.3666666666666667
cub200,S3,ViT-S,vit_small_in1k,3,122,0.8,0.26666666666666666,30,0.5333333333333334
cub200,S3,ViT-S,vit_small_in1k,3,123,0.896551724137931,0.3103448275862069,29,0.5862068965517242
cub200,S3,ViT-S,vit_small_in1k,3,124,0.8620689655172413,0.5172413793103449,29,0.34482758620689646
cub200,S3,ViT-S,vit_small_in1k,3,125,0.6666666666666666,0.16666666666666666,30,0.5
cub200,S3,ViT-S,vit_small_in1k,3,126,0.8333333333333334,0.13333333333333333,30,0.7000000000000001
cub200,S3,ViT-S,vit_small_in1k,3,127,0.8,0.5,30,0.30000000000000004
cub200,S3,ViT-S,vit_small_in1k,3,128,0.6333333333333333,0.03333333333333333,30,0.6
cub200,S3,ViT-S,vit_small_in1k,3,129,0.6666666666666666,0.06666666666666667,30,0.6
cub200,S3,ViT-S,vit_small_in1k,3,130,0.8,0.5,30,0.30000000000000004
cub200,S3,ViT-S,vit_small_in1k,3,131,0.8666666666666667,0.5666666666666667,30,0.30000000000000004
cub200,S3,ViT-S,vit_small_in1k,3,132,0.9,0.16666666666666666,30,0.7333333333333334
cub200,S3,ViT-S,vit_small_in1k,3,133,0.9666666666666667,0.0,30,0.9666666666666667
cub200,S3,ViT-S,vit_small_in1k,3,134,0.36666666666666664,0.4,30,-0.03333333333333338
cub200,S3,ViT-S,vit_small_in1k,3,135,0.6333333333333333,0.06666666666666667,30,0.5666666666666667
cub200,S3,ViT-S,vit_small_in1k,3,136,0.6333333333333333,0.3,30,0.3333333333333333
cub200,S3,ViT-S,vit_small_in1k,3,137,0.8,0.13333333333333333,30,0.6666666666666667
cub200,S3,ViT-S,vit_small_in1k,3,138,0.9333333333333333,0.0,30,0.9333333333333333
cub200,S3,ViT-S,vit_small_in1k,3,139,0.9333333333333333,0.0,30,0.9333333333333333
cub200,S3,ViT-S,vit_small_in1k,3,140,0.8275862068965517,0.41379310344827586,29,0.41379310344827586
cub200,S3,ViT-S,vit_small_in1k,3,141,0.5666666666666667,0.3,30,0.26666666666666666
cub200,S3,ViT-S,vit_small_in1k,3,142,0.6,0.3,30,0.3
cub200,S3,ViT-S,vit_small_in1k,3,143,0.43333333333333335,0.1,30,0.33333333333333337
cub200,S3,ViT-S,vit_small_in1k,3,144,0.7,0.3333333333333333,30,0.36666666666666664
cub200,S3,ViT-S,vit_small_in1k,3,145,0.36666666666666664,0.0,30,0.36666666666666664
cub200,S3,ViT-S,vit_small_in1k,3,146,0.9333333333333333,0.3,30,0.6333333333333333
cub200,S3,ViT-S,vit_small_in1k,3,147,0.9333333333333333,0.03333333333333333,30,0.9
cub200,S3,ViT-S,vit_small_in1k,3,148,0.9310344827586207,0.06896551724137931,29,0.8620689655172413
cub200,S3,ViT-S,vit_small_in1k,3,149,0.8666666666666667,0.7666666666666667,30,0.09999999999999998
cub200,S3,ViT-S,vit_small_in1k,3,150,0.9047619047619048,0.5714285714285714,21,0.33333333333333337
cub200,S3,ViT-S,vit_small_in1k,3,151,0.7333333333333333,0.13333333333333333,30,0.6
cub200,S3,ViT-S,vit_small_in1k,3,152,0.9310344827586207,0.0,29,0.9310344827586207
cub200,S3,ViT-S,vit_small_in1k,3,153,0.8333333333333334,0.06666666666666667,30,0.7666666666666667
cub200,S3,ViT-S,vit_small_in1k,3,154,0.6666666666666666,0.3,30,0.36666666666666664
cub200,S3,ViT-S,vit_small_in1k,3,155,1.0,0.0,30,1.0
cub200,S3,ViT-S,vit_small_in1k,3,156,0.7931034482758621,0.0,29,0.7931034482758621
cub200,S3,ViT-S,vit_small_in1k,3,157,0.9666666666666667,0.0,30,0.9666666666666667
cub200,S3,ViT-S,vit_small_in1k,3,158,0.9666666666666667,0.7333333333333333,30,0.2333333333333334
cub200,S3,ViT-S,vit_small_in1k,3,159,0.9655172413793104,0.27586206896551724,29,0.6896551724137931
cub200,S3,ViT-S,vit_small_in1k,3,160,0.8666666666666667,0.0,30,0.8666666666666667
cub200,S3,ViT-S,vit_small_in1k,3,161,0.8,0.0,30,0.8
cub200,S3,ViT-S,vit_small_in1k,3,162,0.9666666666666667,0.0,30,0.9666666666666667
cub200,S3,ViT-S,vit_small_in1k,3,163,0.9333333333333333,0.06666666666666667,30,0.8666666666666667
cub200,S3,ViT-S,vit_small_in1k,3,164,0.9,0.0,30,0.9
cub200,S3,ViT-S,vit_small_in1k,3,165,0.9310344827586207,0.0,29,0.9310344827586207
cub200,S3,ViT-S,vit_small_in1k,3,166,0.6333333333333333,0.0,30,0.6333333333333333
cub200,S3,ViT-S,vit_small_in1k,3,167,0.896551724137931,0.0,29,0.896551724137931
cub200,S3,ViT-S,vit_small_in1k,3,168,0.9655172413793104,0.0,29,0.9655172413793104
cub200,S3,ViT-S,vit_small_in1k,3,169,0.8,0.0,30,0.8
cub200,S3,ViT-S,vit_small_in1k,3,170,0.9666666666666667,0.2,30,0.7666666666666666
cub200,S3,ViT-S,vit_small_in1k,3,171,0.8333333333333334,0.0,30,0.8333333333333334
cub200,S3,ViT-S,vit_small_in1k,3,172,0.6333333333333333,0.0,30,0.6333333333333333
cub200,S3,ViT-S,vit_small_in1k,3,173,0.8333333333333334,0.0,30,0.8333333333333334
cub200,S3,ViT-S,vit_small_in1k,3,174,0.6333333333333333,0.0,30,0.6333333333333333
cub200,S3,ViT-S,vit_small_in1k,3,175,0.9666666666666667,0.0,30,0.9666666666666667
cub200,S3,ViT-S,vit_small_in1k,3,176,0.9333333333333333,0.0,30,0.9333333333333333
cub200,S3,ViT-S,vit_small_in1k,3,177,0.8076923076923077,0.2692307692307692,26,0.5384615384615385
cub200,S3,ViT-S,vit_small_in1k,3,178,0.6206896551724138,0.0,29,0.6206896551724138
cub200,S3,ViT-S,vit_small_in1k,3,179,0.8,0.0,30,0.8
cub200,S3,ViT-S,vit_small_in1k,3,180,0.9310344827586207,0.10344827586206896,29,0.8275862068965517
cub200,S3,ViT-S,vit_small_in1k,3,181,0.8333333333333334,0.0,30,0.8333333333333334
cub200,S3,ViT-S,vit_small_in1k,3,182,0.9,0.6,30,0.30000000000000004
cub200,S3,ViT-S,vit_small_in1k,3,183,0.7,0.7666666666666667,30,-0.06666666666666676
cub200,S3,ViT-S,vit_small_in1k,3,184,0.9333333333333333,0.6666666666666666,30,0.2666666666666667
cub200,S3,ViT-S,vit_small_in1k,3,185,0.9666666666666667,0.13333333333333333,30,0.8333333333333334
cub200,S3,ViT-S,vit_small_in1k,3,186,0.85,0.75,20,0.09999999999999998
cub200,S3,ViT-S,vit_small_in1k,3,187,0.9666666666666667,0.7,30,0.2666666666666667
cub200,S3,ViT-S,vit_small_in1k,3,188,1.0,0.8,30,0.19999999999999996
cub200,S3,ViT-S,vit_small_in1k,3,189,0.896551724137931,0.9655172413793104,29,-0.06896551724137934
cub200,S3,ViT-S,vit_small_in1k,3,190,0.8333333333333334,0.0,30,0.8333333333333334
cub200,S3,ViT-S,vit_small_in1k,3,191,0.9333333333333333,0.9,30,0.033333333333333326
cub200,S3,ViT-S,vit_small_in1k,3,192,0.7,0.43333333333333335,30,0.2666666666666666
cub200,S3,ViT-S,vit_small_in1k,3,193,0.9333333333333333,0.6333333333333333,30,0.30000000000000004
cub200,S3,ViT-S,vit_small_in1k,3,194,1.0,0.06666666666666667,30,0.9333333333333333
cub200,S3,ViT-S,vit_small_in1k,3,195,0.6,0.3,30,0.3
cub200,S3,ViT-S,vit_small_in1k,3,196,0.8,0.5333333333333333,30,0.2666666666666667
cub200,S3,ViT-S,vit_small_in1k,3,197,0.8333333333333334,0.7666666666666667,30,0.06666666666666665
cub200,S3,ViT-S,vit_small_in1k,3,198,0.8,0.23333333333333334,30,0.5666666666666667
cub200,S3,ViT-S,vit_small_in1k,3,199,0.9333333333333333,0.0,30,0.9333333333333333
cub200,S3,ViT-S,vit_small_in1k,4,0,0.7333333333333333,0.4666666666666667,30,0.2666666666666666
cub200,S3,ViT-S,vit_small_in1k,4,1,0.8333333333333334,0.6666666666666666,30,0.16666666666666674
cub200,S3,ViT-S,vit_small_in1k,4,2,0.7857142857142857,0.5714285714285714,28,0.2142857142857143
cub200,S3,ViT-S,vit_small_in1k,4,3,0.9333333333333333,0.6666666666666666,30,0.2666666666666667
cub200,S3,ViT-S,vit_small_in1k,4,4,0.7857142857142857,0.5714285714285714,14,0.2142857142857143
cub200,S3,ViT-S,vit_small_in1k,4,5,0.9090909090909091,0.8181818181818182,11,0.09090909090909083
cub200,S3,ViT-S,vit_small_in1k,4,6,0.9565217391304348,0.2608695652173913,23,0.6956521739130435
cub200,S3,ViT-S,vit_small_in1k,4,7,0.7777777777777778,0.5,18,0.2777777777777778
cub200,S3,ViT-S,vit_small_in1k,4,8,0.4827586206896552,0.3448275862068966,29,0.13793103448275862
cub200,S3,ViT-S,vit_small_in1k,4,9,0.8666666666666667,0.0,30,0.8666666666666667
cub200,S3,ViT-S,vit_small_in1k,4,10,0.5666666666666667,0.3,30,0.26666666666666666
cub200,S3,ViT-S,vit_small_in1k,4,11,0.9230769230769231,0.0,26,0.9230769230769231
cub200,S3,ViT-S,vit_small_in1k,4,12,0.9666666666666667,0.7,30,0.2666666666666667
cub200,S3,ViT-S,vit_small_in1k,4,13,0.9666666666666667,0.0,30,0.9666666666666667
cub200,S3,ViT-S,vit_small_in1k,4,14,0.9285714285714286,0.0,28,0.9285714285714286
cub200,S3,ViT-S,vit_small_in1k,4,15,0.8928571428571429,0.0,28,0.8928571428571429
cub200,S3,ViT-S,vit_small_in1k,4,16,0.9259259259259259,0.0,27,0.9259259259259259
cub200,S3,ViT-S,vit_small_in1k,4,17,1.0,0.06666666666666667,15,0.9333333333333333
cub200,S3,ViT-S,vit_small_in1k,4,18,0.896551724137931,0.20689655172413793,29,0.6896551724137931
cub200,S3,ViT-S,vit_small_in1k,4,19,0.8620689655172413,0.0,29,0.8620689655172413
cub200,S3,ViT-S,vit_small_in1k,4,20,0.9333333333333333,0.23333333333333334,30,0.7
cub200,S3,ViT-S,vit_small_in1k,4,21,0.5,0.19230769230769232,26,0.3076923076923077
cub200,S3,ViT-S,vit_small_in1k,4,22,0.5862068965517241,0.3793103448275862,29,0.2068965517241379
cub200,S3,ViT-S,vit_small_in1k,4,23,0.8636363636363636,0.4090909090909091,22,0.45454545454545453
cub200,S3,ViT-S,vit_small_in1k,4,24,0.6333333333333333,0.6333333333333333,30,0.0
cub200,S3,ViT-S,vit_small_in1k,4,25,0.8333333333333334,0.2,30,0.6333333333333333
cub200,S3,ViT-S,vit_small_in1k,4,26,0.43333333333333335,0.23333333333333334,30,0.2
cub200,S3,ViT-S,vit_small_in1k,4,27,0.9655172413793104,0.9310344827586207,29,0.034482758620689724
cub200,S3,ViT-S,vit_small_in1k,4,28,0.5666666666666667,0.4,30,0.16666666666666663
cub200,S3,ViT-S,vit_small_in1k,4,29,0.4,0.4,30,0.0
cub200,S3,ViT-S,vit_small_in1k,4,30,0.8,0.3333333333333333,30,0.46666666666666673
cub200,S3,ViT-S,vit_small_in1k,4,31,0.782608695652174,0.043478260869565216,23,0.7391304347826088
cub200,S3,ViT-S,vit_small_in1k,4,32,0.8275862068965517,0.10344827586206896,29,0.7241379310344828
cub200,S3,ViT-S,vit_small_in1k,4,33,0.896551724137931,0.27586206896551724,29,0.6206896551724138
cub200,S3,ViT-S,vit_small_in1k,4,34,0.9666666666666667,0.03333333333333333,30,0.9333333333333333
cub200,S3,ViT-S,vit_small_in1k,4,35,0.9666666666666667,0.8333333333333334,30,0.1333333333333333
cub200,S3,ViT-S,vit_small_in1k,4,36,0.4827586206896552,0.3793103448275862,29,0.103448275862069
cub200,S3,ViT-S,vit_small_in1k,4,37,0.7,0.0,30,0.7
cub200,S3,ViT-S,vit_small_in1k,4,38,0.41379310344827586,0.1724137931034483,29,0.24137931034482757
cub200,S3,ViT-S,vit_small_in1k,4,39,0.7,0.4,30,0.29999999999999993
cub200,S3,ViT-S,vit_small_in1k,4,40,0.8666666666666667,0.36666666666666664,30,0.5
cub200,S3,ViT-S,vit_small_in1k,4,41,0.8666666666666667,0.0,30,0.8666666666666667
cub200,S3,ViT-S,vit_small_in1k,4,42,0.5862068965517241,0.06896551724137931,29,0.5172413793103448
cub200,S3,ViT-S,vit_small_in1k,4,43,0.7,0.4666666666666667,30,0.23333333333333328
cub200,S3,ViT-S,vit_small_in1k,4,44,0.6666666666666666,0.8333333333333334,30,-0.16666666666666674
cub200,S3,ViT-S,vit_small_in1k,4,45,0.8666666666666667,0.8,30,0.06666666666666665
cub200,S3,ViT-S,vit_small_in1k,4,46,0.9333333333333333,0.0,30,0.9333333333333333
cub200,S3,ViT-S,vit_small_in1k,4,47,1.0,0.0,30,1.0
cub200,S3,ViT-S,vit_small_in1k,4,48,0.7333333333333333,0.0,30,0.7333333333333333
cub200,S3,ViT-S,vit_small_in1k,4,49,0.8666666666666667,0.23333333333333334,30,0.6333333333333333
cub200,S3,ViT-S,vit_small_in1k,4,50,0.8,0.5333333333333333,30,0.2666666666666667
cub200,S3,ViT-S,vit_small_in1k,4,51,0.9333333333333333,0.4,30,0.5333333333333333
cub200,S3,ViT-S,vit_small_in1k,4,52,0.9333333333333333,0.7,30,0.2333333333333334
cub200,S3,ViT-S,vit_small_in1k,4,53,0.9,0.0,30,0.9
cub200,S3,ViT-S,vit_small_in1k,4,54,0.9,0.0,30,0.9
cub200,S3,ViT-S,vit_small_in1k,4,55,0.9333333333333333,0.03333333333333333,30,0.9
cub200,S3,ViT-S,vit_small_in1k,4,56,1.0,0.0,30,1.0
cub200,S3,ViT-S,vit_small_in1k,4,57,0.8928571428571429,0.39285714285714285,28,0.5
cub200,S3,ViT-S,vit_small_in1k,4,58,0.23333333333333334,0.03333333333333333,30,0.2
cub200,S3,ViT-S,vit_small_in1k,4,59,0.5172413793103449,0.10344827586206896,29,0.4137931034482759
cub200,S3,ViT-S,vit_small_in1k,4,60,0.9666666666666667,0.6333333333333333,30,0.33333333333333337
cub200,S3,ViT-S,vit_small_in1k,4,61,0.3,0.03333333333333333,30,0.26666666666666666
cub200,S3,ViT-S,vit_small_in1k,4,62,0.9,0.9,30,0.0
cub200,S3,ViT-S,vit_small_in1k,4,63,0.5666666666666667,0.1,30,0.4666666666666667
cub200,S3,ViT-S,vit_small_in1k,4,64,0.55,0.35,20,0.20000000000000007
cub200,S3,ViT-S,vit_small_in1k,4,65,0.6666666666666666,0.36666666666666664,30,0.3
cub200,S3,ViT-S,vit_small_in1k,4,66,0.7333333333333333,0.5333333333333333,30,0.19999999999999996
cub200,S3,ViT-S,vit_small_in1k,4,67,0.8333333333333334,0.5,30,0.33333333333333337
cub200,S3,ViT-S,vit_small_in1k,4,68,0.8333333333333334,0.03333333333333333,30,0.8
cub200,S3,ViT-S,vit_small_in1k,4,69,1.0,0.0,30,1.0
cub200,S3,ViT-S,vit_small_in1k,4,70,0.4666666666666667,0.3,30,0.16666666666666669
cub200,S3,ViT-S,vit_small_in1k,4,71,0.6,0.43333333333333335,30,0.16666666666666663
cub200,S3,ViT-S,vit_small_in1k,4,72,0.9333333333333333,0.3333333333333333,30,0.6000000000000001
cub200,S3,ViT-S,vit_small_in1k,4,73,1.0,0.03333333333333333,30,0.9666666666666667
cub200,S3,ViT-S,vit_small_in1k,4,74,1.0,0.07407407407407407,27,0.9259259259259259
cub200,S3,ViT-S,vit_small_in1k,4,75,0.9333333333333333,0.7666666666666667,30,0.16666666666666663
cub200,S3,ViT-S,vit_small_in1k,4,76,0.9333333333333333,0.0,30,0.9333333333333333
cub200,S3,ViT-S,vit_small_in1k,4,77,0.8275862068965517,0.4827586206896552,29,0.3448275862068965
cub200,S3,ViT-S,vit_small_in1k,4,78,0.8666666666666667,0.7333333333333333,30,0.13333333333333341
cub200,S3,ViT-S,vit_small_in1k,4,79,0.8666666666666667,0.43333333333333335,30,0.43333333333333335
cub200,S3,ViT-S,vit_small_in1k,4,80,0.9,0.9,30,0.0
cub200,S3,ViT-S,vit_small_in1k,4,81,0.8,0.0,30,0.8
cub200,S3,ViT-S,vit_small_in1k,4,82,0.9333333333333333,0.0,30,0.9333333333333333
cub200,S3,ViT-S,vit_small_in1k,4,83,0.9565217391304348,0.0,23,0.9565217391304348
cub200,S3,ViT-S,vit_small_in1k,4,84,0.9,0.5333333333333333,30,0.3666666666666667
cub200,S3,ViT-S,vit_small_in1k,4,85,0.9666666666666667,0.8666666666666667,30,0.09999999999999998
cub200,S3,ViT-S,vit_small_in1k,4,86,0.8,0.13333333333333333,30,0.6666666666666667
cub200,S3,ViT-S,vit_small_in1k,4,87,0.8666666666666667,0.0,30,0.8666666666666667
cub200,S3,ViT-S,vit_small_in1k,4,88,0.8,0.7666666666666667,30,0.033333333333333326
cub200,S3,ViT-S,vit_small_in1k,4,89,0.9333333333333333,0.5333333333333333,30,0.4
cub200,S3,ViT-S,vit_small_in1k,4,90,0.6333333333333333,0.8,30,-0.16666666666666674
cub200,S3,ViT-S,vit_small_in1k,4,91,0.7333333333333333,0.5,30,0.23333333333333328
cub200,S3,ViT-S,vit_small_in1k,4,92,0.9666666666666667,0.8666666666666667,30,0.09999999999999998
cub200,S3,ViT-S,vit_small_in1k,4,93,0.9666666666666667,0.6666666666666666,30,0.30000000000000004
cub200,S3,ViT-S,vit_small_in1k,4,94,0.8333333333333334,0.0,30,0.8333333333333334
cub200,S3,ViT-S,vit_small_in1k,4,95,0.7666666666666667,0.0,30,0.7666666666666667
cub200,S3,ViT-S,vit_small_in1k,4,96,0.7241379310344828,0.0,29,0.7241379310344828
cub200,S3,ViT-S,vit_small_in1k,4,97,0.8666666666666667,0.0,30,0.8666666666666667
cub200,S3,ViT-S,vit_small_in1k,4,98,0.8666666666666667,0.26666666666666666,30,0.6000000000000001
cub200,S3,ViT-S,vit_small_in1k,4,99,1.0,0.9666666666666667,30,0.033333333333333326
cub200,S3,ViT-S,vit_small_in1k,4,100,1.0,0.8,20,0.19999999999999996
cub200,S3,ViT-S,vit_small_in1k,4,101,0.5,0.36666666666666664,30,0.13333333333333336
cub200,S3,ViT-S,vit_small_in1k,4,102,0.4,0.26666666666666666,30,0.13333333333333336
cub200,S3,ViT-S,vit_small_in1k,4,103,0.7666666666666667,0.7,30,0.06666666666666676
cub200,S3,ViT-S,vit_small_in1k,4,104,0.7894736842105263,1.0,19,-0.21052631578947367
cub200,S3,ViT-S,vit_small_in1k,4,105,0.9333333333333333,0.7666666666666667,30,0.16666666666666663
cub200,S3,ViT-S,vit_small_in1k,4,106,0.36666666666666664,0.23333333333333334,30,0.1333333333333333
cub200,S3,ViT-S,vit_small_in1k,4,107,0.7333333333333333,0.8,30,-0.06666666666666676
cub200,S3,ViT-S,vit_small_in1k,4,108,0.9,0.0,30,0.9
cub200,S3,ViT-S,vit_small_in1k,4,109,0.9666666666666667,1.0,30,-0.033333333333333326
cub200,S3,ViT-S,vit_small_in1k,4,110,0.6666666666666666,0.3,30,0.36666666666666664
cub200,S3,ViT-S,vit_small_in1k,4,111,0.5333333333333333,0.8666666666666667,30,-0.33333333333333337
cub200,S3,ViT-S,vit_small_in1k,4,112,0.95,0.65,20,0.29999999999999993
cub200,S3,ViT-S,vit_small_in1k,4,113,0.9,0.9,30,0.0
cub200,S3,ViT-S,vit_small_in1k,4,114,0.6896551724137931,0.27586206896551724,29,0.4137931034482759
cub200,S3,ViT-S,vit_small_in1k,4,115,0.8,0.0,30,0.8
cub200,S3,ViT-S,vit_small_in1k,4,116,0.7241379310344828,0.2413793103448276,29,0.48275862068965514
cub200,S3,ViT-S,vit_small_in1k,4,117,0.7,0.16666666666666666,30,0.5333333333333333
cub200,S3,ViT-S,vit_small_in1k,4,118,0.6206896551724138,0.0,29,0.6206896551724138
cub200,S3,ViT-S,vit_small_in1k,4,119,0.7333333333333333,0.06666666666666667,30,0.6666666666666666
cub200,S3,ViT-S,vit_small_in1k,4,120,0.7333333333333333,0.26666666666666666,30,0.4666666666666666
cub200,S3,ViT-S,vit_small_in1k,4,121,0.8666666666666667,0.6666666666666666,30,0.20000000000000007
cub200,S3,ViT-S,vit_small_in1k,4,122,0.8666666666666667,0.13333333333333333,30,0.7333333333333334
cub200,S3,ViT-S,vit_small_in1k,4,123,0.7931034482758621,0.1724137931034483,29,0.6206896551724138
cub200,S3,ViT-S,vit_small_in1k,4,124,0.896551724137931,0.6896551724137931,29,0.2068965517241379
cub200,S3,ViT-S,vit_small_in1k,4,125,0.7666666666666667,0.0,30,0.7666666666666667
cub200,S3,ViT-S,vit_small_in1k,4,126,0.7333333333333333,0.06666666666666667,30,0.6666666666666666
cub200,S3,ViT-S,vit_small_in1k,4,127,0.7666666666666667,0.43333333333333335,30,0.33333333333333337
cub200,S3,ViT-S,vit_small_in1k,4,128,0.8333333333333334,0.2,30,0.6333333333333333
cub200,S3,ViT-S,vit_small_in1k,4,129,0.5333333333333333,0.06666666666666667,30,0.4666666666666667
cub200,S3,ViT-S,vit_small_in1k,4,130,0.7666666666666667,0.6666666666666666,30,0.10000000000000009
cub200,S3,ViT-S,vit_small_in1k,4,131,0.9,0.36666666666666664,30,0.5333333333333334
cub200,S3,ViT-S,vit_small_in1k,4,132,0.9,0.2,30,0.7
cub200,S3,ViT-S,vit_small_in1k,4,133,0.9333333333333333,0.0,30,0.9333333333333333
cub200,S3,ViT-S,vit_small_in1k,4,134,0.5,0.16666666666666666,30,0.33333333333333337
cub200,S3,ViT-S,vit_small_in1k,4,135,0.7,0.0,30,0.7
cub200,S3,ViT-S,vit_small_in1k,4,136,0.6666666666666666,0.1,30,0.5666666666666667
cub200,S3,ViT-S,vit_small_in1k,4,137,0.8333333333333334,0.26666666666666666,30,0.5666666666666667
cub200,S3,ViT-S,vit_small_in1k,4,138,0.9333333333333333,0.0,30,0.9333333333333333
cub200,S3,ViT-S,vit_small_in1k,4,139,0.9333333333333333,0.0,30,0.9333333333333333
cub200,S3,ViT-S,vit_small_in1k,4,140,0.7931034482758621,0.13793103448275862,29,0.6551724137931034
cub200,S3,ViT-S,vit_small_in1k,4,141,0.4666666666666667,0.3333333333333333,30,0.13333333333333336
cub200,S3,ViT-S,vit_small_in1k,4,142,0.5666666666666667,0.2,30,0.36666666666666664
cub200,S3,ViT-S,vit_small_in1k,4,143,0.4666666666666667,0.06666666666666667,30,0.4
cub200,S3,ViT-S,vit_small_in1k,4,144,0.6333333333333333,0.1,30,0.5333333333333333
cub200,S3,ViT-S,vit_small_in1k,4,145,0.4666666666666667,0.0,30,0.4666666666666667
cub200,S3,ViT-S,vit_small_in1k,4,146,0.9,0.5666666666666667,30,0.33333333333333337
cub200,S3,ViT-S,vit_small_in1k,4,147,0.9333333333333333,0.03333333333333333,30,0.9
cub200,S3,ViT-S,vit_small_in1k,4,148,0.896551724137931,0.2413793103448276,29,0.6551724137931034
cub200,S3,ViT-S,vit_small_in1k,4,149,0.9,0.6666666666666666,30,0.2333333333333334
cub200,S3,ViT-S,vit_small_in1k,4,150,0.9047619047619048,0.5238095238095238,21,0.38095238095238093
cub200,S3,ViT-S,vit_small_in1k,4,151,0.8333333333333334,0.43333333333333335,30,0.4
cub200,S3,ViT-S,vit_small_in1k,4,152,0.7586206896551724,0.0,29,0.7586206896551724
cub200,S3,ViT-S,vit_small_in1k,4,153,0.7666666666666667,0.03333333333333333,30,0.7333333333333334
cub200,S3,ViT-S,vit_small_in1k,4,154,0.6666666666666666,0.43333333333333335,30,0.23333333333333328
cub200,S3,ViT-S,vit_small_in1k,4,155,0.9333333333333333,0.0,30,0.9333333333333333
cub200,S3,ViT-S,vit_small_in1k,4,156,0.7586206896551724,0.0,29,0.7586206896551724
cub200,S3,ViT-S,vit_small_in1k,4,157,0.9333333333333333,0.0,30,0.9333333333333333
cub200,S3,ViT-S,vit_small_in1k,4,158,1.0,0.8666666666666667,30,0.1333333333333333
cub200,S3,ViT-S,vit_small_in1k,4,159,1.0,0.3448275862068966,29,0.6551724137931034
cub200,S3,ViT-S,vit_small_in1k,4,160,0.9,0.0,30,0.9
cub200,S3,ViT-S,vit_small_in1k,4,161,0.8333333333333334,0.0,30,0.8333333333333334
cub200,S3,ViT-S,vit_small_in1k,4,162,0.9666666666666667,0.0,30,0.9666666666666667
cub200,S3,ViT-S,vit_small_in1k,4,163,0.9333333333333333,0.16666666666666666,30,0.7666666666666667
cub200,S3,ViT-S,vit_small_in1k,4,164,0.9,0.0,30,0.9
cub200,S3,ViT-S,vit_small_in1k,4,165,0.896551724137931,0.0,29,0.896551724137931
cub200,S3,ViT-S,vit_small_in1k,4,166,0.6666666666666666,0.0,30,0.6666666666666666
cub200,S3,ViT-S,vit_small_in1k,4,167,0.8620689655172413,0.0,29,0.8620689655172413
cub200,S3,ViT-S,vit_small_in1k,4,168,1.0,0.0,29,1.0
cub200,S3,ViT-S,vit_small_in1k,4,169,0.7666666666666667,0.0,30,0.7666666666666667
cub200,S3,ViT-S,vit_small_in1k,4,170,0.9333333333333333,0.16666666666666666,30,0.7666666666666667
cub200,S3,ViT-S,vit_small_in1k,4,171,0.8333333333333334,0.0,30,0.8333333333333334
cub200,S3,ViT-S,vit_small_in1k,4,172,0.5666666666666667,0.0,30,0.5666666666666667
cub200,S3,ViT-S,vit_small_in1k,4,173,0.9,0.03333333333333333,30,0.8666666666666667
cub200,S3,ViT-S,vit_small_in1k,4,174,0.7333333333333333,0.0,30,0.7333333333333333
cub200,S3,ViT-S,vit_small_in1k,4,175,0.9666666666666667,0.0,30,0.9666666666666667
cub200,S3,ViT-S,vit_small_in1k,4,176,0.9666666666666667,0.0,30,0.9666666666666667
cub200,S3,ViT-S,vit_small_in1k,4,177,0.8076923076923077,0.11538461538461539,26,0.6923076923076923
cub200,S3,ViT-S,vit_small_in1k,4,178,0.6206896551724138,0.0,29,0.6206896551724138
cub200,S3,ViT-S,vit_small_in1k,4,179,0.8666666666666667,0.0,30,0.8666666666666667
cub200,S3,ViT-S,vit_small_in1k,4,180,0.9310344827586207,0.0,29,0.9310344827586207
cub200,S3,ViT-S,vit_small_in1k,4,181,0.8666666666666667,0.0,30,0.8666666666666667
cub200,S3,ViT-S,vit_small_in1k,4,182,0.8333333333333334,0.7,30,0.13333333333333341
cub200,S3,ViT-S,vit_small_in1k,4,183,0.7,0.7666666666666667,30,-0.06666666666666676
cub200,S3,ViT-S,vit_small_in1k,4,184,0.9333333333333333,0.4666666666666667,30,0.4666666666666667
cub200,S3,ViT-S,vit_small_in1k,4,185,0.9666666666666667,0.16666666666666666,30,0.8
cub200,S3,ViT-S,vit_small_in1k,4,186,0.85,0.8,20,0.04999999999999993
cub200,S3,ViT-S,vit_small_in1k,4,187,1.0,0.6333333333333333,30,0.3666666666666667
cub200,S3,ViT-S,vit_small_in1k,4,188,1.0,0.9333333333333333,30,0.06666666666666665
cub200,S3,ViT-S,vit_small_in1k,4,189,0.9310344827586207,0.9310344827586207,29,0.0
cub200,S3,ViT-S,vit_small_in1k,4,190,0.8666666666666667,0.16666666666666666,30,0.7000000000000001
cub200,S3,ViT-S,vit_small_in1k,4,191,0.9666666666666667,0.9333333333333333,30,0.033333333333333326
cub200,S3,ViT-S,vit_small_in1k,4,192,0.7,0.6333333333333333,30,0.06666666666666665
cub200,S3,ViT-S,vit_small_in1k,4,193,0.9666666666666667,0.8,30,0.16666666666666663
cub200,S3,ViT-S,vit_small_in1k,4,194,0.9666666666666667,0.1,30,0.8666666666666667
cub200,S3,ViT-S,vit_small_in1k,4,195,0.5666666666666667,0.3,30,0.26666666666666666
cub200,S3,ViT-S,vit_small_in1k,4,196,0.7666666666666667,0.3333333333333333,30,0.4333333333333334
cub200,S3,ViT-S,vit_small_in1k,4,197,0.8333333333333334,0.6,30,0.2333333333333334
cub200,S3,ViT-S,vit_small_in1k,4,198,0.8333333333333334,0.6333333333333333,30,0.20000000000000007
cub200,S3,ViT-S,vit_small_in1k,4,199,0.9333333333333333,0.0,30,0.9333333333333333
cub200,S4,Swin-T,swin_tiny,0,0,0.8333333333333334,0.6333333333333333,30,0.20000000000000007
cub200,S4,Swin-T,swin_tiny,0,1,0.8,0.8666666666666667,30,-0.06666666666666665
cub200,S4,Swin-T,swin_tiny,0,2,0.9285714285714286,0.8928571428571429,28,0.0357142857142857
cub200,S4,Swin-T,swin_tiny,0,3,0.9,0.8333333333333334,30,0.06666666666666665
cub200,S4,Swin-T,swin_tiny,0,4,0.8571428571428571,0.7142857142857143,14,0.1428571428571428
cub200,S4,Swin-T,swin_tiny,0,5,0.9090909090909091,0.9090909090909091,11,0.0
cub200,S4,Swin-T,swin_tiny,0,6,1.0,0.6086956521739131,23,0.3913043478260869
cub200,S4,Swin-T,swin_tiny,0,7,0.9444444444444444,0.5,18,0.4444444444444444
cub200,S4,Swin-T,swin_tiny,0,8,0.5517241379310345,0.41379310344827586,29,0.13793103448275862
cub200,S4,Swin-T,swin_tiny,0,9,0.9666666666666667,0.03333333333333333,30,0.9333333333333333
cub200,S4,Swin-T,swin_tiny,0,10,0.6666666666666666,0.3,30,0.36666666666666664
cub200,S4,Swin-T,swin_tiny,0,11,1.0,0.038461538461538464,26,0.9615384615384616
cub200,S4,Swin-T,swin_tiny,0,12,0.9333333333333333,0.8333333333333334,30,0.09999999999999998
cub200,S4,Swin-T,swin_tiny,0,13,0.9666666666666667,0.0,30,0.9666666666666667
cub200,S4,Swin-T,swin_tiny,0,14,0.9642857142857143,0.0,28,0.9642857142857143
cub200,S4,Swin-T,swin_tiny,0,15,0.9285714285714286,0.0,28,0.9285714285714286
cub200,S4,Swin-T,swin_tiny,0,16,0.9629629629629629,0.14814814814814814,27,0.8148148148148148
cub200,S4,Swin-T,swin_tiny,0,17,1.0,0.8,15,0.19999999999999996
cub200,S4,Swin-T,swin_tiny,0,18,0.9310344827586207,0.4827586206896552,29,0.44827586206896547
cub200,S4,Swin-T,swin_tiny,0,19,0.9310344827586207,0.0,29,0.9310344827586207
cub200,S4,Swin-T,swin_tiny,0,20,1.0,0.4,30,0.6
cub200,S4,Swin-T,swin_tiny,0,21,0.5769230769230769,0.15384615384615385,26,0.423076923076923
cub200,S4,Swin-T,swin_tiny,0,22,0.6896551724137931,0.5172413793103449,29,0.1724137931034483
cub200,S4,Swin-T,swin_tiny,0,23,0.6818181818181818,0.22727272727272727,22,0.4545454545454545
cub200,S4,Swin-T,swin_tiny,0,24,0.7,0.5333333333333333,30,0.16666666666666663
cub200,S4,Swin-T,swin_tiny,0,25,0.9666666666666667,0.13333333333333333,30,0.8333333333333334
cub200,S4,Swin-T,swin_tiny,0,26,0.4,0.36666666666666664,30,0.03333333333333338
cub200,S4,Swin-T,swin_tiny,0,27,1.0,0.9310344827586207,29,0.06896551724137934
cub200,S4,Swin-T,swin_tiny,0,28,0.43333333333333335,0.3,30,0.13333333333333336
cub200,S4,Swin-T,swin_tiny,0,29,0.36666666666666664,0.3,30,0.06666666666666665
cub200,S4,Swin-T,swin_tiny,0,30,0.9,0.5666666666666667,30,0.33333333333333337
cub200,S4,Swin-T,swin_tiny,0,31,0.8260869565217391,0.2608695652173913,23,0.5652173913043479
cub200,S4,Swin-T,swin_tiny,0,32,0.896551724137931,0.3793103448275862,29,0.5172413793103449
cub200,S4,Swin-T,swin_tiny,0,33,0.9655172413793104,0.4827586206896552,29,0.4827586206896552
cub200,S4,Swin-T,swin_tiny,0,34,1.0,0.3333333333333333,30,0.6666666666666667
cub200,S4,Swin-T,swin_tiny,0,35,0.9666666666666667,0.9333333333333333,30,0.033333333333333326
cub200,S4,Swin-T,swin_tiny,0,36,0.6206896551724138,0.20689655172413793,29,0.4137931034482759
cub200,S4,Swin-T,swin_tiny,0,37,0.8333333333333334,0.0,30,0.8333333333333334
cub200,S4,Swin-T,swin_tiny,0,38,0.6551724137931034,0.4827586206896552,29,0.17241379310344823
cub200,S4,Swin-T,swin_tiny,0,39,0.6333333333333333,0.5333333333333333,30,0.09999999999999998
cub200,S4,Swin-T,swin_tiny,0,40,0.9,0.6333333333333333,30,0.2666666666666667
cub200,S4,Swin-T,swin_tiny,0,41,0.9666666666666667,0.0,30,0.9666666666666667
cub200,S4,Swin-T,swin_tiny,0,42,0.5517241379310345,0.034482758620689655,29,0.5172413793103449
cub200,S4,Swin-T,swin_tiny,0,43,0.8333333333333334,0.8,30,0.033333333333333326
cub200,S4,Swin-T,swin_tiny,0,44,0.7333333333333333,0.8666666666666667,30,-0.13333333333333341
cub200,S4,Swin-T,swin_tiny,0,45,0.9666666666666667,0.8666666666666667,30,0.09999999999999998
cub200,S4,Swin-T,swin_tiny,0,46,0.9666666666666667,0.23333333333333334,30,0.7333333333333334
cub200,S4,Swin-T,swin_tiny,0,47,1.0,0.1,30,0.9
cub200,S4,Swin-T,swin_tiny,0,48,0.7,0.03333333333333333,30,0.6666666666666666
cub200,S4,Swin-T,swin_tiny,0,49,0.8,0.43333333333333335,30,0.3666666666666667
cub200,S4,Swin-T,swin_tiny,0,50,0.9666666666666667,0.8666666666666667,30,0.09999999999999998
cub200,S4,Swin-T,swin_tiny,0,51,0.9666666666666667,0.6,30,0.3666666666666667
cub200,S4,Swin-T,swin_tiny,0,52,0.9666666666666667,0.8,30,0.16666666666666663
cub200,S4,Swin-T,swin_tiny,0,53,0.9,0.0,30,0.9
cub200,S4,Swin-T,swin_tiny,0,54,0.9,0.03333333333333333,30,0.8666666666666667
cub200,S4,Swin-T,swin_tiny,0,55,0.9333333333333333,0.03333333333333333,30,0.9
cub200,S4,Swin-T,swin_tiny,0,56,1.0,0.4,30,0.6
cub200,S4,Swin-T,swin_tiny,0,57,0.8928571428571429,0.6071428571428571,28,0.2857142857142858
cub200,S4,Swin-T,swin_tiny,0,58,0.16666666666666666,0.23333333333333334,30,-0.06666666666666668
cub200,S4,Swin-T,swin_tiny,0,59,0.6206896551724138,0.27586206896551724,29,0.3448275862068966
cub200,S4,Swin-T,swin_tiny,0,60,0.9666666666666667,0.4666666666666667,30,0.5
cub200,S4,Swin-T,swin_tiny,0,61,0.6,0.03333333333333333,30,0.5666666666666667
cub200,S4,Swin-T,swin_tiny,0,62,0.9666666666666667,1.0,30,-0.033333333333333326
cub200,S4,Swin-T,swin_tiny,0,63,0.7,0.3,30,0.39999999999999997
cub200,S4,Swin-T,swin_tiny,0,64,0.55,0.4,20,0.15000000000000002
cub200,S4,Swin-T,swin_tiny,0,65,0.6666666666666666,0.5,30,0.16666666666666663
cub200,S4,Swin-T,swin_tiny,0,66,0.7666666666666667,0.4666666666666667,30,0.30000000000000004
cub200,S4,Swin-T,swin_tiny,0,67,0.9,0.7333333333333333,30,0.16666666666666674
cub200,S4,Swin-T,swin_tiny,0,68,0.9,0.16666666666666666,30,0.7333333333333334
cub200,S4,Swin-T,swin_tiny,0,69,1.0,0.0,30,1.0
cub200,S4,Swin-T,swin_tiny,0,70,0.5,0.5333333333333333,30,-0.033333333333333326
cub200,S4,Swin-T,swin_tiny,0,71,0.6666666666666666,0.6,30,0.06666666666666665
cub200,S4,Swin-T,swin_tiny,0,72,0.9666666666666667,0.8333333333333334,30,0.1333333333333333
cub200,S4,Swin-T,swin_tiny,0,73,0.9666666666666667,0.2,30,0.7666666666666666
cub200,S4,Swin-T,swin_tiny,0,74,1.0,0.0,27,1.0
cub200,S4,Swin-T,swin_tiny,0,75,1.0,0.8333333333333334,30,0.16666666666666663
cub200,S4,Swin-T,swin_tiny,0,76,0.9333333333333333,0.0,30,0.9333333333333333
cub200,S4,Swin-T,swin_tiny,0,77,0.9655172413793104,0.9310344827586207,29,0.034482758620689724
cub200,S4,Swin-T,swin_tiny,0,78,0.9,0.8,30,0.09999999999999998
cub200,S4,Swin-T,swin_tiny,0,79,0.8666666666666667,0.6666666666666666,30,0.20000000000000007
cub200,S4,Swin-T,swin_tiny,0,80,0.9,0.9,30,0.0
cub200,S4,Swin-T,swin_tiny,0,81,0.7,0.2,30,0.49999999999999994
cub200,S4,Swin-T,swin_tiny,0,82,0.9666666666666667,0.0,30,0.9666666666666667
cub200,S4,Swin-T,swin_tiny,0,83,0.782608695652174,0.17391304347826086,23,0.6086956521739131
cub200,S4,Swin-T,swin_tiny,0,84,0.9333333333333333,0.7666666666666667,30,0.16666666666666663
cub200,S4,Swin-T,swin_tiny,0,85,0.9666666666666667,0.9666666666666667,30,0.0
cub200,S4,Swin-T,swin_tiny,0,86,0.8666666666666667,0.2,30,0.6666666666666667
cub200,S4,Swin-T,swin_tiny,0,87,0.8666666666666667,0.13333333333333333,30,0.7333333333333334
cub200,S4,Swin-T,swin_tiny,0,88,0.8,0.8,30,0.0
cub200,S4,Swin-T,swin_tiny,0,89,0.9666666666666667,0.7,30,0.2666666666666667
cub200,S4,Swin-T,swin_tiny,0,90,0.8,0.8,30,0.0
cub200,S4,Swin-T,swin_tiny,0,91,0.8666666666666667,0.7333333333333333,30,0.13333333333333341
cub200,S4,Swin-T,swin_tiny,0,92,1.0,0.9,30,0.09999999999999998
cub200,S4,Swin-T,swin_tiny,0,93,1.0,0.9333333333333333,30,0.06666666666666665
cub200,S4,Swin-T,swin_tiny,0,94,0.8666666666666667,0.0,30,0.8666666666666667
cub200,S4,Swin-T,swin_tiny,0,95,0.8333333333333334,0.0,30,0.8333333333333334
cub200,S4,Swin-T,swin_tiny,0,96,0.7241379310344828,0.10344827586206896,29,0.6206896551724138
cub200,S4,Swin-T,swin_tiny,0,97,0.9333333333333333,0.03333333333333333,30,0.9
cub200,S4,Swin-T,swin_tiny,0,98,0.9,0.6,30,0.30000000000000004
cub200,S4,Swin-T,swin_tiny,0,99,1.0,1.0,30,0.0
cub200,S4,Swin-T,swin_tiny,0,100,0.95,0.85,20,0.09999999999999998
cub200,S4,Swin-T,swin_tiny,0,101,0.4,0.7,30,-0.29999999999999993
cub200,S4,Swin-T,swin_tiny,0,102,0.7666666666666667,0.4,30,0.3666666666666667
cub200,S4,Swin-T,swin_tiny,0,103,0.7,0.6666666666666666,30,0.033333333333333326
cub200,S4,Swin-T,swin_tiny,0,104,0.7894736842105263,1.0,19,-0.21052631578947367
cub200,S4,Swin-T,swin_tiny,0,105,1.0,0.8333333333333334,30,0.16666666666666663
cub200,S4,Swin-T,swin_tiny,0,106,0.5,0.5,30,0.0
cub200,S4,Swin-T,swin_tiny,0,107,0.7666666666666667,0.8,30,-0.033333333333333326
cub200,S4,Swin-T,swin_tiny,0,108,0.8666666666666667,0.0,30,0.8666666666666667
cub200,S4,Swin-T,swin_tiny,0,109,0.9666666666666667,1.0,30,-0.033333333333333326
cub200,S4,Swin-T,swin_tiny,0,110,0.6666666666666666,0.5333333333333333,30,0.1333333333333333
cub200,S4,Swin-T,swin_tiny,0,111,0.5,0.7666666666666667,30,-0.2666666666666667
cub200,S4,Swin-T,swin_tiny,0,112,0.85,0.9,20,-0.050000000000000044
cub200,S4,Swin-T,swin_tiny,0,113,0.9,0.8666666666666667,30,0.033333333333333326
cub200,S4,Swin-T,swin_tiny,0,114,0.5862068965517241,0.5172413793103449,29,0.06896551724137923
cub200,S4,Swin-T,swin_tiny,0,115,0.7333333333333333,0.0,30,0.7333333333333333
cub200,S4,Swin-T,swin_tiny,0,116,0.8620689655172413,0.3448275862068966,29,0.5172413793103448
cub200,S4,Swin-T,swin_tiny,0,117,0.6666666666666666,0.06666666666666667,30,0.6
cub200,S4,Swin-T,swin_tiny,0,118,0.7931034482758621,0.06896551724137931,29,0.7241379310344828
cub200,S4,Swin-T,swin_tiny,0,119,0.7333333333333333,0.36666666666666664,30,0.36666666666666664
cub200,S4,Swin-T,swin_tiny,0,120,0.7,0.13333333333333333,30,0.5666666666666667
cub200,S4,Swin-T,swin_tiny,0,121,0.9666666666666667,0.4666666666666667,30,0.5
cub200,S4,Swin-T,swin_tiny,0,122,0.8333333333333334,0.16666666666666666,30,0.6666666666666667
cub200,S4,Swin-T,swin_tiny,0,123,0.9655172413793104,0.3793103448275862,29,0.5862068965517242
cub200,S4,Swin-T,swin_tiny,0,124,0.9310344827586207,0.6206896551724138,29,0.31034482758620685
cub200,S4,Swin-T,swin_tiny,0,125,0.8666666666666667,0.13333333333333333,30,0.7333333333333334
cub200,S4,Swin-T,swin_tiny,0,126,0.6666666666666666,0.0,30,0.6666666666666666
cub200,S4,Swin-T,swin_tiny,0,127,0.8333333333333334,0.6666666666666666,30,0.16666666666666674
cub200,S4,Swin-T,swin_tiny,0,128,0.8666666666666667,0.03333333333333333,30,0.8333333333333334
cub200,S4,Swin-T,swin_tiny,0,129,0.6333333333333333,0.06666666666666667,30,0.5666666666666667
cub200,S4,Swin-T,swin_tiny,0,130,0.8666666666666667,0.7666666666666667,30,0.09999999999999998
cub200,S4,Swin-T,swin_tiny,0,131,0.9333333333333333,0.6,30,0.33333333333333337
cub200,S4,Swin-T,swin_tiny,0,132,0.9333333333333333,0.26666666666666666,30,0.6666666666666667
cub200,S4,Swin-T,swin_tiny,0,133,1.0,0.0,30,1.0
cub200,S4,Swin-T,swin_tiny,0,134,0.6666666666666666,0.4666666666666667,30,0.19999999999999996
cub200,S4,Swin-T,swin_tiny,0,135,0.7333333333333333,0.0,30,0.7333333333333333
cub200,S4,Swin-T,swin_tiny,0,136,0.8666666666666667,0.16666666666666666,30,0.7000000000000001
cub200,S4,Swin-T,swin_tiny,0,137,0.8333333333333334,0.06666666666666667,30,0.7666666666666667
cub200,S4,Swin-T,swin_tiny,0,138,0.9666666666666667,0.0,30,0.9666666666666667
cub200,S4,Swin-T,swin_tiny,0,139,0.9333333333333333,0.0,30,0.9333333333333333
cub200,S4,Swin-T,swin_tiny,0,140,0.6551724137931034,0.3103448275862069,29,0.3448275862068965
cub200,S4,Swin-T,swin_tiny,0,141,0.5,0.43333333333333335,30,0.06666666666666665
cub200,S4,Swin-T,swin_tiny,0,142,0.7333333333333333,0.3,30,0.4333333333333333
cub200,S4,Swin-T,swin_tiny,0,143,0.4666666666666667,0.1,30,0.3666666666666667
cub200,S4,Swin-T,swin_tiny,0,144,0.5333333333333333,0.13333333333333333,30,0.4
cub200,S4,Swin-T,swin_tiny,0,145,0.4666666666666667,0.06666666666666667,30,0.4
cub200,S4,Swin-T,swin_tiny,0,146,0.9333333333333333,0.4666666666666667,30,0.4666666666666667
cub200,S4,Swin-T,swin_tiny,0,147,0.9666666666666667,0.06666666666666667,30,0.9
cub200,S4,Swin-T,swin_tiny,0,148,1.0,0.20689655172413793,29,0.7931034482758621
cub200,S4,Swin-T,swin_tiny,0,149,0.9333333333333333,0.9,30,0.033333333333333326
cub200,S4,Swin-T,swin_tiny,0,150,1.0,0.9047619047619048,21,0.09523809523809523
cub200,S4,Swin-T,swin_tiny,0,151,0.8333333333333334,0.5666666666666667,30,0.2666666666666667
cub200,S4,Swin-T,swin_tiny,0,152,0.7931034482758621,0.10344827586206896,29,0.6896551724137931
cub200,S4,Swin-T,swin_tiny,0,153,0.8666666666666667,0.13333333333333333,30,0.7333333333333334
cub200,S4,Swin-T,swin_tiny,0,154,0.7666666666666667,0.7333333333333333,30,0.03333333333333344
cub200,S4,Swin-T,swin_tiny,0,155,0.9333333333333333,0.0,30,0.9333333333333333
cub200,S4,Swin-T,swin_tiny,0,156,0.7931034482758621,0.0,29,0.7931034482758621
cub200,S4,Swin-T,swin_tiny,0,157,1.0,0.2,30,0.8
cub200,S4,Swin-T,swin_tiny,0,158,1.0,1.0,30,0.0
cub200,S4,Swin-T,swin_tiny,0,159,0.9655172413793104,0.7586206896551724,29,0.206896551724138
cub200,S4,Swin-T,swin_tiny,0,160,0.9333333333333333,0.03333333333333333,30,0.9
cub200,S4,Swin-T,swin_tiny,0,161,0.9333333333333333,0.06666666666666667,30,0.8666666666666667
cub200,S4,Swin-T,swin_tiny,0,162,0.9333333333333333,0.0,30,0.9333333333333333
cub200,S4,Swin-T,swin_tiny,0,163,0.9333333333333333,0.6666666666666666,30,0.2666666666666667
cub200,S4,Swin-T,swin_tiny,0,164,0.9333333333333333,0.1,30,0.8333333333333334
cub200,S4,Swin-T,swin_tiny,0,165,0.9310344827586207,0.06896551724137931,29,0.8620689655172413
cub200,S4,Swin-T,swin_tiny,0,166,0.7333333333333333,0.06666666666666667,30,0.6666666666666666
cub200,S4,Swin-T,swin_tiny,0,167,0.9310344827586207,0.0,29,0.9310344827586207
cub200,S4,Swin-T,swin_tiny,0,168,1.0,0.0,29,1.0
cub200,S4,Swin-T,swin_tiny,0,169,0.9,0.0,30,0.9
cub200,S4,Swin-T,swin_tiny,0,170,0.9333333333333333,0.23333333333333334,30,0.7
cub200,S4,Swin-T,swin_tiny,0,171,0.8666666666666667,0.0,30,0.8666666666666667
cub200,S4,Swin-T,swin_tiny,0,172,0.7,0.03333333333333333,30,0.6666666666666666
cub200,S4,Swin-T,swin_tiny,0,173,0.9333333333333333,0.23333333333333334,30,0.7
cub200,S4,Swin-T,swin_tiny,0,174,0.7,0.06666666666666667,30,0.6333333333333333
cub200,S4,Swin-T,swin_tiny,0,175,0.9,0.26666666666666666,30,0.6333333333333333
cub200,S4,Swin-T,swin_tiny,0,176,0.9666666666666667,0.0,30,0.9666666666666667
cub200,S4,Swin-T,swin_tiny,0,177,0.9615384615384616,0.5,26,0.46153846153846156
cub200,S4,Swin-T,swin_tiny,0,178,0.6206896551724138,0.0,29,0.6206896551724138
cub200,S4,Swin-T,swin_tiny,0,179,0.8666666666666667,0.0,30,0.8666666666666667
cub200,S4,Swin-T,swin_tiny,0,180,0.9655172413793104,0.7241379310344828,29,0.24137931034482762
cub200,S4,Swin-T,swin_tiny,0,181,0.9333333333333333,0.06666666666666667,30,0.8666666666666667
cub200,S4,Swin-T,swin_tiny,0,182,0.9666666666666667,0.8,30,0.16666666666666663
cub200,S4,Swin-T,swin_tiny,0,183,0.8,0.7666666666666667,30,0.033333333333333326
cub200,S4,Swin-T,swin_tiny,0,184,0.9666666666666667,0.6666666666666666,30,0.30000000000000004
cub200,S4,Swin-T,swin_tiny,0,185,0.9333333333333333,0.2,30,0.7333333333333334
cub200,S4,Swin-T,swin_tiny,0,186,1.0,0.85,20,0.15000000000000002
cub200,S4,Swin-T,swin_tiny,0,187,1.0,0.8666666666666667,30,0.1333333333333333
cub200,S4,Swin-T,swin_tiny,0,188,1.0,0.9333333333333333,30,0.06666666666666665
cub200,S4,Swin-T,swin_tiny,0,189,0.9310344827586207,0.9310344827586207,29,0.0
cub200,S4,Swin-T,swin_tiny,0,190,0.8666666666666667,0.0,30,0.8666666666666667
cub200,S4,Swin-T,swin_tiny,0,191,1.0,1.0,30,0.0
cub200,S4,Swin-T,swin_tiny,0,192,0.8,0.8,30,0.0
cub200,S4,Swin-T,swin_tiny,0,193,0.9,0.8666666666666667,30,0.033333333333333326
cub200,S4,Swin-T,swin_tiny,0,194,1.0,0.2,30,0.8
cub200,S4,Swin-T,swin_tiny,0,195,0.8333333333333334,0.5,30,0.33333333333333337
cub200,S4,Swin-T,swin_tiny,0,196,0.8,0.5333333333333333,30,0.2666666666666667
cub200,S4,Swin-T,swin_tiny,0,197,0.8666666666666667,0.7666666666666667,30,0.09999999999999998
cub200,S4,Swin-T,swin_tiny,0,198,0.9,0.6666666666666666,30,0.2333333333333334
cub200,S4,Swin-T,swin_tiny,0,199,0.9666666666666667,0.03333333333333333,30,0.9333333333333333
cub200,S4,Swin-T,swin_tiny,1,0,0.8666666666666667,0.6333333333333333,30,0.2333333333333334
cub200,S4,Swin-T,swin_tiny,1,1,0.8333333333333334,0.6,30,0.2333333333333334
cub200,S4,Swin-T,swin_tiny,1,2,1.0,0.8928571428571429,28,0.1071428571428571
cub200,S4,Swin-T,swin_tiny,1,3,0.9666666666666667,0.7666666666666667,30,0.19999999999999996
cub200,S4,Swin-T,swin_tiny,1,4,0.9285714285714286,0.5714285714285714,14,0.3571428571428572
cub200,S4,Swin-T,swin_tiny,1,5,0.9090909090909091,1.0,11,-0.09090909090909094
cub200,S4,Swin-T,swin_tiny,1,6,1.0,0.5652173913043478,23,0.4347826086956522
cub200,S4,Swin-T,swin_tiny,1,7,1.0,0.5,18,0.5
cub200,S4,Swin-T,swin_tiny,1,8,0.5862068965517241,0.3793103448275862,29,0.2068965517241379
cub200,S4,Swin-T,swin_tiny,1,9,1.0,0.0,30,1.0
cub200,S4,Swin-T,swin_tiny,1,10,0.6,0.1,30,0.5
cub200,S4,Swin-T,swin_tiny,1,11,1.0,0.038461538461538464,26,0.9615384615384616
cub200,S4,Swin-T,swin_tiny,1,12,0.9666666666666667,0.8666666666666667,30,0.09999999999999998
cub200,S4,Swin-T,swin_tiny,1,13,0.9666666666666667,0.0,30,0.9666666666666667
cub200,S4,Swin-T,swin_tiny,1,14,0.9285714285714286,0.0,28,0.9285714285714286
cub200,S4,Swin-T,swin_tiny,1,15,0.9642857142857143,0.0,28,0.9642857142857143
cub200,S4,Swin-T,swin_tiny,1,16,1.0,0.18518518518518517,27,0.8148148148148149
cub200,S4,Swin-T,swin_tiny,1,17,1.0,0.8,15,0.19999999999999996
cub200,S4,Swin-T,swin_tiny,1,18,0.8620689655172413,0.6551724137931034,29,0.2068965517241379
cub200,S4,Swin-T,swin_tiny,1,19,0.896551724137931,0.0,29,0.896551724137931
cub200,S4,Swin-T,swin_tiny,1,20,0.9666666666666667,0.3,30,0.6666666666666667
cub200,S4,Swin-T,swin_tiny,1,21,0.6923076923076923,0.19230769230769232,26,0.5
cub200,S4,Swin-T,swin_tiny,1,22,0.6551724137931034,0.5172413793103449,29,0.13793103448275856
cub200,S4,Swin-T,swin_tiny,1,23,0.9090909090909091,0.36363636363636365,22,0.5454545454545454
cub200,S4,Swin-T,swin_tiny,1,24,0.6666666666666666,0.5666666666666667,30,0.09999999999999998
cub200,S4,Swin-T,swin_tiny,1,25,0.9333333333333333,0.13333333333333333,30,0.8
cub200,S4,Swin-T,swin_tiny,1,26,0.26666666666666666,0.2,30,0.06666666666666665
cub200,S4,Swin-T,swin_tiny,1,27,0.9310344827586207,0.9310344827586207,29,0.0
cub200,S4,Swin-T,swin_tiny,1,28,0.43333333333333335,0.3,30,0.13333333333333336
cub200,S4,Swin-T,swin_tiny,1,29,0.36666666666666664,0.36666666666666664,30,0.0
cub200,S4,Swin-T,swin_tiny,1,30,0.8333333333333334,0.5,30,0.33333333333333337
cub200,S4,Swin-T,swin_tiny,1,31,0.782608695652174,0.30434782608695654,23,0.4782608695652174
cub200,S4,Swin-T,swin_tiny,1,32,0.9310344827586207,0.5862068965517241,29,0.3448275862068966
cub200,S4,Swin-T,swin_tiny,1,33,1.0,0.3793103448275862,29,0.6206896551724138
cub200,S4,Swin-T,swin_tiny,1,34,1.0,0.5666666666666667,30,0.43333333333333335
cub200,S4,Swin-T,swin_tiny,1,35,0.9666666666666667,0.9,30,0.06666666666666665
cub200,S4,Swin-T,swin_tiny,1,36,0.4827586206896552,0.3448275862068966,29,0.13793103448275862
cub200,S4,Swin-T,swin_tiny,1,37,0.8333333333333334,0.03333333333333333,30,0.8
cub200,S4,Swin-T,swin_tiny,1,38,0.4482758620689655,0.27586206896551724,29,0.1724137931034483
cub200,S4,Swin-T,swin_tiny,1,39,0.7333333333333333,0.6,30,0.1333333333333333
cub200,S4,Swin-T,swin_tiny,1,40,0.8333333333333334,0.6333333333333333,30,0.20000000000000007
cub200,S4,Swin-T,swin_tiny,1,41,0.9,0.0,30,0.9
cub200,S4,Swin-T,swin_tiny,1,42,0.5862068965517241,0.06896551724137931,29,0.5172413793103448
cub200,S4,Swin-T,swin_tiny,1,43,0.9333333333333333,0.8,30,0.1333333333333333
cub200,S4,Swin-T,swin_tiny,1,44,0.6666666666666666,0.8666666666666667,30,-0.20000000000000007
cub200,S4,Swin-T,swin_tiny,1,45,0.9666666666666667,0.9333333333333333,30,0.033333333333333326
cub200,S4,Swin-T,swin_tiny,1,46,0.9333333333333333,0.2,30,0.7333333333333334
cub200,S4,Swin-T,swin_tiny,1,47,1.0,0.26666666666666666,30,0.7333333333333334
cub200,S4,Swin-T,swin_tiny,1,48,0.8333333333333334,0.0,30,0.8333333333333334
cub200,S4,Swin-T,swin_tiny,1,49,0.8333333333333334,0.5666666666666667,30,0.2666666666666667
cub200,S4,Swin-T,swin_tiny,1,50,0.8666666666666667,0.36666666666666664,30,0.5
cub200,S4,Swin-T,swin_tiny,1,51,0.9666666666666667,0.9333333333333333,30,0.033333333333333326
cub200,S4,Swin-T,swin_tiny,1,52,0.9333333333333333,0.8,30,0.1333333333333333
cub200,S4,Swin-T,swin_tiny,1,53,0.9,0.03333333333333333,30,0.8666666666666667
cub200,S4,Swin-T,swin_tiny,1,54,0.9,0.1,30,0.8
cub200,S4,Swin-T,swin_tiny,1,55,0.9333333333333333,0.13333333333333333,30,0.8
cub200,S4,Swin-T,swin_tiny,1,56,1.0,0.26666666666666666,30,0.7333333333333334
cub200,S4,Swin-T,swin_tiny,1,57,0.8571428571428571,0.6071428571428571,28,0.25
cub200,S4,Swin-T,swin_tiny,1,58,0.23333333333333334,0.2,30,0.033333333333333326
cub200,S4,Swin-T,swin_tiny,1,59,0.6206896551724138,0.3448275862068966,29,0.27586206896551724
cub200,S4,Swin-T,swin_tiny,1,60,1.0,0.5,30,0.5
cub200,S4,Swin-T,swin_tiny,1,61,0.3,0.16666666666666666,30,0.13333333333333333
cub200,S4,Swin-T,swin_tiny,1,62,0.9333333333333333,0.9333333333333333,30,0.0
cub200,S4,Swin-T,swin_tiny,1,63,0.7,0.3333333333333333,30,0.36666666666666664
cub200,S4,Swin-T,swin_tiny,1,64,0.6,0.5,20,0.09999999999999998
cub200,S4,Swin-T,swin_tiny,1,65,0.7666666666666667,0.6333333333333333,30,0.13333333333333341
cub200,S4,Swin-T,swin_tiny,1,66,0.7333333333333333,0.5666666666666667,30,0.16666666666666663
cub200,S4,Swin-T,swin_tiny,1,67,0.8,0.6333333333333333,30,0.16666666666666674
cub200,S4,Swin-T,swin_tiny,1,68,0.7666666666666667,0.26666666666666666,30,0.5
cub200,S4,Swin-T,swin_tiny,1,69,1.0,0.0,30,1.0
cub200,S4,Swin-T,swin_tiny,1,70,0.4,0.6,30,-0.19999999999999996
cub200,S4,Swin-T,swin_tiny,1,71,0.6333333333333333,0.5333333333333333,30,0.09999999999999998
cub200,S4,Swin-T,swin_tiny,1,72,0.9666666666666667,0.7333333333333333,30,0.2333333333333334
cub200,S4,Swin-T,swin_tiny,1,73,1.0,0.16666666666666666,30,0.8333333333333334
cub200,S4,Swin-T,swin_tiny,1,74,1.0,0.1111111111111111,27,0.8888888888888888
cub200,S4,Swin-T,swin_tiny,1,75,0.9666666666666667,0.9333333333333333,30,0.033333333333333326
cub200,S4,Swin-T,swin_tiny,1,76,0.9666666666666667,0.03333333333333333,30,0.9333333333333333
cub200,S4,Swin-T,swin_tiny,1,77,0.9310344827586207,0.8275862068965517,29,0.10344827586206895
cub200,S4,Swin-T,swin_tiny,1,78,0.9,0.8333333333333334,30,0.06666666666666665
cub200,S4,Swin-T,swin_tiny,1,79,0.8666666666666667,0.43333333333333335,30,0.43333333333333335
cub200,S4,Swin-T,swin_tiny,1,80,0.9333333333333333,0.9333333333333333,30,0.0
cub200,S4,Swin-T,swin_tiny,1,81,0.8,0.3,30,0.5
cub200,S4,Swin-T,swin_tiny,1,82,0.9666666666666667,0.0,30,0.9666666666666667
cub200,S4,Swin-T,swin_tiny,1,83,0.9565217391304348,0.34782608695652173,23,0.6086956521739131
cub200,S4,Swin-T,swin_tiny,1,84,0.9333333333333333,0.8333333333333334,30,0.09999999999999998
cub200,S4,Swin-T,swin_tiny,1,85,0.9666666666666667,0.9,30,0.06666666666666665
cub200,S4,Swin-T,swin_tiny,1,86,0.9333333333333333,0.5666666666666667,30,0.3666666666666667
cub200,S4,Swin-T,swin_tiny,1,87,0.9333333333333333,0.06666666666666667,30,0.8666666666666667
cub200,S4,Swin-T,swin_tiny,1,88,0.8,0.8,30,0.0
cub200,S4,Swin-T,swin_tiny,1,89,0.9666666666666667,0.6666666666666666,30,0.30000000000000004
cub200,S4,Swin-T,swin_tiny,1,90,0.7,0.7666666666666667,30,-0.06666666666666676
cub200,S4,Swin-T,swin_tiny,1,91,0.8,0.5333333333333333,30,0.2666666666666667
cub200,S4,Swin-T,swin_tiny,1,92,1.0,0.9666666666666667,30,0.033333333333333326
cub200,S4,Swin-T,swin_tiny,1,93,1.0,0.8666666666666667,30,0.1333333333333333
cub200,S4,Swin-T,swin_tiny,1,94,0.8666666666666667,0.0,30,0.8666666666666667
cub200,S4,Swin-T,swin_tiny,1,95,0.8333333333333334,0.0,30,0.8333333333333334
cub200,S4,Swin-T,swin_tiny,1,96,0.7931034482758621,0.10344827586206896,29,0.6896551724137931
cub200,S4,Swin-T,swin_tiny,1,97,0.9333333333333333,0.03333333333333333,30,0.9
cub200,S4,Swin-T,swin_tiny,1,98,0.9,0.26666666666666666,30,0.6333333333333333
cub200,S4,Swin-T,swin_tiny,1,99,1.0,0.9666666666666667,30,0.033333333333333326
cub200,S4,Swin-T,swin_tiny,1,100,0.95,0.85,20,0.09999999999999998
cub200,S4,Swin-T,swin_tiny,1,101,0.26666666666666666,0.36666666666666664,30,-0.09999999999999998
cub200,S4,Swin-T,swin_tiny,1,102,0.8666666666666667,0.5666666666666667,30,0.30000000000000004
cub200,S4,Swin-T,swin_tiny,1,103,0.8333333333333334,0.8,30,0.033333333333333326
cub200,S4,Swin-T,swin_tiny,1,104,0.7894736842105263,0.9473684210526315,19,-0.1578947368421052
cub200,S4,Swin-T,swin_tiny,1,105,0.9666666666666667,0.8333333333333334,30,0.1333333333333333
cub200,S4,Swin-T,swin_tiny,1,106,0.5666666666666667,0.7,30,-0.1333333333333333
cub200,S4,Swin-T,swin_tiny,1,107,0.8,0.8,30,0.0
cub200,S4,Swin-T,swin_tiny,1,108,0.9,0.0,30,0.9
cub200,S4,Swin-T,swin_tiny,1,109,1.0,1.0,30,0.0
cub200,S4,Swin-T,swin_tiny,1,110,0.8,0.4,30,0.4
cub200,S4,Swin-T,swin_tiny,1,111,0.5666666666666667,0.8333333333333334,30,-0.2666666666666667
cub200,S4,Swin-T,swin_tiny,1,112,0.8,0.95,20,-0.1499999999999999
cub200,S4,Swin-T,swin_tiny,1,113,0.9,0.8333333333333334,30,0.06666666666666665
cub200,S4,Swin-T,swin_tiny,1,114,0.5517241379310345,0.4482758620689655,29,0.10344827586206895
cub200,S4,Swin-T,swin_tiny,1,115,0.8,0.0,30,0.8
cub200,S4,Swin-T,swin_tiny,1,116,0.896551724137931,0.5862068965517241,29,0.31034482758620696
cub200,S4,Swin-T,swin_tiny,1,117,0.7,0.4,30,0.29999999999999993
cub200,S4,Swin-T,swin_tiny,1,118,0.6896551724137931,0.034482758620689655,29,0.6551724137931035
cub200,S4,Swin-T,swin_tiny,1,119,0.7666666666666667,0.36666666666666664,30,0.4000000000000001
cub200,S4,Swin-T,swin_tiny,1,120,0.8666666666666667,0.5666666666666667,30,0.30000000000000004
cub200,S4,Swin-T,swin_tiny,1,121,0.9666666666666667,0.6333333333333333,30,0.33333333333333337
cub200,S4,Swin-T,swin_tiny,1,122,0.9,0.06666666666666667,30,0.8333333333333334
cub200,S4,Swin-T,swin_tiny,1,123,0.896551724137931,0.1724137931034483,29,0.7241379310344828
cub200,S4,Swin-T,swin_tiny,1,124,0.8275862068965517,0.9310344827586207,29,-0.10344827586206895
cub200,S4,Swin-T,swin_tiny,1,125,0.8333333333333334,0.1,30,0.7333333333333334
cub200,S4,Swin-T,swin_tiny,1,126,0.7666666666666667,0.1,30,0.6666666666666667
cub200,S4,Swin-T,swin_tiny,1,127,0.8666666666666667,0.5666666666666667,30,0.30000000000000004
cub200,S4,Swin-T,swin_tiny,1,128,0.8333333333333334,0.26666666666666666,30,0.5666666666666667
cub200,S4,Swin-T,swin_tiny,1,129,0.6666666666666666,0.1,30,0.5666666666666667
cub200,S4,Swin-T,swin_tiny,1,130,0.8333333333333334,0.8333333333333334,30,0.0
cub200,S4,Swin-T,swin_tiny,1,131,0.9666666666666667,0.7,30,0.2666666666666667
cub200,S4,Swin-T,swin_tiny,1,132,0.9,0.0,30,0.9
cub200,S4,Swin-T,swin_tiny,1,133,0.9666666666666667,0.0,30,0.9666666666666667
cub200,S4,Swin-T,swin_tiny,1,134,0.6666666666666666,0.6,30,0.06666666666666665
cub200,S4,Swin-T,swin_tiny,1,135,0.8333333333333334,0.0,30,0.8333333333333334
cub200,S4,Swin-T,swin_tiny,1,136,0.7333333333333333,0.13333333333333333,30,0.6
cub200,S4,Swin-T,swin_tiny,1,137,0.8333333333333334,0.23333333333333334,30,0.6000000000000001
cub200,S4,Swin-T,swin_tiny,1,138,0.8666666666666667,0.0,30,0.8666666666666667
cub200,S4,Swin-T,swin_tiny,1,139,0.9666666666666667,0.0,30,0.9666666666666667
cub200,S4,Swin-T,swin_tiny,1,140,0.7586206896551724,0.3103448275862069,29,0.44827586206896547
cub200,S4,Swin-T,swin_tiny,1,141,0.5666666666666667,0.4,30,0.16666666666666663
cub200,S4,Swin-T,swin_tiny,1,142,0.7333333333333333,0.13333333333333333,30,0.6
cub200,S4,Swin-T,swin_tiny,1,143,0.4,0.0,30,0.4
cub200,S4,Swin-T,swin_tiny,1,144,0.5666666666666667,0.26666666666666666,30,0.3
cub200,S4,Swin-T,swin_tiny,1,145,0.5,0.1,30,0.4
cub200,S4,Swin-T,swin_tiny,1,146,0.9333333333333333,0.5333333333333333,30,0.4
cub200,S4,Swin-T,swin_tiny,1,147,0.9666666666666667,0.0,30,0.9666666666666667
cub200,S4,Swin-T,swin_tiny,1,148,0.9655172413793104,0.13793103448275862,29,0.8275862068965518
cub200,S4,Swin-T,swin_tiny,1,149,0.9,0.8666666666666667,30,0.033333333333333326
cub200,S4,Swin-T,swin_tiny,1,150,1.0,0.8095238095238095,21,0.19047619047619047
cub200,S4,Swin-T,swin_tiny,1,151,0.9,0.7333333333333333,30,0.16666666666666674
cub200,S4,Swin-T,swin_tiny,1,152,0.7931034482758621,0.0,29,0.7931034482758621
cub200,S4,Swin-T,swin_tiny,1,153,0.9,0.03333333333333333,30,0.8666666666666667
cub200,S4,Swin-T,swin_tiny,1,154,0.7333333333333333,0.8666666666666667,30,-0.13333333333333341
cub200,S4,Swin-T,swin_tiny,1,155,0.9666666666666667,0.0,30,0.9666666666666667
cub200,S4,Swin-T,swin_tiny,1,156,0.7931034482758621,0.034482758620689655,29,0.7586206896551725
cub200,S4,Swin-T,swin_tiny,1,157,0.9666666666666667,0.03333333333333333,30,0.9333333333333333
cub200,S4,Swin-T,swin_tiny,1,158,1.0,1.0,30,0.0
cub200,S4,Swin-T,swin_tiny,1,159,1.0,0.8275862068965517,29,0.1724137931034483
cub200,S4,Swin-T,swin_tiny,1,160,0.9333333333333333,0.0,30,0.9333333333333333
cub200,S4,Swin-T,swin_tiny,1,161,0.8666666666666667,0.0,30,0.8666666666666667
cub200,S4,Swin-T,swin_tiny,1,162,0.9666666666666667,0.0,30,0.9666666666666667
cub200,S4,Swin-T,swin_tiny,1,163,1.0,0.8666666666666667,30,0.1333333333333333
cub200,S4,Swin-T,swin_tiny,1,164,0.9333333333333333,0.0,30,0.9333333333333333
cub200,S4,Swin-T,swin_tiny,1,165,0.9310344827586207,0.0,29,0.9310344827586207
cub200,S4,Swin-T,swin_tiny,1,166,0.8,0.23333333333333334,30,0.5666666666666667
cub200,S4,Swin-T,swin_tiny,1,167,0.9310344827586207,0.10344827586206896,29,0.8275862068965517
cub200,S4,Swin-T,swin_tiny,1,168,1.0,0.0,29,1.0
cub200,S4,Swin-T,swin_tiny,1,169,0.8666666666666667,0.0,30,0.8666666666666667
cub200,S4,Swin-T,swin_tiny,1,170,0.9333333333333333,0.06666666666666667,30,0.8666666666666667
cub200,S4,Swin-T,swin_tiny,1,171,0.9333333333333333,0.0,30,0.9333333333333333
cub200,S4,Swin-T,swin_tiny,1,172,0.5666666666666667,0.03333333333333333,30,0.5333333333333333
cub200,S4,Swin-T,swin_tiny,1,173,0.9,0.13333333333333333,30,0.7666666666666667
cub200,S4,Swin-T,swin_tiny,1,174,0.8,0.0,30,0.8
cub200,S4,Swin-T,swin_tiny,1,175,1.0,0.1,30,0.9
cub200,S4,Swin-T,swin_tiny,1,176,0.9666666666666667,0.0,30,0.9666666666666667
cub200,S4,Swin-T,swin_tiny,1,177,0.9230769230769231,0.6153846153846154,26,0.3076923076923077
cub200,S4,Swin-T,swin_tiny,1,178,0.7241379310344828,0.034482758620689655,29,0.6896551724137931
cub200,S4,Swin-T,swin_tiny,1,179,0.9,0.0,30,0.9
cub200,S4,Swin-T,swin_tiny,1,180,0.9655172413793104,0.7241379310344828,29,0.24137931034482762
cub200,S4,Swin-T,swin_tiny,1,181,0.9333333333333333,0.03333333333333333,30,0.9
cub200,S4,Swin-T,swin_tiny,1,182,1.0,0.8666666666666667,30,0.1333333333333333
cub200,S4,Swin-T,swin_tiny,1,183,0.8333333333333334,0.7666666666666667,30,0.06666666666666665
cub200,S4,Swin-T,swin_tiny,1,184,0.9333333333333333,0.5333333333333333,30,0.4
cub200,S4,Swin-T,swin_tiny,1,185,0.9666666666666667,0.36666666666666664,30,0.6000000000000001
cub200,S4,Swin-T,swin_tiny,1,186,0.95,0.95,20,0.0
cub200,S4,Swin-T,swin_tiny,1,187,1.0,0.8666666666666667,30,0.1333333333333333
cub200,S4,Swin-T,swin_tiny,1,188,1.0,0.8666666666666667,30,0.1333333333333333
cub200,S4,Swin-T,swin_tiny,1,189,0.9655172413793104,0.9655172413793104,29,0.0
cub200,S4,Swin-T,swin_tiny,1,190,0.8666666666666667,0.0,30,0.8666666666666667
cub200,S4,Swin-T,swin_tiny,1,191,1.0,0.9333333333333333,30,0.06666666666666665
cub200,S4,Swin-T,swin_tiny,1,192,0.8333333333333334,0.7666666666666667,30,0.06666666666666665
cub200,S4,Swin-T,swin_tiny,1,193,0.9666666666666667,0.9333333333333333,30,0.033333333333333326
cub200,S4,Swin-T,swin_tiny,1,194,1.0,0.03333333333333333,30,0.9666666666666667
cub200,S4,Swin-T,swin_tiny,1,195,0.8666666666666667,0.36666666666666664,30,0.5
cub200,S4,Swin-T,swin_tiny,1,196,0.8333333333333334,0.4666666666666667,30,0.3666666666666667
cub200,S4,Swin-T,swin_tiny,1,197,0.9,0.8,30,0.09999999999999998
cub200,S4,Swin-T,swin_tiny,1,198,0.8666666666666667,0.6333333333333333,30,0.2333333333333334
cub200,S4,Swin-T,swin_tiny,1,199,1.0,0.03333333333333333,30,0.9666666666666667
cub200,S4,Swin-T,swin_tiny,2,0,0.7666666666666667,0.4,30,0.3666666666666667
cub200,S4,Swin-T,swin_tiny,2,1,0.9,0.6666666666666666,30,0.2333333333333334
cub200,S4,Swin-T,swin_tiny,2,2,0.9642857142857143,0.9285714285714286,28,0.0357142857142857
cub200,S4,Swin-T,swin_tiny,2,3,0.9666666666666667,0.7666666666666667,30,0.19999999999999996
cub200,S4,Swin-T,swin_tiny,2,4,0.8571428571428571,0.8571428571428571,14,0.0
cub200,S4,Swin-T,swin_tiny,2,5,1.0,1.0,11,0.0
cub200,S4,Swin-T,swin_tiny,2,6,1.0,0.782608695652174,23,0.21739130434782605
cub200,S4,Swin-T,swin_tiny,2,7,1.0,0.7222222222222222,18,0.2777777777777778
cub200,S4,Swin-T,swin_tiny,2,8,0.5517241379310345,0.3448275862068966,29,0.2068965517241379
cub200,S4,Swin-T,swin_tiny,2,9,0.9666666666666667,0.0,30,0.9666666666666667
cub200,S4,Swin-T,swin_tiny,2,10,0.6,0.13333333333333333,30,0.4666666666666667
cub200,S4,Swin-T,swin_tiny,2,11,0.9615384615384616,0.07692307692307693,26,0.8846153846153846
cub200,S4,Swin-T,swin_tiny,2,12,0.9666666666666667,0.8,30,0.16666666666666663
cub200,S4,Swin-T,swin_tiny,2,13,0.9666666666666667,0.0,30,0.9666666666666667
cub200,S4,Swin-T,swin_tiny,2,14,0.9285714285714286,0.0,28,0.9285714285714286
cub200,S4,Swin-T,swin_tiny,2,15,0.9642857142857143,0.0,28,0.9642857142857143
cub200,S4,Swin-T,swin_tiny,2,16,1.0,0.07407407407407407,27,0.9259259259259259
cub200,S4,Swin-T,swin_tiny,2,17,1.0,0.6666666666666666,15,0.33333333333333337
cub200,S4,Swin-T,swin_tiny,2,18,0.8620689655172413,0.27586206896551724,29,0.5862068965517241
cub200,S4,Swin-T,swin_tiny,2,19,0.896551724137931,0.0,29,0.896551724137931
cub200,S4,Swin-T,swin_tiny,2,20,0.9666666666666667,0.3333333333333333,30,0.6333333333333333
cub200,S4,Swin-T,swin_tiny,2,21,0.6923076923076923,0.2692307692307692,26,0.4230769230769231
cub200,S4,Swin-T,swin_tiny,2,22,0.7241379310344828,0.4482758620689655,29,0.27586206896551724
cub200,S4,Swin-T,swin_tiny,2,23,0.9090909090909091,0.4090909090909091,22,0.49999999999999994
cub200,S4,Swin-T,swin_tiny,2,24,0.7333333333333333,0.7,30,0.033333333333333326
cub200,S4,Swin-T,swin_tiny,2,25,0.9,0.0,30,0.9
cub200,S4,Swin-T,swin_tiny,2,26,0.3333333333333333,0.3,30,0.033333333333333326
cub200,S4,Swin-T,swin_tiny,2,27,0.9310344827586207,0.896551724137931,29,0.03448275862068961
cub200,S4,Swin-T,swin_tiny,2,28,0.36666666666666664,0.4666666666666667,30,-0.10000000000000003
cub200,S4,Swin-T,swin_tiny,2,29,0.43333333333333335,0.26666666666666666,30,0.16666666666666669
cub200,S4,Swin-T,swin_tiny,2,30,0.8333333333333334,0.43333333333333335,30,0.4
cub200,S4,Swin-T,swin_tiny,2,31,0.782608695652174,0.2608695652173913,23,0.5217391304347827
cub200,S4,Swin-T,swin_tiny,2,32,0.9310344827586207,0.5172413793103449,29,0.4137931034482758
cub200,S4,Swin-T,swin_tiny,2,33,0.9655172413793104,0.5172413793103449,29,0.4482758620689655
cub200,S4,Swin-T,swin_tiny,2,34,1.0,0.4,30,0.6
cub200,S4,Swin-T,swin_tiny,2,35,0.9666666666666667,0.9333333333333333,30,0.033333333333333326
cub200,S4,Swin-T,swin_tiny,2,36,0.7241379310344828,0.3448275862068966,29,0.3793103448275862
cub200,S4,Swin-T,swin_tiny,2,37,0.8333333333333334,0.0,30,0.8333333333333334
cub200,S4,Swin-T,swin_tiny,2,38,0.4482758620689655,0.3103448275862069,29,0.13793103448275862
cub200,S4,Swin-T,swin_tiny,2,39,0.7666666666666667,0.5333333333333333,30,0.2333333333333334
cub200,S4,Swin-T,swin_tiny,2,40,0.8666666666666667,0.6333333333333333,30,0.2333333333333334
cub200,S4,Swin-T,swin_tiny,2,41,0.9333333333333333,0.0,30,0.9333333333333333
cub200,S4,Swin-T,swin_tiny,2,42,0.5862068965517241,0.0,29,0.5862068965517241
cub200,S4,Swin-T,swin_tiny,2,43,0.9,0.8333333333333334,30,0.06666666666666665
cub200,S4,Swin-T,swin_tiny,2,44,0.9,0.8666666666666667,30,0.033333333333333326
cub200,S4,Swin-T,swin_tiny,2,45,0.9666666666666667,0.9666666666666667,30,0.0
cub200,S4,Swin-T,swin_tiny,2,46,1.0,0.4666666666666667,30,0.5333333333333333
cub200,S4,Swin-T,swin_tiny,2,47,1.0,0.36666666666666664,30,0.6333333333333333
cub200,S4,Swin-T,swin_tiny,2,48,0.7333333333333333,0.03333333333333333,30,0.7
cub200,S4,Swin-T,swin_tiny,2,49,0.9,0.6,30,0.30000000000000004
cub200,S4,Swin-T,swin_tiny,2,50,0.8,0.7333333333333333,30,0.06666666666666676
cub200,S4,Swin-T,swin_tiny,2,51,0.9666666666666667,0.8,30,0.16666666666666663
cub200,S4,Swin-T,swin_tiny,2,52,0.9666666666666667,0.7666666666666667,30,0.19999999999999996
cub200,S4,Swin-T,swin_tiny,2,53,0.9,0.0,30,0.9
cub200,S4,Swin-T,swin_tiny,2,54,0.9333333333333333,0.1,30,0.8333333333333334
cub200,S4,Swin-T,swin_tiny,2,55,0.8333333333333334,0.06666666666666667,30,0.7666666666666667
cub200,S4,Swin-T,swin_tiny,2,56,1.0,0.6,30,0.4
cub200,S4,Swin-T,swin_tiny,2,57,0.8571428571428571,0.6785714285714286,28,0.1785714285714285
cub200,S4,Swin-T,swin_tiny,2,58,0.26666666666666666,0.3333333333333333,30,-0.06666666666666665
cub200,S4,Swin-T,swin_tiny,2,59,0.6206896551724138,0.3103448275862069,29,0.3103448275862069
cub200,S4,Swin-T,swin_tiny,2,60,1.0,0.5,30,0.5
cub200,S4,Swin-T,swin_tiny,2,61,0.5666666666666667,0.26666666666666666,30,0.3
cub200,S4,Swin-T,swin_tiny,2,62,0.9333333333333333,0.9666666666666667,30,-0.033333333333333326
cub200,S4,Swin-T,swin_tiny,2,63,0.7333333333333333,0.3333333333333333,30,0.39999999999999997
cub200,S4,Swin-T,swin_tiny,2,64,0.7,0.45,20,0.24999999999999994
cub200,S4,Swin-T,swin_tiny,2,65,0.6333333333333333,0.36666666666666664,30,0.26666666666666666
cub200,S4,Swin-T,swin_tiny,2,66,0.7666666666666667,0.5,30,0.2666666666666667
cub200,S4,Swin-T,swin_tiny,2,67,0.9,0.5333333333333333,30,0.3666666666666667
cub200,S4,Swin-T,swin_tiny,2,68,0.7,0.3333333333333333,30,0.36666666666666664
cub200,S4,Swin-T,swin_tiny,2,69,1.0,0.0,30,1.0
cub200,S4,Swin-T,swin_tiny,2,70,0.4666666666666667,0.4,30,0.06666666666666665
cub200,S4,Swin-T,swin_tiny,2,71,0.7333333333333333,0.5,30,0.23333333333333328
cub200,S4,Swin-T,swin_tiny,2,72,0.9666666666666667,0.43333333333333335,30,0.5333333333333333
cub200,S4,Swin-T,swin_tiny,2,73,1.0,0.26666666666666666,30,0.7333333333333334
cub200,S4,Swin-T,swin_tiny,2,74,1.0,0.037037037037037035,27,0.962962962962963
cub200,S4,Swin-T,swin_tiny,2,75,1.0,0.8666666666666667,30,0.1333333333333333
cub200,S4,Swin-T,swin_tiny,2,76,0.9666666666666667,0.0,30,0.9666666666666667
cub200,S4,Swin-T,swin_tiny,2,77,0.9310344827586207,0.6206896551724138,29,0.31034482758620685
cub200,S4,Swin-T,swin_tiny,2,78,0.8333333333333334,0.8,30,0.033333333333333326
cub200,S4,Swin-T,swin_tiny,2,79,0.8666666666666667,0.6666666666666666,30,0.20000000000000007
cub200,S4,Swin-T,swin_tiny,2,80,0.9333333333333333,0.9333333333333333,30,0.0
cub200,S4,Swin-T,swin_tiny,2,81,0.7666666666666667,0.13333333333333333,30,0.6333333333333334
cub200,S4,Swin-T,swin_tiny,2,82,0.9666666666666667,0.0,30,0.9666666666666667
cub200,S4,Swin-T,swin_tiny,2,83,0.9130434782608695,0.34782608695652173,23,0.5652173913043478
cub200,S4,Swin-T,swin_tiny,2,84,0.9333333333333333,0.7333333333333333,30,0.20000000000000007
cub200,S4,Swin-T,swin_tiny,2,85,0.9333333333333333,0.9666666666666667,30,-0.033333333333333326
cub200,S4,Swin-T,swin_tiny,2,86,0.8666666666666667,0.4666666666666667,30,0.4
cub200,S4,Swin-T,swin_tiny,2,87,0.9333333333333333,0.13333333333333333,30,0.8
cub200,S4,Swin-T,swin_tiny,2,88,0.8,0.8,30,0.0
cub200,S4,Swin-T,swin_tiny,2,89,0.9666666666666667,0.7,30,0.2666666666666667
cub200,S4,Swin-T,swin_tiny,2,90,0.7,0.8666666666666667,30,-0.16666666666666674
cub200,S4,Swin-T,swin_tiny,2,91,0.7666666666666667,0.6,30,0.16666666666666674
cub200,S4,Swin-T,swin_tiny,2,92,0.9666666666666667,0.8333333333333334,30,0.1333333333333333
cub200,S4,Swin-T,swin_tiny,2,93,1.0,0.9333333333333333,30,0.06666666666666665
cub200,S4,Swin-T,swin_tiny,2,94,0.8666666666666667,0.0,30,0.8666666666666667
cub200,S4,Swin-T,swin_tiny,2,95,0.8666666666666667,0.0,30,0.8666666666666667
cub200,S4,Swin-T,swin_tiny,2,96,0.7931034482758621,0.10344827586206896,29,0.6896551724137931
cub200,S4,Swin-T,swin_tiny,2,97,0.9333333333333333,0.0,30,0.9333333333333333
cub200,S4,Swin-T,swin_tiny,2,98,0.9,0.7666666666666667,30,0.1333333333333333
cub200,S4,Swin-T,swin_tiny,2,99,1.0,1.0,30,0.0
cub200,S4,Swin-T,swin_tiny,2,100,0.95,0.9,20,0.04999999999999993
cub200,S4,Swin-T,swin_tiny,2,101,0.43333333333333335,0.6,30,-0.16666666666666663
cub200,S4,Swin-T,swin_tiny,2,102,0.8,0.4,30,0.4
cub200,S4,Swin-T,swin_tiny,2,103,0.8,0.7,30,0.10000000000000009
cub200,S4,Swin-T,swin_tiny,2,104,0.7894736842105263,0.8947368421052632,19,-0.10526315789473684
cub200,S4,Swin-T,swin_tiny,2,105,1.0,0.9,30,0.09999999999999998
cub200,S4,Swin-T,swin_tiny,2,106,0.6666666666666666,0.6333333333333333,30,0.033333333333333326
cub200,S4,Swin-T,swin_tiny,2,107,0.8333333333333334,0.8666666666666667,30,-0.033333333333333326
cub200,S4,Swin-T,swin_tiny,2,108,0.9,0.0,30,0.9
cub200,S4,Swin-T,swin_tiny,2,109,0.9666666666666667,1.0,30,-0.033333333333333326
cub200,S4,Swin-T,swin_tiny,2,110,0.6666666666666666,0.06666666666666667,30,0.6
cub200,S4,Swin-T,swin_tiny,2,111,0.8,1.0,30,-0.19999999999999996
cub200,S4,Swin-T,swin_tiny,2,112,0.95,0.8,20,0.1499999999999999
cub200,S4,Swin-T,swin_tiny,2,113,0.9333333333333333,0.9,30,0.033333333333333326
cub200,S4,Swin-T,swin_tiny,2,114,0.8275862068965517,0.4827586206896552,29,0.3448275862068965
cub200,S4,Swin-T,swin_tiny,2,115,0.7333333333333333,0.03333333333333333,30,0.7
cub200,S4,Swin-T,swin_tiny,2,116,0.7586206896551724,0.4482758620689655,29,0.31034482758620685
cub200,S4,Swin-T,swin_tiny,2,117,0.6333333333333333,0.2,30,0.4333333333333333
cub200,S4,Swin-T,swin_tiny,2,118,0.6206896551724138,0.0,29,0.6206896551724138
cub200,S4,Swin-T,swin_tiny,2,119,0.7666666666666667,0.23333333333333334,30,0.5333333333333334
cub200,S4,Swin-T,swin_tiny,2,120,0.8,0.6333333333333333,30,0.16666666666666674
cub200,S4,Swin-T,swin_tiny,2,121,0.9666666666666667,0.6666666666666666,30,0.30000000000000004
cub200,S4,Swin-T,swin_tiny,2,122,0.8333333333333334,0.13333333333333333,30,0.7000000000000001
cub200,S4,Swin-T,swin_tiny,2,123,0.896551724137931,0.3448275862068966,29,0.5517241379310345
cub200,S4,Swin-T,swin_tiny,2,124,0.9310344827586207,0.9310344827586207,29,0.0
cub200,S4,Swin-T,swin_tiny,2,125,0.8333333333333334,0.26666666666666666,30,0.5666666666666667
cub200,S4,Swin-T,swin_tiny,2,126,0.8666666666666667,0.0,30,0.8666666666666667
cub200,S4,Swin-T,swin_tiny,2,127,0.8333333333333334,0.7666666666666667,30,0.06666666666666665
cub200,S4,Swin-T,swin_tiny,2,128,0.8,0.2,30,0.6000000000000001
cub200,S4,Swin-T,swin_tiny,2,129,0.5333333333333333,0.0,30,0.5333333333333333
cub200,S4,Swin-T,swin_tiny,2,130,0.8666666666666667,0.6666666666666666,30,0.20000000000000007
cub200,S4,Swin-T,swin_tiny,2,131,0.9333333333333333,0.8,30,0.1333333333333333
cub200,S4,Swin-T,swin_tiny,2,132,0.9,0.3,30,0.6000000000000001
cub200,S4,Swin-T,swin_tiny,2,133,1.0,0.0,30,1.0
cub200,S4,Swin-T,swin_tiny,2,134,0.7333333333333333,0.5666666666666667,30,0.16666666666666663
cub200,S4,Swin-T,swin_tiny,2,135,0.8,0.06666666666666667,30,0.7333333333333334
cub200,S4,Swin-T,swin_tiny,2,136,0.7666666666666667,0.2,30,0.5666666666666667
cub200,S4,Swin-T,swin_tiny,2,137,0.8,0.06666666666666667,30,0.7333333333333334
cub200,S4,Swin-T,swin_tiny,2,138,0.9666666666666667,0.0,30,0.9666666666666667
cub200,S4,Swin-T,swin_tiny,2,139,0.9333333333333333,0.0,30,0.9333333333333333
cub200,S4,Swin-T,swin_tiny,2,140,0.896551724137931,0.3448275862068966,29,0.5517241379310345
cub200,S4,Swin-T,swin_tiny,2,141,0.5666666666666667,0.3,30,0.26666666666666666
cub200,S4,Swin-T,swin_tiny,2,142,0.6,0.13333333333333333,30,0.4666666666666667
cub200,S4,Swin-T,swin_tiny,2,143,0.26666666666666666,0.1,30,0.16666666666666666
cub200,S4,Swin-T,swin_tiny,2,144,0.7666666666666667,0.4,30,0.3666666666666667
cub200,S4,Swin-T,swin_tiny,2,145,0.5666666666666667,0.03333333333333333,30,0.5333333333333333
cub200,S4,Swin-T,swin_tiny,2,146,0.9333333333333333,0.5,30,0.43333333333333335
cub200,S4,Swin-T,swin_tiny,2,147,0.9666666666666667,0.1,30,0.8666666666666667
cub200,S4,Swin-T,swin_tiny,2,148,0.9655172413793104,0.5517241379310345,29,0.4137931034482759
cub200,S4,Swin-T,swin_tiny,2,149,0.9666666666666667,0.8,30,0.16666666666666663
cub200,S4,Swin-T,swin_tiny,2,150,1.0,0.8571428571428571,21,0.1428571428571429
cub200,S4,Swin-T,swin_tiny,2,151,0.9333333333333333,0.6333333333333333,30,0.30000000000000004
cub200,S4,Swin-T,swin_tiny,2,152,0.8275862068965517,0.0,29,0.8275862068965517
cub200,S4,Swin-T,swin_tiny,2,153,0.9,0.1,30,0.8
cub200,S4,Swin-T,swin_tiny,2,154,0.7666666666666667,0.8,30,-0.033333333333333326
cub200,S4,Swin-T,swin_tiny,2,155,0.9666666666666667,0.0,30,0.9666666666666667
cub200,S4,Swin-T,swin_tiny,2,156,0.7931034482758621,0.0,29,0.7931034482758621
cub200,S4,Swin-T,swin_tiny,2,157,0.9666666666666667,0.5,30,0.4666666666666667
cub200,S4,Swin-T,swin_tiny,2,158,1.0,1.0,30,0.0
cub200,S4,Swin-T,swin_tiny,2,159,1.0,0.7931034482758621,29,0.2068965517241379
cub200,S4,Swin-T,swin_tiny,2,160,0.9333333333333333,0.0,30,0.9333333333333333
cub200,S4,Swin-T,swin_tiny,2,161,0.8666666666666667,0.03333333333333333,30,0.8333333333333334
cub200,S4,Swin-T,swin_tiny,2,162,1.0,0.0,30,1.0
cub200,S4,Swin-T,swin_tiny,2,163,0.9333333333333333,0.5333333333333333,30,0.4
cub200,S4,Swin-T,swin_tiny,2,164,0.8666666666666667,0.03333333333333333,30,0.8333333333333334
cub200,S4,Swin-T,swin_tiny,2,165,0.9310344827586207,0.0,29,0.9310344827586207
cub200,S4,Swin-T,swin_tiny,2,166,0.8333333333333334,0.36666666666666664,30,0.46666666666666673
cub200,S4,Swin-T,swin_tiny,2,167,0.9310344827586207,0.0,29,0.9310344827586207
cub200,S4,Swin-T,swin_tiny,2,168,1.0,0.0,29,1.0
cub200,S4,Swin-T,swin_tiny,2,169,0.8,0.0,30,0.8
cub200,S4,Swin-T,swin_tiny,2,170,0.9,0.3333333333333333,30,0.5666666666666667
cub200,S4,Swin-T,swin_tiny,2,171,0.9,0.0,30,0.9
cub200,S4,Swin-T,swin_tiny,2,172,0.7333333333333333,0.2,30,0.5333333333333332
cub200,S4,Swin-T,swin_tiny,2,173,0.9333333333333333,0.23333333333333334,30,0.7
cub200,S4,Swin-T,swin_tiny,2,174,0.7666666666666667,0.0,30,0.7666666666666667
cub200,S4,Swin-T,swin_tiny,2,175,0.9666666666666667,0.1,30,0.8666666666666667
cub200,S4,Swin-T,swin_tiny,2,176,0.9666666666666667,0.0,30,0.9666666666666667
cub200,S4,Swin-T,swin_tiny,2,177,0.8846153846153846,0.34615384615384615,26,0.5384615384615384
cub200,S4,Swin-T,swin_tiny,2,178,0.6551724137931034,0.034482758620689655,29,0.6206896551724138
cub200,S4,Swin-T,swin_tiny,2,179,0.8666666666666667,0.0,30,0.8666666666666667
cub200,S4,Swin-T,swin_tiny,2,180,0.9310344827586207,0.6896551724137931,29,0.2413793103448275
cub200,S4,Swin-T,swin_tiny,2,181,0.9666666666666667,0.1,30,0.8666666666666667
cub200,S4,Swin-T,swin_tiny,2,182,0.9666666666666667,0.6,30,0.3666666666666667
cub200,S4,Swin-T,swin_tiny,2,183,0.7666666666666667,0.8666666666666667,30,-0.09999999999999998
cub200,S4,Swin-T,swin_tiny,2,184,0.9666666666666667,0.6333333333333333,30,0.33333333333333337
cub200,S4,Swin-T,swin_tiny,2,185,0.9333333333333333,0.4,30,0.5333333333333333
cub200,S4,Swin-T,swin_tiny,2,186,0.95,0.9,20,0.04999999999999993
cub200,S4,Swin-T,swin_tiny,2,187,1.0,0.9333333333333333,30,0.06666666666666665
cub200,S4,Swin-T,swin_tiny,2,188,1.0,1.0,30,0.0
cub200,S4,Swin-T,swin_tiny,2,189,0.9655172413793104,0.9655172413793104,29,0.0
cub200,S4,Swin-T,swin_tiny,2,190,0.8666666666666667,0.1,30,0.7666666666666667
cub200,S4,Swin-T,swin_tiny,2,191,1.0,0.9666666666666667,30,0.033333333333333326
cub200,S4,Swin-T,swin_tiny,2,192,0.9,0.5,30,0.4
cub200,S4,Swin-T,swin_tiny,2,193,0.9333333333333333,0.8666666666666667,30,0.06666666666666665
cub200,S4,Swin-T,swin_tiny,2,194,1.0,0.43333333333333335,30,0.5666666666666667
cub200,S4,Swin-T,swin_tiny,2,195,0.7666666666666667,0.23333333333333334,30,0.5333333333333334
cub200,S4,Swin-T,swin_tiny,2,196,0.8,0.6333333333333333,30,0.16666666666666674
cub200,S4,Swin-T,swin_tiny,2,197,0.8666666666666667,0.7666666666666667,30,0.09999999999999998
cub200,S4,Swin-T,swin_tiny,2,198,0.8666666666666667,0.9,30,-0.033333333333333326
cub200,S4,Swin-T,swin_tiny,2,199,0.9333333333333333,0.0,30,0.9333333333333333
cub200,S4,Swin-T,swin_tiny,3,0,0.8666666666666667,0.6333333333333333,30,0.2333333333333334
cub200,S4,Swin-T,swin_tiny,3,1,0.7666666666666667,0.7,30,0.06666666666666676
cub200,S4,Swin-T,swin_tiny,3,2,0.8928571428571429,0.9285714285714286,28,-0.0357142857142857
cub200,S4,Swin-T,swin_tiny,3,3,0.9,0.7,30,0.20000000000000007
cub200,S4,Swin-T,swin_tiny,3,4,0.9285714285714286,0.7857142857142857,14,0.1428571428571429
cub200,S4,Swin-T,swin_tiny,3,5,1.0,1.0,11,0.0
cub200,S4,Swin-T,swin_tiny,3,6,1.0,0.6956521739130435,23,0.30434782608695654
cub200,S4,Swin-T,swin_tiny,3,7,1.0,0.3888888888888889,18,0.6111111111111112
cub200,S4,Swin-T,swin_tiny,3,8,0.4827586206896552,0.3448275862068966,29,0.13793103448275862
cub200,S4,Swin-T,swin_tiny,3,9,0.9666666666666667,0.0,30,0.9666666666666667
cub200,S4,Swin-T,swin_tiny,3,10,0.6666666666666666,0.13333333333333333,30,0.5333333333333333
cub200,S4,Swin-T,swin_tiny,3,11,0.9615384615384616,0.0,26,0.9615384615384616
cub200,S4,Swin-T,swin_tiny,3,12,0.9666666666666667,0.9,30,0.06666666666666665
cub200,S4,Swin-T,swin_tiny,3,13,0.9666666666666667,0.0,30,0.9666666666666667
cub200,S4,Swin-T,swin_tiny,3,14,0.9285714285714286,0.0,28,0.9285714285714286
cub200,S4,Swin-T,swin_tiny,3,15,0.9285714285714286,0.0,28,0.9285714285714286
cub200,S4,Swin-T,swin_tiny,3,16,0.9629629629629629,0.037037037037037035,27,0.9259259259259258
cub200,S4,Swin-T,swin_tiny,3,17,1.0,0.7333333333333333,15,0.2666666666666667
cub200,S4,Swin-T,swin_tiny,3,18,0.9655172413793104,0.6551724137931034,29,0.31034482758620696
cub200,S4,Swin-T,swin_tiny,3,19,0.9310344827586207,0.0,29,0.9310344827586207
cub200,S4,Swin-T,swin_tiny,3,20,0.9666666666666667,0.3,30,0.6666666666666667
cub200,S4,Swin-T,swin_tiny,3,21,0.6153846153846154,0.0,26,0.6153846153846154
cub200,S4,Swin-T,swin_tiny,3,22,0.6896551724137931,0.4482758620689655,29,0.24137931034482762
cub200,S4,Swin-T,swin_tiny,3,23,0.9090909090909091,0.2727272727272727,22,0.6363636363636364
cub200,S4,Swin-T,swin_tiny,3,24,0.8333333333333334,0.6333333333333333,30,0.20000000000000007
cub200,S4,Swin-T,swin_tiny,3,25,0.9,0.03333333333333333,30,0.8666666666666667
cub200,S4,Swin-T,swin_tiny,3,26,0.43333333333333335,0.5666666666666667,30,-0.1333333333333333
cub200,S4,Swin-T,swin_tiny,3,27,0.9310344827586207,0.7586206896551724,29,0.1724137931034483
cub200,S4,Swin-T,swin_tiny,3,28,0.5333333333333333,0.5,30,0.033333333333333326
cub200,S4,Swin-T,swin_tiny,3,29,0.4666666666666667,0.5,30,-0.033333333333333326
cub200,S4,Swin-T,swin_tiny,3,30,0.8333333333333334,0.5333333333333333,30,0.30000000000000004
cub200,S4,Swin-T,swin_tiny,3,31,0.782608695652174,0.13043478260869565,23,0.6521739130434783
cub200,S4,Swin-T,swin_tiny,3,32,0.8620689655172413,0.3793103448275862,29,0.48275862068965514
cub200,S4,Swin-T,swin_tiny,3,33,0.9310344827586207,0.41379310344827586,29,0.5172413793103448
cub200,S4,Swin-T,swin_tiny,3,34,1.0,0.3333333333333333,30,0.6666666666666667
cub200,S4,Swin-T,swin_tiny,3,35,0.9666666666666667,0.9333333333333333,30,0.033333333333333326
cub200,S4,Swin-T,swin_tiny,3,36,0.5517241379310345,0.2413793103448276,29,0.31034482758620685
cub200,S4,Swin-T,swin_tiny,3,37,0.8666666666666667,0.0,30,0.8666666666666667
cub200,S4,Swin-T,swin_tiny,3,38,0.4482758620689655,0.4482758620689655,29,0.0
cub200,S4,Swin-T,swin_tiny,3,39,0.7,0.6,30,0.09999999999999998
cub200,S4,Swin-T,swin_tiny,3,40,0.8333333333333334,0.6333333333333333,30,0.20000000000000007
cub200,S4,Swin-T,swin_tiny,3,41,0.8666666666666667,0.0,30,0.8666666666666667
cub200,S4,Swin-T,swin_tiny,3,42,0.5862068965517241,0.06896551724137931,29,0.5172413793103448
cub200,S4,Swin-T,swin_tiny,3,43,0.8666666666666667,0.8,30,0.06666666666666665
cub200,S4,Swin-T,swin_tiny,3,44,0.8333333333333334,0.8,30,0.033333333333333326
cub200,S4,Swin-T,swin_tiny,3,45,0.9666666666666667,0.9333333333333333,30,0.033333333333333326
cub200,S4,Swin-T,swin_tiny,3,46,1.0,0.3,30,0.7
cub200,S4,Swin-T,swin_tiny,3,47,1.0,0.23333333333333334,30,0.7666666666666666
cub200,S4,Swin-T,swin_tiny,3,48,0.6333333333333333,0.06666666666666667,30,0.5666666666666667
cub200,S4,Swin-T,swin_tiny,3,49,0.8333333333333334,0.4,30,0.43333333333333335
cub200,S4,Swin-T,swin_tiny,3,50,0.8666666666666667,0.6333333333333333,30,0.2333333333333334
cub200,S4,Swin-T,swin_tiny,3,51,0.9666666666666667,0.8,30,0.16666666666666663
cub200,S4,Swin-T,swin_tiny,3,52,0.9333333333333333,0.5333333333333333,30,0.4
cub200,S4,Swin-T,swin_tiny,3,53,0.9,0.03333333333333333,30,0.8666666666666667
cub200,S4,Swin-T,swin_tiny,3,54,0.9,0.0,30,0.9
cub200,S4,Swin-T,swin_tiny,3,55,0.9333333333333333,0.16666666666666666,30,0.7666666666666667
cub200,S4,Swin-T,swin_tiny,3,56,1.0,0.5,30,0.5
cub200,S4,Swin-T,swin_tiny,3,57,0.8571428571428571,0.6785714285714286,28,0.1785714285714285
cub200,S4,Swin-T,swin_tiny,3,58,0.23333333333333334,0.23333333333333334,30,0.0
cub200,S4,Swin-T,swin_tiny,3,59,0.5862068965517241,0.20689655172413793,29,0.3793103448275862
cub200,S4,Swin-T,swin_tiny,3,60,0.9666666666666667,0.26666666666666666,30,0.7
cub200,S4,Swin-T,swin_tiny,3,61,0.5666666666666667,0.26666666666666666,30,0.3
cub200,S4,Swin-T,swin_tiny,3,62,1.0,1.0,30,0.0
cub200,S4,Swin-T,swin_tiny,3,63,0.6666666666666666,0.2,30,0.4666666666666666
cub200,S4,Swin-T,swin_tiny,3,64,0.75,0.25,20,0.5
cub200,S4,Swin-T,swin_tiny,3,65,0.7333333333333333,0.5,30,0.23333333333333328
cub200,S4,Swin-T,swin_tiny,3,66,0.7333333333333333,0.5666666666666667,30,0.16666666666666663
cub200,S4,Swin-T,swin_tiny,3,67,0.8333333333333334,0.5,30,0.33333333333333337
cub200,S4,Swin-T,swin_tiny,3,68,0.8666666666666667,0.3,30,0.5666666666666667
cub200,S4,Swin-T,swin_tiny,3,69,1.0,0.0,30,1.0
cub200,S4,Swin-T,swin_tiny,3,70,0.4666666666666667,0.4666666666666667,30,0.0
cub200,S4,Swin-T,swin_tiny,3,71,0.6333333333333333,0.5666666666666667,30,0.06666666666666665
cub200,S4,Swin-T,swin_tiny,3,72,0.9666666666666667,0.7,30,0.2666666666666667
cub200,S4,Swin-T,swin_tiny,3,73,0.9666666666666667,0.2,30,0.7666666666666666
cub200,S4,Swin-T,swin_tiny,3,74,1.0,0.0,27,1.0
cub200,S4,Swin-T,swin_tiny,3,75,1.0,0.8,30,0.19999999999999996
cub200,S4,Swin-T,swin_tiny,3,76,0.9666666666666667,0.0,30,0.9666666666666667
cub200,S4,Swin-T,swin_tiny,3,77,0.896551724137931,0.8275862068965517,29,0.06896551724137934
cub200,S4,Swin-T,swin_tiny,3,78,0.9,0.7666666666666667,30,0.1333333333333333
cub200,S4,Swin-T,swin_tiny,3,79,0.8666666666666667,0.7333333333333333,30,0.13333333333333341
cub200,S4,Swin-T,swin_tiny,3,80,0.9,0.9333333333333333,30,-0.033333333333333326
cub200,S4,Swin-T,swin_tiny,3,81,0.8666666666666667,0.2,30,0.6666666666666667
cub200,S4,Swin-T,swin_tiny,3,82,0.9666666666666667,0.0,30,0.9666666666666667
cub200,S4,Swin-T,swin_tiny,3,83,0.8695652173913043,0.34782608695652173,23,0.5217391304347826
cub200,S4,Swin-T,swin_tiny,3,84,0.9666666666666667,0.7,30,0.2666666666666667
cub200,S4,Swin-T,swin_tiny,3,85,0.9,0.9,30,0.0
cub200,S4,Swin-T,swin_tiny,3,86,0.8333333333333334,0.3333333333333333,30,0.5
cub200,S4,Swin-T,swin_tiny,3,87,0.9666666666666667,0.03333333333333333,30,0.9333333333333333
cub200,S4,Swin-T,swin_tiny,3,88,0.8,0.8,30,0.0
cub200,S4,Swin-T,swin_tiny,3,89,0.9666666666666667,0.7,30,0.2666666666666667
cub200,S4,Swin-T,swin_tiny,3,90,0.7666666666666667,0.8,30,-0.033333333333333326
cub200,S4,Swin-T,swin_tiny,3,91,0.8333333333333334,0.6,30,0.2333333333333334
cub200,S4,Swin-T,swin_tiny,3,92,0.9666666666666667,0.9,30,0.06666666666666665
cub200,S4,Swin-T,swin_tiny,3,93,1.0,0.8333333333333334,30,0.16666666666666663
cub200,S4,Swin-T,swin_tiny,3,94,0.8666666666666667,0.0,30,0.8666666666666667
cub200,S4,Swin-T,swin_tiny,3,95,0.8333333333333334,0.0,30,0.8333333333333334
cub200,S4,Swin-T,swin_tiny,3,96,0.7586206896551724,0.034482758620689655,29,0.7241379310344828
cub200,S4,Swin-T,swin_tiny,3,97,0.9333333333333333,0.13333333333333333,30,0.8
cub200,S4,Swin-T,swin_tiny,3,98,0.9,0.5666666666666667,30,0.33333333333333337
cub200,S4,Swin-T,swin_tiny,3,99,1.0,0.9666666666666667,30,0.033333333333333326
cub200,S4,Swin-T,swin_tiny,3,100,0.95,0.8,20,0.1499999999999999
cub200,S4,Swin-T,swin_tiny,3,101,0.43333333333333335,0.6,30,-0.16666666666666663
cub200,S4,Swin-T,swin_tiny,3,102,0.6666666666666666,0.43333333333333335,30,0.23333333333333328
cub200,S4,Swin-T,swin_tiny,3,103,0.7666666666666667,0.6333333333333333,30,0.13333333333333341
cub200,S4,Swin-T,swin_tiny,3,104,0.7894736842105263,0.8947368421052632,19,-0.10526315789473684
cub200,S4,Swin-T,swin_tiny,3,105,1.0,0.9666666666666667,30,0.033333333333333326
cub200,S4,Swin-T,swin_tiny,3,106,0.6333333333333333,0.6,30,0.033333333333333326
cub200,S4,Swin-T,swin_tiny,3,107,0.7333333333333333,0.8,30,-0.06666666666666676
cub200,S4,Swin-T,swin_tiny,3,108,0.9,0.0,30,0.9
cub200,S4,Swin-T,swin_tiny,3,109,1.0,1.0,30,0.0
cub200,S4,Swin-T,swin_tiny,3,110,0.6666666666666666,0.3333333333333333,30,0.3333333333333333
cub200,S4,Swin-T,swin_tiny,3,111,0.7666666666666667,0.9333333333333333,30,-0.16666666666666663
cub200,S4,Swin-T,swin_tiny,3,112,0.95,0.75,20,0.19999999999999996
cub200,S4,Swin-T,swin_tiny,3,113,0.9666666666666667,0.9,30,0.06666666666666665
cub200,S4,Swin-T,swin_tiny,3,114,0.6551724137931034,0.41379310344827586,29,0.24137931034482757
cub200,S4,Swin-T,swin_tiny,3,115,0.7666666666666667,0.03333333333333333,30,0.7333333333333334
cub200,S4,Swin-T,swin_tiny,3,116,0.9655172413793104,0.3103448275862069,29,0.6551724137931034
cub200,S4,Swin-T,swin_tiny,3,117,0.6666666666666666,0.03333333333333333,30,0.6333333333333333
cub200,S4,Swin-T,swin_tiny,3,118,0.7931034482758621,0.0,29,0.7931034482758621
cub200,S4,Swin-T,swin_tiny,3,119,0.6666666666666666,0.5,30,0.16666666666666663
cub200,S4,Swin-T,swin_tiny,3,120,0.7,0.6,30,0.09999999999999998
cub200,S4,Swin-T,swin_tiny,3,121,0.9666666666666667,0.6666666666666666,30,0.30000000000000004
cub200,S4,Swin-T,swin_tiny,3,122,0.8333333333333334,0.06666666666666667,30,0.7666666666666667
cub200,S4,Swin-T,swin_tiny,3,123,0.9655172413793104,0.06896551724137931,29,0.896551724137931
cub200,S4,Swin-T,swin_tiny,3,124,0.9655172413793104,0.5862068965517241,29,0.3793103448275863
cub200,S4,Swin-T,swin_tiny,3,125,0.7666666666666667,0.1,30,0.6666666666666667
cub200,S4,Swin-T,swin_tiny,3,126,0.8666666666666667,0.13333333333333333,30,0.7333333333333334
cub200,S4,Swin-T,swin_tiny,3,127,0.8666666666666667,0.7333333333333333,30,0.13333333333333341
cub200,S4,Swin-T,swin_tiny,3,128,0.8666666666666667,0.23333333333333334,30,0.6333333333333333
cub200,S4,Swin-T,swin_tiny,3,129,0.6333333333333333,0.1,30,0.5333333333333333
cub200,S4,Swin-T,swin_tiny,3,130,0.8666666666666667,0.7333333333333333,30,0.13333333333333341
cub200,S4,Swin-T,swin_tiny,3,131,1.0,0.8333333333333334,30,0.16666666666666663
cub200,S4,Swin-T,swin_tiny,3,132,0.9333333333333333,0.16666666666666666,30,0.7666666666666667
cub200,S4,Swin-T,swin_tiny,3,133,1.0,0.0,30,1.0
cub200,S4,Swin-T,swin_tiny,3,134,0.6,0.43333333333333335,30,0.16666666666666663
cub200,S4,Swin-T,swin_tiny,3,135,0.8,0.0,30,0.8
cub200,S4,Swin-T,swin_tiny,3,136,0.7666666666666667,0.1,30,0.6666666666666667
cub200,S4,Swin-T,swin_tiny,3,137,0.8333333333333334,0.1,30,0.7333333333333334
cub200,S4,Swin-T,swin_tiny,3,138,0.8333333333333334,0.0,30,0.8333333333333334
cub200,S4,Swin-T,swin_tiny,3,139,0.9666666666666667,0.0,30,0.9666666666666667
cub200,S4,Swin-T,swin_tiny,3,140,0.8275862068965517,0.7241379310344828,29,0.10344827586206895
cub200,S4,Swin-T,swin_tiny,3,141,0.5,0.3333333333333333,30,0.16666666666666669
cub200,S4,Swin-T,swin_tiny,3,142,0.7333333333333333,0.16666666666666666,30,0.5666666666666667
cub200,S4,Swin-T,swin_tiny,3,143,0.3333333333333333,0.1,30,0.2333333333333333
cub200,S4,Swin-T,swin_tiny,3,144,0.7,0.16666666666666666,30,0.5333333333333333
cub200,S4,Swin-T,swin_tiny,3,145,0.6333333333333333,0.03333333333333333,30,0.6
cub200,S4,Swin-T,swin_tiny,3,146,0.9,0.3333333333333333,30,0.5666666666666667
cub200,S4,Swin-T,swin_tiny,3,147,0.9666666666666667,0.03333333333333333,30,0.9333333333333333
cub200,S4,Swin-T,swin_tiny,3,148,0.9655172413793104,0.2413793103448276,29,0.7241379310344828
cub200,S4,Swin-T,swin_tiny,3,149,0.9333333333333333,0.8666666666666667,30,0.06666666666666665
cub200,S4,Swin-T,swin_tiny,3,150,0.9523809523809523,0.8095238095238095,21,0.1428571428571428
cub200,S4,Swin-T,swin_tiny,3,151,0.9,0.5333333333333333,30,0.3666666666666667
cub200,S4,Swin-T,swin_tiny,3,152,0.8275862068965517,0.0,29,0.8275862068965517
cub200,S4,Swin-T,swin_tiny,3,153,0.9,0.16666666666666666,30,0.7333333333333334
cub200,S4,Swin-T,swin_tiny,3,154,0.7666666666666667,0.6666666666666666,30,0.10000000000000009
cub200,S4,Swin-T,swin_tiny,3,155,0.9333333333333333,0.03333333333333333,30,0.9
cub200,S4,Swin-T,swin_tiny,3,156,0.8275862068965517,0.0,29,0.8275862068965517
cub200,S4,Swin-T,swin_tiny,3,157,1.0,0.06666666666666667,30,0.9333333333333333
cub200,S4,Swin-T,swin_tiny,3,158,1.0,1.0,30,0.0
cub200,S4,Swin-T,swin_tiny,3,159,1.0,0.7586206896551724,29,0.24137931034482762
cub200,S4,Swin-T,swin_tiny,3,160,0.9333333333333333,0.0,30,0.9333333333333333
cub200,S4,Swin-T,swin_tiny,3,161,0.8666666666666667,0.03333333333333333,30,0.8333333333333334
cub200,S4,Swin-T,swin_tiny,3,162,0.9,0.03333333333333333,30,0.8666666666666667
cub200,S4,Swin-T,swin_tiny,3,163,0.9,0.5,30,0.4
cub200,S4,Swin-T,swin_tiny,3,164,0.9,0.03333333333333333,30,0.8666666666666667
cub200,S4,Swin-T,swin_tiny,3,165,0.9310344827586207,0.0,29,0.9310344827586207
cub200,S4,Swin-T,swin_tiny,3,166,0.8,0.0,30,0.8
cub200,S4,Swin-T,swin_tiny,3,167,0.9310344827586207,0.0,29,0.9310344827586207
cub200,S4,Swin-T,swin_tiny,3,168,0.9655172413793104,0.0,29,0.9655172413793104
cub200,S4,Swin-T,swin_tiny,3,169,0.9,0.03333333333333333,30,0.8666666666666667
cub200,S4,Swin-T,swin_tiny,3,170,0.9666666666666667,0.16666666666666666,30,0.8
cub200,S4,Swin-T,swin_tiny,3,171,0.9,0.0,30,0.9
cub200,S4,Swin-T,swin_tiny,3,172,0.6333333333333333,0.13333333333333333,30,0.5
cub200,S4,Swin-T,swin_tiny,3,173,0.9,0.43333333333333335,30,0.4666666666666667
cub200,S4,Swin-T,swin_tiny,3,174,0.8,0.0,30,0.8
cub200,S4,Swin-T,swin_tiny,3,175,1.0,0.0,30,1.0
cub200,S4,Swin-T,swin_tiny,3,176,0.9666666666666667,0.0,30,0.9666666666666667
cub200,S4,Swin-T,swin_tiny,3,177,0.8846153846153846,0.5,26,0.3846153846153846
cub200,S4,Swin-T,swin_tiny,3,178,0.6896551724137931,0.0,29,0.6896551724137931
cub200,S4,Swin-T,swin_tiny,3,179,0.8666666666666667,0.03333333333333333,30,0.8333333333333334
cub200,S4,Swin-T,swin_tiny,3,180,0.9310344827586207,0.3793103448275862,29,0.5517241379310345
cub200,S4,Swin-T,swin_tiny,3,181,0.9666666666666667,0.1,30,0.8666666666666667
cub200,S4,Swin-T,swin_tiny,3,182,0.9333333333333333,0.8666666666666667,30,0.06666666666666665
cub200,S4,Swin-T,swin_tiny,3,183,0.8333333333333334,0.6666666666666666,30,0.16666666666666674
cub200,S4,Swin-T,swin_tiny,3,184,0.9666666666666667,0.5,30,0.4666666666666667
cub200,S4,Swin-T,swin_tiny,3,185,0.9666666666666667,0.5666666666666667,30,0.4
cub200,S4,Swin-T,swin_tiny,3,186,0.95,0.9,20,0.04999999999999993
cub200,S4,Swin-T,swin_tiny,3,187,1.0,0.9,30,0.09999999999999998
cub200,S4,Swin-T,swin_tiny,3,188,1.0,0.9333333333333333,30,0.06666666666666665
cub200,S4,Swin-T,swin_tiny,3,189,0.9655172413793104,0.896551724137931,29,0.06896551724137934
cub200,S4,Swin-T,swin_tiny,3,190,0.9,0.06666666666666667,30,0.8333333333333334
cub200,S4,Swin-T,swin_tiny,3,191,1.0,0.9666666666666667,30,0.033333333333333326
cub200,S4,Swin-T,swin_tiny,3,192,0.8666666666666667,0.7,30,0.16666666666666674
cub200,S4,Swin-T,swin_tiny,3,193,0.9333333333333333,0.8666666666666667,30,0.06666666666666665
cub200,S4,Swin-T,swin_tiny,3,194,1.0,0.13333333333333333,30,0.8666666666666667
cub200,S4,Swin-T,swin_tiny,3,195,0.7666666666666667,0.3333333333333333,30,0.4333333333333334
cub200,S4,Swin-T,swin_tiny,3,196,0.8333333333333334,0.4666666666666667,30,0.3666666666666667
cub200,S4,Swin-T,swin_tiny,3,197,0.9,0.8666666666666667,30,0.033333333333333326
cub200,S4,Swin-T,swin_tiny,3,198,0.9,0.6666666666666666,30,0.2333333333333334
cub200,S4,Swin-T,swin_tiny,3,199,1.0,0.0,30,1.0
cub200,S4,Swin-T,swin_tiny,4,0,0.7666666666666667,0.2,30,0.5666666666666667
cub200,S4,Swin-T,swin_tiny,4,1,0.8333333333333334,0.7666666666666667,30,0.06666666666666665
cub200,S4,Swin-T,swin_tiny,4,2,1.0,0.9642857142857143,28,0.0357142857142857
cub200,S4,Swin-T,swin_tiny,4,3,0.9333333333333333,0.7666666666666667,30,0.16666666666666663
cub200,S4,Swin-T,swin_tiny,4,4,0.8571428571428571,0.6428571428571429,14,0.2142857142857142
cub200,S4,Swin-T,swin_tiny,4,5,1.0,1.0,11,0.0
cub200,S4,Swin-T,swin_tiny,4,6,1.0,0.6956521739130435,23,0.30434782608695654
cub200,S4,Swin-T,swin_tiny,4,7,0.9444444444444444,0.4444444444444444,18,0.5
cub200,S4,Swin-T,swin_tiny,4,8,0.5172413793103449,0.3793103448275862,29,0.13793103448275867
cub200,S4,Swin-T,swin_tiny,4,9,0.9666666666666667,0.03333333333333333,30,0.9333333333333333
cub200,S4,Swin-T,swin_tiny,4,10,0.6,0.26666666666666666,30,0.3333333333333333
cub200,S4,Swin-T,swin_tiny,4,11,1.0,0.15384615384615385,26,0.8461538461538461
cub200,S4,Swin-T,swin_tiny,4,12,0.9666666666666667,0.9333333333333333,30,0.033333333333333326
cub200,S4,Swin-T,swin_tiny,4,13,0.9666666666666667,0.0,30,0.9666666666666667
cub200,S4,Swin-T,swin_tiny,4,14,0.9285714285714286,0.0,28,0.9285714285714286
cub200,S4,Swin-T,swin_tiny,4,15,0.9285714285714286,0.0,28,0.9285714285714286
cub200,S4,Swin-T,swin_tiny,4,16,1.0,0.0,27,1.0
cub200,S4,Swin-T,swin_tiny,4,17,1.0,0.8666666666666667,15,0.1333333333333333
cub200,S4,Swin-T,swin_tiny,4,18,0.896551724137931,0.41379310344827586,29,0.4827586206896552
cub200,S4,Swin-T,swin_tiny,4,19,1.0,0.0,29,1.0
cub200,S4,Swin-T,swin_tiny,4,20,1.0,0.43333333333333335,30,0.5666666666666667
cub200,S4,Swin-T,swin_tiny,4,21,0.6923076923076923,0.19230769230769232,26,0.5
cub200,S4,Swin-T,swin_tiny,4,22,0.6551724137931034,0.5172413793103449,29,0.13793103448275856
cub200,S4,Swin-T,swin_tiny,4,23,0.9545454545454546,0.36363636363636365,22,0.5909090909090909
cub200,S4,Swin-T,swin_tiny,4,24,0.7,0.5,30,0.19999999999999996
cub200,S4,Swin-T,swin_tiny,4,25,0.9333333333333333,0.06666666666666667,30,0.8666666666666667
cub200,S4,Swin-T,swin_tiny,4,26,0.4666666666666667,0.4,30,0.06666666666666665
cub200,S4,Swin-T,swin_tiny,4,27,0.9655172413793104,0.9655172413793104,29,0.0
cub200,S4,Swin-T,swin_tiny,4,28,0.4,0.6333333333333333,30,-0.23333333333333328
cub200,S4,Swin-T,swin_tiny,4,29,0.36666666666666664,0.2,30,0.16666666666666663
cub200,S4,Swin-T,swin_tiny,4,30,0.8666666666666667,0.8333333333333334,30,0.033333333333333326
cub200,S4,Swin-T,swin_tiny,4,31,0.8260869565217391,0.17391304347826086,23,0.6521739130434783
cub200,S4,Swin-T,swin_tiny,4,32,0.8620689655172413,0.3448275862068966,29,0.5172413793103448
cub200,S4,Swin-T,swin_tiny,4,33,0.9310344827586207,0.5172413793103449,29,0.4137931034482758
cub200,S4,Swin-T,swin_tiny,4,34,1.0,0.36666666666666664,30,0.6333333333333333
cub200,S4,Swin-T,swin_tiny,4,35,1.0,0.9333333333333333,30,0.06666666666666665
cub200,S4,Swin-T,swin_tiny,4,36,0.6206896551724138,0.5172413793103449,29,0.10344827586206895
cub200,S4,Swin-T,swin_tiny,4,37,0.8333333333333334,0.0,30,0.8333333333333334
cub200,S4,Swin-T,swin_tiny,4,38,0.5517241379310345,0.41379310344827586,29,0.13793103448275862
cub200,S4,Swin-T,swin_tiny,4,39,0.7,0.5666666666666667,30,0.1333333333333333
cub200,S4,Swin-T,swin_tiny,4,40,0.9,0.7,30,0.20000000000000007
cub200,S4,Swin-T,swin_tiny,4,41,0.9,0.0,30,0.9
cub200,S4,Swin-T,swin_tiny,4,42,0.5517241379310345,0.10344827586206896,29,0.4482758620689655
cub200,S4,Swin-T,swin_tiny,4,43,0.8666666666666667,0.6,30,0.2666666666666667
cub200,S4,Swin-T,swin_tiny,4,44,0.7333333333333333,0.8666666666666667,30,-0.13333333333333341
cub200,S4,Swin-T,swin_tiny,4,45,0.9666666666666667,0.9,30,0.06666666666666665
cub200,S4,Swin-T,swin_tiny,4,46,0.9666666666666667,0.4,30,0.5666666666666667
cub200,S4,Swin-T,swin_tiny,4,47,1.0,0.43333333333333335,30,0.5666666666666667
cub200,S4,Swin-T,swin_tiny,4,48,0.8333333333333334,0.1,30,0.7333333333333334
cub200,S4,Swin-T,swin_tiny,4,49,0.8666666666666667,0.6,30,0.2666666666666667
cub200,S4,Swin-T,swin_tiny,4,50,0.8666666666666667,0.7,30,0.16666666666666674
cub200,S4,Swin-T,swin_tiny,4,51,0.9666666666666667,0.6333333333333333,30,0.33333333333333337
cub200,S4,Swin-T,swin_tiny,4,52,0.9333333333333333,0.6,30,0.33333333333333337
cub200,S4,Swin-T,swin_tiny,4,53,0.9,0.23333333333333334,30,0.6666666666666667
cub200,S4,Swin-T,swin_tiny,4,54,0.9666666666666667,0.16666666666666666,30,0.8
cub200,S4,Swin-T,swin_tiny,4,55,0.8333333333333334,0.1,30,0.7333333333333334
cub200,S4,Swin-T,swin_tiny,4,56,1.0,0.5,30,0.5
cub200,S4,Swin-T,swin_tiny,4,57,0.8928571428571429,0.75,28,0.1428571428571429
cub200,S4,Swin-T,swin_tiny,4,58,0.16666666666666666,0.3,30,-0.13333333333333333
cub200,S4,Swin-T,swin_tiny,4,59,0.6551724137931034,0.20689655172413793,29,0.4482758620689655
cub200,S4,Swin-T,swin_tiny,4,60,1.0,0.4666666666666667,30,0.5333333333333333
cub200,S4,Swin-T,swin_tiny,4,61,0.5,0.4,30,0.09999999999999998
cub200,S4,Swin-T,swin_tiny,4,62,1.0,0.9666666666666667,30,0.033333333333333326
cub200,S4,Swin-T,swin_tiny,4,63,0.7,0.26666666666666666,30,0.4333333333333333
cub200,S4,Swin-T,swin_tiny,4,64,0.65,0.4,20,0.25
cub200,S4,Swin-T,swin_tiny,4,65,0.6333333333333333,0.7333333333333333,30,-0.09999999999999998
cub200,S4,Swin-T,swin_tiny,4,66,0.7,0.43333333333333335,30,0.2666666666666666
cub200,S4,Swin-T,swin_tiny,4,67,0.9,0.5333333333333333,30,0.3666666666666667
cub200,S4,Swin-T,swin_tiny,4,68,0.8,0.5666666666666667,30,0.2333333333333334
cub200,S4,Swin-T,swin_tiny,4,69,1.0,0.0,30,1.0
cub200,S4,Swin-T,swin_tiny,4,70,0.4,0.36666666666666664,30,0.03333333333333338
cub200,S4,Swin-T,swin_tiny,4,71,0.6333333333333333,0.43333333333333335,30,0.19999999999999996
cub200,S4,Swin-T,swin_tiny,4,72,0.9333333333333333,0.8333333333333334,30,0.09999999999999998
cub200,S4,Swin-T,swin_tiny,4,73,1.0,0.06666666666666667,30,0.9333333333333333
cub200,S4,Swin-T,swin_tiny,4,74,1.0,0.2222222222222222,27,0.7777777777777778
cub200,S4,Swin-T,swin_tiny,4,75,1.0,0.8333333333333334,30,0.16666666666666663
cub200,S4,Swin-T,swin_tiny,4,76,1.0,0.0,30,1.0
cub200,S4,Swin-T,swin_tiny,4,77,0.8620689655172413,0.8620689655172413,29,0.0
cub200,S4,Swin-T,swin_tiny,4,78,0.9333333333333333,0.8333333333333334,30,0.09999999999999998
cub200,S4,Swin-T,swin_tiny,4,79,0.8666666666666667,0.6333333333333333,30,0.2333333333333334
cub200,S4,Swin-T,swin_tiny,4,80,0.9,0.9,30,0.0
cub200,S4,Swin-T,swin_tiny,4,81,0.8333333333333334,0.2,30,0.6333333333333333
cub200,S4,Swin-T,swin_tiny,4,82,0.9666666666666667,0.03333333333333333,30,0.9333333333333333
cub200,S4,Swin-T,swin_tiny,4,83,0.9565217391304348,0.6521739130434783,23,0.30434782608695654
cub200,S4,Swin-T,swin_tiny,4,84,0.9666666666666667,0.6333333333333333,30,0.33333333333333337
cub200,S4,Swin-T,swin_tiny,4,85,0.9666666666666667,0.9666666666666667,30,0.0
cub200,S4,Swin-T,swin_tiny,4,86,0.9,0.3333333333333333,30,0.5666666666666667
cub200,S4,Swin-T,swin_tiny,4,87,0.9,0.3,30,0.6000000000000001
cub200,S4,Swin-T,swin_tiny,4,88,0.8,0.8,30,0.0
cub200,S4,Swin-T,swin_tiny,4,89,0.9666666666666667,0.7333333333333333,30,0.2333333333333334
cub200,S4,Swin-T,swin_tiny,4,90,0.7,0.9,30,-0.20000000000000007
cub200,S4,Swin-T,swin_tiny,4,91,0.8333333333333334,0.8666666666666667,30,-0.033333333333333326
cub200,S4,Swin-T,swin_tiny,4,92,1.0,1.0,30,0.0
cub200,S4,Swin-T,swin_tiny,4,93,0.9666666666666667,0.9,30,0.06666666666666665
cub200,S4,Swin-T,swin_tiny,4,94,0.8666666666666667,0.0,30,0.8666666666666667
cub200,S4,Swin-T,swin_tiny,4,95,0.8,0.0,30,0.8
cub200,S4,Swin-T,swin_tiny,4,96,0.7586206896551724,0.034482758620689655,29,0.7241379310344828
cub200,S4,Swin-T,swin_tiny,4,97,0.9333333333333333,0.03333333333333333,30,0.9
cub200,S4,Swin-T,swin_tiny,4,98,0.9,0.7666666666666667,30,0.1333333333333333
cub200,S4,Swin-T,swin_tiny,4,99,0.9666666666666667,0.9666666666666667,30,0.0
cub200,S4,Swin-T,swin_tiny,4,100,1.0,0.85,20,0.15000000000000002
cub200,S4,Swin-T,swin_tiny,4,101,0.3333333333333333,0.36666666666666664,30,-0.033333333333333326
cub200,S4,Swin-T,swin_tiny,4,102,0.6666666666666666,0.5333333333333333,30,0.1333333333333333
cub200,S4,Swin-T,swin_tiny,4,103,0.8,0.6666666666666666,30,0.13333333333333341
cub200,S4,Swin-T,swin_tiny,4,104,0.8947368421052632,0.9473684210526315,19,-0.05263157894736836
cub200,S4,Swin-T,swin_tiny,4,105,0.9333333333333333,0.9333333333333333,30,0.0
cub200,S4,Swin-T,swin_tiny,4,106,0.6333333333333333,0.5,30,0.1333333333333333
cub200,S4,Swin-T,swin_tiny,4,107,0.8666666666666667,0.8333333333333334,30,0.033333333333333326
cub200,S4,Swin-T,swin_tiny,4,108,0.8666666666666667,0.0,30,0.8666666666666667
cub200,S4,Swin-T,swin_tiny,4,109,0.9666666666666667,1.0,30,-0.033333333333333326
cub200,S4,Swin-T,swin_tiny,4,110,0.6,0.23333333333333334,30,0.36666666666666664
cub200,S4,Swin-T,swin_tiny,4,111,0.7,0.8333333333333334,30,-0.13333333333333341
cub200,S4,Swin-T,swin_tiny,4,112,0.95,0.9,20,0.04999999999999993
cub200,S4,Swin-T,swin_tiny,4,113,0.9666666666666667,0.9,30,0.06666666666666665
cub200,S4,Swin-T,swin_tiny,4,114,0.7241379310344828,0.4482758620689655,29,0.27586206896551724
cub200,S4,Swin-T,swin_tiny,4,115,0.7,0.0,30,0.7
cub200,S4,Swin-T,swin_tiny,4,116,0.8275862068965517,0.5862068965517241,29,0.24137931034482762
cub200,S4,Swin-T,swin_tiny,4,117,0.8,0.4,30,0.4
cub200,S4,Swin-T,swin_tiny,4,118,0.7241379310344828,0.2413793103448276,29,0.48275862068965514
cub200,S4,Swin-T,swin_tiny,4,119,0.7666666666666667,0.43333333333333335,30,0.33333333333333337
cub200,S4,Swin-T,swin_tiny,4,120,0.8,0.7,30,0.10000000000000009
cub200,S4,Swin-T,swin_tiny,4,121,0.9333333333333333,0.5666666666666667,30,0.3666666666666667
cub200,S4,Swin-T,swin_tiny,4,122,0.8666666666666667,0.36666666666666664,30,0.5
cub200,S4,Swin-T,swin_tiny,4,123,1.0,0.6551724137931034,29,0.3448275862068966
cub200,S4,Swin-T,swin_tiny,4,124,0.896551724137931,0.7586206896551724,29,0.13793103448275867
cub200,S4,Swin-T,swin_tiny,4,125,0.7333333333333333,0.4,30,0.33333333333333326
cub200,S4,Swin-T,swin_tiny,4,126,0.7666666666666667,0.1,30,0.6666666666666667
cub200,S4,Swin-T,swin_tiny,4,127,0.8666666666666667,0.7,30,0.16666666666666674
cub200,S4,Swin-T,swin_tiny,4,128,0.8333333333333334,0.5,30,0.33333333333333337
cub200,S4,Swin-T,swin_tiny,4,129,0.6666666666666666,0.26666666666666666,30,0.39999999999999997
cub200,S4,Swin-T,swin_tiny,4,130,0.7666666666666667,0.7333333333333333,30,0.03333333333333344
cub200,S4,Swin-T,swin_tiny,4,131,0.9666666666666667,0.8,30,0.16666666666666663
cub200,S4,Swin-T,swin_tiny,4,132,0.9666666666666667,0.13333333333333333,30,0.8333333333333334
cub200,S4,Swin-T,swin_tiny,4,133,1.0,0.0,30,1.0
cub200,S4,Swin-T,swin_tiny,4,134,0.7,0.4666666666666667,30,0.23333333333333328
cub200,S4,Swin-T,swin_tiny,4,135,0.6666666666666666,0.0,30,0.6666666666666666
cub200,S4,Swin-T,swin_tiny,4,136,0.8333333333333334,0.23333333333333334,30,0.6000000000000001
cub200,S4,Swin-T,swin_tiny,4,137,0.8666666666666667,0.23333333333333334,30,0.6333333333333333
cub200,S4,Swin-T,swin_tiny,4,138,0.9333333333333333,0.0,30,0.9333333333333333
cub200,S4,Swin-T,swin_tiny,4,139,0.9666666666666667,0.0,30,0.9666666666666667
cub200,S4,Swin-T,swin_tiny,4,140,0.7241379310344828,0.4827586206896552,29,0.24137931034482757
cub200,S4,Swin-T,swin_tiny,4,141,0.5,0.5333333333333333,30,-0.033333333333333326
cub200,S4,Swin-T,swin_tiny,4,142,0.7,0.43333333333333335,30,0.2666666666666666
cub200,S4,Swin-T,swin_tiny,4,143,0.4666666666666667,0.06666666666666667,30,0.4
cub200,S4,Swin-T,swin_tiny,4,144,0.6333333333333333,0.23333333333333334,30,0.39999999999999997
cub200,S4,Swin-T,swin_tiny,4,145,0.6333333333333333,0.16666666666666666,30,0.4666666666666667
cub200,S4,Swin-T,swin_tiny,4,146,0.8666666666666667,0.6,30,0.2666666666666667
cub200,S4,Swin-T,swin_tiny,4,147,0.9666666666666667,0.1,30,0.8666666666666667
cub200,S4,Swin-T,swin_tiny,4,148,1.0,0.6206896551724138,29,0.3793103448275862
cub200,S4,Swin-T,swin_tiny,4,149,0.9666666666666667,0.8,30,0.16666666666666663
cub200,S4,Swin-T,swin_tiny,4,150,1.0,0.8571428571428571,21,0.1428571428571429
cub200,S4,Swin-T,swin_tiny,4,151,0.8666666666666667,0.6333333333333333,30,0.2333333333333334
cub200,S4,Swin-T,swin_tiny,4,152,0.8620689655172413,0.034482758620689655,29,0.8275862068965517
cub200,S4,Swin-T,swin_tiny,4,153,0.9,0.3333333333333333,30,0.5666666666666667
cub200,S4,Swin-T,swin_tiny,4,154,0.8,0.7333333333333333,30,0.06666666666666676
cub200,S4,Swin-T,swin_tiny,4,155,1.0,0.0,30,1.0
cub200,S4,Swin-T,swin_tiny,4,156,0.7931034482758621,0.0,29,0.7931034482758621
cub200,S4,Swin-T,swin_tiny,4,157,1.0,0.06666666666666667,30,0.9333333333333333
cub200,S4,Swin-T,swin_tiny,4,158,0.9666666666666667,0.9666666666666667,30,0.0
cub200,S4,Swin-T,swin_tiny,4,159,0.9310344827586207,0.896551724137931,29,0.03448275862068961
cub200,S4,Swin-T,swin_tiny,4,160,0.9333333333333333,0.0,30,0.9333333333333333
cub200,S4,Swin-T,swin_tiny,4,161,0.9,0.0,30,0.9
cub200,S4,Swin-T,swin_tiny,4,162,1.0,0.0,30,1.0
cub200,S4,Swin-T,swin_tiny,4,163,0.9666666666666667,0.8,30,0.16666666666666663
cub200,S4,Swin-T,swin_tiny,4,164,0.9,0.0,30,0.9
cub200,S4,Swin-T,swin_tiny,4,165,0.9310344827586207,0.0,29,0.9310344827586207
cub200,S4,Swin-T,swin_tiny,4,166,0.8333333333333334,0.06666666666666667,30,0.7666666666666667
cub200,S4,Swin-T,swin_tiny,4,167,0.9310344827586207,0.06896551724137931,29,0.8620689655172413
cub200,S4,Swin-T,swin_tiny,4,168,1.0,0.0,29,1.0
cub200,S4,Swin-T,swin_tiny,4,169,0.9,0.0,30,0.9
cub200,S4,Swin-T,swin_tiny,4,170,0.9333333333333333,0.16666666666666666,30,0.7666666666666667
cub200,S4,Swin-T,swin_tiny,4,171,0.9333333333333333,0.0,30,0.9333333333333333
cub200,S4,Swin-T,swin_tiny,4,172,0.7333333333333333,0.26666666666666666,30,0.4666666666666666
cub200,S4,Swin-T,swin_tiny,4,173,0.8333333333333334,0.5,30,0.33333333333333337
cub200,S4,Swin-T,swin_tiny,4,174,0.8666666666666667,0.03333333333333333,30,0.8333333333333334
cub200,S4,Swin-T,swin_tiny,4,175,1.0,0.0,30,1.0
cub200,S4,Swin-T,swin_tiny,4,176,0.9666666666666667,0.0,30,0.9666666666666667
cub200,S4,Swin-T,swin_tiny,4,177,0.8846153846153846,0.6538461538461539,26,0.23076923076923073
cub200,S4,Swin-T,swin_tiny,4,178,0.6206896551724138,0.034482758620689655,29,0.5862068965517242
cub200,S4,Swin-T,swin_tiny,4,179,0.9,0.0,30,0.9
cub200,S4,Swin-T,swin_tiny,4,180,0.9310344827586207,0.8620689655172413,29,0.06896551724137934
cub200,S4,Swin-T,swin_tiny,4,181,0.9333333333333333,0.5,30,0.43333333333333335
cub200,S4,Swin-T,swin_tiny,4,182,0.9666666666666667,0.6333333333333333,30,0.33333333333333337
cub200,S4,Swin-T,swin_tiny,4,183,0.8333333333333334,0.9333333333333333,30,-0.09999999999999998
cub200,S4,Swin-T,swin_tiny,4,184,0.9666666666666667,0.6333333333333333,30,0.33333333333333337
cub200,S4,Swin-T,swin_tiny,4,185,0.9333333333333333,0.5666666666666667,30,0.3666666666666667
cub200,S4,Swin-T,swin_tiny,4,186,1.0,0.9,20,0.09999999999999998
cub200,S4,Swin-T,swin_tiny,4,187,1.0,0.9333333333333333,30,0.06666666666666665
cub200,S4,Swin-T,swin_tiny,4,188,1.0,0.9666666666666667,30,0.033333333333333326
cub200,S4,Swin-T,swin_tiny,4,189,0.9655172413793104,0.9655172413793104,29,0.0
cub200,S4,Swin-T,swin_tiny,4,190,0.9,0.06666666666666667,30,0.8333333333333334
cub200,S4,Swin-T,swin_tiny,4,191,1.0,1.0,30,0.0
cub200,S4,Swin-T,swin_tiny,4,192,0.8,0.5666666666666667,30,0.2333333333333334
cub200,S4,Swin-T,swin_tiny,4,193,0.9,0.8666666666666667,30,0.033333333333333326
cub200,S4,Swin-T,swin_tiny,4,194,1.0,0.4666666666666667,30,0.5333333333333333
cub200,S4,Swin-T,swin_tiny,4,195,0.8,0.5333333333333333,30,0.2666666666666667
cub200,S4,Swin-T,swin_tiny,4,196,0.7,0.7666666666666667,30,-0.06666666666666676
cub200,S4,Swin-T,swin_tiny,4,197,0.8333333333333334,0.7333333333333333,30,0.10000000000000009
cub200,S4,Swin-T,swin_tiny,4,198,0.9,0.8666666666666667,30,0.033333333333333326
cub200,S4,Swin-T,swin_tiny,4,199,0.9666666666666667,0.0,30,0.9666666666666667
