dataset,id,backbone,arm,seed,y_true,clean,gray,n_img,CR
flowers102,S1,ResNet-50,resnet50,0,0,0.9,0.7,20,0.20000000000000007
flowers102,S1,ResNet-50,resnet50,0,1,0.95,0.925,40,0.02499999999999991
flowers102,S1,ResNet-50,resnet50,0,2,0.45,0.55,20,-0.10000000000000003
flowers102,S1,ResNet-50,resnet50,0,3,0.3611111111111111,0.3055555555555556,36,0.055555555555555525
flowers102,S1,ResNet-50,resnet50,0,4,0.8222222222222222,0.0,45,0.8222222222222222
flowers102,S1,ResNet-50,resnet50,0,5,0.96,0.84,25,0.12
flowers102,S1,ResNet-50,resnet50,0,6,0.95,0.9,20,0.04999999999999993
flowers102,S1,ResNet-50,resnet50,0,7,1.0,0.9230769230769231,65,0.07692307692307687
flowers102,S1,ResNet-50,resnet50,0,8,0.9615384615384616,0.3076923076923077,26,0.6538461538461539
flowers102,S1,ResNet-50,resnet50,0,9,1.0,0.96,25,0.040000000000000036
flowers102,S1,ResNet-50,resnet50,0,10,0.6119402985074627,0.3283582089552239,67,0.2835820895522388
flowers102,S1,ResNet-50,resnet50,0,11,0.9402985074626866,0.5970149253731343,67,0.34328358208955234
flowers102,S1,ResNet-50,resnet50,0,12,1.0,0.8275862068965517,29,0.1724137931034483
flowers102,S1,ResNet-50,resnet50,0,13,0.9642857142857143,1.0,28,-0.0357142857142857
flowers102,S1,ResNet-50,resnet50,0,14,1.0,0.20689655172413793,29,0.7931034482758621
flowers102,S1,ResNet-50,resnet50,0,15,0.9523809523809523,0.0,21,0.9523809523809523
flowers102,S1,ResNet-50,resnet50,0,16,0.9692307692307692,0.8923076923076924,65,0.07692307692307687
flowers102,S1,ResNet-50,resnet50,0,17,0.8225806451612904,0.7419354838709677,62,0.08064516129032262
flowers102,S1,ResNet-50,resnet50,0,18,0.7586206896551724,0.6206896551724138,29,0.13793103448275856
flowers102,S1,ResNet-50,resnet50,0,19,0.8888888888888888,0.8055555555555556,36,0.08333333333333326
flowers102,S1,ResNet-50,resnet50,0,20,0.85,0.35,20,0.5
flowers102,S1,ResNet-50,resnet50,0,21,0.9230769230769231,0.8205128205128205,39,0.10256410256410264
flowers102,S1,ResNet-50,resnet50,0,22,0.8450704225352113,0.7746478873239436,71,0.07042253521126762
flowers102,S1,ResNet-50,resnet50,0,23,0.9545454545454546,0.36363636363636365,22,0.5909090909090909
flowers102,S1,ResNet-50,resnet50,0,24,0.9523809523809523,0.7619047619047619,21,0.19047619047619047
flowers102,S1,ResNet-50,resnet50,0,25,0.9523809523809523,0.0,21,0.9523809523809523
flowers102,S1,ResNet-50,resnet50,0,26,1.0,0.6,20,0.4
flowers102,S1,ResNet-50,resnet50,0,27,0.9347826086956522,0.21739130434782608,46,0.7173913043478262
flowers102,S1,ResNet-50,resnet50,0,28,0.9137931034482759,0.3793103448275862,58,0.5344827586206897
flowers102,S1,ResNet-50,resnet50,0,29,0.5692307692307692,0.2,65,0.3692307692307692
flowers102,S1,ResNet-50,resnet50,0,30,0.84375,0.5,32,0.34375
flowers102,S1,ResNet-50,resnet50,0,31,0.88,0.76,25,0.12
flowers102,S1,ResNet-50,resnet50,0,32,0.9230769230769231,0.8846153846153846,26,0.03846153846153855
flowers102,S1,ResNet-50,resnet50,0,33,1.0,0.85,20,0.15000000000000002
flowers102,S1,ResNet-50,resnet50,0,34,1.0,0.9130434782608695,23,0.08695652173913049
flowers102,S1,ResNet-50,resnet50,0,35,0.8545454545454545,0.8727272727272727,55,-0.018181818181818188
flowers102,S1,ResNet-50,resnet50,0,36,0.9886363636363636,0.8977272727272727,88,0.09090909090909094
flowers102,S1,ResNet-50,resnet50,0,37,0.9166666666666666,0.8611111111111112,36,0.05555555555555547
flowers102,S1,ResNet-50,resnet50,0,38,0.5238095238095238,0.2857142857142857,21,0.23809523809523814
flowers102,S1,ResNet-50,resnet50,0,39,0.7659574468085106,0.44680851063829785,47,0.3191489361702128
flowers102,S1,ResNet-50,resnet50,0,40,0.8878504672897196,0.48598130841121495,107,0.40186915887850466
flowers102,S1,ResNet-50,resnet50,0,41,0.8461538461538461,0.15384615384615385,39,0.6923076923076923
flowers102,S1,ResNet-50,resnet50,0,42,0.6181818181818182,0.4,110,0.21818181818181814
flowers102,S1,ResNet-50,resnet50,0,43,0.958904109589041,0.410958904109589,73,0.547945205479452
flowers102,S1,ResNet-50,resnet50,0,44,0.9,0.75,20,0.15000000000000002
flowers102,S1,ResNet-50,resnet50,0,45,0.8693181818181818,0.0,176,0.8693181818181818
flowers102,S1,ResNet-50,resnet50,0,46,1.0,0.19148936170212766,47,0.8085106382978724
flowers102,S1,ResNet-50,resnet50,0,47,0.9411764705882353,0.0,51,0.9411764705882353
flowers102,S1,ResNet-50,resnet50,0,48,1.0,0.9655172413793104,29,0.03448275862068961
flowers102,S1,ResNet-50,resnet50,0,49,0.9027777777777778,0.3888888888888889,72,0.5138888888888888
flowers102,S1,ResNet-50,resnet50,0,50,0.5504201680672269,0.6638655462184874,238,-0.11344537815126043
flowers102,S1,ResNet-50,resnet50,0,51,0.9692307692307692,0.8769230769230769,65,0.09230769230769231
flowers102,S1,ResNet-50,resnet50,0,52,0.5342465753424658,0.0273972602739726,73,0.5068493150684932
flowers102,S1,ResNet-50,resnet50,0,53,1.0,0.7804878048780488,41,0.2195121951219512
flowers102,S1,ResNet-50,resnet50,0,54,0.9607843137254902,0.49019607843137253,51,0.4705882352941177
flowers102,S1,ResNet-50,resnet50,0,55,0.9775280898876404,0.0,89,0.9775280898876404
flowers102,S1,ResNet-50,resnet50,0,56,0.9361702127659575,0.9361702127659575,47,0.0
flowers102,S1,ResNet-50,resnet50,0,57,0.9893617021276596,0.0,94,0.9893617021276596
flowers102,S1,ResNet-50,resnet50,0,58,1.0,0.0,47,1.0
flowers102,S1,ResNet-50,resnet50,0,59,0.9775280898876404,0.6853932584269663,89,0.2921348314606741
flowers102,S1,ResNet-50,resnet50,0,60,1.0,0.5666666666666667,30,0.43333333333333335
flowers102,S1,ResNet-50,resnet50,0,61,0.7714285714285715,0.17142857142857143,35,0.6000000000000001
flowers102,S1,ResNet-50,resnet50,0,62,0.9705882352941176,0.0,34,0.9705882352941176
flowers102,S1,ResNet-50,resnet50,0,63,1.0,1.0,32,0.0
flowers102,S1,ResNet-50,resnet50,0,64,0.9024390243902439,0.24390243902439024,82,0.6585365853658537
flowers102,S1,ResNet-50,resnet50,0,65,1.0,0.9024390243902439,41,0.09756097560975607
flowers102,S1,ResNet-50,resnet50,0,66,0.6363636363636364,0.45454545454545453,22,0.18181818181818182
flowers102,S1,ResNet-50,resnet50,0,67,0.9117647058823529,0.8823529411764706,34,0.02941176470588236
flowers102,S1,ResNet-50,resnet50,0,68,1.0,0.7058823529411765,34,0.2941176470588235
flowers102,S1,ResNet-50,resnet50,0,69,0.9761904761904762,0.5952380952380952,42,0.38095238095238093
flowers102,S1,ResNet-50,resnet50,0,70,1.0,0.3275862068965517,58,0.6724137931034483
flowers102,S1,ResNet-50,resnet50,0,71,0.8421052631578947,0.2894736842105263,76,0.5526315789473684
flowers102,S1,ResNet-50,resnet50,0,72,0.9137931034482759,0.7988505747126436,174,0.11494252873563227
flowers102,S1,ResNet-50,resnet50,0,73,0.6357615894039735,0.046357615894039736,151,0.5894039735099338
flowers102,S1,ResNet-50,resnet50,0,74,0.89,0.53,100,0.36
flowers102,S1,ResNet-50,resnet50,0,75,0.6781609195402298,0.7931034482758621,87,-0.11494252873563227
flowers102,S1,ResNet-50,resnet50,0,76,0.9134199134199135,0.8787878787878788,231,0.03463203463203468
flowers102,S1,ResNet-50,resnet50,0,77,0.8632478632478633,0.8547008547008547,117,0.008547008547008628
flowers102,S1,ResNet-50,resnet50,0,78,1.0,0.9523809523809523,21,0.04761904761904767
flowers102,S1,ResNet-50,resnet50,0,79,0.9411764705882353,0.47058823529411764,85,0.47058823529411764
flowers102,S1,ResNet-50,resnet50,0,80,0.9452054794520548,0.4383561643835616,146,0.5068493150684932
flowers102,S1,ResNet-50,resnet50,0,81,0.782608695652174,0.5869565217391305,92,0.19565217391304346
flowers102,S1,ResNet-50,resnet50,0,82,0.7297297297297297,0.38738738738738737,111,0.34234234234234234
flowers102,S1,ResNet-50,resnet50,0,83,0.5909090909090909,0.24242424242424243,66,0.3484848484848485
flowers102,S1,ResNet-50,resnet50,0,84,0.9534883720930233,0.46511627906976744,43,0.48837209302325585
flowers102,S1,ResNet-50,resnet50,0,85,0.9736842105263158,0.868421052631579,38,0.10526315789473684
flowers102,S1,ResNet-50,resnet50,0,86,0.9069767441860465,0.8372093023255814,43,0.06976744186046502
flowers102,S1,ResNet-50,resnet50,0,87,0.6865671641791045,0.41044776119402987,134,0.2761194029850746
flowers102,S1,ResNet-50,resnet50,0,88,0.8841463414634146,0.0,164,0.8841463414634146
flowers102,S1,ResNet-50,resnet50,0,89,0.7903225806451613,0.0,62,0.7903225806451613
flowers102,S1,ResNet-50,resnet50,0,90,0.75,0.25,56,0.5
flowers102,S1,ResNet-50,resnet50,0,91,0.9782608695652174,0.6521739130434783,46,0.32608695652173914
flowers102,S1,ResNet-50,resnet50,0,92,0.8076923076923077,0.6153846153846154,26,0.1923076923076923
flowers102,S1,ResNet-50,resnet50,0,93,0.9366197183098591,0.7605633802816901,142,0.176056338028169
flowers102,S1,ResNet-50,resnet50,0,94,0.75,0.3055555555555556,108,0.4444444444444444
flowers102,S1,ResNet-50,resnet50,0,95,0.5070422535211268,0.28169014084507044,71,0.22535211267605632
flowers102,S1,ResNet-50,resnet50,0,96,0.7608695652173914,0.2826086956521739,46,0.47826086956521746
flowers102,S1,ResNet-50,resnet50,0,97,0.967741935483871,0.5483870967741935,62,0.4193548387096775
flowers102,S1,ResNet-50,resnet50,0,98,0.813953488372093,0.3953488372093023,43,0.4186046511627907
flowers102,S1,ResNet-50,resnet50,0,99,0.9655172413793104,0.034482758620689655,29,0.9310344827586208
flowers102,S1,ResNet-50,resnet50,0,100,0.9473684210526315,0.02631578947368421,38,0.9210526315789473
flowers102,S1,ResNet-50,resnet50,0,101,0.9642857142857143,0.39285714285714285,28,0.5714285714285714
flowers102,S1,ResNet-50,resnet50,1,0,0.95,0.55,20,0.3999999999999999
flowers102,S1,ResNet-50,resnet50,1,1,0.925,0.875,40,0.050000000000000044
flowers102,S1,ResNet-50,resnet50,1,2,0.5,0.45,20,0.04999999999999999
flowers102,S1,ResNet-50,resnet50,1,3,0.4166666666666667,0.19444444444444445,36,0.22222222222222224
flowers102,S1,ResNet-50,resnet50,1,4,0.8222222222222222,0.0,45,0.8222222222222222
flowers102,S1,ResNet-50,resnet50,1,5,0.96,0.76,25,0.19999999999999996
flowers102,S1,ResNet-50,resnet50,1,6,0.95,0.9,20,0.04999999999999993
flowers102,S1,ResNet-50,resnet50,1,7,1.0,0.8461538461538461,65,0.15384615384615385
flowers102,S1,ResNet-50,resnet50,1,8,0.9230769230769231,0.38461538461538464,26,0.5384615384615385
flowers102,S1,ResNet-50,resnet50,1,9,1.0,0.96,25,0.040000000000000036
flowers102,S1,ResNet-50,resnet50,1,10,0.5970149253731343,0.34328358208955223,67,0.25373134328358204
flowers102,S1,ResNet-50,resnet50,1,11,0.9253731343283582,0.4925373134328358,67,0.4328358208955224
flowers102,S1,ResNet-50,resnet50,1,12,1.0,0.896551724137931,29,0.10344827586206895
flowers102,S1,ResNet-50,resnet50,1,13,0.9642857142857143,1.0,28,-0.0357142857142857
flowers102,S1,ResNet-50,resnet50,1,14,0.9655172413793104,0.3793103448275862,29,0.5862068965517242
flowers102,S1,ResNet-50,resnet50,1,15,0.9047619047619048,0.0,21,0.9047619047619048
flowers102,S1,ResNet-50,resnet50,1,16,0.9846153846153847,0.8769230769230769,65,0.10769230769230775
flowers102,S1,ResNet-50,resnet50,1,17,0.8548387096774194,0.6612903225806451,62,0.19354838709677424
flowers102,S1,ResNet-50,resnet50,1,18,0.7586206896551724,0.6551724137931034,29,0.10344827586206895
flowers102,S1,ResNet-50,resnet50,1,19,0.75,0.7777777777777778,36,-0.02777777777777779
flowers102,S1,ResNet-50,resnet50,1,20,0.85,0.25,20,0.6
flowers102,S1,ResNet-50,resnet50,1,21,0.8461538461538461,0.7948717948717948,39,0.05128205128205132
flowers102,S1,ResNet-50,resnet50,1,22,0.8028169014084507,0.7605633802816901,71,0.04225352112676062
flowers102,S1,ResNet-50,resnet50,1,23,0.9090909090909091,0.5454545454545454,22,0.36363636363636365
flowers102,S1,ResNet-50,resnet50,1,24,1.0,0.9047619047619048,21,0.09523809523809523
flowers102,S1,ResNet-50,resnet50,1,25,0.7619047619047619,0.047619047619047616,21,0.7142857142857142
flowers102,S1,ResNet-50,resnet50,1,26,1.0,0.7,20,0.30000000000000004
flowers102,S1,ResNet-50,resnet50,1,27,0.9565217391304348,0.2826086956521739,46,0.673913043478261
flowers102,S1,ResNet-50,resnet50,1,28,0.9655172413793104,0.5,58,0.4655172413793104
flowers102,S1,ResNet-50,resnet50,1,29,0.6153846153846154,0.23076923076923078,65,0.38461538461538464
flowers102,S1,ResNet-50,resnet50,1,30,0.8125,0.21875,32,0.59375
flowers102,S1,ResNet-50,resnet50,1,31,0.76,0.76,25,0.0
flowers102,S1,ResNet-50,resnet50,1,32,0.8846153846153846,0.9230769230769231,26,-0.03846153846153855
flowers102,S1,ResNet-50,resnet50,1,33,1.0,0.75,20,0.25
flowers102,S1,ResNet-50,resnet50,1,34,1.0,0.9565217391304348,23,0.04347826086956519
flowers102,S1,ResNet-50,resnet50,1,35,0.8363636363636363,0.8909090909090909,55,-0.054545454545454564
flowers102,S1,ResNet-50,resnet50,1,36,0.9886363636363636,0.9772727272727273,88,0.011363636363636354
flowers102,S1,ResNet-50,resnet50,1,37,0.9722222222222222,0.8333333333333334,36,0.13888888888888884
flowers102,S1,ResNet-50,resnet50,1,38,0.5714285714285714,0.2857142857142857,21,0.2857142857142857
flowers102,S1,ResNet-50,resnet50,1,39,0.7446808510638298,0.46808510638297873,47,0.276595744680851
flowers102,S1,ResNet-50,resnet50,1,40,0.9345794392523364,0.6355140186915887,107,0.2990654205607477
flowers102,S1,ResNet-50,resnet50,1,41,0.9230769230769231,0.1282051282051282,39,0.7948717948717949
flowers102,S1,ResNet-50,resnet50,1,42,0.5272727272727272,0.19090909090909092,110,0.3363636363636363
flowers102,S1,ResNet-50,resnet50,1,43,0.9452054794520548,0.3698630136986301,73,0.5753424657534247
flowers102,S1,ResNet-50,resnet50,1,44,0.85,0.85,20,0.0
flowers102,S1,ResNet-50,resnet50,1,45,0.8636363636363636,0.0,176,0.8636363636363636
flowers102,S1,ResNet-50,resnet50,1,46,1.0,0.10638297872340426,47,0.8936170212765957
flowers102,S1,ResNet-50,resnet50,1,47,0.9607843137254902,0.058823529411764705,51,0.9019607843137255
flowers102,S1,ResNet-50,resnet50,1,48,1.0,0.9310344827586207,29,0.06896551724137934
flowers102,S1,ResNet-50,resnet50,1,49,0.9861111111111112,0.2777777777777778,72,0.7083333333333334
flowers102,S1,ResNet-50,resnet50,1,50,0.5462184873949579,0.4327731092436975,238,0.11344537815126043
flowers102,S1,ResNet-50,resnet50,1,51,0.9538461538461539,0.8769230769230769,65,0.07692307692307698
flowers102,S1,ResNet-50,resnet50,1,52,0.5068493150684932,0.0,73,0.5068493150684932
flowers102,S1,ResNet-50,resnet50,1,53,0.975609756097561,0.7317073170731707,41,0.24390243902439024
flowers102,S1,ResNet-50,resnet50,1,54,0.9215686274509803,0.6470588235294118,51,0.27450980392156854
flowers102,S1,ResNet-50,resnet50,1,55,0.9662921348314607,0.06741573033707865,89,0.898876404494382
flowers102,S1,ResNet-50,resnet50,1,56,0.8936170212765957,0.9361702127659575,47,-0.042553191489361764
flowers102,S1,ResNet-50,resnet50,1,57,0.9893617021276596,0.0425531914893617,94,0.946808510638298
flowers102,S1,ResNet-50,resnet50,1,58,1.0,0.0,47,1.0
flowers102,S1,ResNet-50,resnet50,1,59,0.9775280898876404,0.5393258426966292,89,0.4382022471910112
flowers102,S1,ResNet-50,resnet50,1,60,0.9333333333333333,0.1,30,0.8333333333333334
flowers102,S1,ResNet-50,resnet50,1,61,0.7714285714285715,0.17142857142857143,35,0.6000000000000001
flowers102,S1,ResNet-50,resnet50,1,62,0.9705882352941176,0.6470588235294118,34,0.32352941176470584
flowers102,S1,ResNet-50,resnet50,1,63,1.0,0.90625,32,0.09375
flowers102,S1,ResNet-50,resnet50,1,64,0.8902439024390244,0.17073170731707318,82,0.7195121951219512
flowers102,S1,ResNet-50,resnet50,1,65,1.0,0.926829268292683,41,0.07317073170731703
flowers102,S1,ResNet-50,resnet50,1,66,0.5,0.6363636363636364,22,-0.13636363636363635
flowers102,S1,ResNet-50,resnet50,1,67,0.8823529411764706,0.7647058823529411,34,0.11764705882352944
flowers102,S1,ResNet-50,resnet50,1,68,1.0,0.5294117647058824,34,0.47058823529411764
flowers102,S1,ResNet-50,resnet50,1,69,0.9523809523809523,0.35714285714285715,42,0.5952380952380951
flowers102,S1,ResNet-50,resnet50,1,70,1.0,0.7758620689655172,58,0.22413793103448276
flowers102,S1,ResNet-50,resnet50,1,71,0.8157894736842105,0.13157894736842105,76,0.6842105263157895
flowers102,S1,ResNet-50,resnet50,1,72,0.9252873563218391,0.6666666666666666,174,0.2586206896551725
flowers102,S1,ResNet-50,resnet50,1,73,0.5165562913907285,0.06622516556291391,151,0.45033112582781454
flowers102,S1,ResNet-50,resnet50,1,74,0.89,0.73,100,0.16000000000000003
flowers102,S1,ResNet-50,resnet50,1,75,0.7931034482758621,0.7241379310344828,87,0.06896551724137934
flowers102,S1,ResNet-50,resnet50,1,76,0.9047619047619048,0.9047619047619048,231,0.0
flowers102,S1,ResNet-50,resnet50,1,77,0.8547008547008547,0.6666666666666666,117,0.18803418803418803
flowers102,S1,ResNet-50,resnet50,1,78,1.0,0.9523809523809523,21,0.04761904761904767
flowers102,S1,ResNet-50,resnet50,1,79,0.9882352941176471,0.5176470588235295,85,0.47058823529411764
flowers102,S1,ResNet-50,resnet50,1,80,0.9383561643835616,0.410958904109589,146,0.5273972602739726
flowers102,S1,ResNet-50,resnet50,1,81,0.7934782608695652,0.75,92,0.04347826086956519
flowers102,S1,ResNet-50,resnet50,1,82,0.6756756756756757,0.25225225225225223,111,0.42342342342342343
flowers102,S1,ResNet-50,resnet50,1,83,0.7121212121212122,0.45454545454545453,66,0.2575757575757576
flowers102,S1,ResNet-50,resnet50,1,84,0.9302325581395349,0.18604651162790697,43,0.7441860465116279
flowers102,S1,ResNet-50,resnet50,1,85,0.9473684210526315,0.868421052631579,38,0.07894736842105254
flowers102,S1,ResNet-50,resnet50,1,86,0.8837209302325582,0.6744186046511628,43,0.2093023255813954
flowers102,S1,ResNet-50,resnet50,1,87,0.746268656716418,0.6417910447761194,134,0.10447761194029859
flowers102,S1,ResNet-50,resnet50,1,88,0.926829268292683,0.012195121951219513,164,0.9146341463414634
flowers102,S1,ResNet-50,resnet50,1,89,0.8064516129032258,0.0,62,0.8064516129032258
flowers102,S1,ResNet-50,resnet50,1,90,0.8035714285714286,0.25,56,0.5535714285714286
flowers102,S1,ResNet-50,resnet50,1,91,0.9565217391304348,0.8043478260869565,46,0.15217391304347827
flowers102,S1,ResNet-50,resnet50,1,92,0.7307692307692307,0.38461538461538464,26,0.3461538461538461
flowers102,S1,ResNet-50,resnet50,1,93,0.9507042253521126,0.9014084507042254,142,0.04929577464788726
flowers102,S1,ResNet-50,resnet50,1,94,0.7777777777777778,0.37962962962962965,108,0.39814814814814814
flowers102,S1,ResNet-50,resnet50,1,95,0.39436619718309857,0.15492957746478872,71,0.23943661971830985
flowers102,S1,ResNet-50,resnet50,1,96,0.8260869565217391,0.13043478260869565,46,0.6956521739130435
flowers102,S1,ResNet-50,resnet50,1,97,0.9354838709677419,0.8225806451612904,62,0.11290322580645151
flowers102,S1,ResNet-50,resnet50,1,98,0.9534883720930233,0.7209302325581395,43,0.2325581395348838
flowers102,S1,ResNet-50,resnet50,1,99,0.9655172413793104,0.3793103448275862,29,0.5862068965517242
flowers102,S1,ResNet-50,resnet50,1,100,0.8947368421052632,0.07894736842105263,38,0.8157894736842105
flowers102,S1,ResNet-50,resnet50,1,101,1.0,0.35714285714285715,28,0.6428571428571428
flowers102,S1,ResNet-50,resnet50,2,0,0.9,0.85,20,0.050000000000000044
flowers102,S1,ResNet-50,resnet50,2,1,0.925,0.9,40,0.025000000000000022
flowers102,S1,ResNet-50,resnet50,2,2,0.5,0.4,20,0.09999999999999998
flowers102,S1,ResNet-50,resnet50,2,3,0.3055555555555556,0.2222222222222222,36,0.08333333333333337
flowers102,S1,ResNet-50,resnet50,2,4,0.8888888888888888,0.0,45,0.8888888888888888
flowers102,S1,ResNet-50,resnet50,2,5,0.96,0.84,25,0.12
flowers102,S1,ResNet-50,resnet50,2,6,0.95,0.85,20,0.09999999999999998
flowers102,S1,ResNet-50,resnet50,2,7,1.0,0.8461538461538461,65,0.15384615384615385
flowers102,S1,ResNet-50,resnet50,2,8,0.8461538461538461,0.4230769230769231,26,0.4230769230769231
flowers102,S1,ResNet-50,resnet50,2,9,1.0,1.0,25,0.0
flowers102,S1,ResNet-50,resnet50,2,10,0.5970149253731343,0.3283582089552239,67,0.2686567164179104
flowers102,S1,ResNet-50,resnet50,2,11,0.9402985074626866,0.7761194029850746,67,0.16417910447761197
flowers102,S1,ResNet-50,resnet50,2,12,1.0,0.8275862068965517,29,0.1724137931034483
flowers102,S1,ResNet-50,resnet50,2,13,0.9642857142857143,1.0,28,-0.0357142857142857
flowers102,S1,ResNet-50,resnet50,2,14,1.0,0.1724137931034483,29,0.8275862068965517
flowers102,S1,ResNet-50,resnet50,2,15,0.9047619047619048,0.0,21,0.9047619047619048
flowers102,S1,ResNet-50,resnet50,2,16,0.9692307692307692,0.7846153846153846,65,0.18461538461538463
flowers102,S1,ResNet-50,resnet50,2,17,0.8548387096774194,0.7741935483870968,62,0.08064516129032262
flowers102,S1,ResNet-50,resnet50,2,18,0.8275862068965517,0.6551724137931034,29,0.1724137931034483
flowers102,S1,ResNet-50,resnet50,2,19,0.8333333333333334,0.8055555555555556,36,0.02777777777777779
flowers102,S1,ResNet-50,resnet50,2,20,0.85,0.3,20,0.55
flowers102,S1,ResNet-50,resnet50,2,21,0.9230769230769231,0.9230769230769231,39,0.0
flowers102,S1,ResNet-50,resnet50,2,22,0.8450704225352113,0.8169014084507042,71,0.028169014084507005
flowers102,S1,ResNet-50,resnet50,2,23,0.9545454545454546,0.4090909090909091,22,0.5454545454545454
flowers102,S1,ResNet-50,resnet50,2,24,1.0,0.8571428571428571,21,0.1428571428571429
flowers102,S1,ResNet-50,resnet50,2,25,0.9047619047619048,0.0,21,0.9047619047619048
flowers102,S1,ResNet-50,resnet50,2,26,1.0,0.45,20,0.55
flowers102,S1,ResNet-50,resnet50,2,27,0.8913043478260869,0.1956521739130435,46,0.6956521739130435
flowers102,S1,ResNet-50,resnet50,2,28,0.9482758620689655,0.5862068965517241,58,0.36206896551724144
flowers102,S1,ResNet-50,resnet50,2,29,0.676923076923077,0.38461538461538464,65,0.2923076923076923
flowers102,S1,ResNet-50,resnet50,2,30,0.84375,0.09375,32,0.75
flowers102,S1,ResNet-50,resnet50,2,31,0.84,0.92,25,-0.08000000000000007
flowers102,S1,ResNet-50,resnet50,2,32,0.8846153846153846,0.8846153846153846,26,0.0
flowers102,S1,ResNet-50,resnet50,2,33,1.0,0.6,20,0.4
flowers102,S1,ResNet-50,resnet50,2,34,0.782608695652174,0.8260869565217391,23,-0.04347826086956519
flowers102,S1,ResNet-50,resnet50,2,35,0.8181818181818182,0.8909090909090909,55,-0.07272727272727264
flowers102,S1,ResNet-50,resnet50,2,36,0.9772727272727273,0.8863636363636364,88,0.09090909090909094
flowers102,S1,ResNet-50,resnet50,2,37,0.9444444444444444,0.7777777777777778,36,0.16666666666666663
flowers102,S1,ResNet-50,resnet50,2,38,0.6666666666666666,0.3333333333333333,21,0.3333333333333333
flowers102,S1,ResNet-50,resnet50,2,39,0.6808510638297872,0.2553191489361702,47,0.425531914893617
flowers102,S1,ResNet-50,resnet50,2,40,0.9252336448598131,0.37383177570093457,107,0.5514018691588785
flowers102,S1,ResNet-50,resnet50,2,41,0.9230769230769231,0.38461538461538464,39,0.5384615384615385
flowers102,S1,ResNet-50,resnet50,2,42,0.5363636363636364,0.18181818181818182,110,0.35454545454545455
flowers102,S1,ResNet-50,resnet50,2,43,0.9726027397260274,0.547945205479452,73,0.4246575342465754
flowers102,S1,ResNet-50,resnet50,2,44,0.95,0.85,20,0.09999999999999998
flowers102,S1,ResNet-50,resnet50,2,45,0.8693181818181818,0.0,176,0.8693181818181818
flowers102,S1,ResNet-50,resnet50,2,46,1.0,0.0425531914893617,47,0.9574468085106383
flowers102,S1,ResNet-50,resnet50,2,47,0.9803921568627451,0.058823529411764705,51,0.9215686274509803
flowers102,S1,ResNet-50,resnet50,2,48,1.0,0.9655172413793104,29,0.03448275862068961
flowers102,S1,ResNet-50,resnet50,2,49,0.9583333333333334,0.3888888888888889,72,0.5694444444444444
flowers102,S1,ResNet-50,resnet50,2,50,0.5294117647058824,0.3907563025210084,238,0.13865546218487396
flowers102,S1,ResNet-50,resnet50,2,51,0.9846153846153847,0.9076923076923077,65,0.07692307692307698
flowers102,S1,ResNet-50,resnet50,2,52,0.5616438356164384,0.0547945205479452,73,0.5068493150684932
flowers102,S1,ResNet-50,resnet50,2,53,0.975609756097561,0.7804878048780488,41,0.19512195121951215
flowers102,S1,ResNet-50,resnet50,2,54,0.9411764705882353,0.47058823529411764,51,0.47058823529411764
flowers102,S1,ResNet-50,resnet50,2,55,0.9887640449438202,0.11235955056179775,89,0.8764044943820224
flowers102,S1,ResNet-50,resnet50,2,56,0.9361702127659575,0.9574468085106383,47,-0.021276595744680882
flowers102,S1,ResNet-50,resnet50,2,57,0.9787234042553191,0.0,94,0.9787234042553191
flowers102,S1,ResNet-50,resnet50,2,58,1.0,0.0,47,1.0
flowers102,S1,ResNet-50,resnet50,2,59,0.9887640449438202,0.449438202247191,89,0.5393258426966292
flowers102,S1,ResNet-50,resnet50,2,60,0.9333333333333333,0.2,30,0.7333333333333334
flowers102,S1,ResNet-50,resnet50,2,61,0.7714285714285715,0.22857142857142856,35,0.5428571428571429
flowers102,S1,ResNet-50,resnet50,2,62,0.9705882352941176,0.0,34,0.9705882352941176
flowers102,S1,ResNet-50,resnet50,2,63,1.0,1.0,32,0.0
flowers102,S1,ResNet-50,resnet50,2,64,0.8292682926829268,0.13414634146341464,82,0.6951219512195121
flowers102,S1,ResNet-50,resnet50,2,65,1.0,0.9512195121951219,41,0.04878048780487809
flowers102,S1,ResNet-50,resnet50,2,66,0.5909090909090909,0.5909090909090909,22,0.0
flowers102,S1,ResNet-50,resnet50,2,67,0.8529411764705882,0.8823529411764706,34,-0.02941176470588236
flowers102,S1,ResNet-50,resnet50,2,68,1.0,0.7352941176470589,34,0.2647058823529411
flowers102,S1,ResNet-50,resnet50,2,69,0.9761904761904762,0.47619047619047616,42,0.5
flowers102,S1,ResNet-50,resnet50,2,70,1.0,0.20689655172413793,58,0.7931034482758621
flowers102,S1,ResNet-50,resnet50,2,71,0.8289473684210527,0.18421052631578946,76,0.6447368421052632
flowers102,S1,ResNet-50,resnet50,2,72,0.9252873563218391,0.6551724137931034,174,0.2701149425287357
flowers102,S1,ResNet-50,resnet50,2,73,0.5827814569536424,0.052980132450331126,151,0.5298013245033112
flowers102,S1,ResNet-50,resnet50,2,74,0.96,0.82,100,0.14
flowers102,S1,ResNet-50,resnet50,2,75,0.7586206896551724,0.8045977011494253,87,-0.04597701149425293
flowers102,S1,ResNet-50,resnet50,2,76,0.9177489177489178,0.9004329004329005,231,0.017316017316017285
flowers102,S1,ResNet-50,resnet50,2,77,0.7777777777777778,0.7350427350427351,117,0.042735042735042694
flowers102,S1,ResNet-50,resnet50,2,78,1.0,0.9523809523809523,21,0.04761904761904767
flowers102,S1,ResNet-50,resnet50,2,79,0.9882352941176471,0.29411764705882354,85,0.6941176470588235
flowers102,S1,ResNet-50,resnet50,2,80,0.9315068493150684,0.4794520547945205,146,0.4520547945205479
flowers102,S1,ResNet-50,resnet50,2,81,0.6739130434782609,0.6086956521739131,92,0.06521739130434778
flowers102,S1,ResNet-50,resnet50,2,82,0.6936936936936937,0.40540540540540543,111,0.2882882882882883
flowers102,S1,ResNet-50,resnet50,2,83,0.6818181818181818,0.4696969696969697,66,0.21212121212121204
flowers102,S1,ResNet-50,resnet50,2,84,0.9534883720930233,0.23255813953488372,43,0.7209302325581396
flowers102,S1,ResNet-50,resnet50,2,85,0.8947368421052632,0.8421052631578947,38,0.052631578947368474
flowers102,S1,ResNet-50,resnet50,2,86,0.7674418604651163,0.627906976744186,43,0.13953488372093026
flowers102,S1,ResNet-50,resnet50,2,87,0.7611940298507462,0.582089552238806,134,0.17910447761194026
flowers102,S1,ResNet-50,resnet50,2,88,0.9390243902439024,0.006097560975609756,164,0.9329268292682926
flowers102,S1,ResNet-50,resnet50,2,89,0.7419354838709677,0.0,62,0.7419354838709677
flowers102,S1,ResNet-50,resnet50,2,90,0.8035714285714286,0.4107142857142857,56,0.3928571428571429
flowers102,S1,ResNet-50,resnet50,2,91,0.9782608695652174,0.5652173913043478,46,0.4130434782608696
flowers102,S1,ResNet-50,resnet50,2,92,0.7692307692307693,0.7692307692307693,26,0.0
flowers102,S1,ResNet-50,resnet50,2,93,0.9647887323943662,0.8943661971830986,142,0.07042253521126762
flowers102,S1,ResNet-50,resnet50,2,94,0.8240740740740741,0.37037037037037035,108,0.4537037037037037
flowers102,S1,ResNet-50,resnet50,2,95,0.4084507042253521,0.09859154929577464,71,0.3098591549295775
flowers102,S1,ResNet-50,resnet50,2,96,0.782608695652174,0.13043478260869565,46,0.6521739130434783
flowers102,S1,ResNet-50,resnet50,2,97,0.9516129032258065,0.8870967741935484,62,0.06451612903225812
flowers102,S1,ResNet-50,resnet50,2,98,0.8372093023255814,0.4883720930232558,43,0.34883720930232565
flowers102,S1,ResNet-50,resnet50,2,99,0.9655172413793104,0.7931034482758621,29,0.1724137931034483
flowers102,S1,ResNet-50,resnet50,2,100,0.8947368421052632,0.02631578947368421,38,0.868421052631579
flowers102,S1,ResNet-50,resnet50,2,101,0.9642857142857143,0.35714285714285715,28,0.6071428571428572
flowers102,S1,ResNet-50,resnet50,3,0,0.9,0.4,20,0.5
flowers102,S1,ResNet-50,resnet50,3,1,0.925,0.9,40,0.025000000000000022
flowers102,S1,ResNet-50,resnet50,3,2,0.45,0.6,20,-0.14999999999999997
flowers102,S1,ResNet-50,resnet50,3,3,0.5,0.2777777777777778,36,0.2222222222222222
flowers102,S1,ResNet-50,resnet50,3,4,0.7333333333333333,0.08888888888888889,45,0.6444444444444444
flowers102,S1,ResNet-50,resnet50,3,5,0.96,0.72,25,0.24
flowers102,S1,ResNet-50,resnet50,3,6,0.95,0.9,20,0.04999999999999993
flowers102,S1,ResNet-50,resnet50,3,7,1.0,0.9692307692307692,65,0.03076923076923077
flowers102,S1,ResNet-50,resnet50,3,8,0.8846153846153846,0.46153846153846156,26,0.423076923076923
flowers102,S1,ResNet-50,resnet50,3,9,0.92,0.96,25,-0.039999999999999925
flowers102,S1,ResNet-50,resnet50,3,10,0.5223880597014925,0.23880597014925373,67,0.28358208955223874
flowers102,S1,ResNet-50,resnet50,3,11,0.9552238805970149,0.8507462686567164,67,0.10447761194029848
flowers102,S1,ResNet-50,resnet50,3,12,1.0,0.896551724137931,29,0.10344827586206895
flowers102,S1,ResNet-50,resnet50,3,13,0.9642857142857143,1.0,28,-0.0357142857142857
flowers102,S1,ResNet-50,resnet50,3,14,0.9655172413793104,0.2413793103448276,29,0.7241379310344828
flowers102,S1,ResNet-50,resnet50,3,15,0.9047619047619048,0.0,21,0.9047619047619048
flowers102,S1,ResNet-50,resnet50,3,16,0.9846153846153847,0.8461538461538461,65,0.13846153846153852
flowers102,S1,ResNet-50,resnet50,3,17,0.8709677419354839,0.8064516129032258,62,0.06451612903225812
flowers102,S1,ResNet-50,resnet50,3,18,0.8275862068965517,0.5517241379310345,29,0.27586206896551724
flowers102,S1,ResNet-50,resnet50,3,19,0.7777777777777778,0.6666666666666666,36,0.11111111111111116
flowers102,S1,ResNet-50,resnet50,3,20,0.85,0.45,20,0.39999999999999997
flowers102,S1,ResNet-50,resnet50,3,21,0.8974358974358975,0.8205128205128205,39,0.07692307692307698
flowers102,S1,ResNet-50,resnet50,3,22,0.8732394366197183,0.8169014084507042,71,0.05633802816901401
flowers102,S1,ResNet-50,resnet50,3,23,0.9545454545454546,0.5,22,0.4545454545454546
flowers102,S1,ResNet-50,resnet50,3,24,0.9523809523809523,0.8095238095238095,21,0.1428571428571428
flowers102,S1,ResNet-50,resnet50,3,25,0.9047619047619048,0.0,21,0.9047619047619048
flowers102,S1,ResNet-50,resnet50,3,26,1.0,0.55,20,0.44999999999999996
flowers102,S1,ResNet-50,resnet50,3,27,0.9782608695652174,0.17391304347826086,46,0.8043478260869565
flowers102,S1,ResNet-50,resnet50,3,28,0.9482758620689655,0.41379310344827586,58,0.5344827586206897
flowers102,S1,ResNet-50,resnet50,3,29,0.7076923076923077,0.3230769230769231,65,0.38461538461538464
flowers102,S1,ResNet-50,resnet50,3,30,0.8125,0.25,32,0.5625
flowers102,S1,ResNet-50,resnet50,3,31,0.8,0.72,25,0.08000000000000007
flowers102,S1,ResNet-50,resnet50,3,32,0.9615384615384616,0.8076923076923077,26,0.15384615384615385
flowers102,S1,ResNet-50,resnet50,3,33,0.95,0.6,20,0.35
flowers102,S1,ResNet-50,resnet50,3,34,0.9130434782608695,0.9565217391304348,23,-0.0434782608695653
flowers102,S1,ResNet-50,resnet50,3,35,0.7636363636363637,0.8545454545454545,55,-0.09090909090909083
flowers102,S1,ResNet-50,resnet50,3,36,0.9886363636363636,0.9431818181818182,88,0.045454545454545414
flowers102,S1,ResNet-50,resnet50,3,37,0.9722222222222222,0.8888888888888888,36,0.08333333333333337
flowers102,S1,ResNet-50,resnet50,3,38,0.7142857142857143,0.38095238095238093,21,0.33333333333333337
flowers102,S1,ResNet-50,resnet50,3,39,0.8085106382978723,0.44680851063829785,47,0.36170212765957444
flowers102,S1,ResNet-50,resnet50,3,40,0.897196261682243,0.6822429906542056,107,0.2149532710280374
flowers102,S1,ResNet-50,resnet50,3,41,0.9743589743589743,0.1794871794871795,39,0.7948717948717948
flowers102,S1,ResNet-50,resnet50,3,42,0.6,0.20909090909090908,110,0.3909090909090909
flowers102,S1,ResNet-50,resnet50,3,43,0.9726027397260274,0.6712328767123288,73,0.3013698630136986
flowers102,S1,ResNet-50,resnet50,3,44,0.85,0.9,20,-0.050000000000000044
flowers102,S1,ResNet-50,resnet50,3,45,0.8352272727272727,0.0,176,0.8352272727272727
flowers102,S1,ResNet-50,resnet50,3,46,1.0,0.46808510638297873,47,0.5319148936170213
flowers102,S1,ResNet-50,resnet50,3,47,0.9803921568627451,0.058823529411764705,51,0.9215686274509803
flowers102,S1,ResNet-50,resnet50,3,48,1.0,0.9655172413793104,29,0.03448275862068961
flowers102,S1,ResNet-50,resnet50,3,49,0.9166666666666666,0.3888888888888889,72,0.5277777777777777
flowers102,S1,ResNet-50,resnet50,3,50,0.5252100840336135,0.3739495798319328,238,0.1512605042016807
flowers102,S1,ResNet-50,resnet50,3,51,0.9846153846153847,0.9538461538461539,65,0.03076923076923077
flowers102,S1,ResNet-50,resnet50,3,52,0.6575342465753424,0.1643835616438356,73,0.4931506849315068
flowers102,S1,ResNet-50,resnet50,3,53,1.0,0.7317073170731707,41,0.2682926829268293
flowers102,S1,ResNet-50,resnet50,3,54,0.9803921568627451,0.29411764705882354,51,0.6862745098039216
flowers102,S1,ResNet-50,resnet50,3,55,0.9775280898876404,0.15730337078651685,89,0.8202247191011236
flowers102,S1,ResNet-50,resnet50,3,56,0.9148936170212766,0.9361702127659575,47,-0.021276595744680882
flowers102,S1,ResNet-50,resnet50,3,57,0.9893617021276596,0.0,94,0.9893617021276596
flowers102,S1,ResNet-50,resnet50,3,58,0.9787234042553191,0.02127659574468085,47,0.9574468085106382
flowers102,S1,ResNet-50,resnet50,3,59,0.9887640449438202,0.6067415730337079,89,0.3820224719101123
flowers102,S1,ResNet-50,resnet50,3,60,0.9333333333333333,0.1,30,0.8333333333333334
flowers102,S1,ResNet-50,resnet50,3,61,0.7714285714285715,0.14285714285714285,35,0.6285714285714286
flowers102,S1,ResNet-50,resnet50,3,62,0.9705882352941176,0.058823529411764705,34,0.9117647058823529
flowers102,S1,ResNet-50,resnet50,3,63,1.0,1.0,32,0.0
flowers102,S1,ResNet-50,resnet50,3,64,0.9146341463414634,0.10975609756097561,82,0.8048780487804879
flowers102,S1,ResNet-50,resnet50,3,65,1.0,0.926829268292683,41,0.07317073170731703
flowers102,S1,ResNet-50,resnet50,3,66,0.5454545454545454,0.45454545454545453,22,0.09090909090909088
flowers102,S1,ResNet-50,resnet50,3,67,0.9117647058823529,0.7352941176470589,34,0.17647058823529405
flowers102,S1,ResNet-50,resnet50,3,68,1.0,0.6176470588235294,34,0.38235294117647056
flowers102,S1,ResNet-50,resnet50,3,69,1.0,0.47619047619047616,42,0.5238095238095238
flowers102,S1,ResNet-50,resnet50,3,70,1.0,0.6896551724137931,58,0.31034482758620685
flowers102,S1,ResNet-50,resnet50,3,71,0.8026315789473685,0.09210526315789473,76,0.7105263157894738
flowers102,S1,ResNet-50,resnet50,3,72,0.9137931034482759,0.7126436781609196,174,0.20114942528735635
flowers102,S1,ResNet-50,resnet50,3,73,0.5496688741721855,0.0,151,0.5496688741721855
flowers102,S1,ResNet-50,resnet50,3,74,0.87,0.76,100,0.10999999999999999
flowers102,S1,ResNet-50,resnet50,3,75,0.7931034482758621,0.6551724137931034,87,0.13793103448275867
flowers102,S1,ResNet-50,resnet50,3,76,0.9004329004329005,0.9393939393939394,231,-0.038961038961038974
flowers102,S1,ResNet-50,resnet50,3,77,0.8376068376068376,0.7094017094017094,117,0.1282051282051282
flowers102,S1,ResNet-50,resnet50,3,78,1.0,1.0,21,0.0
flowers102,S1,ResNet-50,resnet50,3,79,0.9058823529411765,0.4823529411764706,85,0.4235294117647059
flowers102,S1,ResNet-50,resnet50,3,80,0.9657534246575342,0.4657534246575342,146,0.5
flowers102,S1,ResNet-50,resnet50,3,81,0.8152173913043478,0.8260869565217391,92,-0.010869565217391353
flowers102,S1,ResNet-50,resnet50,3,82,0.7477477477477478,0.6036036036036037,111,0.14414414414414412
flowers102,S1,ResNet-50,resnet50,3,83,0.5303030303030303,0.5454545454545454,66,-0.015151515151515138
flowers102,S1,ResNet-50,resnet50,3,84,0.9302325581395349,0.46511627906976744,43,0.46511627906976744
flowers102,S1,ResNet-50,resnet50,3,85,0.9473684210526315,0.9210526315789473,38,0.02631578947368418
flowers102,S1,ResNet-50,resnet50,3,86,0.8837209302325582,0.813953488372093,43,0.06976744186046513
flowers102,S1,ResNet-50,resnet50,3,87,0.7686567164179104,0.664179104477612,134,0.10447761194029848
flowers102,S1,ResNet-50,resnet50,3,88,0.8719512195121951,0.036585365853658534,164,0.8353658536585366
flowers102,S1,ResNet-50,resnet50,3,89,0.7258064516129032,0.0,62,0.7258064516129032
flowers102,S1,ResNet-50,resnet50,3,90,0.6607142857142857,0.4107142857142857,56,0.25
flowers102,S1,ResNet-50,resnet50,3,91,0.9565217391304348,0.5869565217391305,46,0.3695652173913043
flowers102,S1,ResNet-50,resnet50,3,92,0.7692307692307693,0.6153846153846154,26,0.15384615384615385
flowers102,S1,ResNet-50,resnet50,3,93,0.9436619718309859,0.8450704225352113,142,0.09859154929577463
flowers102,S1,ResNet-50,resnet50,3,94,0.8148148148148148,0.37962962962962965,108,0.4351851851851851
flowers102,S1,ResNet-50,resnet50,3,95,0.5352112676056338,0.19718309859154928,71,0.3380281690140845
flowers102,S1,ResNet-50,resnet50,3,96,0.8260869565217391,0.2826086956521739,46,0.5434782608695652
flowers102,S1,ResNet-50,resnet50,3,97,0.8709677419354839,0.8387096774193549,62,0.032258064516129004
flowers102,S1,ResNet-50,resnet50,3,98,0.8372093023255814,0.5813953488372093,43,0.2558139534883721
flowers102,S1,ResNet-50,resnet50,3,99,0.9655172413793104,0.5172413793103449,29,0.4482758620689655
flowers102,S1,ResNet-50,resnet50,3,100,0.8947368421052632,0.05263157894736842,38,0.8421052631578947
flowers102,S1,ResNet-50,resnet50,3,101,1.0,0.5714285714285714,28,0.4285714285714286
flowers102,S1,ResNet-50,resnet50,4,0,1.0,0.65,20,0.35
flowers102,S1,ResNet-50,resnet50,4,1,0.9,0.875,40,0.025000000000000022
flowers102,S1,ResNet-50,resnet50,4,2,0.45,0.3,20,0.15000000000000002
flowers102,S1,ResNet-50,resnet50,4,3,0.4166666666666667,0.2222222222222222,36,0.19444444444444448
flowers102,S1,ResNet-50,resnet50,4,4,0.8222222222222222,0.0,45,0.8222222222222222
flowers102,S1,ResNet-50,resnet50,4,5,0.96,0.84,25,0.12
flowers102,S1,ResNet-50,resnet50,4,6,0.95,0.95,20,0.0
flowers102,S1,ResNet-50,resnet50,4,7,1.0,0.8153846153846154,65,0.18461538461538463
flowers102,S1,ResNet-50,resnet50,4,8,0.9230769230769231,0.34615384615384615,26,0.576923076923077
flowers102,S1,ResNet-50,resnet50,4,9,1.0,0.96,25,0.040000000000000036
flowers102,S1,ResNet-50,resnet50,4,10,0.5373134328358209,0.3880597014925373,67,0.14925373134328357
flowers102,S1,ResNet-50,resnet50,4,11,0.9402985074626866,0.7761194029850746,67,0.16417910447761197
flowers102,S1,ResNet-50,resnet50,4,12,1.0,0.9310344827586207,29,0.06896551724137934
flowers102,S1,ResNet-50,resnet50,4,13,1.0,1.0,28,0.0
flowers102,S1,ResNet-50,resnet50,4,14,1.0,0.3103448275862069,29,0.6896551724137931
flowers102,S1,ResNet-50,resnet50,4,15,0.9047619047619048,0.0,21,0.9047619047619048
flowers102,S1,ResNet-50,resnet50,4,16,0.9538461538461539,0.8153846153846154,65,0.13846153846153852
flowers102,S1,ResNet-50,resnet50,4,17,0.8387096774193549,0.9032258064516129,62,-0.06451612903225801
flowers102,S1,ResNet-50,resnet50,4,18,0.8620689655172413,0.7241379310344828,29,0.13793103448275856
flowers102,S1,ResNet-50,resnet50,4,19,0.8333333333333334,0.8055555555555556,36,0.02777777777777779
flowers102,S1,ResNet-50,resnet50,4,20,0.75,0.6,20,0.15000000000000002
flowers102,S1,ResNet-50,resnet50,4,21,0.9230769230769231,0.8974358974358975,39,0.02564102564102566
flowers102,S1,ResNet-50,resnet50,4,22,0.8873239436619719,0.8309859154929577,71,0.05633802816901412
flowers102,S1,ResNet-50,resnet50,4,23,0.8636363636363636,0.5,22,0.36363636363636365
flowers102,S1,ResNet-50,resnet50,4,24,1.0,0.9047619047619048,21,0.09523809523809523
flowers102,S1,ResNet-50,resnet50,4,25,0.8095238095238095,0.0,21,0.8095238095238095
flowers102,S1,ResNet-50,resnet50,4,26,1.0,0.8,20,0.19999999999999996
flowers102,S1,ResNet-50,resnet50,4,27,0.9130434782608695,0.1956521739130435,46,0.717391304347826
flowers102,S1,ResNet-50,resnet50,4,28,0.9137931034482759,0.5172413793103449,58,0.39655172413793105
flowers102,S1,ResNet-50,resnet50,4,29,0.676923076923077,0.4461538461538462,65,0.23076923076923078
flowers102,S1,ResNet-50,resnet50,4,30,0.84375,0.28125,32,0.5625
flowers102,S1,ResNet-50,resnet50,4,31,0.76,0.96,25,-0.19999999999999996
flowers102,S1,ResNet-50,resnet50,4,32,0.9230769230769231,0.8846153846153846,26,0.03846153846153855
flowers102,S1,ResNet-50,resnet50,4,33,1.0,0.75,20,0.25
flowers102,S1,ResNet-50,resnet50,4,34,0.9565217391304348,0.9130434782608695,23,0.0434782608695653
flowers102,S1,ResNet-50,resnet50,4,35,0.8909090909090909,0.8909090909090909,55,0.0
flowers102,S1,ResNet-50,resnet50,4,36,0.9886363636363636,0.9772727272727273,88,0.011363636363636354
flowers102,S1,ResNet-50,resnet50,4,37,0.8888888888888888,0.8888888888888888,36,0.0
flowers102,S1,ResNet-50,resnet50,4,38,0.6190476190476191,0.7142857142857143,21,-0.09523809523809523
flowers102,S1,ResNet-50,resnet50,4,39,0.7659574468085106,0.5531914893617021,47,0.21276595744680848
flowers102,S1,ResNet-50,resnet50,4,40,0.897196261682243,0.7757009345794392,107,0.12149532710280375
flowers102,S1,ResNet-50,resnet50,4,41,0.9743589743589743,0.1282051282051282,39,0.8461538461538461
flowers102,S1,ResNet-50,resnet50,4,42,0.6,0.14545454545454545,110,0.45454545454545453
flowers102,S1,ResNet-50,resnet50,4,43,0.9863013698630136,0.3835616438356164,73,0.6027397260273972
flowers102,S1,ResNet-50,resnet50,4,44,0.85,0.8,20,0.04999999999999993
flowers102,S1,ResNet-50,resnet50,4,45,0.9090909090909091,0.005681818181818182,176,0.9034090909090908
flowers102,S1,ResNet-50,resnet50,4,46,1.0,0.2127659574468085,47,0.7872340425531915
flowers102,S1,ResNet-50,resnet50,4,47,0.9803921568627451,0.1568627450980392,51,0.8235294117647058
flowers102,S1,ResNet-50,resnet50,4,48,1.0,0.8620689655172413,29,0.13793103448275867
flowers102,S1,ResNet-50,resnet50,4,49,0.9166666666666666,0.3194444444444444,72,0.5972222222222222
flowers102,S1,ResNet-50,resnet50,4,50,0.5630252100840336,0.5378151260504201,238,0.025210084033613467
flowers102,S1,ResNet-50,resnet50,4,51,1.0,0.8923076923076924,65,0.10769230769230764
flowers102,S1,ResNet-50,resnet50,4,52,0.589041095890411,0.0547945205479452,73,0.5342465753424658
flowers102,S1,ResNet-50,resnet50,4,53,0.975609756097561,0.7560975609756098,41,0.2195121951219512
flowers102,S1,ResNet-50,resnet50,4,54,0.9411764705882353,0.5686274509803921,51,0.37254901960784315
flowers102,S1,ResNet-50,resnet50,4,55,0.9887640449438202,0.02247191011235955,89,0.9662921348314606
flowers102,S1,ResNet-50,resnet50,4,56,0.9574468085106383,1.0,47,-0.04255319148936165
flowers102,S1,ResNet-50,resnet50,4,57,0.9787234042553191,0.0,94,0.9787234042553191
flowers102,S1,ResNet-50,resnet50,4,58,0.9787234042553191,0.06382978723404255,47,0.9148936170212766
flowers102,S1,ResNet-50,resnet50,4,59,0.9775280898876404,0.7752808988764045,89,0.2022471910112359
flowers102,S1,ResNet-50,resnet50,4,60,0.9,0.5,30,0.4
flowers102,S1,ResNet-50,resnet50,4,61,0.7714285714285715,0.17142857142857143,35,0.6000000000000001
flowers102,S1,ResNet-50,resnet50,4,62,0.9705882352941176,0.17647058823529413,34,0.7941176470588235
flowers102,S1,ResNet-50,resnet50,4,63,0.96875,0.9375,32,0.03125
flowers102,S1,ResNet-50,resnet50,4,64,0.8414634146341463,0.2804878048780488,82,0.5609756097560975
flowers102,S1,ResNet-50,resnet50,4,65,1.0,0.975609756097561,41,0.024390243902439046
flowers102,S1,ResNet-50,resnet50,4,66,0.7272727272727273,0.5454545454545454,22,0.18181818181818188
flowers102,S1,ResNet-50,resnet50,4,67,0.8529411764705882,0.7352941176470589,34,0.11764705882352933
flowers102,S1,ResNet-50,resnet50,4,68,0.9705882352941176,0.5882352941176471,34,0.38235294117647056
flowers102,S1,ResNet-50,resnet50,4,69,1.0,0.6190476190476191,42,0.38095238095238093
flowers102,S1,ResNet-50,resnet50,4,70,0.9827586206896551,0.8275862068965517,58,0.15517241379310343
flowers102,S1,ResNet-50,resnet50,4,71,0.8289473684210527,0.34210526315789475,76,0.4868421052631579
flowers102,S1,ResNet-50,resnet50,4,72,0.8620689655172413,0.632183908045977,174,0.2298850574712643
flowers102,S1,ResNet-50,resnet50,4,73,0.6688741721854304,0.152317880794702,151,0.5165562913907285
flowers102,S1,ResNet-50,resnet50,4,74,0.86,0.67,100,0.18999999999999995
flowers102,S1,ResNet-50,resnet50,4,75,0.7471264367816092,0.8275862068965517,87,-0.08045977011494254
flowers102,S1,ResNet-50,resnet50,4,76,0.9307359307359307,0.9307359307359307,231,0.0
flowers102,S1,ResNet-50,resnet50,4,77,0.8205128205128205,0.7521367521367521,117,0.06837606837606836
flowers102,S1,ResNet-50,resnet50,4,78,1.0,1.0,21,0.0
flowers102,S1,ResNet-50,resnet50,4,79,0.9647058823529412,0.43529411764705883,85,0.5294117647058824
flowers102,S1,ResNet-50,resnet50,4,80,0.9726027397260274,0.23972602739726026,146,0.7328767123287672
flowers102,S1,ResNet-50,resnet50,4,81,0.782608695652174,0.6956521739130435,92,0.08695652173913049
flowers102,S1,ResNet-50,resnet50,4,82,0.7297297297297297,0.42342342342342343,111,0.3063063063063063
flowers102,S1,ResNet-50,resnet50,4,83,0.6666666666666666,0.3333333333333333,66,0.3333333333333333
flowers102,S1,ResNet-50,resnet50,4,84,0.9302325581395349,0.27906976744186046,43,0.6511627906976745
flowers102,S1,ResNet-50,resnet50,4,85,0.9210526315789473,0.7368421052631579,38,0.1842105263157895
flowers102,S1,ResNet-50,resnet50,4,86,0.9069767441860465,0.7906976744186046,43,0.11627906976744184
flowers102,S1,ResNet-50,resnet50,4,87,0.8134328358208955,0.5970149253731343,134,0.21641791044776126
flowers102,S1,ResNet-50,resnet50,4,88,0.8597560975609756,0.0,164,0.8597560975609756
flowers102,S1,ResNet-50,resnet50,4,89,0.6774193548387096,0.0,62,0.6774193548387096
flowers102,S1,ResNet-50,resnet50,4,90,0.7678571428571429,0.4107142857142857,56,0.3571428571428572
flowers102,S1,ResNet-50,resnet50,4,91,0.9565217391304348,0.6086956521739131,46,0.34782608695652173
flowers102,S1,ResNet-50,resnet50,4,92,0.8076923076923077,0.7692307692307693,26,0.038461538461538436
flowers102,S1,ResNet-50,resnet50,4,93,0.9577464788732394,0.9014084507042254,142,0.05633802816901401
flowers102,S1,ResNet-50,resnet50,4,94,0.7685185185185185,0.48148148148148145,108,0.28703703703703703
flowers102,S1,ResNet-50,resnet50,4,95,0.5352112676056338,0.28169014084507044,71,0.2535211267605633
flowers102,S1,ResNet-50,resnet50,4,96,0.7608695652173914,0.10869565217391304,46,0.6521739130434783
flowers102,S1,ResNet-50,resnet50,4,97,0.9516129032258065,0.6935483870967742,62,0.25806451612903225
flowers102,S1,ResNet-50,resnet50,4,98,0.9302325581395349,0.7441860465116279,43,0.18604651162790697
flowers102,S1,ResNet-50,resnet50,4,99,0.9655172413793104,0.7931034482758621,29,0.1724137931034483
flowers102,S1,ResNet-50,resnet50,4,100,0.9210526315789473,0.0,38,0.9210526315789473
flowers102,S1,ResNet-50,resnet50,4,101,1.0,0.39285714285714285,28,0.6071428571428572
flowers102,S2,ConvNeXt-T,convnext_tiny_in1k,0,0,1.0,0.95,20,0.050000000000000044
flowers102,S2,ConvNeXt-T,convnext_tiny_in1k,0,1,0.95,0.95,40,0.0
flowers102,S2,ConvNeXt-T,convnext_tiny_in1k,0,2,0.6,0.3,20,0.3
flowers102,S2,ConvNeXt-T,convnext_tiny_in1k,0,3,0.75,0.8333333333333334,36,-0.08333333333333337
flowers102,S2,ConvNeXt-T,convnext_tiny_in1k,0,4,0.9111111111111111,0.17777777777777778,45,0.7333333333333333
flowers102,S2,ConvNeXt-T,convnext_tiny_in1k,0,5,0.96,0.92,25,0.039999999999999925
flowers102,S2,ConvNeXt-T,convnext_tiny_in1k,0,6,1.0,0.95,20,0.050000000000000044
flowers102,S2,ConvNeXt-T,convnext_tiny_in1k,0,7,1.0,0.9230769230769231,65,0.07692307692307687
flowers102,S2,ConvNeXt-T,convnext_tiny_in1k,0,8,0.9230769230769231,0.7692307692307693,26,0.15384615384615385
flowers102,S2,ConvNeXt-T,convnext_tiny_in1k,0,9,1.0,1.0,25,0.0
flowers102,S2,ConvNeXt-T,convnext_tiny_in1k,0,10,0.7761194029850746,0.1044776119402985,67,0.6716417910447762
flowers102,S2,ConvNeXt-T,convnext_tiny_in1k,0,11,0.9701492537313433,0.417910447761194,67,0.5522388059701493
flowers102,S2,ConvNeXt-T,convnext_tiny_in1k,0,12,1.0,1.0,29,0.0
flowers102,S2,ConvNeXt-T,convnext_tiny_in1k,0,13,0.9642857142857143,0.9642857142857143,28,0.0
flowers102,S2,ConvNeXt-T,convnext_tiny_in1k,0,14,1.0,0.3448275862068966,29,0.6551724137931034
flowers102,S2,ConvNeXt-T,convnext_tiny_in1k,0,15,0.9523809523809523,0.0,21,0.9523809523809523
flowers102,S2,ConvNeXt-T,convnext_tiny_in1k,0,16,1.0,0.9076923076923077,65,0.09230769230769231
flowers102,S2,ConvNeXt-T,convnext_tiny_in1k,0,17,0.9354838709677419,0.9516129032258065,62,-0.016129032258064613
flowers102,S2,ConvNeXt-T,convnext_tiny_in1k,0,18,0.9310344827586207,0.7586206896551724,29,0.1724137931034483
flowers102,S2,ConvNeXt-T,convnext_tiny_in1k,0,19,0.9722222222222222,0.9166666666666666,36,0.05555555555555558
flowers102,S2,ConvNeXt-T,convnext_tiny_in1k,0,20,1.0,0.5,20,0.5
flowers102,S2,ConvNeXt-T,convnext_tiny_in1k,0,21,1.0,0.9743589743589743,39,0.02564102564102566
flowers102,S2,ConvNeXt-T,convnext_tiny_in1k,0,22,0.8873239436619719,0.9014084507042254,71,-0.014084507042253502
flowers102,S2,ConvNeXt-T,convnext_tiny_in1k,0,23,1.0,0.7727272727272727,22,0.2272727272727273
flowers102,S2,ConvNeXt-T,convnext_tiny_in1k,0,24,1.0,0.9523809523809523,21,0.04761904761904767
flowers102,S2,ConvNeXt-T,convnext_tiny_in1k,0,25,0.9047619047619048,0.09523809523809523,21,0.8095238095238095
flowers102,S2,ConvNeXt-T,convnext_tiny_in1k,0,26,1.0,0.25,20,0.75
flowers102,S2,ConvNeXt-T,convnext_tiny_in1k,0,27,1.0,0.2391304347826087,46,0.7608695652173914
flowers102,S2,ConvNeXt-T,convnext_tiny_in1k,0,28,0.9655172413793104,0.7931034482758621,58,0.1724137931034483
flowers102,S2,ConvNeXt-T,convnext_tiny_in1k,0,29,0.8461538461538461,0.5384615384615384,65,0.3076923076923077
flowers102,S2,ConvNeXt-T,convnext_tiny_in1k,0,30,0.9375,0.78125,32,0.15625
flowers102,S2,ConvNeXt-T,convnext_tiny_in1k,0,31,0.96,0.92,25,0.039999999999999925
flowers102,S2,ConvNeXt-T,convnext_tiny_in1k,0,32,1.0,0.9615384615384616,26,0.038461538461538436
flowers102,S2,ConvNeXt-T,convnext_tiny_in1k,0,33,1.0,0.85,20,0.15000000000000002
flowers102,S2,ConvNeXt-T,convnext_tiny_in1k,0,34,1.0,1.0,23,0.0
flowers102,S2,ConvNeXt-T,convnext_tiny_in1k,0,35,0.9818181818181818,0.9090909090909091,55,0.07272727272727275
flowers102,S2,ConvNeXt-T,convnext_tiny_in1k,0,36,1.0,0.9772727272727273,88,0.022727272727272707
flowers102,S2,ConvNeXt-T,convnext_tiny_in1k,0,37,1.0,0.9722222222222222,36,0.02777777777777779
flowers102,S2,ConvNeXt-T,convnext_tiny_in1k,0,38,0.9047619047619048,0.5238095238095238,21,0.38095238095238093
flowers102,S2,ConvNeXt-T,convnext_tiny_in1k,0,39,0.9787234042553191,0.8936170212765957,47,0.08510638297872342
flowers102,S2,ConvNeXt-T,convnext_tiny_in1k,0,40,0.9626168224299065,0.9439252336448598,107,0.01869158878504673
flowers102,S2,ConvNeXt-T,convnext_tiny_in1k,0,41,1.0,0.05128205128205128,39,0.9487179487179487
flowers102,S2,ConvNeXt-T,convnext_tiny_in1k,0,42,0.7727272727272727,0.6272727272727273,110,0.1454545454545454
flowers102,S2,ConvNeXt-T,convnext_tiny_in1k,0,43,1.0,0.9726027397260274,73,0.0273972602739726
flowers102,S2,ConvNeXt-T,convnext_tiny_in1k,0,44,1.0,0.95,20,0.050000000000000044
flowers102,S2,ConvNeXt-T,convnext_tiny_in1k,0,45,0.9772727272727273,0.056818181818181816,176,0.9204545454545455
flowers102,S2,ConvNeXt-T,convnext_tiny_in1k,0,46,1.0,0.06382978723404255,47,0.9361702127659575
flowers102,S2,ConvNeXt-T,convnext_tiny_in1k,0,47,0.9019607843137255,0.17647058823529413,51,0.7254901960784313
flowers102,S2,ConvNeXt-T,convnext_tiny_in1k,0,48,1.0,0.9310344827586207,29,0.06896551724137934
flowers102,S2,ConvNeXt-T,convnext_tiny_in1k,0,49,0.9861111111111112,0.013888888888888888,72,0.9722222222222223
flowers102,S2,ConvNeXt-T,convnext_tiny_in1k,0,50,0.6596638655462185,0.9159663865546218,238,-0.25630252100840334
flowers102,S2,ConvNeXt-T,convnext_tiny_in1k,0,51,0.9846153846153847,0.9538461538461539,65,0.03076923076923077
flowers102,S2,ConvNeXt-T,convnext_tiny_in1k,0,52,0.7945205479452054,0.6575342465753424,73,0.136986301369863
flowers102,S2,ConvNeXt-T,convnext_tiny_in1k,0,53,1.0,0.975609756097561,41,0.024390243902439046
flowers102,S2,ConvNeXt-T,convnext_tiny_in1k,0,54,0.9803921568627451,0.7058823529411765,51,0.27450980392156854
flowers102,S2,ConvNeXt-T,convnext_tiny_in1k,0,55,0.9887640449438202,0.4157303370786517,89,0.5730337078651685
flowers102,S2,ConvNeXt-T,convnext_tiny_in1k,0,56,0.9787234042553191,1.0,47,-0.021276595744680882
flowers102,S2,ConvNeXt-T,convnext_tiny_in1k,0,57,1.0,0.0425531914893617,94,0.9574468085106383
flowers102,S2,ConvNeXt-T,convnext_tiny_in1k,0,58,1.0,0.23404255319148937,47,0.7659574468085106
flowers102,S2,ConvNeXt-T,convnext_tiny_in1k,0,59,1.0,0.9550561797752809,89,0.0449438202247191
flowers102,S2,ConvNeXt-T,convnext_tiny_in1k,0,60,1.0,0.06666666666666667,30,0.9333333333333333
flowers102,S2,ConvNeXt-T,convnext_tiny_in1k,0,61,0.9428571428571428,0.34285714285714286,35,0.6
flowers102,S2,ConvNeXt-T,convnext_tiny_in1k,0,62,1.0,0.9411764705882353,34,0.05882352941176472
flowers102,S2,ConvNeXt-T,convnext_tiny_in1k,0,63,1.0,1.0,32,0.0
flowers102,S2,ConvNeXt-T,convnext_tiny_in1k,0,64,0.9634146341463414,0.7317073170731707,82,0.23170731707317072
flowers102,S2,ConvNeXt-T,convnext_tiny_in1k,0,65,1.0,1.0,41,0.0
flowers102,S2,ConvNeXt-T,convnext_tiny_in1k,0,66,0.8636363636363636,0.7272727272727273,22,0.13636363636363635
flowers102,S2,ConvNeXt-T,convnext_tiny_in1k,0,67,0.9117647058823529,0.8823529411764706,34,0.02941176470588236
flowers102,S2,ConvNeXt-T,convnext_tiny_in1k,0,68,1.0,1.0,34,0.0
flowers102,S2,ConvNeXt-T,convnext_tiny_in1k,0,69,1.0,0.8095238095238095,42,0.19047619047619047
flowers102,S2,ConvNeXt-T,convnext_tiny_in1k,0,70,0.9655172413793104,0.7758620689655172,58,0.18965517241379315
flowers102,S2,ConvNeXt-T,convnext_tiny_in1k,0,71,0.868421052631579,0.5921052631578947,76,0.2763157894736843
flowers102,S2,ConvNeXt-T,convnext_tiny_in1k,0,72,0.9080459770114943,0.896551724137931,174,0.011494252873563204
flowers102,S2,ConvNeXt-T,convnext_tiny_in1k,0,73,0.9072847682119205,0.271523178807947,151,0.6357615894039734
flowers102,S2,ConvNeXt-T,convnext_tiny_in1k,0,74,0.97,0.95,100,0.020000000000000018
flowers102,S2,ConvNeXt-T,convnext_tiny_in1k,0,75,0.9770114942528736,0.8045977011494253,87,0.1724137931034483
flowers102,S2,ConvNeXt-T,convnext_tiny_in1k,0,76,0.948051948051948,0.7705627705627706,231,0.17748917748917747
flowers102,S2,ConvNeXt-T,convnext_tiny_in1k,0,77,0.9743589743589743,0.9401709401709402,117,0.03418803418803418
flowers102,S2,ConvNeXt-T,convnext_tiny_in1k,0,78,1.0,1.0,21,0.0
flowers102,S2,ConvNeXt-T,convnext_tiny_in1k,0,79,0.9764705882352941,0.7411764705882353,85,0.23529411764705876
flowers102,S2,ConvNeXt-T,convnext_tiny_in1k,0,80,0.9726027397260274,0.5958904109589042,146,0.37671232876712324
flowers102,S2,ConvNeXt-T,convnext_tiny_in1k,0,81,0.9456521739130435,0.8913043478260869,92,0.05434782608695654
flowers102,S2,ConvNeXt-T,convnext_tiny_in1k,0,82,0.8288288288288288,0.8018018018018018,111,0.027027027027026973
flowers102,S2,ConvNeXt-T,convnext_tiny_in1k,0,83,0.8181818181818182,0.5909090909090909,66,0.2272727272727273
flowers102,S2,ConvNeXt-T,convnext_tiny_in1k,0,84,1.0,0.5348837209302325,43,0.4651162790697675
flowers102,S2,ConvNeXt-T,convnext_tiny_in1k,0,85,1.0,1.0,38,0.0
flowers102,S2,ConvNeXt-T,convnext_tiny_in1k,0,86,0.9767441860465116,0.9534883720930233,43,0.023255813953488302
flowers102,S2,ConvNeXt-T,convnext_tiny_in1k,0,87,0.8955223880597015,0.6119402985074627,134,0.28358208955223885
flowers102,S2,ConvNeXt-T,convnext_tiny_in1k,0,88,0.9512195121951219,0.3719512195121951,164,0.5792682926829268
flowers102,S2,ConvNeXt-T,convnext_tiny_in1k,0,89,0.7741935483870968,0.016129032258064516,62,0.7580645161290323
flowers102,S2,ConvNeXt-T,convnext_tiny_in1k,0,90,1.0,0.9642857142857143,56,0.0357142857142857
flowers102,S2,ConvNeXt-T,convnext_tiny_in1k,0,91,0.9782608695652174,0.9565217391304348,46,0.021739130434782594
flowers102,S2,ConvNeXt-T,convnext_tiny_in1k,0,92,0.9230769230769231,0.9230769230769231,26,0.0
flowers102,S2,ConvNeXt-T,convnext_tiny_in1k,0,93,0.9647887323943662,0.971830985915493,142,-0.007042253521126751
flowers102,S2,ConvNeXt-T,convnext_tiny_in1k,0,94,0.9722222222222222,0.9166666666666666,108,0.05555555555555558
flowers102,S2,ConvNeXt-T,convnext_tiny_in1k,0,95,0.7746478873239436,0.4225352112676056,71,0.352112676056338
flowers102,S2,ConvNeXt-T,convnext_tiny_in1k,0,96,0.8260869565217391,0.6086956521739131,46,0.21739130434782605
flowers102,S2,ConvNeXt-T,convnext_tiny_in1k,0,97,0.9193548387096774,0.8709677419354839,62,0.048387096774193505
flowers102,S2,ConvNeXt-T,convnext_tiny_in1k,0,98,0.9767441860465116,0.7674418604651163,43,0.20930232558139528
flowers102,S2,ConvNeXt-T,convnext_tiny_in1k,0,99,0.9655172413793104,0.20689655172413793,29,0.7586206896551725
flowers102,S2,ConvNeXt-T,convnext_tiny_in1k,0,100,0.9473684210526315,0.0,38,0.9473684210526315
flowers102,S2,ConvNeXt-T,convnext_tiny_in1k,0,101,1.0,0.14285714285714285,28,0.8571428571428572
flowers102,S2,ConvNeXt-T,convnext_tiny_in1k,1,0,1.0,0.9,20,0.09999999999999998
flowers102,S2,ConvNeXt-T,convnext_tiny_in1k,1,1,0.95,0.95,40,0.0
flowers102,S2,ConvNeXt-T,convnext_tiny_in1k,1,2,0.85,0.7,20,0.15000000000000002
flowers102,S2,ConvNeXt-T,convnext_tiny_in1k,1,3,0.7222222222222222,0.6111111111111112,36,0.11111111111111105
flowers102,S2,ConvNeXt-T,convnext_tiny_in1k,1,4,0.9333333333333333,0.2222222222222222,45,0.7111111111111111
flowers102,S2,ConvNeXt-T,convnext_tiny_in1k,1,5,1.0,0.92,25,0.07999999999999996
flowers102,S2,ConvNeXt-T,convnext_tiny_in1k,1,6,1.0,0.85,20,0.15000000000000002
flowers102,S2,ConvNeXt-T,convnext_tiny_in1k,1,7,1.0,0.9076923076923077,65,0.09230769230769231
flowers102,S2,ConvNeXt-T,convnext_tiny_in1k,1,8,0.9615384615384616,0.7307692307692307,26,0.23076923076923084
flowers102,S2,ConvNeXt-T,convnext_tiny_in1k,1,9,1.0,1.0,25,0.0
flowers102,S2,ConvNeXt-T,convnext_tiny_in1k,1,10,0.8059701492537313,0.3880597014925373,67,0.417910447761194
flowers102,S2,ConvNeXt-T,convnext_tiny_in1k,1,11,0.9701492537313433,0.5671641791044776,67,0.4029850746268657
flowers102,S2,ConvNeXt-T,convnext_tiny_in1k,1,12,1.0,1.0,29,0.0
flowers102,S2,ConvNeXt-T,convnext_tiny_in1k,1,13,0.9285714285714286,0.9642857142857143,28,-0.0357142857142857
flowers102,S2,ConvNeXt-T,convnext_tiny_in1k,1,14,1.0,0.4482758620689655,29,0.5517241379310345
flowers102,S2,ConvNeXt-T,convnext_tiny_in1k,1,15,0.9047619047619048,0.0,21,0.9047619047619048
flowers102,S2,ConvNeXt-T,convnext_tiny_in1k,1,16,0.9846153846153847,0.7538461538461538,65,0.23076923076923084
flowers102,S2,ConvNeXt-T,convnext_tiny_in1k,1,17,0.9838709677419355,0.8709677419354839,62,0.11290322580645162
flowers102,S2,ConvNeXt-T,convnext_tiny_in1k,1,18,0.8275862068965517,0.7241379310344828,29,0.10344827586206895
flowers102,S2,ConvNeXt-T,convnext_tiny_in1k,1,19,1.0,0.8611111111111112,36,0.13888888888888884
flowers102,S2,ConvNeXt-T,convnext_tiny_in1k,1,20,1.0,0.85,20,0.15000000000000002
flowers102,S2,ConvNeXt-T,convnext_tiny_in1k,1,21,1.0,0.6410256410256411,39,0.3589743589743589
flowers102,S2,ConvNeXt-T,convnext_tiny_in1k,1,22,0.8732394366197183,0.8591549295774648,71,0.014084507042253502
flowers102,S2,ConvNeXt-T,convnext_tiny_in1k,1,23,1.0,0.7727272727272727,22,0.2272727272727273
flowers102,S2,ConvNeXt-T,convnext_tiny_in1k,1,24,1.0,0.9523809523809523,21,0.04761904761904767
flowers102,S2,ConvNeXt-T,convnext_tiny_in1k,1,25,0.9047619047619048,0.23809523809523808,21,0.6666666666666667
flowers102,S2,ConvNeXt-T,convnext_tiny_in1k,1,26,1.0,0.35,20,0.65
flowers102,S2,ConvNeXt-T,convnext_tiny_in1k,1,27,0.9782608695652174,0.3695652173913043,46,0.6086956521739131
flowers102,S2,ConvNeXt-T,convnext_tiny_in1k,1,28,1.0,0.7241379310344828,58,0.27586206896551724
flowers102,S2,ConvNeXt-T,convnext_tiny_in1k,1,29,0.8461538461538461,0.6615384615384615,65,0.18461538461538463
flowers102,S2,ConvNeXt-T,convnext_tiny_in1k,1,30,0.9375,0.71875,32,0.21875
flowers102,S2,ConvNeXt-T,convnext_tiny_in1k,1,31,0.8,0.56,25,0.24
flowers102,S2,ConvNeXt-T,convnext_tiny_in1k,1,32,0.9615384615384616,0.9230769230769231,26,0.038461538461538436
flowers102,S2,ConvNeXt-T,convnext_tiny_in1k,1,33,1.0,0.65,20,0.35
flowers102,S2,ConvNeXt-T,convnext_tiny_in1k,1,34,1.0,1.0,23,0.0
flowers102,S2,ConvNeXt-T,convnext_tiny_in1k,1,35,1.0,0.9636363636363636,55,0.036363636363636376
flowers102,S2,ConvNeXt-T,convnext_tiny_in1k,1,36,1.0,0.9659090909090909,88,0.03409090909090906
flowers102,S2,ConvNeXt-T,convnext_tiny_in1k,1,37,0.9722222222222222,1.0,36,-0.02777777777777779
flowers102,S2,ConvNeXt-T,convnext_tiny_in1k,1,38,1.0,0.6666666666666666,21,0.33333333333333337
flowers102,S2,ConvNeXt-T,convnext_tiny_in1k,1,39,0.9148936170212766,0.8723404255319149,47,0.04255319148936165
flowers102,S2,ConvNeXt-T,convnext_tiny_in1k,1,40,0.9626168224299065,0.9345794392523364,107,0.028037383177570097
flowers102,S2,ConvNeXt-T,convnext_tiny_in1k,1,41,1.0,0.4358974358974359,39,0.5641025641025641
flowers102,S2,ConvNeXt-T,convnext_tiny_in1k,1,42,0.8090909090909091,0.4,110,0.40909090909090906
flowers102,S2,ConvNeXt-T,convnext_tiny_in1k,1,43,0.9863013698630136,0.9315068493150684,73,0.0547945205479452
flowers102,S2,ConvNeXt-T,convnext_tiny_in1k,1,44,1.0,0.55,20,0.44999999999999996
flowers102,S2,ConvNeXt-T,convnext_tiny_in1k,1,45,0.9829545454545454,0.08522727272727272,176,0.8977272727272727
flowers102,S2,ConvNeXt-T,convnext_tiny_in1k,1,46,1.0,0.5106382978723404,47,0.4893617021276596
flowers102,S2,ConvNeXt-T,convnext_tiny_in1k,1,47,0.9411764705882353,0.45098039215686275,51,0.49019607843137253
flowers102,S2,ConvNeXt-T,convnext_tiny_in1k,1,48,1.0,0.9310344827586207,29,0.06896551724137934
flowers102,S2,ConvNeXt-T,convnext_tiny_in1k,1,49,0.9861111111111112,0.2777777777777778,72,0.7083333333333334
flowers102,S2,ConvNeXt-T,convnext_tiny_in1k,1,50,0.7394957983193278,0.8529411764705882,238,-0.11344537815126043
flowers102,S2,ConvNeXt-T,convnext_tiny_in1k,1,51,1.0,0.9692307692307692,65,0.03076923076923077
flowers102,S2,ConvNeXt-T,convnext_tiny_in1k,1,52,0.8493150684931506,0.8904109589041096,73,-0.04109589041095896
flowers102,S2,ConvNeXt-T,convnext_tiny_in1k,1,53,1.0,0.975609756097561,41,0.024390243902439046
flowers102,S2,ConvNeXt-T,convnext_tiny_in1k,1,54,0.9215686274509803,0.43137254901960786,51,0.4901960784313725
flowers102,S2,ConvNeXt-T,convnext_tiny_in1k,1,55,1.0,0.3595505617977528,89,0.6404494382022472
flowers102,S2,ConvNeXt-T,convnext_tiny_in1k,1,56,0.9787234042553191,1.0,47,-0.021276595744680882
flowers102,S2,ConvNeXt-T,convnext_tiny_in1k,1,57,1.0,0.7872340425531915,94,0.21276595744680848
flowers102,S2,ConvNeXt-T,convnext_tiny_in1k,1,58,1.0,0.6382978723404256,47,0.36170212765957444
flowers102,S2,ConvNeXt-T,convnext_tiny_in1k,1,59,1.0,0.898876404494382,89,0.101123595505618
flowers102,S2,ConvNeXt-T,convnext_tiny_in1k,1,60,1.0,0.03333333333333333,30,0.9666666666666667
flowers102,S2,ConvNeXt-T,convnext_tiny_in1k,1,61,0.9428571428571428,0.22857142857142856,35,0.7142857142857143
flowers102,S2,ConvNeXt-T,convnext_tiny_in1k,1,62,1.0,0.9705882352941176,34,0.02941176470588236
flowers102,S2,ConvNeXt-T,convnext_tiny_in1k,1,63,1.0,0.90625,32,0.09375
flowers102,S2,ConvNeXt-T,convnext_tiny_in1k,1,64,0.926829268292683,0.5,82,0.426829268292683
flowers102,S2,ConvNeXt-T,convnext_tiny_in1k,1,65,1.0,1.0,41,0.0
flowers102,S2,ConvNeXt-T,convnext_tiny_in1k,1,66,0.9090909090909091,0.8636363636363636,22,0.045454545454545414
flowers102,S2,ConvNeXt-T,convnext_tiny_in1k,1,67,0.9411764705882353,1.0,34,-0.05882352941176472
flowers102,S2,ConvNeXt-T,convnext_tiny_in1k,1,68,1.0,1.0,34,0.0
flowers102,S2,ConvNeXt-T,convnext_tiny_in1k,1,69,1.0,0.9523809523809523,42,0.04761904761904767
flowers102,S2,ConvNeXt-T,convnext_tiny_in1k,1,70,1.0,0.8448275862068966,58,0.15517241379310343
flowers102,S2,ConvNeXt-T,convnext_tiny_in1k,1,71,0.881578947368421,0.3815789473684211,76,0.49999999999999994
flowers102,S2,ConvNeXt-T,convnext_tiny_in1k,1,72,0.9770114942528736,0.8275862068965517,174,0.14942528735632188
flowers102,S2,ConvNeXt-T,convnext_tiny_in1k,1,73,0.7947019867549668,0.25165562913907286,151,0.5430463576158939
flowers102,S2,ConvNeXt-T,convnext_tiny_in1k,1,74,0.96,1.0,100,-0.040000000000000036
flowers102,S2,ConvNeXt-T,convnext_tiny_in1k,1,75,1.0,0.7816091954022989,87,0.2183908045977011
flowers102,S2,ConvNeXt-T,convnext_tiny_in1k,1,76,0.9826839826839827,0.9826839826839827,231,0.0
flowers102,S2,ConvNeXt-T,convnext_tiny_in1k,1,77,0.905982905982906,0.7008547008547008,117,0.20512820512820518
flowers102,S2,ConvNeXt-T,convnext_tiny_in1k,1,78,1.0,1.0,21,0.0
flowers102,S2,ConvNeXt-T,convnext_tiny_in1k,1,79,0.9058823529411765,0.7529411764705882,85,0.15294117647058825
flowers102,S2,ConvNeXt-T,convnext_tiny_in1k,1,80,0.9863013698630136,0.7054794520547946,146,0.2808219178082191
flowers102,S2,ConvNeXt-T,convnext_tiny_in1k,1,81,0.9239130434782609,0.7934782608695652,92,0.13043478260869568
flowers102,S2,ConvNeXt-T,convnext_tiny_in1k,1,82,0.7927927927927928,0.4594594594594595,111,0.3333333333333333
flowers102,S2,ConvNeXt-T,convnext_tiny_in1k,1,83,0.8787878787878788,0.696969696969697,66,0.18181818181818177
flowers102,S2,ConvNeXt-T,convnext_tiny_in1k,1,84,0.9534883720930233,0.5116279069767442,43,0.4418604651162791
flowers102,S2,ConvNeXt-T,convnext_tiny_in1k,1,85,0.9736842105263158,1.0,38,-0.02631578947368418
flowers102,S2,ConvNeXt-T,convnext_tiny_in1k,1,86,0.9767441860465116,0.9302325581395349,43,0.046511627906976716
flowers102,S2,ConvNeXt-T,convnext_tiny_in1k,1,87,0.8432835820895522,0.753731343283582,134,0.08955223880597019
flowers102,S2,ConvNeXt-T,convnext_tiny_in1k,1,88,0.975609756097561,0.5,164,0.47560975609756095
flowers102,S2,ConvNeXt-T,convnext_tiny_in1k,1,89,0.8387096774193549,0.04838709677419355,62,0.7903225806451614
flowers102,S2,ConvNeXt-T,convnext_tiny_in1k,1,90,0.9642857142857143,0.9285714285714286,56,0.0357142857142857
flowers102,S2,ConvNeXt-T,convnext_tiny_in1k,1,91,0.9565217391304348,0.9130434782608695,46,0.0434782608695653
flowers102,S2,ConvNeXt-T,convnext_tiny_in1k,1,92,0.9615384615384616,0.9615384615384616,26,0.0
flowers102,S2,ConvNeXt-T,convnext_tiny_in1k,1,93,0.9788732394366197,0.9788732394366197,142,0.0
flowers102,S2,ConvNeXt-T,convnext_tiny_in1k,1,94,0.9444444444444444,0.7407407407407407,108,0.20370370370370372
flowers102,S2,ConvNeXt-T,convnext_tiny_in1k,1,95,0.8309859154929577,0.39436619718309857,71,0.4366197183098592
flowers102,S2,ConvNeXt-T,convnext_tiny_in1k,1,96,0.8478260869565217,0.782608695652174,46,0.06521739130434778
flowers102,S2,ConvNeXt-T,convnext_tiny_in1k,1,97,0.9354838709677419,0.6774193548387096,62,0.25806451612903225
flowers102,S2,ConvNeXt-T,convnext_tiny_in1k,1,98,0.9534883720930233,0.9302325581395349,43,0.023255813953488413
flowers102,S2,ConvNeXt-T,convnext_tiny_in1k,1,99,1.0,0.10344827586206896,29,0.896551724137931
flowers102,S2,ConvNeXt-T,convnext_tiny_in1k,1,100,0.9473684210526315,0.0,38,0.9473684210526315
flowers102,S2,ConvNeXt-T,convnext_tiny_in1k,1,101,1.0,0.6071428571428571,28,0.3928571428571429
flowers102,S2,ConvNeXt-T,convnext_tiny_in1k,2,0,1.0,0.85,20,0.15000000000000002
flowers102,S2,ConvNeXt-T,convnext_tiny_in1k,2,1,0.975,0.95,40,0.025000000000000022
flowers102,S2,ConvNeXt-T,convnext_tiny_in1k,2,2,0.85,0.5,20,0.35
flowers102,S2,ConvNeXt-T,convnext_tiny_in1k,2,3,0.6944444444444444,0.6944444444444444,36,0.0
flowers102,S2,ConvNeXt-T,convnext_tiny_in1k,2,4,0.9111111111111111,0.044444444444444446,45,0.8666666666666667
flowers102,S2,ConvNeXt-T,convnext_tiny_in1k,2,5,1.0,0.84,25,0.16000000000000003
flowers102,S2,ConvNeXt-T,convnext_tiny_in1k,2,6,1.0,1.0,20,0.0
flowers102,S2,ConvNeXt-T,convnext_tiny_in1k,2,7,1.0,0.9846153846153847,65,0.01538461538461533
flowers102,S2,ConvNeXt-T,convnext_tiny_in1k,2,8,0.9230769230769231,0.5384615384615384,26,0.3846153846153847
flowers102,S2,ConvNeXt-T,convnext_tiny_in1k,2,9,1.0,1.0,25,0.0
flowers102,S2,ConvNeXt-T,convnext_tiny_in1k,2,10,0.7014925373134329,0.5522388059701493,67,0.14925373134328357
flowers102,S2,ConvNeXt-T,convnext_tiny_in1k,2,11,0.9701492537313433,0.3283582089552239,67,0.6417910447761195
flowers102,S2,ConvNeXt-T,convnext_tiny_in1k,2,12,1.0,1.0,29,0.0
flowers102,S2,ConvNeXt-T,convnext_tiny_in1k,2,13,0.9642857142857143,0.9642857142857143,28,0.0
flowers102,S2,ConvNeXt-T,convnext_tiny_in1k,2,14,1.0,0.034482758620689655,29,0.9655172413793104
flowers102,S2,ConvNeXt-T,convnext_tiny_in1k,2,15,0.8571428571428571,0.047619047619047616,21,0.8095238095238095
flowers102,S2,ConvNeXt-T,convnext_tiny_in1k,2,16,0.9846153846153847,0.7846153846153846,65,0.20000000000000007
flowers102,S2,ConvNeXt-T,convnext_tiny_in1k,2,17,0.9354838709677419,0.9354838709677419,62,0.0
flowers102,S2,ConvNeXt-T,convnext_tiny_in1k,2,18,0.9655172413793104,0.5862068965517241,29,0.3793103448275863
flowers102,S2,ConvNeXt-T,convnext_tiny_in1k,2,19,1.0,0.9444444444444444,36,0.05555555555555558
flowers102,S2,ConvNeXt-T,convnext_tiny_in1k,2,20,0.95,0.85,20,0.09999999999999998
flowers102,S2,ConvNeXt-T,convnext_tiny_in1k,2,21,1.0,0.8205128205128205,39,0.17948717948717952
flowers102,S2,ConvNeXt-T,convnext_tiny_in1k,2,22,0.8591549295774648,0.8309859154929577,71,0.028169014084507005
flowers102,S2,ConvNeXt-T,convnext_tiny_in1k,2,23,1.0,1.0,22,0.0
flowers102,S2,ConvNeXt-T,convnext_tiny_in1k,2,24,1.0,0.9047619047619048,21,0.09523809523809523
flowers102,S2,ConvNeXt-T,convnext_tiny_in1k,2,25,0.8095238095238095,0.5238095238095238,21,0.2857142857142857
flowers102,S2,ConvNeXt-T,convnext_tiny_in1k,2,26,1.0,0.85,20,0.15000000000000002
flowers102,S2,ConvNeXt-T,convnext_tiny_in1k,2,27,1.0,0.32608695652173914,46,0.6739130434782609
flowers102,S2,ConvNeXt-T,convnext_tiny_in1k,2,28,0.9655172413793104,0.7413793103448276,58,0.22413793103448276
flowers102,S2,ConvNeXt-T,convnext_tiny_in1k,2,29,0.8153846153846154,0.5384615384615384,65,0.27692307692307694
flowers102,S2,ConvNeXt-T,convnext_tiny_in1k,2,30,0.96875,0.8125,32,0.15625
flowers102,S2,ConvNeXt-T,convnext_tiny_in1k,2,31,0.8,0.08,25,0.7200000000000001
flowers102,S2,ConvNeXt-T,convnext_tiny_in1k,2,32,1.0,0.8461538461538461,26,0.15384615384615385
flowers102,S2,ConvNeXt-T,convnext_tiny_in1k,2,33,1.0,0.9,20,0.09999999999999998
flowers102,S2,ConvNeXt-T,convnext_tiny_in1k,2,34,1.0,1.0,23,0.0
flowers102,S2,ConvNeXt-T,convnext_tiny_in1k,2,35,0.9636363636363636,0.9818181818181818,55,-0.018181818181818188
flowers102,S2,ConvNeXt-T,convnext_tiny_in1k,2,36,0.9886363636363636,0.9090909090909091,88,0.07954545454545459
flowers102,S2,ConvNeXt-T,convnext_tiny_in1k,2,37,1.0,1.0,36,0.0
flowers102,S2,ConvNeXt-T,convnext_tiny_in1k,2,38,1.0,0.9047619047619048,21,0.09523809523809523
flowers102,S2,ConvNeXt-T,convnext_tiny_in1k,2,39,0.9361702127659575,0.6382978723404256,47,0.2978723404255319
flowers102,S2,ConvNeXt-T,convnext_tiny_in1k,2,40,0.9532710280373832,0.9719626168224299,107,-0.01869158878504673
flowers102,S2,ConvNeXt-T,convnext_tiny_in1k,2,41,0.9487179487179487,0.07692307692307693,39,0.8717948717948718
flowers102,S2,ConvNeXt-T,convnext_tiny_in1k,2,42,0.7545454545454545,0.5727272727272728,110,0.18181818181818177
flowers102,S2,ConvNeXt-T,convnext_tiny_in1k,2,43,0.958904109589041,0.9178082191780822,73,0.041095890410958846
flowers102,S2,ConvNeXt-T,convnext_tiny_in1k,2,44,1.0,0.85,20,0.15000000000000002
flowers102,S2,ConvNeXt-T,convnext_tiny_in1k,2,45,0.9886363636363636,0.6420454545454546,176,0.34659090909090906
flowers102,S2,ConvNeXt-T,convnext_tiny_in1k,2,46,0.9787234042553191,0.851063829787234,47,0.12765957446808507
flowers102,S2,ConvNeXt-T,convnext_tiny_in1k,2,47,0.9411764705882353,0.19607843137254902,51,0.7450980392156863
flowers102,S2,ConvNeXt-T,convnext_tiny_in1k,2,48,1.0,0.6206896551724138,29,0.3793103448275862
flowers102,S2,ConvNeXt-T,convnext_tiny_in1k,2,49,0.9722222222222222,0.0,72,0.9722222222222222
flowers102,S2,ConvNeXt-T,convnext_tiny_in1k,2,50,0.6848739495798319,0.8907563025210085,238,-0.20588235294117652
flowers102,S2,ConvNeXt-T,convnext_tiny_in1k,2,51,1.0,0.8615384615384616,65,0.1384615384615384
flowers102,S2,ConvNeXt-T,convnext_tiny_in1k,2,52,0.8493150684931506,0.8082191780821918,73,0.041095890410958846
flowers102,S2,ConvNeXt-T,convnext_tiny_in1k,2,53,1.0,0.7804878048780488,41,0.2195121951219512
flowers102,S2,ConvNeXt-T,convnext_tiny_in1k,2,54,0.9019607843137255,0.3137254901960784,51,0.5882352941176471
flowers102,S2,ConvNeXt-T,convnext_tiny_in1k,2,55,0.9887640449438202,0.4044943820224719,89,0.5842696629213483
flowers102,S2,ConvNeXt-T,convnext_tiny_in1k,2,56,0.9787234042553191,1.0,47,-0.021276595744680882
flowers102,S2,ConvNeXt-T,convnext_tiny_in1k,2,57,1.0,0.3617021276595745,94,0.6382978723404256
flowers102,S2,ConvNeXt-T,convnext_tiny_in1k,2,58,1.0,0.0425531914893617,47,0.9574468085106383
flowers102,S2,ConvNeXt-T,convnext_tiny_in1k,2,59,1.0,0.9438202247191011,89,0.0561797752808989
flowers102,S2,ConvNeXt-T,convnext_tiny_in1k,2,60,1.0,0.6333333333333333,30,0.3666666666666667
flowers102,S2,ConvNeXt-T,convnext_tiny_in1k,2,61,0.9142857142857143,0.2,35,0.7142857142857142
flowers102,S2,ConvNeXt-T,convnext_tiny_in1k,2,62,1.0,0.38235294117647056,34,0.6176470588235294
flowers102,S2,ConvNeXt-T,convnext_tiny_in1k,2,63,1.0,1.0,32,0.0
flowers102,S2,ConvNeXt-T,convnext_tiny_in1k,2,64,0.8658536585365854,0.7073170731707317,82,0.1585365853658537
flowers102,S2,ConvNeXt-T,convnext_tiny_in1k,2,65,1.0,1.0,41,0.0
flowers102,S2,ConvNeXt-T,convnext_tiny_in1k,2,66,0.7727272727272727,0.6818181818181818,22,0.09090909090909094
flowers102,S2,ConvNeXt-T,convnext_tiny_in1k,2,67,0.9411764705882353,0.8823529411764706,34,0.05882352941176472
flowers102,S2,ConvNeXt-T,convnext_tiny_in1k,2,68,1.0,0.8823529411764706,34,0.11764705882352944
flowers102,S2,ConvNeXt-T,convnext_tiny_in1k,2,69,1.0,0.7857142857142857,42,0.2142857142857143
flowers102,S2,ConvNeXt-T,convnext_tiny_in1k,2,70,1.0,0.4827586206896552,58,0.5172413793103448
flowers102,S2,ConvNeXt-T,convnext_tiny_in1k,2,71,0.9210526315789473,0.47368421052631576,76,0.4473684210526316
flowers102,S2,ConvNeXt-T,convnext_tiny_in1k,2,72,0.9195402298850575,0.9425287356321839,174,-0.02298850574712641
flowers102,S2,ConvNeXt-T,convnext_tiny_in1k,2,73,0.8278145695364238,0.7086092715231788,151,0.11920529801324509
flowers102,S2,ConvNeXt-T,convnext_tiny_in1k,2,74,0.95,0.96,100,-0.010000000000000009
flowers102,S2,ConvNeXt-T,convnext_tiny_in1k,2,75,0.9425287356321839,0.5977011494252874,87,0.34482758620689646
flowers102,S2,ConvNeXt-T,convnext_tiny_in1k,2,76,0.9177489177489178,0.7229437229437229,231,0.19480519480519487
flowers102,S2,ConvNeXt-T,convnext_tiny_in1k,2,77,0.8717948717948718,0.7094017094017094,117,0.16239316239316237
flowers102,S2,ConvNeXt-T,convnext_tiny_in1k,2,78,1.0,1.0,21,0.0
flowers102,S2,ConvNeXt-T,convnext_tiny_in1k,2,79,0.9764705882352941,0.8117647058823529,85,0.16470588235294115
flowers102,S2,ConvNeXt-T,convnext_tiny_in1k,2,80,1.0,0.8013698630136986,146,0.1986301369863014
flowers102,S2,ConvNeXt-T,convnext_tiny_in1k,2,81,0.8804347826086957,0.6086956521739131,92,0.2717391304347826
flowers102,S2,ConvNeXt-T,convnext_tiny_in1k,2,82,0.7837837837837838,0.3783783783783784,111,0.4054054054054054
flowers102,S2,ConvNeXt-T,convnext_tiny_in1k,2,83,0.803030303030303,0.7272727272727273,66,0.07575757575757569
flowers102,S2,ConvNeXt-T,convnext_tiny_in1k,2,84,0.9767441860465116,0.6744186046511628,43,0.3023255813953488
flowers102,S2,ConvNeXt-T,convnext_tiny_in1k,2,85,0.9736842105263158,0.9473684210526315,38,0.026315789473684292
flowers102,S2,ConvNeXt-T,convnext_tiny_in1k,2,86,0.9767441860465116,0.9302325581395349,43,0.046511627906976716
flowers102,S2,ConvNeXt-T,convnext_tiny_in1k,2,87,0.8059701492537313,0.5149253731343284,134,0.29104477611940294
flowers102,S2,ConvNeXt-T,convnext_tiny_in1k,2,88,0.9573170731707317,0.3719512195121951,164,0.5853658536585366
flowers102,S2,ConvNeXt-T,convnext_tiny_in1k,2,89,0.9032258064516129,0.04838709677419355,62,0.8548387096774194
flowers102,S2,ConvNeXt-T,convnext_tiny_in1k,2,90,0.9642857142857143,0.9107142857142857,56,0.0535714285714286
flowers102,S2,ConvNeXt-T,convnext_tiny_in1k,2,91,0.9347826086956522,0.9347826086956522,46,0.0
flowers102,S2,ConvNeXt-T,convnext_tiny_in1k,2,92,0.9615384615384616,0.9230769230769231,26,0.038461538461538436
flowers102,S2,ConvNeXt-T,convnext_tiny_in1k,2,93,0.9577464788732394,0.9647887323943662,142,-0.007042253521126862
flowers102,S2,ConvNeXt-T,convnext_tiny_in1k,2,94,0.9629629629629629,0.7962962962962963,108,0.16666666666666663
flowers102,S2,ConvNeXt-T,convnext_tiny_in1k,2,95,0.8591549295774648,0.4647887323943662,71,0.39436619718309857
flowers102,S2,ConvNeXt-T,convnext_tiny_in1k,2,96,0.8478260869565217,0.7391304347826086,46,0.10869565217391308
flowers102,S2,ConvNeXt-T,convnext_tiny_in1k,2,97,0.9193548387096774,0.7741935483870968,62,0.14516129032258063
flowers102,S2,ConvNeXt-T,convnext_tiny_in1k,2,98,0.9302325581395349,0.7441860465116279,43,0.18604651162790697
flowers102,S2,ConvNeXt-T,convnext_tiny_in1k,2,99,0.9655172413793104,0.1724137931034483,29,0.7931034482758621
flowers102,S2,ConvNeXt-T,convnext_tiny_in1k,2,100,0.868421052631579,0.3157894736842105,38,0.5526315789473685
flowers102,S2,ConvNeXt-T,convnext_tiny_in1k,2,101,1.0,0.8571428571428571,28,0.1428571428571429
flowers102,S2,ConvNeXt-T,convnext_tiny_in1k,3,0,1.0,0.95,20,0.050000000000000044
flowers102,S2,ConvNeXt-T,convnext_tiny_in1k,3,1,0.95,0.925,40,0.02499999999999991
flowers102,S2,ConvNeXt-T,convnext_tiny_in1k,3,2,0.7,0.5,20,0.19999999999999996
flowers102,S2,ConvNeXt-T,convnext_tiny_in1k,3,3,0.7222222222222222,0.75,36,-0.02777777777777779
flowers102,S2,ConvNeXt-T,convnext_tiny_in1k,3,4,0.8888888888888888,0.06666666666666667,45,0.8222222222222222
flowers102,S2,ConvNeXt-T,convnext_tiny_in1k,3,5,1.0,0.8,25,0.19999999999999996
flowers102,S2,ConvNeXt-T,convnext_tiny_in1k,3,6,1.0,0.7,20,0.30000000000000004
flowers102,S2,ConvNeXt-T,convnext_tiny_in1k,3,7,1.0,0.676923076923077,65,0.32307692307692304
flowers102,S2,ConvNeXt-T,convnext_tiny_in1k,3,8,0.9615384615384616,0.5384615384615384,26,0.42307692307692313
flowers102,S2,ConvNeXt-T,convnext_tiny_in1k,3,9,1.0,1.0,25,0.0
flowers102,S2,ConvNeXt-T,convnext_tiny_in1k,3,10,0.7761194029850746,0.373134328358209,67,0.40298507462686567
flowers102,S2,ConvNeXt-T,convnext_tiny_in1k,3,11,0.9552238805970149,0.5970149253731343,67,0.35820895522388063
flowers102,S2,ConvNeXt-T,convnext_tiny_in1k,3,12,1.0,0.9655172413793104,29,0.03448275862068961
flowers102,S2,ConvNeXt-T,convnext_tiny_in1k,3,13,0.9642857142857143,0.9642857142857143,28,0.0
flowers102,S2,ConvNeXt-T,convnext_tiny_in1k,3,14,1.0,0.10344827586206896,29,0.896551724137931
flowers102,S2,ConvNeXt-T,convnext_tiny_in1k,3,15,0.9523809523809523,0.0,21,0.9523809523809523
flowers102,S2,ConvNeXt-T,convnext_tiny_in1k,3,16,0.9846153846153847,0.8307692307692308,65,0.15384615384615385
flowers102,S2,ConvNeXt-T,convnext_tiny_in1k,3,17,0.9193548387096774,0.967741935483871,62,-0.048387096774193616
flowers102,S2,ConvNeXt-T,convnext_tiny_in1k,3,18,0.9310344827586207,0.7241379310344828,29,0.2068965517241379
flowers102,S2,ConvNeXt-T,convnext_tiny_in1k,3,19,0.9722222222222222,0.6111111111111112,36,0.36111111111111105
flowers102,S2,ConvNeXt-T,convnext_tiny_in1k,3,20,0.95,0.7,20,0.25
flowers102,S2,ConvNeXt-T,convnext_tiny_in1k,3,21,1.0,0.8461538461538461,39,0.15384615384615385
flowers102,S2,ConvNeXt-T,convnext_tiny_in1k,3,22,0.8732394366197183,0.8309859154929577,71,0.04225352112676051
flowers102,S2,ConvNeXt-T,convnext_tiny_in1k,3,23,1.0,0.8636363636363636,22,0.13636363636363635
flowers102,S2,ConvNeXt-T,convnext_tiny_in1k,3,24,1.0,0.7142857142857143,21,0.2857142857142857
flowers102,S2,ConvNeXt-T,convnext_tiny_in1k,3,25,0.9047619047619048,0.42857142857142855,21,0.4761904761904762
flowers102,S2,ConvNeXt-T,convnext_tiny_in1k,3,26,1.0,0.3,20,0.7
flowers102,S2,ConvNeXt-T,convnext_tiny_in1k,3,27,1.0,0.17391304347826086,46,0.8260869565217391
flowers102,S2,ConvNeXt-T,convnext_tiny_in1k,3,28,0.9655172413793104,0.8793103448275862,58,0.0862068965517242
flowers102,S2,ConvNeXt-T,convnext_tiny_in1k,3,29,0.8461538461538461,0.6307692307692307,65,0.2153846153846154
flowers102,S2,ConvNeXt-T,convnext_tiny_in1k,3,30,0.96875,0.875,32,0.09375
flowers102,S2,ConvNeXt-T,convnext_tiny_in1k,3,31,0.96,0.76,25,0.19999999999999996
flowers102,S2,ConvNeXt-T,convnext_tiny_in1k,3,32,1.0,0.9230769230769231,26,0.07692307692307687
flowers102,S2,ConvNeXt-T,convnext_tiny_in1k,3,33,1.0,0.6,20,0.4
flowers102,S2,ConvNeXt-T,convnext_tiny_in1k,3,34,1.0,1.0,23,0.0
flowers102,S2,ConvNeXt-T,convnext_tiny_in1k,3,35,1.0,0.9818181818181818,55,0.018181818181818188
flowers102,S2,ConvNeXt-T,convnext_tiny_in1k,3,36,0.9886363636363636,0.9204545454545454,88,0.06818181818181823
flowers102,S2,ConvNeXt-T,convnext_tiny_in1k,3,37,0.9722222222222222,1.0,36,-0.02777777777777779
flowers102,S2,ConvNeXt-T,convnext_tiny_in1k,3,38,0.9047619047619048,0.6666666666666666,21,0.23809523809523814
flowers102,S2,ConvNeXt-T,convnext_tiny_in1k,3,39,0.9787234042553191,0.6808510638297872,47,0.2978723404255319
flowers102,S2,ConvNeXt-T,convnext_tiny_in1k,3,40,0.9532710280373832,0.9065420560747663,107,0.04672897196261683
flowers102,S2,ConvNeXt-T,convnext_tiny_in1k,3,41,0.9743589743589743,0.41025641025641024,39,0.5641025641025641
flowers102,S2,ConvNeXt-T,convnext_tiny_in1k,3,42,0.7636363636363637,0.5636363636363636,110,0.20000000000000007
flowers102,S2,ConvNeXt-T,convnext_tiny_in1k,3,43,0.9863013698630136,1.0,73,-0.013698630136986356
flowers102,S2,ConvNeXt-T,convnext_tiny_in1k,3,44,1.0,0.9,20,0.09999999999999998
flowers102,S2,ConvNeXt-T,convnext_tiny_in1k,3,45,0.9829545454545454,0.16477272727272727,176,0.8181818181818181
flowers102,S2,ConvNeXt-T,convnext_tiny_in1k,3,46,1.0,0.40425531914893614,47,0.5957446808510638
flowers102,S2,ConvNeXt-T,convnext_tiny_in1k,3,47,0.9019607843137255,0.09803921568627451,51,0.803921568627451
flowers102,S2,ConvNeXt-T,convnext_tiny_in1k,3,48,1.0,0.9655172413793104,29,0.03448275862068961
flowers102,S2,ConvNeXt-T,convnext_tiny_in1k,3,49,0.9722222222222222,0.0,72,0.9722222222222222
flowers102,S2,ConvNeXt-T,convnext_tiny_in1k,3,50,0.6218487394957983,0.8151260504201681,238,-0.19327731092436973
flowers102,S2,ConvNeXt-T,convnext_tiny_in1k,3,51,1.0,0.8615384615384616,65,0.1384615384615384
flowers102,S2,ConvNeXt-T,convnext_tiny_in1k,3,52,0.7534246575342466,0.1917808219178082,73,0.5616438356164384
flowers102,S2,ConvNeXt-T,convnext_tiny_in1k,3,53,0.9512195121951219,0.8780487804878049,41,0.07317073170731703
flowers102,S2,ConvNeXt-T,convnext_tiny_in1k,3,54,0.9411764705882353,0.5882352941176471,51,0.3529411764705882
flowers102,S2,ConvNeXt-T,convnext_tiny_in1k,3,55,0.9775280898876404,0.4606741573033708,89,0.5168539325842696
flowers102,S2,ConvNeXt-T,convnext_tiny_in1k,3,56,0.9787234042553191,1.0,47,-0.021276595744680882
flowers102,S2,ConvNeXt-T,convnext_tiny_in1k,3,57,1.0,0.6702127659574468,94,0.32978723404255317
flowers102,S2,ConvNeXt-T,convnext_tiny_in1k,3,58,1.0,0.0,47,1.0
flowers102,S2,ConvNeXt-T,convnext_tiny_in1k,3,59,1.0,0.550561797752809,89,0.449438202247191
flowers102,S2,ConvNeXt-T,convnext_tiny_in1k,3,60,1.0,0.7333333333333333,30,0.2666666666666667
flowers102,S2,ConvNeXt-T,convnext_tiny_in1k,3,61,0.9142857142857143,0.14285714285714285,35,0.7714285714285714
flowers102,S2,ConvNeXt-T,convnext_tiny_in1k,3,62,1.0,0.47058823529411764,34,0.5294117647058824
flowers102,S2,ConvNeXt-T,convnext_tiny_in1k,3,63,1.0,0.84375,32,0.15625
flowers102,S2,ConvNeXt-T,convnext_tiny_in1k,3,64,0.926829268292683,0.07317073170731707,82,0.853658536585366
flowers102,S2,ConvNeXt-T,convnext_tiny_in1k,3,65,1.0,0.975609756097561,41,0.024390243902439046
flowers102,S2,ConvNeXt-T,convnext_tiny_in1k,3,66,0.7272727272727273,0.6363636363636364,22,0.09090909090909094
flowers102,S2,ConvNeXt-T,convnext_tiny_in1k,3,67,0.9411764705882353,0.9705882352941176,34,-0.02941176470588236
flowers102,S2,ConvNeXt-T,convnext_tiny_in1k,3,68,1.0,0.7058823529411765,34,0.2941176470588235
flowers102,S2,ConvNeXt-T,convnext_tiny_in1k,3,69,1.0,0.6904761904761905,42,0.30952380952380953
flowers102,S2,ConvNeXt-T,convnext_tiny_in1k,3,70,1.0,0.15517241379310345,58,0.8448275862068966
flowers102,S2,ConvNeXt-T,convnext_tiny_in1k,3,71,0.8421052631578947,0.2631578947368421,76,0.5789473684210527
flowers102,S2,ConvNeXt-T,convnext_tiny_in1k,3,72,0.9367816091954023,0.8793103448275862,174,0.05747126436781613
flowers102,S2,ConvNeXt-T,convnext_tiny_in1k,3,73,0.7549668874172185,0.31788079470198677,151,0.43708609271523174
flowers102,S2,ConvNeXt-T,convnext_tiny_in1k,3,74,0.99,0.94,100,0.050000000000000044
flowers102,S2,ConvNeXt-T,convnext_tiny_in1k,3,75,0.9540229885057471,0.8505747126436781,87,0.10344827586206895
flowers102,S2,ConvNeXt-T,convnext_tiny_in1k,3,76,0.9653679653679653,0.9047619047619048,231,0.06060606060606055
flowers102,S2,ConvNeXt-T,convnext_tiny_in1k,3,77,0.9658119658119658,0.6666666666666666,117,0.2991452991452992
flowers102,S2,ConvNeXt-T,convnext_tiny_in1k,3,78,1.0,1.0,21,0.0
flowers102,S2,ConvNeXt-T,convnext_tiny_in1k,3,79,0.9882352941176471,0.7529411764705882,85,0.23529411764705888
flowers102,S2,ConvNeXt-T,convnext_tiny_in1k,3,80,0.9863013698630136,0.4383561643835616,146,0.547945205479452
flowers102,S2,ConvNeXt-T,convnext_tiny_in1k,3,81,0.9347826086956522,0.9347826086956522,92,0.0
flowers102,S2,ConvNeXt-T,convnext_tiny_in1k,3,82,0.8288288288288288,0.6306306306306306,111,0.19819819819819817
flowers102,S2,ConvNeXt-T,convnext_tiny_in1k,3,83,0.8333333333333334,0.7575757575757576,66,0.0757575757575758
flowers102,S2,ConvNeXt-T,convnext_tiny_in1k,3,84,0.9534883720930233,0.6046511627906976,43,0.34883720930232565
flowers102,S2,ConvNeXt-T,convnext_tiny_in1k,3,85,1.0,1.0,38,0.0
flowers102,S2,ConvNeXt-T,convnext_tiny_in1k,3,86,0.9767441860465116,0.8837209302325582,43,0.09302325581395343
flowers102,S2,ConvNeXt-T,convnext_tiny_in1k,3,87,0.917910447761194,0.7611940298507462,134,0.15671641791044777
flowers102,S2,ConvNeXt-T,convnext_tiny_in1k,3,88,0.9390243902439024,0.12195121951219512,164,0.8170731707317073
flowers102,S2,ConvNeXt-T,convnext_tiny_in1k,3,89,0.9193548387096774,0.0,62,0.9193548387096774
flowers102,S2,ConvNeXt-T,convnext_tiny_in1k,3,90,1.0,0.8571428571428571,56,0.1428571428571429
flowers102,S2,ConvNeXt-T,convnext_tiny_in1k,3,91,0.9782608695652174,0.8260869565217391,46,0.15217391304347827
flowers102,S2,ConvNeXt-T,convnext_tiny_in1k,3,92,0.9230769230769231,0.9615384615384616,26,-0.038461538461538436
flowers102,S2,ConvNeXt-T,convnext_tiny_in1k,3,93,0.9647887323943662,0.9295774647887324,142,0.03521126760563387
flowers102,S2,ConvNeXt-T,convnext_tiny_in1k,3,94,0.9629629629629629,0.8981481481481481,108,0.06481481481481477
flowers102,S2,ConvNeXt-T,convnext_tiny_in1k,3,95,0.8169014084507042,0.39436619718309857,71,0.4225352112676057
flowers102,S2,ConvNeXt-T,convnext_tiny_in1k,3,96,0.9130434782608695,0.6521739130434783,46,0.26086956521739124
flowers102,S2,ConvNeXt-T,convnext_tiny_in1k,3,97,0.9516129032258065,0.8064516129032258,62,0.14516129032258074
flowers102,S2,ConvNeXt-T,convnext_tiny_in1k,3,98,0.9534883720930233,0.8604651162790697,43,0.09302325581395354
flowers102,S2,ConvNeXt-T,convnext_tiny_in1k,3,99,1.0,0.1724137931034483,29,0.8275862068965517
flowers102,S2,ConvNeXt-T,convnext_tiny_in1k,3,100,0.8947368421052632,0.23684210526315788,38,0.6578947368421053
flowers102,S2,ConvNeXt-T,convnext_tiny_in1k,3,101,0.9642857142857143,0.17857142857142858,28,0.7857142857142857
flowers102,S2,ConvNeXt-T,convnext_tiny_in1k,4,0,1.0,1.0,20,0.0
flowers102,S2,ConvNeXt-T,convnext_tiny_in1k,4,1,1.0,0.975,40,0.025000000000000022
flowers102,S2,ConvNeXt-T,convnext_tiny_in1k,4,2,0.8,0.55,20,0.25
flowers102,S2,ConvNeXt-T,convnext_tiny_in1k,4,3,0.7222222222222222,0.7222222222222222,36,0.0
flowers102,S2,ConvNeXt-T,convnext_tiny_in1k,4,4,0.9555555555555556,0.044444444444444446,45,0.9111111111111112
flowers102,S2,ConvNeXt-T,convnext_tiny_in1k,4,5,0.96,0.96,25,0.0
flowers102,S2,ConvNeXt-T,convnext_tiny_in1k,4,6,1.0,0.9,20,0.09999999999999998
flowers102,S2,ConvNeXt-T,convnext_tiny_in1k,4,7,1.0,0.9538461538461539,65,0.0461538461538461
flowers102,S2,ConvNeXt-T,convnext_tiny_in1k,4,8,0.9230769230769231,0.5769230769230769,26,0.34615384615384626
flowers102,S2,ConvNeXt-T,convnext_tiny_in1k,4,9,1.0,1.0,25,0.0
flowers102,S2,ConvNeXt-T,convnext_tiny_in1k,4,10,0.7014925373134329,0.1044776119402985,67,0.5970149253731344
flowers102,S2,ConvNeXt-T,convnext_tiny_in1k,4,11,0.9552238805970149,0.6567164179104478,67,0.29850746268656714
flowers102,S2,ConvNeXt-T,convnext_tiny_in1k,4,12,1.0,1.0,29,0.0
flowers102,S2,ConvNeXt-T,convnext_tiny_in1k,4,13,0.9285714285714286,0.9642857142857143,28,-0.0357142857142857
flowers102,S2,ConvNeXt-T,convnext_tiny_in1k,4,14,1.0,0.034482758620689655,29,0.9655172413793104
flowers102,S2,ConvNeXt-T,convnext_tiny_in1k,4,15,1.0,0.0,21,1.0
flowers102,S2,ConvNeXt-T,convnext_tiny_in1k,4,16,0.9846153846153847,0.9692307692307692,65,0.015384615384615441
flowers102,S2,ConvNeXt-T,convnext_tiny_in1k,4,17,0.9516129032258065,0.8064516129032258,62,0.14516129032258074
flowers102,S2,ConvNeXt-T,convnext_tiny_in1k,4,18,0.9310344827586207,0.7931034482758621,29,0.13793103448275856
flowers102,S2,ConvNeXt-T,convnext_tiny_in1k,4,19,0.9722222222222222,0.8888888888888888,36,0.08333333333333337
flowers102,S2,ConvNeXt-T,convnext_tiny_in1k,4,20,1.0,0.5,20,0.5
flowers102,S2,ConvNeXt-T,convnext_tiny_in1k,4,21,1.0,0.8205128205128205,39,0.17948717948717952
flowers102,S2,ConvNeXt-T,convnext_tiny_in1k,4,22,0.9154929577464789,0.9436619718309859,71,-0.028169014084507005
flowers102,S2,ConvNeXt-T,convnext_tiny_in1k,4,23,1.0,0.8636363636363636,22,0.13636363636363635
flowers102,S2,ConvNeXt-T,convnext_tiny_in1k,4,24,1.0,0.9047619047619048,21,0.09523809523809523
flowers102,S2,ConvNeXt-T,convnext_tiny_in1k,4,25,0.9523809523809523,0.23809523809523808,21,0.7142857142857142
flowers102,S2,ConvNeXt-T,convnext_tiny_in1k,4,26,1.0,0.3,20,0.7
flowers102,S2,ConvNeXt-T,convnext_tiny_in1k,4,27,1.0,0.43478260869565216,46,0.5652173913043479
flowers102,S2,ConvNeXt-T,convnext_tiny_in1k,4,28,0.9655172413793104,0.6724137931034483,58,0.2931034482758621
flowers102,S2,ConvNeXt-T,convnext_tiny_in1k,4,29,0.8153846153846154,0.5846153846153846,65,0.23076923076923073
flowers102,S2,ConvNeXt-T,convnext_tiny_in1k,4,30,0.9375,0.875,32,0.0625
flowers102,S2,ConvNeXt-T,convnext_tiny_in1k,4,31,0.96,0.96,25,0.0
flowers102,S2,ConvNeXt-T,convnext_tiny_in1k,4,32,0.9615384615384616,0.8846153846153846,26,0.07692307692307698
flowers102,S2,ConvNeXt-T,convnext_tiny_in1k,4,33,1.0,0.9,20,0.09999999999999998
flowers102,S2,ConvNeXt-T,convnext_tiny_in1k,4,34,1.0,1.0,23,0.0
flowers102,S2,ConvNeXt-T,convnext_tiny_in1k,4,35,1.0,0.9454545454545454,55,0.054545454545454564
flowers102,S2,ConvNeXt-T,convnext_tiny_in1k,4,36,0.9886363636363636,0.8863636363636364,88,0.10227272727272729
flowers102,S2,ConvNeXt-T,convnext_tiny_in1k,4,37,1.0,1.0,36,0.0
flowers102,S2,ConvNeXt-T,convnext_tiny_in1k,4,38,0.9047619047619048,0.42857142857142855,21,0.4761904761904762
flowers102,S2,ConvNeXt-T,convnext_tiny_in1k,4,39,0.9574468085106383,0.7659574468085106,47,0.19148936170212771
flowers102,S2,ConvNeXt-T,convnext_tiny_in1k,4,40,0.9439252336448598,0.897196261682243,107,0.04672897196261683
flowers102,S2,ConvNeXt-T,convnext_tiny_in1k,4,41,0.9743589743589743,0.07692307692307693,39,0.8974358974358974
flowers102,S2,ConvNeXt-T,convnext_tiny_in1k,4,42,0.7454545454545455,0.3,110,0.4454545454545455
flowers102,S2,ConvNeXt-T,convnext_tiny_in1k,4,43,1.0,0.9863013698630136,73,0.013698630136986356
flowers102,S2,ConvNeXt-T,convnext_tiny_in1k,4,44,1.0,0.85,20,0.15000000000000002
flowers102,S2,ConvNeXt-T,convnext_tiny_in1k,4,45,0.9829545454545454,0.18181818181818182,176,0.8011363636363635
flowers102,S2,ConvNeXt-T,convnext_tiny_in1k,4,46,0.9787234042553191,0.6170212765957447,47,0.36170212765957444
flowers102,S2,ConvNeXt-T,convnext_tiny_in1k,4,47,0.9215686274509803,0.0392156862745098,51,0.8823529411764706
flowers102,S2,ConvNeXt-T,convnext_tiny_in1k,4,48,1.0,0.7931034482758621,29,0.2068965517241379
flowers102,S2,ConvNeXt-T,convnext_tiny_in1k,4,49,0.9444444444444444,0.0,72,0.9444444444444444
flowers102,S2,ConvNeXt-T,convnext_tiny_in1k,4,50,0.7394957983193278,0.7941176470588235,238,-0.054621848739495715
flowers102,S2,ConvNeXt-T,convnext_tiny_in1k,4,51,1.0,0.9846153846153847,65,0.01538461538461533
flowers102,S2,ConvNeXt-T,convnext_tiny_in1k,4,52,0.7671232876712328,0.5342465753424658,73,0.23287671232876705
flowers102,S2,ConvNeXt-T,convnext_tiny_in1k,4,53,1.0,0.8536585365853658,41,0.14634146341463417
flowers102,S2,ConvNeXt-T,convnext_tiny_in1k,4,54,0.9215686274509803,0.7254901960784313,51,0.196078431372549
flowers102,S2,ConvNeXt-T,convnext_tiny_in1k,4,55,1.0,0.9325842696629213,89,0.0674157303370787
flowers102,S2,ConvNeXt-T,convnext_tiny_in1k,4,56,0.9787234042553191,0.9361702127659575,47,0.04255319148936165
flowers102,S2,ConvNeXt-T,convnext_tiny_in1k,4,57,1.0,0.574468085106383,94,0.42553191489361697
flowers102,S2,ConvNeXt-T,convnext_tiny_in1k,4,58,1.0,0.46808510638297873,47,0.5319148936170213
flowers102,S2,ConvNeXt-T,convnext_tiny_in1k,4,59,1.0,0.9438202247191011,89,0.0561797752808989
flowers102,S2,ConvNeXt-T,convnext_tiny_in1k,4,60,1.0,0.6666666666666666,30,0.33333333333333337
flowers102,S2,ConvNeXt-T,convnext_tiny_in1k,4,61,0.8857142857142857,0.2571428571428571,35,0.6285714285714286
flowers102,S2,ConvNeXt-T,convnext_tiny_in1k,4,62,1.0,0.9411764705882353,34,0.05882352941176472
flowers102,S2,ConvNeXt-T,convnext_tiny_in1k,4,63,1.0,1.0,32,0.0
flowers102,S2,ConvNeXt-T,convnext_tiny_in1k,4,64,0.9878048780487805,0.47560975609756095,82,0.5121951219512195
flowers102,S2,ConvNeXt-T,convnext_tiny_in1k,4,65,1.0,0.975609756097561,41,0.024390243902439046
flowers102,S2,ConvNeXt-T,convnext_tiny_in1k,4,66,0.8636363636363636,0.5909090909090909,22,0.2727272727272727
flowers102,S2,ConvNeXt-T,convnext_tiny_in1k,4,67,0.9411764705882353,0.9117647058823529,34,0.02941176470588236
flowers102,S2,ConvNeXt-T,convnext_tiny_in1k,4,68,1.0,1.0,34,0.0
flowers102,S2,ConvNeXt-T,convnext_tiny_in1k,4,69,1.0,0.5238095238095238,42,0.47619047619047616
flowers102,S2,ConvNeXt-T,convnext_tiny_in1k,4,70,1.0,0.5517241379310345,58,0.4482758620689655
flowers102,S2,ConvNeXt-T,convnext_tiny_in1k,4,71,0.881578947368421,0.5131578947368421,76,0.36842105263157887
flowers102,S2,ConvNeXt-T,convnext_tiny_in1k,4,72,0.9597701149425287,0.9252873563218391,174,0.03448275862068961
flowers102,S2,ConvNeXt-T,convnext_tiny_in1k,4,73,0.8278145695364238,0.32450331125827814,151,0.5033112582781457
flowers102,S2,ConvNeXt-T,convnext_tiny_in1k,4,74,0.97,0.96,100,0.010000000000000009
flowers102,S2,ConvNeXt-T,convnext_tiny_in1k,4,75,0.9540229885057471,0.8850574712643678,87,0.06896551724137923
flowers102,S2,ConvNeXt-T,convnext_tiny_in1k,4,76,0.9567099567099567,0.8268398268398268,231,0.1298701298701299
flowers102,S2,ConvNeXt-T,convnext_tiny_in1k,4,77,0.8803418803418803,0.6581196581196581,117,0.2222222222222222
flowers102,S2,ConvNeXt-T,convnext_tiny_in1k,4,78,1.0,0.9523809523809523,21,0.04761904761904767
flowers102,S2,ConvNeXt-T,convnext_tiny_in1k,4,79,0.9764705882352941,0.7294117647058823,85,0.24705882352941178
flowers102,S2,ConvNeXt-T,convnext_tiny_in1k,4,80,0.9931506849315068,0.589041095890411,146,0.40410958904109584
flowers102,S2,ConvNeXt-T,convnext_tiny_in1k,4,81,0.9239130434782609,0.782608695652174,92,0.14130434782608692
flowers102,S2,ConvNeXt-T,convnext_tiny_in1k,4,82,0.8018018018018018,0.7927927927927928,111,0.009009009009009028
flowers102,S2,ConvNeXt-T,convnext_tiny_in1k,4,83,0.7121212121212122,0.7727272727272727,66,-0.06060606060606055
flowers102,S2,ConvNeXt-T,convnext_tiny_in1k,4,84,1.0,0.7906976744186046,43,0.2093023255813954
flowers102,S2,ConvNeXt-T,convnext_tiny_in1k,4,85,0.9736842105263158,1.0,38,-0.02631578947368418
flowers102,S2,ConvNeXt-T,convnext_tiny_in1k,4,86,0.9302325581395349,0.9534883720930233,43,-0.023255813953488413
flowers102,S2,ConvNeXt-T,convnext_tiny_in1k,4,87,0.8059701492537313,0.6417910447761194,134,0.16417910447761197
flowers102,S2,ConvNeXt-T,convnext_tiny_in1k,4,88,0.9695121951219512,0.09146341463414634,164,0.8780487804878049
flowers102,S2,ConvNeXt-T,convnext_tiny_in1k,4,89,0.9193548387096774,0.0,62,0.9193548387096774
flowers102,S2,ConvNeXt-T,convnext_tiny_in1k,4,90,0.9642857142857143,0.9464285714285714,56,0.017857142857142905
flowers102,S2,ConvNeXt-T,convnext_tiny_in1k,4,91,0.9782608695652174,0.9782608695652174,46,0.0
flowers102,S2,ConvNeXt-T,convnext_tiny_in1k,4,92,0.9615384615384616,0.8846153846153846,26,0.07692307692307698
flowers102,S2,ConvNeXt-T,convnext_tiny_in1k,4,93,0.9788732394366197,0.9788732394366197,142,0.0
flowers102,S2,ConvNeXt-T,convnext_tiny_in1k,4,94,0.9537037037037037,0.7222222222222222,108,0.2314814814814815
flowers102,S2,ConvNeXt-T,convnext_tiny_in1k,4,95,0.7887323943661971,0.4084507042253521,71,0.380281690140845
flowers102,S2,ConvNeXt-T,convnext_tiny_in1k,4,96,0.8695652173913043,0.5217391304347826,46,0.34782608695652173
flowers102,S2,ConvNeXt-T,convnext_tiny_in1k,4,97,0.967741935483871,0.8870967741935484,62,0.08064516129032262
flowers102,S2,ConvNeXt-T,convnext_tiny_in1k,4,98,0.9302325581395349,0.8372093023255814,43,0.09302325581395343
flowers102,S2,ConvNeXt-T,convnext_tiny_in1k,4,99,0.9655172413793104,0.2413793103448276,29,0.7241379310344828
flowers102,S2,ConvNeXt-T,convnext_tiny_in1k,4,100,0.9210526315789473,0.23684210526315788,38,0.6842105263157895
flowers102,S2,ConvNeXt-T,convnext_tiny_in1k,4,101,1.0,0.2857142857142857,28,0.7142857142857143
flowers102,S3,ViT-S,vit_small_in1k,0,0,1.0,0.4,20,0.6
flowers102,S3,ViT-S,vit_small_in1k,0,1,0.9,0.825,40,0.07500000000000007
flowers102,S3,ViT-S,vit_small_in1k,0,2,0.6,0.05,20,0.5499999999999999
flowers102,S3,ViT-S,vit_small_in1k,0,3,0.5277777777777778,0.2777777777777778,36,0.25
flowers102,S3,ViT-S,vit_small_in1k,0,4,0.8666666666666667,0.022222222222222223,45,0.8444444444444444
flowers102,S3,ViT-S,vit_small_in1k,0,5,0.92,0.88,25,0.040000000000000036
flowers102,S3,ViT-S,vit_small_in1k,0,6,0.95,1.0,20,-0.050000000000000044
flowers102,S3,ViT-S,vit_small_in1k,0,7,1.0,0.36923076923076925,65,0.6307692307692307
flowers102,S3,ViT-S,vit_small_in1k,0,8,0.9230769230769231,0.07692307692307693,26,0.8461538461538463
flowers102,S3,ViT-S,vit_small_in1k,0,9,0.96,1.0,25,-0.040000000000000036
flowers102,S3,ViT-S,vit_small_in1k,0,10,0.6716417910447762,0.14925373134328357,67,0.5223880597014926
flowers102,S3,ViT-S,vit_small_in1k,0,11,0.9552238805970149,0.05970149253731343,67,0.8955223880597015
flowers102,S3,ViT-S,vit_small_in1k,0,12,1.0,1.0,29,0.0
flowers102,S3,ViT-S,vit_small_in1k,0,13,1.0,0.5357142857142857,28,0.4642857142857143
flowers102,S3,ViT-S,vit_small_in1k,0,14,1.0,0.0,29,1.0
flowers102,S3,ViT-S,vit_small_in1k,0,15,0.9047619047619048,0.047619047619047616,21,0.8571428571428572
flowers102,S3,ViT-S,vit_small_in1k,0,16,0.9846153846153847,0.8153846153846154,65,0.1692307692307693
flowers102,S3,ViT-S,vit_small_in1k,0,17,0.8709677419354839,0.12903225806451613,62,0.7419354838709677
flowers102,S3,ViT-S,vit_small_in1k,0,18,0.896551724137931,0.41379310344827586,29,0.4827586206896552
flowers102,S3,ViT-S,vit_small_in1k,0,19,0.8888888888888888,0.3333333333333333,36,0.5555555555555556
flowers102,S3,ViT-S,vit_small_in1k,0,20,0.95,0.2,20,0.75
flowers102,S3,ViT-S,vit_small_in1k,0,21,0.9487179487179487,0.4358974358974359,39,0.5128205128205128
flowers102,S3,ViT-S,vit_small_in1k,0,22,0.8591549295774648,0.6901408450704225,71,0.16901408450704225
flowers102,S3,ViT-S,vit_small_in1k,0,23,1.0,0.045454545454545456,22,0.9545454545454546
flowers102,S3,ViT-S,vit_small_in1k,0,24,0.9523809523809523,0.8571428571428571,21,0.09523809523809523
flowers102,S3,ViT-S,vit_small_in1k,0,25,0.7619047619047619,0.0,21,0.7619047619047619
flowers102,S3,ViT-S,vit_small_in1k,0,26,1.0,0.15,20,0.85
flowers102,S3,ViT-S,vit_small_in1k,0,27,0.9782608695652174,0.0,46,0.9782608695652174
flowers102,S3,ViT-S,vit_small_in1k,0,28,0.9310344827586207,0.3275862068965517,58,0.603448275862069
flowers102,S3,ViT-S,vit_small_in1k,0,29,0.8,0.4153846153846154,65,0.38461538461538464
flowers102,S3,ViT-S,vit_small_in1k,0,30,0.75,0.46875,32,0.28125
flowers102,S3,ViT-S,vit_small_in1k,0,31,0.68,0.36,25,0.32000000000000006
flowers102,S3,ViT-S,vit_small_in1k,0,32,0.9615384615384616,0.6923076923076923,26,0.2692307692307693
flowers102,S3,ViT-S,vit_small_in1k,0,33,0.85,0.4,20,0.44999999999999996
flowers102,S3,ViT-S,vit_small_in1k,0,34,0.9565217391304348,0.782608695652174,23,0.17391304347826086
flowers102,S3,ViT-S,vit_small_in1k,0,35,0.9272727272727272,0.7272727272727273,55,0.19999999999999996
flowers102,S3,ViT-S,vit_small_in1k,0,36,1.0,0.5909090909090909,88,0.40909090909090906
flowers102,S3,ViT-S,vit_small_in1k,0,37,0.8888888888888888,0.3333333333333333,36,0.5555555555555556
flowers102,S3,ViT-S,vit_small_in1k,0,38,0.8095238095238095,0.09523809523809523,21,0.7142857142857143
flowers102,S3,ViT-S,vit_small_in1k,0,39,0.8085106382978723,0.1702127659574468,47,0.6382978723404255
flowers102,S3,ViT-S,vit_small_in1k,0,40,0.9439252336448598,0.7570093457943925,107,0.1869158878504673
flowers102,S3,ViT-S,vit_small_in1k,0,41,0.9230769230769231,0.02564102564102564,39,0.8974358974358975
flowers102,S3,ViT-S,vit_small_in1k,0,42,0.509090909090909,0.02727272727272727,110,0.48181818181818176
flowers102,S3,ViT-S,vit_small_in1k,0,43,0.958904109589041,0.8356164383561644,73,0.12328767123287665
flowers102,S3,ViT-S,vit_small_in1k,0,44,1.0,0.4,20,0.6
flowers102,S3,ViT-S,vit_small_in1k,0,45,0.9431818181818182,0.13636363636363635,176,0.8068181818181819
flowers102,S3,ViT-S,vit_small_in1k,0,46,1.0,0.574468085106383,47,0.42553191489361697
flowers102,S3,ViT-S,vit_small_in1k,0,47,0.9607843137254902,0.0,51,0.9607843137254902
flowers102,S3,ViT-S,vit_small_in1k,0,48,1.0,0.3103448275862069,29,0.6896551724137931
flowers102,S3,ViT-S,vit_small_in1k,0,49,0.9444444444444444,0.0,72,0.9444444444444444
flowers102,S3,ViT-S,vit_small_in1k,0,50,0.5336134453781513,0.1638655462184874,238,0.3697478991596639
flowers102,S3,ViT-S,vit_small_in1k,0,51,1.0,0.24615384615384617,65,0.7538461538461538
flowers102,S3,ViT-S,vit_small_in1k,0,52,0.6986301369863014,0.0136986301369863,73,0.6849315068493151
flowers102,S3,ViT-S,vit_small_in1k,0,53,1.0,0.07317073170731707,41,0.926829268292683
flowers102,S3,ViT-S,vit_small_in1k,0,54,0.9803921568627451,0.0392156862745098,51,0.9411764705882353
flowers102,S3,ViT-S,vit_small_in1k,0,55,0.9887640449438202,0.1348314606741573,89,0.8539325842696629
flowers102,S3,ViT-S,vit_small_in1k,0,56,0.9787234042553191,0.9787234042553191,47,0.0
flowers102,S3,ViT-S,vit_small_in1k,0,57,0.9787234042553191,0.40425531914893614,94,0.574468085106383
flowers102,S3,ViT-S,vit_small_in1k,0,58,1.0,0.0,47,1.0
flowers102,S3,ViT-S,vit_small_in1k,0,59,1.0,0.8089887640449438,89,0.1910112359550562
flowers102,S3,ViT-S,vit_small_in1k,0,60,1.0,0.0,30,1.0
flowers102,S3,ViT-S,vit_small_in1k,0,61,0.9142857142857143,0.0,35,0.9142857142857143
flowers102,S3,ViT-S,vit_small_in1k,0,62,1.0,0.029411764705882353,34,0.9705882352941176
flowers102,S3,ViT-S,vit_small_in1k,0,63,1.0,0.71875,32,0.28125
flowers102,S3,ViT-S,vit_small_in1k,0,64,0.926829268292683,0.036585365853658534,82,0.8902439024390244
flowers102,S3,ViT-S,vit_small_in1k,0,65,1.0,0.0,41,1.0
flowers102,S3,ViT-S,vit_small_in1k,0,66,0.9090909090909091,0.09090909090909091,22,0.8181818181818181
flowers102,S3,ViT-S,vit_small_in1k,0,67,0.8235294117647058,0.8823529411764706,34,-0.05882352941176472
flowers102,S3,ViT-S,vit_small_in1k,0,68,0.9705882352941176,0.8823529411764706,34,0.08823529411764708
flowers102,S3,ViT-S,vit_small_in1k,0,69,1.0,0.19047619047619047,42,0.8095238095238095
flowers102,S3,ViT-S,vit_small_in1k,0,70,1.0,0.5344827586206896,58,0.4655172413793104
flowers102,S3,ViT-S,vit_small_in1k,0,71,0.8289473684210527,0.0,76,0.8289473684210527
flowers102,S3,ViT-S,vit_small_in1k,0,72,0.8505747126436781,0.3793103448275862,174,0.47126436781609193
flowers102,S3,ViT-S,vit_small_in1k,0,73,0.7417218543046358,0.0728476821192053,151,0.6688741721854304
flowers102,S3,ViT-S,vit_small_in1k,0,74,0.93,0.85,100,0.08000000000000007
flowers102,S3,ViT-S,vit_small_in1k,0,75,0.896551724137931,0.5862068965517241,87,0.31034482758620696
flowers102,S3,ViT-S,vit_small_in1k,0,76,0.9523809523809523,0.6883116883116883,231,0.264069264069264
flowers102,S3,ViT-S,vit_small_in1k,0,77,0.8547008547008547,0.358974358974359,117,0.4957264957264957
flowers102,S3,ViT-S,vit_small_in1k,0,78,1.0,0.9047619047619048,21,0.09523809523809523
flowers102,S3,ViT-S,vit_small_in1k,0,79,0.9058823529411765,0.5411764705882353,85,0.3647058823529412
flowers102,S3,ViT-S,vit_small_in1k,0,80,1.0,0.4246575342465753,146,0.5753424657534247
flowers102,S3,ViT-S,vit_small_in1k,0,81,0.9021739130434783,0.7608695652173914,92,0.14130434782608692
flowers102,S3,ViT-S,vit_small_in1k,0,82,0.6846846846846847,0.05405405405405406,111,0.6306306306306306
flowers102,S3,ViT-S,vit_small_in1k,0,83,0.7121212121212122,0.3484848484848485,66,0.36363636363636365
flowers102,S3,ViT-S,vit_small_in1k,0,84,0.8837209302325582,0.0,43,0.8837209302325582
flowers102,S3,ViT-S,vit_small_in1k,0,85,0.9473684210526315,0.7631578947368421,38,0.18421052631578938
flowers102,S3,ViT-S,vit_small_in1k,0,86,0.9534883720930233,0.6511627906976745,43,0.3023255813953488
flowers102,S3,ViT-S,vit_small_in1k,0,87,0.7835820895522388,0.44776119402985076,134,0.3358208955223881
flowers102,S3,ViT-S,vit_small_in1k,0,88,0.8353658536585366,0.042682926829268296,164,0.7926829268292682
flowers102,S3,ViT-S,vit_small_in1k,0,89,0.8064516129032258,0.0,62,0.8064516129032258
flowers102,S3,ViT-S,vit_small_in1k,0,90,0.8928571428571429,0.16071428571428573,56,0.7321428571428572
flowers102,S3,ViT-S,vit_small_in1k,0,91,0.9130434782608695,0.41304347826086957,46,0.49999999999999994
flowers102,S3,ViT-S,vit_small_in1k,0,92,0.9615384615384616,0.46153846153846156,26,0.5
flowers102,S3,ViT-S,vit_small_in1k,0,93,0.9084507042253521,0.7323943661971831,142,0.176056338028169
flowers102,S3,ViT-S,vit_small_in1k,0,94,0.7962962962962963,0.3333333333333333,108,0.46296296296296297
flowers102,S3,ViT-S,vit_small_in1k,0,95,0.6338028169014085,0.0,71,0.6338028169014085
flowers102,S3,ViT-S,vit_small_in1k,0,96,0.782608695652174,0.06521739130434782,46,0.7173913043478262
flowers102,S3,ViT-S,vit_small_in1k,0,97,0.9354838709677419,0.27419354838709675,62,0.6612903225806451
flowers102,S3,ViT-S,vit_small_in1k,0,98,0.9302325581395349,0.3488372093023256,43,0.5813953488372092
flowers102,S3,ViT-S,vit_small_in1k,0,99,1.0,0.034482758620689655,29,0.9655172413793104
flowers102,S3,ViT-S,vit_small_in1k,0,100,0.8947368421052632,0.0,38,0.8947368421052632
flowers102,S3,ViT-S,vit_small_in1k,0,101,0.9642857142857143,0.6071428571428571,28,0.3571428571428572
flowers102,S3,ViT-S,vit_small_in1k,1,0,1.0,0.4,20,0.6
flowers102,S3,ViT-S,vit_small_in1k,1,1,0.925,0.8,40,0.125
flowers102,S3,ViT-S,vit_small_in1k,1,2,0.6,0.0,20,0.6
flowers102,S3,ViT-S,vit_small_in1k,1,3,0.5,0.2222222222222222,36,0.2777777777777778
flowers102,S3,ViT-S,vit_small_in1k,1,4,0.9333333333333333,0.13333333333333333,45,0.8
flowers102,S3,ViT-S,vit_small_in1k,1,5,0.88,0.88,25,0.0
flowers102,S3,ViT-S,vit_small_in1k,1,6,0.9,0.7,20,0.20000000000000007
flowers102,S3,ViT-S,vit_small_in1k,1,7,1.0,0.6615384615384615,65,0.3384615384615385
flowers102,S3,ViT-S,vit_small_in1k,1,8,0.9230769230769231,0.0,26,0.9230769230769231
flowers102,S3,ViT-S,vit_small_in1k,1,9,1.0,1.0,25,0.0
flowers102,S3,ViT-S,vit_small_in1k,1,10,0.6716417910447762,0.2835820895522388,67,0.3880597014925374
flowers102,S3,ViT-S,vit_small_in1k,1,11,0.9402985074626866,0.417910447761194,67,0.5223880597014926
flowers102,S3,ViT-S,vit_small_in1k,1,12,0.9655172413793104,0.6551724137931034,29,0.31034482758620696
flowers102,S3,ViT-S,vit_small_in1k,1,13,0.9285714285714286,0.32142857142857145,28,0.6071428571428572
flowers102,S3,ViT-S,vit_small_in1k,1,14,0.9655172413793104,0.06896551724137931,29,0.896551724137931
flowers102,S3,ViT-S,vit_small_in1k,1,15,0.8571428571428571,0.0,21,0.8571428571428571
flowers102,S3,ViT-S,vit_small_in1k,1,16,0.9846153846153847,0.7538461538461538,65,0.23076923076923084
flowers102,S3,ViT-S,vit_small_in1k,1,17,0.8387096774193549,0.4032258064516129,62,0.435483870967742
flowers102,S3,ViT-S,vit_small_in1k,1,18,0.8620689655172413,0.0,29,0.8620689655172413
flowers102,S3,ViT-S,vit_small_in1k,1,19,0.8611111111111112,0.8611111111111112,36,0.0
flowers102,S3,ViT-S,vit_small_in1k,1,20,1.0,0.05,20,0.95
flowers102,S3,ViT-S,vit_small_in1k,1,21,0.9487179487179487,0.3333333333333333,39,0.6153846153846154
flowers102,S3,ViT-S,vit_small_in1k,1,22,0.8732394366197183,0.8028169014084507,71,0.07042253521126751
flowers102,S3,ViT-S,vit_small_in1k,1,23,1.0,0.13636363636363635,22,0.8636363636363636
flowers102,S3,ViT-S,vit_small_in1k,1,24,0.9523809523809523,0.5714285714285714,21,0.38095238095238093
flowers102,S3,ViT-S,vit_small_in1k,1,25,0.7619047619047619,0.0,21,0.7619047619047619
flowers102,S3,ViT-S,vit_small_in1k,1,26,1.0,0.2,20,0.8
flowers102,S3,ViT-S,vit_small_in1k,1,27,0.9347826086956522,0.0,46,0.9347826086956522
flowers102,S3,ViT-S,vit_small_in1k,1,28,0.9827586206896551,0.1896551724137931,58,0.7931034482758621
flowers102,S3,ViT-S,vit_small_in1k,1,29,0.8461538461538461,0.12307692307692308,65,0.7230769230769231
flowers102,S3,ViT-S,vit_small_in1k,1,30,0.84375,0.59375,32,0.25
flowers102,S3,ViT-S,vit_small_in1k,1,31,0.6,0.2,25,0.39999999999999997
flowers102,S3,ViT-S,vit_small_in1k,1,32,0.7692307692307693,0.46153846153846156,26,0.3076923076923077
flowers102,S3,ViT-S,vit_small_in1k,1,33,0.85,0.75,20,0.09999999999999998
flowers102,S3,ViT-S,vit_small_in1k,1,34,1.0,0.6521739130434783,23,0.34782608695652173
flowers102,S3,ViT-S,vit_small_in1k,1,35,0.9454545454545454,0.5818181818181818,55,0.36363636363636365
flowers102,S3,ViT-S,vit_small_in1k,1,36,0.9659090909090909,0.125,88,0.8409090909090909
flowers102,S3,ViT-S,vit_small_in1k,1,37,0.9722222222222222,0.3333333333333333,36,0.6388888888888888
flowers102,S3,ViT-S,vit_small_in1k,1,38,0.7142857142857143,0.0,21,0.7142857142857143
flowers102,S3,ViT-S,vit_small_in1k,1,39,0.8723404255319149,0.1276595744680851,47,0.7446808510638299
flowers102,S3,ViT-S,vit_small_in1k,1,40,0.9065420560747663,0.40186915887850466,107,0.5046728971962617
flowers102,S3,ViT-S,vit_small_in1k,1,41,0.9230769230769231,0.1282051282051282,39,0.7948717948717949
flowers102,S3,ViT-S,vit_small_in1k,1,42,0.5818181818181818,0.2545454545454545,110,0.32727272727272727
flowers102,S3,ViT-S,vit_small_in1k,1,43,0.958904109589041,0.7945205479452054,73,0.1643835616438356
flowers102,S3,ViT-S,vit_small_in1k,1,44,1.0,0.05,20,0.95
flowers102,S3,ViT-S,vit_small_in1k,1,45,0.9147727272727273,0.1534090909090909,176,0.7613636363636364
flowers102,S3,ViT-S,vit_small_in1k,1,46,0.9574468085106383,0.574468085106383,47,0.3829787234042553
flowers102,S3,ViT-S,vit_small_in1k,1,47,0.9411764705882353,0.0196078431372549,51,0.9215686274509803
flowers102,S3,ViT-S,vit_small_in1k,1,48,1.0,0.9655172413793104,29,0.03448275862068961
flowers102,S3,ViT-S,vit_small_in1k,1,49,0.9583333333333334,0.0,72,0.9583333333333334
flowers102,S3,ViT-S,vit_small_in1k,1,50,0.5336134453781513,0.3949579831932773,238,0.13865546218487396
flowers102,S3,ViT-S,vit_small_in1k,1,51,0.9692307692307692,0.2153846153846154,65,0.7538461538461538
flowers102,S3,ViT-S,vit_small_in1k,1,52,0.7671232876712328,0.3150684931506849,73,0.4520547945205479
flowers102,S3,ViT-S,vit_small_in1k,1,53,1.0,0.34146341463414637,41,0.6585365853658536
flowers102,S3,ViT-S,vit_small_in1k,1,54,0.9803921568627451,0.0392156862745098,51,0.9411764705882353
flowers102,S3,ViT-S,vit_small_in1k,1,55,1.0,0.0449438202247191,89,0.9550561797752809
flowers102,S3,ViT-S,vit_small_in1k,1,56,0.9148936170212766,0.8723404255319149,47,0.04255319148936165
flowers102,S3,ViT-S,vit_small_in1k,1,57,0.9680851063829787,0.11702127659574468,94,0.851063829787234
flowers102,S3,ViT-S,vit_small_in1k,1,58,1.0,0.02127659574468085,47,0.9787234042553191
flowers102,S3,ViT-S,vit_small_in1k,1,59,0.9887640449438202,0.4606741573033708,89,0.5280898876404494
flowers102,S3,ViT-S,vit_small_in1k,1,60,1.0,0.0,30,1.0
flowers102,S3,ViT-S,vit_small_in1k,1,61,0.8857142857142857,0.0,35,0.8857142857142857
flowers102,S3,ViT-S,vit_small_in1k,1,62,1.0,0.7352941176470589,34,0.2647058823529411
flowers102,S3,ViT-S,vit_small_in1k,1,63,1.0,0.5,32,0.5
flowers102,S3,ViT-S,vit_small_in1k,1,64,0.975609756097561,0.17073170731707318,82,0.8048780487804877
flowers102,S3,ViT-S,vit_small_in1k,1,65,1.0,0.04878048780487805,41,0.9512195121951219
flowers102,S3,ViT-S,vit_small_in1k,1,66,0.9545454545454546,0.045454545454545456,22,0.9090909090909092
flowers102,S3,ViT-S,vit_small_in1k,1,67,0.8529411764705882,0.4117647058823529,34,0.4411764705882353
flowers102,S3,ViT-S,vit_small_in1k,1,68,0.9705882352941176,0.7058823529411765,34,0.2647058823529411
flowers102,S3,ViT-S,vit_small_in1k,1,69,1.0,0.5476190476190477,42,0.45238095238095233
flowers102,S3,ViT-S,vit_small_in1k,1,70,1.0,0.10344827586206896,58,0.896551724137931
flowers102,S3,ViT-S,vit_small_in1k,1,71,0.6973684210526315,0.5657894736842105,76,0.13157894736842102
flowers102,S3,ViT-S,vit_small_in1k,1,72,0.9252873563218391,0.5114942528735632,174,0.4137931034482759
flowers102,S3,ViT-S,vit_small_in1k,1,73,0.6556291390728477,0.06622516556291391,151,0.5894039735099338
flowers102,S3,ViT-S,vit_small_in1k,1,74,0.95,0.81,100,0.1399999999999999
flowers102,S3,ViT-S,vit_small_in1k,1,75,0.8850574712643678,0.3448275862068966,87,0.5402298850574713
flowers102,S3,ViT-S,vit_small_in1k,1,76,0.9090909090909091,0.4588744588744589,231,0.4502164502164502
flowers102,S3,ViT-S,vit_small_in1k,1,77,0.8632478632478633,0.7264957264957265,117,0.13675213675213682
flowers102,S3,ViT-S,vit_small_in1k,1,78,1.0,0.5714285714285714,21,0.4285714285714286
flowers102,S3,ViT-S,vit_small_in1k,1,79,0.9529411764705882,0.4823529411764706,85,0.4705882352941176
flowers102,S3,ViT-S,vit_small_in1k,1,80,0.9863013698630136,0.6301369863013698,146,0.3561643835616438
flowers102,S3,ViT-S,vit_small_in1k,1,81,0.7934782608695652,0.16304347826086957,92,0.6304347826086956
flowers102,S3,ViT-S,vit_small_in1k,1,82,0.6216216216216216,0.06306306306306306,111,0.5585585585585585
flowers102,S3,ViT-S,vit_small_in1k,1,83,0.6818181818181818,0.0,66,0.6818181818181818
flowers102,S3,ViT-S,vit_small_in1k,1,84,0.9534883720930233,0.3953488372093023,43,0.558139534883721
flowers102,S3,ViT-S,vit_small_in1k,1,85,0.9473684210526315,0.8947368421052632,38,0.05263157894736836
flowers102,S3,ViT-S,vit_small_in1k,1,86,0.9767441860465116,0.6511627906976745,43,0.3255813953488371
flowers102,S3,ViT-S,vit_small_in1k,1,87,0.7835820895522388,0.43283582089552236,134,0.3507462686567165
flowers102,S3,ViT-S,vit_small_in1k,1,88,0.8353658536585366,0.09146341463414634,164,0.7439024390243902
flowers102,S3,ViT-S,vit_small_in1k,1,89,0.8387096774193549,0.03225806451612903,62,0.8064516129032259
flowers102,S3,ViT-S,vit_small_in1k,1,90,0.8928571428571429,0.75,56,0.1428571428571429
flowers102,S3,ViT-S,vit_small_in1k,1,91,0.9130434782608695,0.32608695652173914,46,0.5869565217391304
flowers102,S3,ViT-S,vit_small_in1k,1,92,0.8846153846153846,0.38461538461538464,26,0.49999999999999994
flowers102,S3,ViT-S,vit_small_in1k,1,93,0.9507042253521126,0.3873239436619718,142,0.5633802816901408
flowers102,S3,ViT-S,vit_small_in1k,1,94,0.8333333333333334,0.37962962962962965,108,0.4537037037037037
flowers102,S3,ViT-S,vit_small_in1k,1,95,0.6619718309859155,0.04225352112676056,71,0.619718309859155
flowers102,S3,ViT-S,vit_small_in1k,1,96,0.7391304347826086,0.1956521739130435,46,0.5434782608695652
flowers102,S3,ViT-S,vit_small_in1k,1,97,0.9032258064516129,0.16129032258064516,62,0.7419354838709677
flowers102,S3,ViT-S,vit_small_in1k,1,98,0.8604651162790697,0.3953488372093023,43,0.46511627906976744
flowers102,S3,ViT-S,vit_small_in1k,1,99,1.0,0.0,29,1.0
flowers102,S3,ViT-S,vit_small_in1k,1,100,0.9210526315789473,0.0,38,0.9210526315789473
flowers102,S3,ViT-S,vit_small_in1k,1,101,0.9642857142857143,0.5,28,0.4642857142857143
flowers102,S3,ViT-S,vit_small_in1k,2,0,0.95,0.15,20,0.7999999999999999
flowers102,S3,ViT-S,vit_small_in1k,2,1,0.925,0.9,40,0.025000000000000022
flowers102,S3,ViT-S,vit_small_in1k,2,2,0.5,0.05,20,0.45
flowers102,S3,ViT-S,vit_small_in1k,2,3,0.5277777777777778,0.5,36,0.02777777777777779
flowers102,S3,ViT-S,vit_small_in1k,2,4,0.9111111111111111,0.0,45,0.9111111111111111
flowers102,S3,ViT-S,vit_small_in1k,2,5,0.88,0.88,25,0.0
flowers102,S3,ViT-S,vit_small_in1k,2,6,1.0,0.9,20,0.09999999999999998
flowers102,S3,ViT-S,vit_small_in1k,2,7,0.9846153846153847,0.046153846153846156,65,0.9384615384615385
flowers102,S3,ViT-S,vit_small_in1k,2,8,0.9615384615384616,0.19230769230769232,26,0.7692307692307693
flowers102,S3,ViT-S,vit_small_in1k,2,9,1.0,1.0,25,0.0
flowers102,S3,ViT-S,vit_small_in1k,2,10,0.6268656716417911,0.0,67,0.6268656716417911
flowers102,S3,ViT-S,vit_small_in1k,2,11,0.9552238805970149,0.2835820895522388,67,0.6716417910447761
flowers102,S3,ViT-S,vit_small_in1k,2,12,1.0,0.9310344827586207,29,0.06896551724137934
flowers102,S3,ViT-S,vit_small_in1k,2,13,1.0,0.8214285714285714,28,0.1785714285714286
flowers102,S3,ViT-S,vit_small_in1k,2,14,1.0,0.10344827586206896,29,0.896551724137931
flowers102,S3,ViT-S,vit_small_in1k,2,15,0.8571428571428571,0.0,21,0.8571428571428571
flowers102,S3,ViT-S,vit_small_in1k,2,16,0.9846153846153847,0.0,65,0.9846153846153847
flowers102,S3,ViT-S,vit_small_in1k,2,17,0.7580645161290323,0.41935483870967744,62,0.3387096774193548
flowers102,S3,ViT-S,vit_small_in1k,2,18,0.8620689655172413,0.20689655172413793,29,0.6551724137931034
flowers102,S3,ViT-S,vit_small_in1k,2,19,0.9166666666666666,0.4444444444444444,36,0.4722222222222222
flowers102,S3,ViT-S,vit_small_in1k,2,20,0.95,0.0,20,0.95
flowers102,S3,ViT-S,vit_small_in1k,2,21,0.9743589743589743,0.358974358974359,39,0.6153846153846154
flowers102,S3,ViT-S,vit_small_in1k,2,22,0.8028169014084507,0.5633802816901409,71,0.23943661971830987
flowers102,S3,ViT-S,vit_small_in1k,2,23,1.0,0.045454545454545456,22,0.9545454545454546
flowers102,S3,ViT-S,vit_small_in1k,2,24,0.9047619047619048,0.9047619047619048,21,0.0
flowers102,S3,ViT-S,vit_small_in1k,2,25,0.8571428571428571,0.0,21,0.8571428571428571
flowers102,S3,ViT-S,vit_small_in1k,2,26,1.0,0.0,20,1.0
flowers102,S3,ViT-S,vit_small_in1k,2,27,0.9347826086956522,0.10869565217391304,46,0.8260869565217391
flowers102,S3,ViT-S,vit_small_in1k,2,28,0.9827586206896551,0.3275862068965517,58,0.6551724137931034
flowers102,S3,ViT-S,vit_small_in1k,2,29,0.7538461538461538,0.47692307692307695,65,0.2769230769230769
flowers102,S3,ViT-S,vit_small_in1k,2,30,0.8125,0.375,32,0.4375
flowers102,S3,ViT-S,vit_small_in1k,2,31,0.68,0.52,25,0.16000000000000003
flowers102,S3,ViT-S,vit_small_in1k,2,32,0.9230769230769231,0.3076923076923077,26,0.6153846153846154
flowers102,S3,ViT-S,vit_small_in1k,2,33,0.8,0.0,20,0.8
flowers102,S3,ViT-S,vit_small_in1k,2,34,1.0,0.9565217391304348,23,0.04347826086956519
flowers102,S3,ViT-S,vit_small_in1k,2,35,0.8909090909090909,0.8181818181818182,55,0.07272727272727264
flowers102,S3,ViT-S,vit_small_in1k,2,36,0.9659090909090909,0.5568181818181818,88,0.40909090909090917
flowers102,S3,ViT-S,vit_small_in1k,2,37,0.9444444444444444,0.8888888888888888,36,0.05555555555555558
flowers102,S3,ViT-S,vit_small_in1k,2,38,0.8095238095238095,0.0,21,0.8095238095238095
flowers102,S3,ViT-S,vit_small_in1k,2,39,0.8723404255319149,0.06382978723404255,47,0.8085106382978724
flowers102,S3,ViT-S,vit_small_in1k,2,40,0.897196261682243,0.7757009345794392,107,0.12149532710280375
flowers102,S3,ViT-S,vit_small_in1k,2,41,0.7948717948717948,0.23076923076923078,39,0.5641025641025641
flowers102,S3,ViT-S,vit_small_in1k,2,42,0.5818181818181818,0.35454545454545455,110,0.22727272727272724
flowers102,S3,ViT-S,vit_small_in1k,2,43,0.9726027397260274,0.863013698630137,73,0.1095890410958904
flowers102,S3,ViT-S,vit_small_in1k,2,44,1.0,0.25,20,0.75
flowers102,S3,ViT-S,vit_small_in1k,2,45,0.9375,0.011363636363636364,176,0.9261363636363636
flowers102,S3,ViT-S,vit_small_in1k,2,46,0.9787234042553191,0.2127659574468085,47,0.7659574468085106
flowers102,S3,ViT-S,vit_small_in1k,2,47,0.9215686274509803,0.1568627450980392,51,0.7647058823529411
flowers102,S3,ViT-S,vit_small_in1k,2,48,1.0,0.9655172413793104,29,0.03448275862068961
flowers102,S3,ViT-S,vit_small_in1k,2,49,0.9583333333333334,0.0,72,0.9583333333333334
flowers102,S3,ViT-S,vit_small_in1k,2,50,0.5588235294117647,0.27310924369747897,238,0.28571428571428575
flowers102,S3,ViT-S,vit_small_in1k,2,51,1.0,0.03076923076923077,65,0.9692307692307692
flowers102,S3,ViT-S,vit_small_in1k,2,52,0.6712328767123288,0.0,73,0.6712328767123288
flowers102,S3,ViT-S,vit_small_in1k,2,53,1.0,0.0,41,1.0
flowers102,S3,ViT-S,vit_small_in1k,2,54,0.9803921568627451,0.0,51,0.9803921568627451
flowers102,S3,ViT-S,vit_small_in1k,2,55,0.9887640449438202,0.0,89,0.9887640449438202
flowers102,S3,ViT-S,vit_small_in1k,2,56,0.9574468085106383,0.8936170212765957,47,0.06382978723404265
flowers102,S3,ViT-S,vit_small_in1k,2,57,1.0,0.2553191489361702,94,0.7446808510638299
flowers102,S3,ViT-S,vit_small_in1k,2,58,1.0,0.0,47,1.0
flowers102,S3,ViT-S,vit_small_in1k,2,59,1.0,0.3146067415730337,89,0.6853932584269663
flowers102,S3,ViT-S,vit_small_in1k,2,60,1.0,0.03333333333333333,30,0.9666666666666667
flowers102,S3,ViT-S,vit_small_in1k,2,61,0.8,0.0,35,0.8
flowers102,S3,ViT-S,vit_small_in1k,2,62,1.0,0.058823529411764705,34,0.9411764705882353
flowers102,S3,ViT-S,vit_small_in1k,2,63,1.0,0.3125,32,0.6875
flowers102,S3,ViT-S,vit_small_in1k,2,64,0.9878048780487805,0.12195121951219512,82,0.8658536585365854
flowers102,S3,ViT-S,vit_small_in1k,2,65,1.0,0.0,41,1.0
flowers102,S3,ViT-S,vit_small_in1k,2,66,0.8181818181818182,0.18181818181818182,22,0.6363636363636365
flowers102,S3,ViT-S,vit_small_in1k,2,67,0.9411764705882353,0.7647058823529411,34,0.17647058823529416
flowers102,S3,ViT-S,vit_small_in1k,2,68,0.9705882352941176,0.4117647058823529,34,0.5588235294117647
flowers102,S3,ViT-S,vit_small_in1k,2,69,1.0,0.40476190476190477,42,0.5952380952380952
flowers102,S3,ViT-S,vit_small_in1k,2,70,1.0,0.034482758620689655,58,0.9655172413793104
flowers102,S3,ViT-S,vit_small_in1k,2,71,0.7763157894736842,0.2236842105263158,76,0.5526315789473684
flowers102,S3,ViT-S,vit_small_in1k,2,72,0.8620689655172413,0.4425287356321839,174,0.4195402298850574
flowers102,S3,ViT-S,vit_small_in1k,2,73,0.7086092715231788,0.0728476821192053,151,0.6357615894039734
flowers102,S3,ViT-S,vit_small_in1k,2,74,0.95,0.92,100,0.029999999999999916
flowers102,S3,ViT-S,vit_small_in1k,2,75,0.8850574712643678,0.6551724137931034,87,0.22988505747126442
flowers102,S3,ViT-S,vit_small_in1k,2,76,0.974025974025974,0.4588744588744589,231,0.5151515151515151
flowers102,S3,ViT-S,vit_small_in1k,2,77,0.8632478632478633,0.09401709401709402,117,0.7692307692307693
flowers102,S3,ViT-S,vit_small_in1k,2,78,1.0,0.9047619047619048,21,0.09523809523809523
flowers102,S3,ViT-S,vit_small_in1k,2,79,0.9294117647058824,0.6705882352941176,85,0.2588235294117648
flowers102,S3,ViT-S,vit_small_in1k,2,80,0.9863013698630136,0.0410958904109589,146,0.9452054794520548
flowers102,S3,ViT-S,vit_small_in1k,2,81,0.717391304347826,0.6195652173913043,92,0.09782608695652173
flowers102,S3,ViT-S,vit_small_in1k,2,82,0.6756756756756757,0.5045045045045045,111,0.1711711711711712
flowers102,S3,ViT-S,vit_small_in1k,2,83,0.6818181818181818,0.015151515151515152,66,0.6666666666666666
flowers102,S3,ViT-S,vit_small_in1k,2,84,0.9302325581395349,0.13953488372093023,43,0.7906976744186046
flowers102,S3,ViT-S,vit_small_in1k,2,85,0.9736842105263158,0.8421052631578947,38,0.13157894736842113
flowers102,S3,ViT-S,vit_small_in1k,2,86,0.9534883720930233,0.7674418604651163,43,0.18604651162790697
flowers102,S3,ViT-S,vit_small_in1k,2,87,0.6865671641791045,0.4626865671641791,134,0.22388059701492535
flowers102,S3,ViT-S,vit_small_in1k,2,88,0.8292682926829268,0.03048780487804878,164,0.798780487804878
flowers102,S3,ViT-S,vit_small_in1k,2,89,0.8548387096774194,0.016129032258064516,62,0.8387096774193549
flowers102,S3,ViT-S,vit_small_in1k,2,90,0.9107142857142857,0.6428571428571429,56,0.2678571428571428
flowers102,S3,ViT-S,vit_small_in1k,2,91,0.9565217391304348,0.41304347826086957,46,0.5434782608695652
flowers102,S3,ViT-S,vit_small_in1k,2,92,0.8846153846153846,0.38461538461538464,26,0.49999999999999994
flowers102,S3,ViT-S,vit_small_in1k,2,93,0.971830985915493,0.9577464788732394,142,0.014084507042253613
flowers102,S3,ViT-S,vit_small_in1k,2,94,0.8425925925925926,0.7314814814814815,108,0.11111111111111105
flowers102,S3,ViT-S,vit_small_in1k,2,95,0.676056338028169,0.028169014084507043,71,0.647887323943662
flowers102,S3,ViT-S,vit_small_in1k,2,96,0.7391304347826086,0.10869565217391304,46,0.6304347826086956
flowers102,S3,ViT-S,vit_small_in1k,2,97,0.9193548387096774,0.0,62,0.9193548387096774
flowers102,S3,ViT-S,vit_small_in1k,2,98,0.7906976744186046,0.0,43,0.7906976744186046
flowers102,S3,ViT-S,vit_small_in1k,2,99,1.0,0.0,29,1.0
flowers102,S3,ViT-S,vit_small_in1k,2,100,0.8947368421052632,0.05263157894736842,38,0.8421052631578947
flowers102,S3,ViT-S,vit_small_in1k,2,101,0.9642857142857143,0.2857142857142857,28,0.6785714285714286
flowers102,S3,ViT-S,vit_small_in1k,3,0,0.85,0.0,20,0.85
flowers102,S3,ViT-S,vit_small_in1k,3,1,0.925,0.825,40,0.10000000000000009
flowers102,S3,ViT-S,vit_small_in1k,3,2,0.45,0.2,20,0.25
flowers102,S3,ViT-S,vit_small_in1k,3,3,0.5555555555555556,0.16666666666666666,36,0.38888888888888895
flowers102,S3,ViT-S,vit_small_in1k,3,4,0.9333333333333333,0.022222222222222223,45,0.9111111111111111
flowers102,S3,ViT-S,vit_small_in1k,3,5,0.92,0.92,25,0.0
flowers102,S3,ViT-S,vit_small_in1k,3,6,0.95,0.85,20,0.09999999999999998
flowers102,S3,ViT-S,vit_small_in1k,3,7,1.0,0.27692307692307694,65,0.7230769230769231
flowers102,S3,ViT-S,vit_small_in1k,3,8,0.8461538461538461,0.07692307692307693,26,0.7692307692307692
flowers102,S3,ViT-S,vit_small_in1k,3,9,1.0,1.0,25,0.0
flowers102,S3,ViT-S,vit_small_in1k,3,10,0.6567164179104478,0.19402985074626866,67,0.4626865671641791
flowers102,S3,ViT-S,vit_small_in1k,3,11,0.9402985074626866,0.5671641791044776,67,0.37313432835820903
flowers102,S3,ViT-S,vit_small_in1k,3,12,1.0,0.8620689655172413,29,0.13793103448275867
flowers102,S3,ViT-S,vit_small_in1k,3,13,1.0,1.0,28,0.0
flowers102,S3,ViT-S,vit_small_in1k,3,14,1.0,0.20689655172413793,29,0.7931034482758621
flowers102,S3,ViT-S,vit_small_in1k,3,15,0.9047619047619048,0.09523809523809523,21,0.8095238095238095
flowers102,S3,ViT-S,vit_small_in1k,3,16,0.9846153846153847,0.8153846153846154,65,0.1692307692307693
flowers102,S3,ViT-S,vit_small_in1k,3,17,0.7741935483870968,0.12903225806451613,62,0.6451612903225806
flowers102,S3,ViT-S,vit_small_in1k,3,18,0.896551724137931,0.06896551724137931,29,0.8275862068965517
flowers102,S3,ViT-S,vit_small_in1k,3,19,0.9722222222222222,0.6111111111111112,36,0.36111111111111105
flowers102,S3,ViT-S,vit_small_in1k,3,20,0.95,0.0,20,0.95
flowers102,S3,ViT-S,vit_small_in1k,3,21,0.9743589743589743,0.1794871794871795,39,0.7948717948717948
flowers102,S3,ViT-S,vit_small_in1k,3,22,0.8450704225352113,0.6197183098591549,71,0.22535211267605637
flowers102,S3,ViT-S,vit_small_in1k,3,23,1.0,0.2727272727272727,22,0.7272727272727273
flowers102,S3,ViT-S,vit_small_in1k,3,24,1.0,0.23809523809523808,21,0.7619047619047619
flowers102,S3,ViT-S,vit_small_in1k,3,25,0.8095238095238095,0.09523809523809523,21,0.7142857142857143
flowers102,S3,ViT-S,vit_small_in1k,3,26,1.0,0.1,20,0.9
flowers102,S3,ViT-S,vit_small_in1k,3,27,0.9565217391304348,0.021739130434782608,46,0.9347826086956522
flowers102,S3,ViT-S,vit_small_in1k,3,28,0.9827586206896551,0.46551724137931033,58,0.5172413793103448
flowers102,S3,ViT-S,vit_small_in1k,3,29,0.8461538461538461,0.3384615384615385,65,0.5076923076923077
flowers102,S3,ViT-S,vit_small_in1k,3,30,0.90625,0.3125,32,0.59375
flowers102,S3,ViT-S,vit_small_in1k,3,31,0.72,0.08,25,0.64
flowers102,S3,ViT-S,vit_small_in1k,3,32,0.9615384615384616,0.5384615384615384,26,0.42307692307692313
flowers102,S3,ViT-S,vit_small_in1k,3,33,0.9,0.7,20,0.20000000000000007
flowers102,S3,ViT-S,vit_small_in1k,3,34,0.9565217391304348,0.8695652173913043,23,0.08695652173913049
flowers102,S3,ViT-S,vit_small_in1k,3,35,0.8545454545454545,0.7636363636363637,55,0.09090909090909083
flowers102,S3,ViT-S,vit_small_in1k,3,36,1.0,0.375,88,0.625
flowers102,S3,ViT-S,vit_small_in1k,3,37,0.9444444444444444,0.2222222222222222,36,0.7222222222222222
flowers102,S3,ViT-S,vit_small_in1k,3,38,0.8571428571428571,0.0,21,0.8571428571428571
flowers102,S3,ViT-S,vit_small_in1k,3,39,0.9148936170212766,0.1702127659574468,47,0.7446808510638298
flowers102,S3,ViT-S,vit_small_in1k,3,40,0.8785046728971962,0.7757009345794392,107,0.10280373831775702
flowers102,S3,ViT-S,vit_small_in1k,3,41,0.9743589743589743,0.2564102564102564,39,0.717948717948718
flowers102,S3,ViT-S,vit_small_in1k,3,42,0.6,0.37272727272727274,110,0.22727272727272724
flowers102,S3,ViT-S,vit_small_in1k,3,43,0.9452054794520548,0.6027397260273972,73,0.34246575342465757
flowers102,S3,ViT-S,vit_small_in1k,3,44,1.0,0.25,20,0.75
flowers102,S3,ViT-S,vit_small_in1k,3,45,0.9204545454545454,0.13636363636363635,176,0.7840909090909091
flowers102,S3,ViT-S,vit_small_in1k,3,46,1.0,0.574468085106383,47,0.42553191489361697
flowers102,S3,ViT-S,vit_small_in1k,3,47,0.9215686274509803,0.0196078431372549,51,0.9019607843137254
flowers102,S3,ViT-S,vit_small_in1k,3,48,1.0,0.1724137931034483,29,0.8275862068965517
flowers102,S3,ViT-S,vit_small_in1k,3,49,0.9444444444444444,0.0,72,0.9444444444444444
flowers102,S3,ViT-S,vit_small_in1k,3,50,0.5462184873949579,0.5042016806722689,238,0.04201680672268904
flowers102,S3,ViT-S,vit_small_in1k,3,51,0.9846153846153847,0.2153846153846154,65,0.7692307692307693
flowers102,S3,ViT-S,vit_small_in1k,3,52,0.5753424657534246,0.0547945205479452,73,0.5205479452054794
flowers102,S3,ViT-S,vit_small_in1k,3,53,0.975609756097561,0.04878048780487805,41,0.9268292682926829
flowers102,S3,ViT-S,vit_small_in1k,3,54,0.9803921568627451,0.0,51,0.9803921568627451
flowers102,S3,ViT-S,vit_small_in1k,3,55,1.0,0.0898876404494382,89,0.9101123595505618
flowers102,S3,ViT-S,vit_small_in1k,3,56,0.9574468085106383,0.8297872340425532,47,0.12765957446808518
flowers102,S3,ViT-S,vit_small_in1k,3,57,1.0,0.1702127659574468,94,0.8297872340425532
flowers102,S3,ViT-S,vit_small_in1k,3,58,1.0,0.0,47,1.0
flowers102,S3,ViT-S,vit_small_in1k,3,59,1.0,0.5056179775280899,89,0.4943820224719101
flowers102,S3,ViT-S,vit_small_in1k,3,60,1.0,0.2,30,0.8
flowers102,S3,ViT-S,vit_small_in1k,3,61,0.8571428571428571,0.0,35,0.8571428571428571
flowers102,S3,ViT-S,vit_small_in1k,3,62,1.0,0.0,34,1.0
flowers102,S3,ViT-S,vit_small_in1k,3,63,1.0,0.96875,32,0.03125
flowers102,S3,ViT-S,vit_small_in1k,3,64,0.9878048780487805,0.18292682926829268,82,0.8048780487804879
flowers102,S3,ViT-S,vit_small_in1k,3,65,1.0,0.0,41,1.0
flowers102,S3,ViT-S,vit_small_in1k,3,66,0.8181818181818182,0.2727272727272727,22,0.5454545454545455
flowers102,S3,ViT-S,vit_small_in1k,3,67,0.9117647058823529,0.6176470588235294,34,0.2941176470588235
flowers102,S3,ViT-S,vit_small_in1k,3,68,0.9705882352941176,0.7647058823529411,34,0.20588235294117652
flowers102,S3,ViT-S,vit_small_in1k,3,69,1.0,0.21428571428571427,42,0.7857142857142857
flowers102,S3,ViT-S,vit_small_in1k,3,70,1.0,0.43103448275862066,58,0.5689655172413793
flowers102,S3,ViT-S,vit_small_in1k,3,71,0.8157894736842105,0.13157894736842105,76,0.6842105263157895
flowers102,S3,ViT-S,vit_small_in1k,3,72,0.9310344827586207,0.45977011494252873,174,0.47126436781609193
flowers102,S3,ViT-S,vit_small_in1k,3,73,0.7814569536423841,0.013245033112582781,151,0.7682119205298014
flowers102,S3,ViT-S,vit_small_in1k,3,74,0.98,0.99,100,-0.010000000000000009
flowers102,S3,ViT-S,vit_small_in1k,3,75,0.8735632183908046,0.11494252873563218,87,0.7586206896551725
flowers102,S3,ViT-S,vit_small_in1k,3,76,0.961038961038961,0.6623376623376623,231,0.2987012987012987
flowers102,S3,ViT-S,vit_small_in1k,3,77,0.905982905982906,0.15384615384615385,117,0.7521367521367521
flowers102,S3,ViT-S,vit_small_in1k,3,78,1.0,0.7619047619047619,21,0.23809523809523814
flowers102,S3,ViT-S,vit_small_in1k,3,79,0.9411764705882353,0.4823529411764706,85,0.4588235294117647
flowers102,S3,ViT-S,vit_small_in1k,3,80,0.9931506849315068,0.3082191780821918,146,0.684931506849315
flowers102,S3,ViT-S,vit_small_in1k,3,81,0.8369565217391305,0.532608695652174,92,0.30434782608695654
flowers102,S3,ViT-S,vit_small_in1k,3,82,0.7567567567567568,0.11711711711711711,111,0.6396396396396397
flowers102,S3,ViT-S,vit_small_in1k,3,83,0.7424242424242424,0.10606060606060606,66,0.6363636363636364
flowers102,S3,ViT-S,vit_small_in1k,3,84,0.9302325581395349,0.18604651162790697,43,0.7441860465116279
flowers102,S3,ViT-S,vit_small_in1k,3,85,0.9736842105263158,0.02631578947368421,38,0.9473684210526316
flowers102,S3,ViT-S,vit_small_in1k,3,86,0.9767441860465116,0.8604651162790697,43,0.11627906976744184
flowers102,S3,ViT-S,vit_small_in1k,3,87,0.6940298507462687,0.1791044776119403,134,0.5149253731343284
flowers102,S3,ViT-S,vit_small_in1k,3,88,0.8597560975609756,0.024390243902439025,164,0.8353658536585366
flowers102,S3,ViT-S,vit_small_in1k,3,89,0.8548387096774194,0.0,62,0.8548387096774194
flowers102,S3,ViT-S,vit_small_in1k,3,90,0.8928571428571429,0.7857142857142857,56,0.1071428571428572
flowers102,S3,ViT-S,vit_small_in1k,3,91,0.8260869565217391,0.0,46,0.8260869565217391
flowers102,S3,ViT-S,vit_small_in1k,3,92,0.8846153846153846,0.0,26,0.8846153846153846
flowers102,S3,ViT-S,vit_small_in1k,3,93,0.9366197183098591,0.5140845070422535,142,0.4225352112676056
flowers102,S3,ViT-S,vit_small_in1k,3,94,0.75,0.23148148148148148,108,0.5185185185185185
flowers102,S3,ViT-S,vit_small_in1k,3,95,0.7605633802816901,0.08450704225352113,71,0.676056338028169
flowers102,S3,ViT-S,vit_small_in1k,3,96,0.6304347826086957,0.0,46,0.6304347826086957
flowers102,S3,ViT-S,vit_small_in1k,3,97,0.8709677419354839,0.0,62,0.8709677419354839
flowers102,S3,ViT-S,vit_small_in1k,3,98,0.9069767441860465,0.06976744186046512,43,0.8372093023255813
flowers102,S3,ViT-S,vit_small_in1k,3,99,1.0,0.034482758620689655,29,0.9655172413793104
flowers102,S3,ViT-S,vit_small_in1k,3,100,0.868421052631579,0.02631578947368421,38,0.8421052631578948
flowers102,S3,ViT-S,vit_small_in1k,3,101,1.0,0.39285714285714285,28,0.6071428571428572
flowers102,S3,ViT-S,vit_small_in1k,4,0,1.0,0.25,20,0.75
flowers102,S3,ViT-S,vit_small_in1k,4,1,0.9,0.75,40,0.15000000000000002
flowers102,S3,ViT-S,vit_small_in1k,4,2,0.5,0.0,20,0.5
flowers102,S3,ViT-S,vit_small_in1k,4,3,0.5277777777777778,0.5277777777777778,36,0.0
flowers102,S3,ViT-S,vit_small_in1k,4,4,0.9111111111111111,0.0,45,0.9111111111111111
flowers102,S3,ViT-S,vit_small_in1k,4,5,0.92,0.88,25,0.040000000000000036
flowers102,S3,ViT-S,vit_small_in1k,4,6,0.95,0.9,20,0.04999999999999993
flowers102,S3,ViT-S,vit_small_in1k,4,7,0.9846153846153847,0.35384615384615387,65,0.6307692307692307
flowers102,S3,ViT-S,vit_small_in1k,4,8,0.9615384615384616,0.038461538461538464,26,0.9230769230769231
flowers102,S3,ViT-S,vit_small_in1k,4,9,1.0,1.0,25,0.0
flowers102,S3,ViT-S,vit_small_in1k,4,10,0.6865671641791045,0.1791044776119403,67,0.5074626865671642
flowers102,S3,ViT-S,vit_small_in1k,4,11,0.9402985074626866,0.2835820895522388,67,0.6567164179104479
flowers102,S3,ViT-S,vit_small_in1k,4,12,1.0,1.0,29,0.0
flowers102,S3,ViT-S,vit_small_in1k,4,13,1.0,0.6785714285714286,28,0.3214285714285714
flowers102,S3,ViT-S,vit_small_in1k,4,14,1.0,0.0,29,1.0
flowers102,S3,ViT-S,vit_small_in1k,4,15,0.9047619047619048,0.0,21,0.9047619047619048
flowers102,S3,ViT-S,vit_small_in1k,4,16,1.0,0.18461538461538463,65,0.8153846153846154
flowers102,S3,ViT-S,vit_small_in1k,4,17,0.9032258064516129,0.5806451612903226,62,0.32258064516129026
flowers102,S3,ViT-S,vit_small_in1k,4,18,0.896551724137931,0.034482758620689655,29,0.8620689655172414
flowers102,S3,ViT-S,vit_small_in1k,4,19,0.9166666666666666,0.6666666666666666,36,0.25
flowers102,S3,ViT-S,vit_small_in1k,4,20,0.9,0.0,20,0.9
flowers102,S3,ViT-S,vit_small_in1k,4,21,0.9230769230769231,0.8205128205128205,39,0.10256410256410264
flowers102,S3,ViT-S,vit_small_in1k,4,22,0.8591549295774648,0.7323943661971831,71,0.12676056338028163
flowers102,S3,ViT-S,vit_small_in1k,4,23,0.9545454545454546,0.0,22,0.9545454545454546
flowers102,S3,ViT-S,vit_small_in1k,4,24,0.9047619047619048,0.7142857142857143,21,0.19047619047619047
flowers102,S3,ViT-S,vit_small_in1k,4,25,0.7142857142857143,0.14285714285714285,21,0.5714285714285714
flowers102,S3,ViT-S,vit_small_in1k,4,26,1.0,0.0,20,1.0
flowers102,S3,ViT-S,vit_small_in1k,4,27,0.9782608695652174,0.043478260869565216,46,0.9347826086956522
flowers102,S3,ViT-S,vit_small_in1k,4,28,0.9482758620689655,0.27586206896551724,58,0.6724137931034483
flowers102,S3,ViT-S,vit_small_in1k,4,29,0.8153846153846154,0.47692307692307695,65,0.3384615384615384
flowers102,S3,ViT-S,vit_small_in1k,4,30,0.78125,0.375,32,0.40625
flowers102,S3,ViT-S,vit_small_in1k,4,31,0.6,0.0,25,0.6
flowers102,S3,ViT-S,vit_small_in1k,4,32,1.0,0.7307692307692307,26,0.2692307692307693
flowers102,S3,ViT-S,vit_small_in1k,4,33,0.9,0.3,20,0.6000000000000001
flowers102,S3,ViT-S,vit_small_in1k,4,34,0.9565217391304348,0.8260869565217391,23,0.13043478260869568
flowers102,S3,ViT-S,vit_small_in1k,4,35,0.9454545454545454,0.509090909090909,55,0.4363636363636364
flowers102,S3,ViT-S,vit_small_in1k,4,36,1.0,0.7613636363636364,88,0.23863636363636365
flowers102,S3,ViT-S,vit_small_in1k,4,37,0.8888888888888888,0.3888888888888889,36,0.49999999999999994
flowers102,S3,ViT-S,vit_small_in1k,4,38,0.9047619047619048,0.23809523809523808,21,0.6666666666666667
flowers102,S3,ViT-S,vit_small_in1k,4,39,0.851063829787234,0.0425531914893617,47,0.8085106382978724
flowers102,S3,ViT-S,vit_small_in1k,4,40,0.9532710280373832,0.9158878504672897,107,0.03738317757009346
flowers102,S3,ViT-S,vit_small_in1k,4,41,0.8717948717948718,0.07692307692307693,39,0.7948717948717949
flowers102,S3,ViT-S,vit_small_in1k,4,42,0.6454545454545455,0.18181818181818182,110,0.4636363636363637
flowers102,S3,ViT-S,vit_small_in1k,4,43,0.9863013698630136,0.7808219178082192,73,0.20547945205479445
flowers102,S3,ViT-S,vit_small_in1k,4,44,0.9,0.2,20,0.7
flowers102,S3,ViT-S,vit_small_in1k,4,45,0.9488636363636364,0.14772727272727273,176,0.8011363636363636
flowers102,S3,ViT-S,vit_small_in1k,4,46,1.0,0.723404255319149,47,0.276595744680851
flowers102,S3,ViT-S,vit_small_in1k,4,47,0.9215686274509803,0.0784313725490196,51,0.8431372549019607
flowers102,S3,ViT-S,vit_small_in1k,4,48,1.0,0.034482758620689655,29,0.9655172413793104
flowers102,S3,ViT-S,vit_small_in1k,4,49,0.9583333333333334,0.0,72,0.9583333333333334
flowers102,S3,ViT-S,vit_small_in1k,4,50,0.5378151260504201,0.6512605042016807,238,-0.11344537815126055
flowers102,S3,ViT-S,vit_small_in1k,4,51,0.9692307692307692,0.16923076923076924,65,0.8
flowers102,S3,ViT-S,vit_small_in1k,4,52,0.6712328767123288,0.0136986301369863,73,0.6575342465753424
flowers102,S3,ViT-S,vit_small_in1k,4,53,1.0,0.0975609756097561,41,0.9024390243902439
flowers102,S3,ViT-S,vit_small_in1k,4,54,0.9803921568627451,0.0,51,0.9803921568627451
flowers102,S3,ViT-S,vit_small_in1k,4,55,0.9887640449438202,0.10112359550561797,89,0.8876404494382022
flowers102,S3,ViT-S,vit_small_in1k,4,56,0.9148936170212766,0.7872340425531915,47,0.12765957446808507
flowers102,S3,ViT-S,vit_small_in1k,4,57,0.9574468085106383,0.6595744680851063,94,0.297872340425532
flowers102,S3,ViT-S,vit_small_in1k,4,58,1.0,0.0851063829787234,47,0.9148936170212766
flowers102,S3,ViT-S,vit_small_in1k,4,59,0.9887640449438202,0.07865168539325842,89,0.9101123595505618
flowers102,S3,ViT-S,vit_small_in1k,4,60,1.0,0.23333333333333334,30,0.7666666666666666
flowers102,S3,ViT-S,vit_small_in1k,4,61,0.9142857142857143,0.0,35,0.9142857142857143
flowers102,S3,ViT-S,vit_small_in1k,4,62,1.0,0.11764705882352941,34,0.8823529411764706
flowers102,S3,ViT-S,vit_small_in1k,4,63,1.0,0.125,32,0.875
flowers102,S3,ViT-S,vit_small_in1k,4,64,1.0,0.6585365853658537,82,0.3414634146341463
flowers102,S3,ViT-S,vit_small_in1k,4,65,1.0,0.07317073170731707,41,0.926829268292683
flowers102,S3,ViT-S,vit_small_in1k,4,66,0.8636363636363636,0.4090909090909091,22,0.45454545454545453
flowers102,S3,ViT-S,vit_small_in1k,4,67,0.8823529411764706,0.47058823529411764,34,0.4117647058823529
flowers102,S3,ViT-S,vit_small_in1k,4,68,1.0,0.8823529411764706,34,0.11764705882352944
flowers102,S3,ViT-S,vit_small_in1k,4,69,1.0,0.8571428571428571,42,0.1428571428571429
flowers102,S3,ViT-S,vit_small_in1k,4,70,1.0,0.1724137931034483,58,0.8275862068965517
flowers102,S3,ViT-S,vit_small_in1k,4,71,0.868421052631579,0.013157894736842105,76,0.8552631578947368
flowers102,S3,ViT-S,vit_small_in1k,4,72,0.9080459770114943,0.22413793103448276,174,0.6839080459770115
flowers102,S3,ViT-S,vit_small_in1k,4,73,0.7417218543046358,0.152317880794702,151,0.5894039735099338
flowers102,S3,ViT-S,vit_small_in1k,4,74,0.94,0.87,100,0.06999999999999995
flowers102,S3,ViT-S,vit_small_in1k,4,75,0.896551724137931,0.20689655172413793,87,0.6896551724137931
flowers102,S3,ViT-S,vit_small_in1k,4,76,0.987012987012987,0.6363636363636364,231,0.35064935064935066
flowers102,S3,ViT-S,vit_small_in1k,4,77,0.8547008547008547,0.09401709401709402,117,0.7606837606837606
flowers102,S3,ViT-S,vit_small_in1k,4,78,1.0,0.8571428571428571,21,0.1428571428571429
flowers102,S3,ViT-S,vit_small_in1k,4,79,0.9529411764705882,0.3411764705882353,85,0.6117647058823529
flowers102,S3,ViT-S,vit_small_in1k,4,80,0.9931506849315068,0.1095890410958904,146,0.8835616438356164
flowers102,S3,ViT-S,vit_small_in1k,4,81,0.8152173913043478,0.6086956521739131,92,0.2065217391304347
flowers102,S3,ViT-S,vit_small_in1k,4,82,0.7747747747747747,0.14414414414414414,111,0.6306306306306306
flowers102,S3,ViT-S,vit_small_in1k,4,83,0.6666666666666666,0.12121212121212122,66,0.5454545454545454
flowers102,S3,ViT-S,vit_small_in1k,4,84,0.9534883720930233,0.23255813953488372,43,0.7209302325581396
flowers102,S3,ViT-S,vit_small_in1k,4,85,1.0,0.5789473684210527,38,0.42105263157894735
flowers102,S3,ViT-S,vit_small_in1k,4,86,0.9302325581395349,0.8837209302325582,43,0.046511627906976716
flowers102,S3,ViT-S,vit_small_in1k,4,87,0.6716417910447762,0.1791044776119403,134,0.4925373134328359
flowers102,S3,ViT-S,vit_small_in1k,4,88,0.9024390243902439,0.0,164,0.9024390243902439
flowers102,S3,ViT-S,vit_small_in1k,4,89,0.7741935483870968,0.0967741935483871,62,0.6774193548387096
flowers102,S3,ViT-S,vit_small_in1k,4,90,0.9107142857142857,0.6607142857142857,56,0.25
flowers102,S3,ViT-S,vit_small_in1k,4,91,0.8695652173913043,0.1956521739130435,46,0.6739130434782609
flowers102,S3,ViT-S,vit_small_in1k,4,92,0.9230769230769231,0.23076923076923078,26,0.6923076923076923
flowers102,S3,ViT-S,vit_small_in1k,4,93,0.9436619718309859,0.4788732394366197,142,0.4647887323943662
flowers102,S3,ViT-S,vit_small_in1k,4,94,0.7777777777777778,0.4444444444444444,108,0.33333333333333337
flowers102,S3,ViT-S,vit_small_in1k,4,95,0.7464788732394366,0.07042253521126761,71,0.676056338028169
flowers102,S3,ViT-S,vit_small_in1k,4,96,0.717391304347826,0.21739130434782608,46,0.5
flowers102,S3,ViT-S,vit_small_in1k,4,97,0.9354838709677419,0.12903225806451613,62,0.8064516129032258
flowers102,S3,ViT-S,vit_small_in1k,4,98,0.8604651162790697,0.09302325581395349,43,0.7674418604651163
flowers102,S3,ViT-S,vit_small_in1k,4,99,1.0,0.0,29,1.0
flowers102,S3,ViT-S,vit_small_in1k,4,100,0.8947368421052632,0.05263157894736842,38,0.8421052631578947
flowers102,S3,ViT-S,vit_small_in1k,4,101,0.9642857142857143,0.17857142857142858,28,0.7857142857142857
flowers102,S4,Swin-T,swin_tiny,0,0,1.0,0.8,20,0.19999999999999996
flowers102,S4,Swin-T,swin_tiny,0,1,0.95,0.9,40,0.04999999999999993
flowers102,S4,Swin-T,swin_tiny,0,2,0.75,0.45,20,0.3
flowers102,S4,Swin-T,swin_tiny,0,3,0.6944444444444444,0.6666666666666666,36,0.02777777777777779
flowers102,S4,Swin-T,swin_tiny,0,4,1.0,0.022222222222222223,45,0.9777777777777777
flowers102,S4,Swin-T,swin_tiny,0,5,1.0,1.0,25,0.0
flowers102,S4,Swin-T,swin_tiny,0,6,0.95,0.8,20,0.1499999999999999
flowers102,S4,Swin-T,swin_tiny,0,7,1.0,0.7230769230769231,65,0.27692307692307694
flowers102,S4,Swin-T,swin_tiny,0,8,0.9615384615384616,0.2692307692307692,26,0.6923076923076923
flowers102,S4,Swin-T,swin_tiny,0,9,1.0,1.0,25,0.0
flowers102,S4,Swin-T,swin_tiny,0,10,0.7761194029850746,0.40298507462686567,67,0.373134328358209
flowers102,S4,Swin-T,swin_tiny,0,11,0.9552238805970149,0.8208955223880597,67,0.13432835820895517
flowers102,S4,Swin-T,swin_tiny,0,12,1.0,1.0,29,0.0
flowers102,S4,Swin-T,swin_tiny,0,13,1.0,1.0,28,0.0
flowers102,S4,Swin-T,swin_tiny,0,14,1.0,0.13793103448275862,29,0.8620689655172413
flowers102,S4,Swin-T,swin_tiny,0,15,0.9523809523809523,0.14285714285714285,21,0.8095238095238095
flowers102,S4,Swin-T,swin_tiny,0,16,1.0,0.7692307692307693,65,0.23076923076923073
flowers102,S4,Swin-T,swin_tiny,0,17,0.9838709677419355,0.9838709677419355,62,0.0
flowers102,S4,Swin-T,swin_tiny,0,18,0.9655172413793104,0.8620689655172413,29,0.10344827586206906
flowers102,S4,Swin-T,swin_tiny,0,19,1.0,0.7777777777777778,36,0.2222222222222222
flowers102,S4,Swin-T,swin_tiny,0,20,0.9,0.45,20,0.45
flowers102,S4,Swin-T,swin_tiny,0,21,0.9487179487179487,0.9487179487179487,39,0.0
flowers102,S4,Swin-T,swin_tiny,0,22,0.9014084507042254,0.9577464788732394,71,-0.05633802816901401
flowers102,S4,Swin-T,swin_tiny,0,23,1.0,0.5,22,0.5
flowers102,S4,Swin-T,swin_tiny,0,24,1.0,0.7142857142857143,21,0.2857142857142857
flowers102,S4,Swin-T,swin_tiny,0,25,0.9523809523809523,0.14285714285714285,21,0.8095238095238095
flowers102,S4,Swin-T,swin_tiny,0,26,1.0,0.7,20,0.30000000000000004
flowers102,S4,Swin-T,swin_tiny,0,27,1.0,0.08695652173913043,46,0.9130434782608696
flowers102,S4,Swin-T,swin_tiny,0,28,0.9827586206896551,0.6379310344827587,58,0.34482758620689646
flowers102,S4,Swin-T,swin_tiny,0,29,0.8923076923076924,0.7230769230769231,65,0.1692307692307693
flowers102,S4,Swin-T,swin_tiny,0,30,0.96875,0.90625,32,0.0625
flowers102,S4,Swin-T,swin_tiny,0,31,0.84,0.88,25,-0.040000000000000036
flowers102,S4,Swin-T,swin_tiny,0,32,0.9615384615384616,0.9230769230769231,26,0.038461538461538436
flowers102,S4,Swin-T,swin_tiny,0,33,1.0,0.8,20,0.19999999999999996
flowers102,S4,Swin-T,swin_tiny,0,34,1.0,0.9565217391304348,23,0.04347826086956519
flowers102,S4,Swin-T,swin_tiny,0,35,0.9818181818181818,0.9636363636363636,55,0.018181818181818188
flowers102,S4,Swin-T,swin_tiny,0,36,1.0,0.9772727272727273,88,0.022727272727272707
flowers102,S4,Swin-T,swin_tiny,0,37,1.0,0.9722222222222222,36,0.02777777777777779
flowers102,S4,Swin-T,swin_tiny,0,38,0.9047619047619048,0.5714285714285714,21,0.33333333333333337
flowers102,S4,Swin-T,swin_tiny,0,39,0.9787234042553191,0.5957446808510638,47,0.3829787234042553
flowers102,S4,Swin-T,swin_tiny,0,40,0.9813084112149533,0.9906542056074766,107,-0.009345794392523366
flowers102,S4,Swin-T,swin_tiny,0,41,0.9743589743589743,0.41025641025641024,39,0.5641025641025641
flowers102,S4,Swin-T,swin_tiny,0,42,0.7363636363636363,0.2636363636363636,110,0.4727272727272727
flowers102,S4,Swin-T,swin_tiny,0,43,0.9863013698630136,0.9863013698630136,73,0.0
flowers102,S4,Swin-T,swin_tiny,0,44,1.0,0.95,20,0.050000000000000044
flowers102,S4,Swin-T,swin_tiny,0,45,0.9772727272727273,0.03977272727272727,176,0.9375
flowers102,S4,Swin-T,swin_tiny,0,46,1.0,0.7659574468085106,47,0.23404255319148937
flowers102,S4,Swin-T,swin_tiny,0,47,0.9803921568627451,0.5098039215686274,51,0.47058823529411764
flowers102,S4,Swin-T,swin_tiny,0,48,1.0,0.5517241379310345,29,0.4482758620689655
flowers102,S4,Swin-T,swin_tiny,0,49,0.9305555555555556,0.7222222222222222,72,0.20833333333333337
flowers102,S4,Swin-T,swin_tiny,0,50,0.6218487394957983,0.6260504201680672,238,-0.004201680672268893
flowers102,S4,Swin-T,swin_tiny,0,51,1.0,0.8307692307692308,65,0.16923076923076918
flowers102,S4,Swin-T,swin_tiny,0,52,0.7808219178082192,0.3698630136986301,73,0.4109589041095891
flowers102,S4,Swin-T,swin_tiny,0,53,1.0,0.8536585365853658,41,0.14634146341463417
flowers102,S4,Swin-T,swin_tiny,0,54,0.9607843137254902,0.9215686274509803,51,0.03921568627450989
flowers102,S4,Swin-T,swin_tiny,0,55,1.0,0.14606741573033707,89,0.8539325842696629
flowers102,S4,Swin-T,swin_tiny,0,56,0.9787234042553191,0.9574468085106383,47,0.02127659574468077
flowers102,S4,Swin-T,swin_tiny,0,57,1.0,0.5957446808510638,94,0.4042553191489362
flowers102,S4,Swin-T,swin_tiny,0,58,1.0,0.6595744680851063,47,0.34042553191489366
flowers102,S4,Swin-T,swin_tiny,0,59,1.0,0.797752808988764,89,0.202247191011236
flowers102,S4,Swin-T,swin_tiny,0,60,1.0,0.3,30,0.7
flowers102,S4,Swin-T,swin_tiny,0,61,0.8857142857142857,0.11428571428571428,35,0.7714285714285714
flowers102,S4,Swin-T,swin_tiny,0,62,1.0,0.7058823529411765,34,0.2941176470588235
flowers102,S4,Swin-T,swin_tiny,0,63,1.0,0.96875,32,0.03125
flowers102,S4,Swin-T,swin_tiny,0,64,0.9878048780487805,0.3048780487804878,82,0.6829268292682926
flowers102,S4,Swin-T,swin_tiny,0,65,1.0,1.0,41,0.0
flowers102,S4,Swin-T,swin_tiny,0,66,0.9545454545454546,0.8181818181818182,22,0.13636363636363635
flowers102,S4,Swin-T,swin_tiny,0,67,0.9411764705882353,0.9705882352941176,34,-0.02941176470588236
flowers102,S4,Swin-T,swin_tiny,0,68,1.0,0.7352941176470589,34,0.2647058823529411
flowers102,S4,Swin-T,swin_tiny,0,69,1.0,0.8571428571428571,42,0.1428571428571429
flowers102,S4,Swin-T,swin_tiny,0,70,1.0,0.22413793103448276,58,0.7758620689655172
flowers102,S4,Swin-T,swin_tiny,0,71,0.8289473684210527,0.6578947368421053,76,0.17105263157894735
flowers102,S4,Swin-T,swin_tiny,0,72,0.9655172413793104,0.8505747126436781,174,0.11494252873563227
flowers102,S4,Swin-T,swin_tiny,0,73,0.8940397350993378,0.2119205298013245,151,0.6821192052980133
flowers102,S4,Swin-T,swin_tiny,0,74,0.99,0.83,100,0.16000000000000003
flowers102,S4,Swin-T,swin_tiny,0,75,0.9540229885057471,0.7586206896551724,87,0.1954022988505747
flowers102,S4,Swin-T,swin_tiny,0,76,0.9653679653679653,0.8658008658008658,231,0.09956709956709953
flowers102,S4,Swin-T,swin_tiny,0,77,0.9914529914529915,0.8888888888888888,117,0.10256410256410264
flowers102,S4,Swin-T,swin_tiny,0,78,1.0,0.9523809523809523,21,0.04761904761904767
flowers102,S4,Swin-T,swin_tiny,0,79,0.9647058823529412,0.7176470588235294,85,0.24705882352941178
flowers102,S4,Swin-T,swin_tiny,0,80,0.9931506849315068,0.3561643835616438,146,0.636986301369863
flowers102,S4,Swin-T,swin_tiny,0,81,0.9239130434782609,0.9456521739130435,92,-0.021739130434782594
flowers102,S4,Swin-T,swin_tiny,0,82,0.8558558558558559,0.7657657657657657,111,0.09009009009009017
flowers102,S4,Swin-T,swin_tiny,0,83,0.7121212121212122,0.36363636363636365,66,0.3484848484848485
flowers102,S4,Swin-T,swin_tiny,0,84,0.9767441860465116,0.32558139534883723,43,0.6511627906976744
flowers102,S4,Swin-T,swin_tiny,0,85,1.0,0.9210526315789473,38,0.07894736842105265
flowers102,S4,Swin-T,swin_tiny,0,86,0.9767441860465116,0.9302325581395349,43,0.046511627906976716
flowers102,S4,Swin-T,swin_tiny,0,87,0.8582089552238806,0.8134328358208955,134,0.04477611940298509
flowers102,S4,Swin-T,swin_tiny,0,88,0.926829268292683,0.1402439024390244,164,0.7865853658536586
flowers102,S4,Swin-T,swin_tiny,0,89,0.9193548387096774,0.11290322580645161,62,0.8064516129032258
flowers102,S4,Swin-T,swin_tiny,0,90,0.9464285714285714,0.8214285714285714,56,0.125
flowers102,S4,Swin-T,swin_tiny,0,91,0.9347826086956522,0.9347826086956522,46,0.0
flowers102,S4,Swin-T,swin_tiny,0,92,0.9615384615384616,0.6923076923076923,26,0.2692307692307693
flowers102,S4,Swin-T,swin_tiny,0,93,0.9788732394366197,0.9577464788732394,142,0.021126760563380365
flowers102,S4,Swin-T,swin_tiny,0,94,0.9351851851851852,0.8611111111111112,108,0.07407407407407407
flowers102,S4,Swin-T,swin_tiny,0,95,0.8309859154929577,0.2112676056338028,71,0.619718309859155
flowers102,S4,Swin-T,swin_tiny,0,96,0.8913043478260869,0.8478260869565217,46,0.04347826086956519
flowers102,S4,Swin-T,swin_tiny,0,97,0.9838709677419355,0.9032258064516129,62,0.08064516129032262
flowers102,S4,Swin-T,swin_tiny,0,98,0.9534883720930233,0.9302325581395349,43,0.023255813953488413
flowers102,S4,Swin-T,swin_tiny,0,99,1.0,0.3793103448275862,29,0.6206896551724138
flowers102,S4,Swin-T,swin_tiny,0,100,0.9736842105263158,0.5,38,0.4736842105263158
flowers102,S4,Swin-T,swin_tiny,0,101,1.0,0.39285714285714285,28,0.6071428571428572
flowers102,S4,Swin-T,swin_tiny,1,0,1.0,0.75,20,0.25
flowers102,S4,Swin-T,swin_tiny,1,1,0.95,0.925,40,0.02499999999999991
flowers102,S4,Swin-T,swin_tiny,1,2,0.55,0.45,20,0.10000000000000003
flowers102,S4,Swin-T,swin_tiny,1,3,0.6944444444444444,0.6111111111111112,36,0.08333333333333326
flowers102,S4,Swin-T,swin_tiny,1,4,0.9555555555555556,0.26666666666666666,45,0.6888888888888889
flowers102,S4,Swin-T,swin_tiny,1,5,1.0,0.96,25,0.040000000000000036
flowers102,S4,Swin-T,swin_tiny,1,6,0.95,0.85,20,0.09999999999999998
flowers102,S4,Swin-T,swin_tiny,1,7,1.0,0.7846153846153846,65,0.2153846153846154
flowers102,S4,Swin-T,swin_tiny,1,8,0.9615384615384616,0.19230769230769232,26,0.7692307692307693
flowers102,S4,Swin-T,swin_tiny,1,9,1.0,0.96,25,0.040000000000000036
flowers102,S4,Swin-T,swin_tiny,1,10,0.8805970149253731,0.3283582089552239,67,0.5522388059701493
flowers102,S4,Swin-T,swin_tiny,1,11,0.9701492537313433,0.5970149253731343,67,0.37313432835820903
flowers102,S4,Swin-T,swin_tiny,1,12,1.0,0.9655172413793104,29,0.03448275862068961
flowers102,S4,Swin-T,swin_tiny,1,13,1.0,1.0,28,0.0
flowers102,S4,Swin-T,swin_tiny,1,14,1.0,0.5517241379310345,29,0.4482758620689655
flowers102,S4,Swin-T,swin_tiny,1,15,0.9523809523809523,0.09523809523809523,21,0.8571428571428571
flowers102,S4,Swin-T,swin_tiny,1,16,1.0,0.5230769230769231,65,0.4769230769230769
flowers102,S4,Swin-T,swin_tiny,1,17,0.967741935483871,0.6129032258064516,62,0.3548387096774194
flowers102,S4,Swin-T,swin_tiny,1,18,0.9655172413793104,0.7586206896551724,29,0.206896551724138
flowers102,S4,Swin-T,swin_tiny,1,19,1.0,0.75,36,0.25
flowers102,S4,Swin-T,swin_tiny,1,20,1.0,0.7,20,0.30000000000000004
flowers102,S4,Swin-T,swin_tiny,1,21,1.0,0.7692307692307693,39,0.23076923076923073
flowers102,S4,Swin-T,swin_tiny,1,22,0.9154929577464789,0.8028169014084507,71,0.11267605633802813
flowers102,S4,Swin-T,swin_tiny,1,23,1.0,0.7272727272727273,22,0.2727272727272727
flowers102,S4,Swin-T,swin_tiny,1,24,1.0,0.9523809523809523,21,0.04761904761904767
flowers102,S4,Swin-T,swin_tiny,1,25,0.8095238095238095,0.09523809523809523,21,0.7142857142857143
flowers102,S4,Swin-T,swin_tiny,1,26,1.0,0.6,20,0.4
flowers102,S4,Swin-T,swin_tiny,1,27,0.9782608695652174,0.15217391304347827,46,0.8260869565217391
flowers102,S4,Swin-T,swin_tiny,1,28,0.9655172413793104,0.3620689655172414,58,0.603448275862069
flowers102,S4,Swin-T,swin_tiny,1,29,0.8307692307692308,0.5846153846153846,65,0.24615384615384617
flowers102,S4,Swin-T,swin_tiny,1,30,0.90625,0.90625,32,0.0
flowers102,S4,Swin-T,swin_tiny,1,31,0.76,0.88,25,-0.12
flowers102,S4,Swin-T,swin_tiny,1,32,1.0,0.8846153846153846,26,0.11538461538461542
flowers102,S4,Swin-T,swin_tiny,1,33,1.0,0.95,20,0.050000000000000044
flowers102,S4,Swin-T,swin_tiny,1,34,1.0,1.0,23,0.0
flowers102,S4,Swin-T,swin_tiny,1,35,0.9818181818181818,0.9818181818181818,55,0.0
flowers102,S4,Swin-T,swin_tiny,1,36,1.0,0.9886363636363636,88,0.011363636363636354
flowers102,S4,Swin-T,swin_tiny,1,37,1.0,1.0,36,0.0
flowers102,S4,Swin-T,swin_tiny,1,38,1.0,0.5238095238095238,21,0.47619047619047616
flowers102,S4,Swin-T,swin_tiny,1,39,0.9361702127659575,0.6382978723404256,47,0.2978723404255319
flowers102,S4,Swin-T,swin_tiny,1,40,0.9252336448598131,0.9345794392523364,107,-0.009345794392523366
flowers102,S4,Swin-T,swin_tiny,1,41,0.9743589743589743,0.5641025641025641,39,0.41025641025641024
flowers102,S4,Swin-T,swin_tiny,1,42,0.7454545454545455,0.3,110,0.4454545454545455
flowers102,S4,Swin-T,swin_tiny,1,43,1.0,0.9863013698630136,73,0.013698630136986356
flowers102,S4,Swin-T,swin_tiny,1,44,1.0,0.7,20,0.30000000000000004
flowers102,S4,Swin-T,swin_tiny,1,45,0.9829545454545454,0.4147727272727273,176,0.5681818181818181
flowers102,S4,Swin-T,swin_tiny,1,46,1.0,0.7446808510638298,47,0.25531914893617025
flowers102,S4,Swin-T,swin_tiny,1,47,0.9411764705882353,0.5686274509803921,51,0.37254901960784315
flowers102,S4,Swin-T,swin_tiny,1,48,1.0,0.896551724137931,29,0.10344827586206895
flowers102,S4,Swin-T,swin_tiny,1,49,0.9583333333333334,0.9583333333333334,72,0.0
flowers102,S4,Swin-T,swin_tiny,1,50,0.7436974789915967,0.634453781512605,238,0.10924369747899165
flowers102,S4,Swin-T,swin_tiny,1,51,1.0,0.6923076923076923,65,0.3076923076923077
flowers102,S4,Swin-T,swin_tiny,1,52,0.7534246575342466,0.3150684931506849,73,0.4383561643835617
flowers102,S4,Swin-T,swin_tiny,1,53,1.0,0.8780487804878049,41,0.12195121951219512
flowers102,S4,Swin-T,swin_tiny,1,54,0.9607843137254902,0.2549019607843137,51,0.7058823529411765
flowers102,S4,Swin-T,swin_tiny,1,55,0.9887640449438202,0.5955056179775281,89,0.3932584269662921
flowers102,S4,Swin-T,swin_tiny,1,56,1.0,1.0,47,0.0
flowers102,S4,Swin-T,swin_tiny,1,57,1.0,0.20212765957446807,94,0.7978723404255319
flowers102,S4,Swin-T,swin_tiny,1,58,1.0,0.3404255319148936,47,0.6595744680851063
flowers102,S4,Swin-T,swin_tiny,1,59,1.0,0.9775280898876404,89,0.022471910112359605
flowers102,S4,Swin-T,swin_tiny,1,60,1.0,0.3,30,0.7
flowers102,S4,Swin-T,swin_tiny,1,61,0.9142857142857143,0.11428571428571428,35,0.7999999999999999
flowers102,S4,Swin-T,swin_tiny,1,62,1.0,0.8235294117647058,34,0.17647058823529416
flowers102,S4,Swin-T,swin_tiny,1,63,1.0,0.6875,32,0.3125
flowers102,S4,Swin-T,swin_tiny,1,64,0.975609756097561,0.23170731707317074,82,0.7439024390243902
flowers102,S4,Swin-T,swin_tiny,1,65,1.0,0.43902439024390244,41,0.5609756097560976
flowers102,S4,Swin-T,swin_tiny,1,66,0.8636363636363636,0.7727272727272727,22,0.09090909090909094
flowers102,S4,Swin-T,swin_tiny,1,67,0.9705882352941176,0.9411764705882353,34,0.02941176470588236
flowers102,S4,Swin-T,swin_tiny,1,68,1.0,0.9705882352941176,34,0.02941176470588236
flowers102,S4,Swin-T,swin_tiny,1,69,1.0,0.9047619047619048,42,0.09523809523809523
flowers102,S4,Swin-T,swin_tiny,1,70,1.0,0.7241379310344828,58,0.27586206896551724
flowers102,S4,Swin-T,swin_tiny,1,71,0.868421052631579,0.7105263157894737,76,0.1578947368421053
flowers102,S4,Swin-T,swin_tiny,1,72,0.9655172413793104,0.8505747126436781,174,0.11494252873563227
flowers102,S4,Swin-T,swin_tiny,1,73,0.9072847682119205,0.17218543046357615,151,0.7350993377483444
flowers102,S4,Swin-T,swin_tiny,1,74,0.99,0.98,100,0.010000000000000009
flowers102,S4,Swin-T,swin_tiny,1,75,0.9540229885057471,0.3793103448275862,87,0.5747126436781609
flowers102,S4,Swin-T,swin_tiny,1,76,0.9783549783549783,0.8398268398268398,231,0.1385281385281385
flowers102,S4,Swin-T,swin_tiny,1,77,0.9487179487179487,0.6495726495726496,117,0.2991452991452991
flowers102,S4,Swin-T,swin_tiny,1,78,1.0,1.0,21,0.0
flowers102,S4,Swin-T,swin_tiny,1,79,0.9764705882352941,0.788235294117647,85,0.18823529411764706
flowers102,S4,Swin-T,swin_tiny,1,80,0.9931506849315068,0.3767123287671233,146,0.6164383561643836
flowers102,S4,Swin-T,swin_tiny,1,81,0.9021739130434783,0.7065217391304348,92,0.19565217391304346
flowers102,S4,Swin-T,swin_tiny,1,82,0.8648648648648649,0.5225225225225225,111,0.3423423423423424
flowers102,S4,Swin-T,swin_tiny,1,83,0.8333333333333334,0.3484848484848485,66,0.48484848484848486
flowers102,S4,Swin-T,swin_tiny,1,84,0.9767441860465116,0.4186046511627907,43,0.5581395348837208
flowers102,S4,Swin-T,swin_tiny,1,85,0.9736842105263158,0.9473684210526315,38,0.026315789473684292
flowers102,S4,Swin-T,swin_tiny,1,86,0.9534883720930233,0.9534883720930233,43,0.0
flowers102,S4,Swin-T,swin_tiny,1,87,0.8656716417910447,0.7985074626865671,134,0.06716417910447758
flowers102,S4,Swin-T,swin_tiny,1,88,0.9390243902439024,0.25609756097560976,164,0.6829268292682926
flowers102,S4,Swin-T,swin_tiny,1,89,0.8709677419354839,0.0967741935483871,62,0.7741935483870968
flowers102,S4,Swin-T,swin_tiny,1,90,1.0,0.8214285714285714,56,0.1785714285714286
flowers102,S4,Swin-T,swin_tiny,1,91,1.0,0.6956521739130435,46,0.30434782608695654
flowers102,S4,Swin-T,swin_tiny,1,92,0.9615384615384616,0.8846153846153846,26,0.07692307692307698
flowers102,S4,Swin-T,swin_tiny,1,93,0.9788732394366197,0.9366197183098591,142,0.04225352112676062
flowers102,S4,Swin-T,swin_tiny,1,94,0.9537037037037037,0.8888888888888888,108,0.06481481481481488
flowers102,S4,Swin-T,swin_tiny,1,95,0.8591549295774648,0.09859154929577464,71,0.7605633802816901
flowers102,S4,Swin-T,swin_tiny,1,96,0.9130434782608695,0.6521739130434783,46,0.26086956521739124
flowers102,S4,Swin-T,swin_tiny,1,97,0.9354838709677419,0.7741935483870968,62,0.16129032258064513
flowers102,S4,Swin-T,swin_tiny,1,98,0.9534883720930233,0.9069767441860465,43,0.04651162790697683
flowers102,S4,Swin-T,swin_tiny,1,99,0.9655172413793104,0.10344827586206896,29,0.8620689655172414
flowers102,S4,Swin-T,swin_tiny,1,100,0.9473684210526315,0.2894736842105263,38,0.6578947368421052
flowers102,S4,Swin-T,swin_tiny,1,101,1.0,0.7142857142857143,28,0.2857142857142857
flowers102,S4,Swin-T,swin_tiny,2,0,1.0,0.75,20,0.25
flowers102,S4,Swin-T,swin_tiny,2,1,0.975,0.9,40,0.07499999999999996
flowers102,S4,Swin-T,swin_tiny,2,2,0.6,0.4,20,0.19999999999999996
flowers102,S4,Swin-T,swin_tiny,2,3,0.5833333333333334,0.6388888888888888,36,-0.05555555555555547
flowers102,S4,Swin-T,swin_tiny,2,4,0.9777777777777777,0.0,45,0.9777777777777777
flowers102,S4,Swin-T,swin_tiny,2,5,0.96,1.0,25,-0.040000000000000036
flowers102,S4,Swin-T,swin_tiny,2,6,0.95,0.85,20,0.09999999999999998
flowers102,S4,Swin-T,swin_tiny,2,7,1.0,0.49230769230769234,65,0.5076923076923077
flowers102,S4,Swin-T,swin_tiny,2,8,0.9615384615384616,0.2692307692307692,26,0.6923076923076923
flowers102,S4,Swin-T,swin_tiny,2,9,1.0,1.0,25,0.0
flowers102,S4,Swin-T,swin_tiny,2,10,0.9104477611940298,0.23880597014925373,67,0.6716417910447761
flowers102,S4,Swin-T,swin_tiny,2,11,0.9701492537313433,0.6716417910447762,67,0.29850746268656714
flowers102,S4,Swin-T,swin_tiny,2,12,1.0,1.0,29,0.0
flowers102,S4,Swin-T,swin_tiny,2,13,0.9642857142857143,0.9642857142857143,28,0.0
flowers102,S4,Swin-T,swin_tiny,2,14,1.0,0.41379310344827586,29,0.5862068965517242
flowers102,S4,Swin-T,swin_tiny,2,15,0.9047619047619048,0.0,21,0.9047619047619048
flowers102,S4,Swin-T,swin_tiny,2,16,0.9846153846153847,0.7846153846153846,65,0.20000000000000007
flowers102,S4,Swin-T,swin_tiny,2,17,0.9516129032258065,0.8870967741935484,62,0.06451612903225812
flowers102,S4,Swin-T,swin_tiny,2,18,0.9655172413793104,0.896551724137931,29,0.06896551724137934
flowers102,S4,Swin-T,swin_tiny,2,19,0.9722222222222222,0.8055555555555556,36,0.16666666666666663
flowers102,S4,Swin-T,swin_tiny,2,20,1.0,0.7,20,0.30000000000000004
flowers102,S4,Swin-T,swin_tiny,2,21,0.9743589743589743,0.8205128205128205,39,0.15384615384615385
flowers102,S4,Swin-T,swin_tiny,2,22,0.9014084507042254,0.8732394366197183,71,0.028169014084507116
flowers102,S4,Swin-T,swin_tiny,2,23,1.0,0.6818181818181818,22,0.31818181818181823
flowers102,S4,Swin-T,swin_tiny,2,24,1.0,0.9047619047619048,21,0.09523809523809523
flowers102,S4,Swin-T,swin_tiny,2,25,0.8095238095238095,0.0,21,0.8095238095238095
flowers102,S4,Swin-T,swin_tiny,2,26,1.0,0.75,20,0.25
flowers102,S4,Swin-T,swin_tiny,2,27,1.0,0.5217391304347826,46,0.4782608695652174
flowers102,S4,Swin-T,swin_tiny,2,28,1.0,0.603448275862069,58,0.39655172413793105
flowers102,S4,Swin-T,swin_tiny,2,29,0.8461538461538461,0.35384615384615387,65,0.4923076923076923
flowers102,S4,Swin-T,swin_tiny,2,30,0.96875,0.4375,32,0.53125
flowers102,S4,Swin-T,swin_tiny,2,31,0.8,0.6,25,0.20000000000000007
flowers102,S4,Swin-T,swin_tiny,2,32,0.9615384615384616,0.9230769230769231,26,0.038461538461538436
flowers102,S4,Swin-T,swin_tiny,2,33,1.0,0.8,20,0.19999999999999996
flowers102,S4,Swin-T,swin_tiny,2,34,1.0,1.0,23,0.0
flowers102,S4,Swin-T,swin_tiny,2,35,0.9818181818181818,0.9454545454545454,55,0.036363636363636376
flowers102,S4,Swin-T,swin_tiny,2,36,1.0,0.8977272727272727,88,0.10227272727272729
flowers102,S4,Swin-T,swin_tiny,2,37,1.0,1.0,36,0.0
flowers102,S4,Swin-T,swin_tiny,2,38,1.0,0.19047619047619047,21,0.8095238095238095
flowers102,S4,Swin-T,swin_tiny,2,39,0.9148936170212766,0.48936170212765956,47,0.425531914893617
flowers102,S4,Swin-T,swin_tiny,2,40,0.9252336448598131,0.9345794392523364,107,-0.009345794392523366
flowers102,S4,Swin-T,swin_tiny,2,41,0.9743589743589743,0.38461538461538464,39,0.5897435897435896
flowers102,S4,Swin-T,swin_tiny,2,42,0.7818181818181819,0.3,110,0.48181818181818187
flowers102,S4,Swin-T,swin_tiny,2,43,1.0,0.9863013698630136,73,0.013698630136986356
flowers102,S4,Swin-T,swin_tiny,2,44,1.0,0.95,20,0.050000000000000044
flowers102,S4,Swin-T,swin_tiny,2,45,0.9659090909090909,0.005681818181818182,176,0.9602272727272727
flowers102,S4,Swin-T,swin_tiny,2,46,1.0,0.0851063829787234,47,0.9148936170212766
flowers102,S4,Swin-T,swin_tiny,2,47,0.9607843137254902,0.5098039215686274,51,0.4509803921568628
flowers102,S4,Swin-T,swin_tiny,2,48,1.0,0.9310344827586207,29,0.06896551724137934
flowers102,S4,Swin-T,swin_tiny,2,49,0.9722222222222222,0.08333333333333333,72,0.8888888888888888
flowers102,S4,Swin-T,swin_tiny,2,50,0.7226890756302521,0.6596638655462185,238,0.06302521008403361
flowers102,S4,Swin-T,swin_tiny,2,51,1.0,0.8615384615384616,65,0.1384615384615384
flowers102,S4,Swin-T,swin_tiny,2,52,0.6986301369863014,0.6438356164383562,73,0.0547945205479452
flowers102,S4,Swin-T,swin_tiny,2,53,1.0,0.5853658536585366,41,0.41463414634146345
flowers102,S4,Swin-T,swin_tiny,2,54,0.9607843137254902,0.35294117647058826,51,0.607843137254902
flowers102,S4,Swin-T,swin_tiny,2,55,1.0,0.5842696629213483,89,0.4157303370786517
flowers102,S4,Swin-T,swin_tiny,2,56,1.0,1.0,47,0.0
flowers102,S4,Swin-T,swin_tiny,2,57,1.0,0.5425531914893617,94,0.45744680851063835
flowers102,S4,Swin-T,swin_tiny,2,58,1.0,0.0,47,1.0
flowers102,S4,Swin-T,swin_tiny,2,59,1.0,0.8089887640449438,89,0.1910112359550562
flowers102,S4,Swin-T,swin_tiny,2,60,1.0,0.3333333333333333,30,0.6666666666666667
flowers102,S4,Swin-T,swin_tiny,2,61,0.9142857142857143,0.0,35,0.9142857142857143
flowers102,S4,Swin-T,swin_tiny,2,62,1.0,0.38235294117647056,34,0.6176470588235294
flowers102,S4,Swin-T,swin_tiny,2,63,1.0,0.875,32,0.125
flowers102,S4,Swin-T,swin_tiny,2,64,0.975609756097561,0.4878048780487805,82,0.4878048780487805
flowers102,S4,Swin-T,swin_tiny,2,65,1.0,0.8780487804878049,41,0.12195121951219512
flowers102,S4,Swin-T,swin_tiny,2,66,1.0,0.45454545454545453,22,0.5454545454545454
flowers102,S4,Swin-T,swin_tiny,2,67,1.0,1.0,34,0.0
flowers102,S4,Swin-T,swin_tiny,2,68,1.0,0.9705882352941176,34,0.02941176470588236
flowers102,S4,Swin-T,swin_tiny,2,69,1.0,0.9761904761904762,42,0.023809523809523836
flowers102,S4,Swin-T,swin_tiny,2,70,1.0,0.1206896551724138,58,0.8793103448275862
flowers102,S4,Swin-T,swin_tiny,2,71,0.8947368421052632,0.4868421052631579,76,0.40789473684210525
flowers102,S4,Swin-T,swin_tiny,2,72,0.9655172413793104,0.8218390804597702,174,0.14367816091954022
flowers102,S4,Swin-T,swin_tiny,2,73,0.8741721854304636,0.23841059602649006,151,0.6357615894039735
flowers102,S4,Swin-T,swin_tiny,2,74,0.99,0.92,100,0.06999999999999995
flowers102,S4,Swin-T,swin_tiny,2,75,0.9655172413793104,0.6781609195402298,87,0.28735632183908055
flowers102,S4,Swin-T,swin_tiny,2,76,0.9826839826839827,0.922077922077922,231,0.06060606060606066
flowers102,S4,Swin-T,swin_tiny,2,77,0.9316239316239316,0.8974358974358975,117,0.03418803418803418
flowers102,S4,Swin-T,swin_tiny,2,78,1.0,0.9047619047619048,21,0.09523809523809523
flowers102,S4,Swin-T,swin_tiny,2,79,0.9764705882352941,0.6588235294117647,85,0.3176470588235294
flowers102,S4,Swin-T,swin_tiny,2,80,1.0,0.5273972602739726,146,0.4726027397260274
flowers102,S4,Swin-T,swin_tiny,2,81,0.9130434782608695,0.7934782608695652,92,0.11956521739130432
flowers102,S4,Swin-T,swin_tiny,2,82,0.8648648648648649,0.6486486486486487,111,0.21621621621621623
flowers102,S4,Swin-T,swin_tiny,2,83,0.8636363636363636,0.5303030303030303,66,0.33333333333333337
flowers102,S4,Swin-T,swin_tiny,2,84,0.9767441860465116,0.5581395348837209,43,0.41860465116279066
flowers102,S4,Swin-T,swin_tiny,2,85,1.0,0.9736842105263158,38,0.02631578947368418
flowers102,S4,Swin-T,swin_tiny,2,86,0.9767441860465116,0.9302325581395349,43,0.046511627906976716
flowers102,S4,Swin-T,swin_tiny,2,87,0.8805970149253731,0.7164179104477612,134,0.16417910447761197
flowers102,S4,Swin-T,swin_tiny,2,88,0.975609756097561,0.07317073170731707,164,0.9024390243902439
flowers102,S4,Swin-T,swin_tiny,2,89,0.8870967741935484,0.08064516129032258,62,0.8064516129032258
flowers102,S4,Swin-T,swin_tiny,2,90,1.0,0.8928571428571429,56,0.1071428571428571
flowers102,S4,Swin-T,swin_tiny,2,91,0.9782608695652174,0.6304347826086957,46,0.34782608695652173
flowers102,S4,Swin-T,swin_tiny,2,92,0.9230769230769231,0.7692307692307693,26,0.15384615384615385
flowers102,S4,Swin-T,swin_tiny,2,93,0.9647887323943662,0.9366197183098591,142,0.028169014084507116
flowers102,S4,Swin-T,swin_tiny,2,94,0.9537037037037037,0.8518518518518519,108,0.10185185185185186
flowers102,S4,Swin-T,swin_tiny,2,95,0.8450704225352113,0.23943661971830985,71,0.6056338028169014
flowers102,S4,Swin-T,swin_tiny,2,96,0.8260869565217391,0.8260869565217391,46,0.0
flowers102,S4,Swin-T,swin_tiny,2,97,0.9193548387096774,0.6612903225806451,62,0.25806451612903225
flowers102,S4,Swin-T,swin_tiny,2,98,0.9534883720930233,0.9767441860465116,43,-0.023255813953488302
flowers102,S4,Swin-T,swin_tiny,2,99,1.0,0.0,29,1.0
flowers102,S4,Swin-T,swin_tiny,2,100,1.0,0.39473684210526316,38,0.6052631578947368
flowers102,S4,Swin-T,swin_tiny,2,101,0.9642857142857143,0.7857142857142857,28,0.1785714285714286
flowers102,S4,Swin-T,swin_tiny,3,0,1.0,0.9,20,0.09999999999999998
flowers102,S4,Swin-T,swin_tiny,3,1,0.95,0.925,40,0.02499999999999991
flowers102,S4,Swin-T,swin_tiny,3,2,0.65,0.35,20,0.30000000000000004
flowers102,S4,Swin-T,swin_tiny,3,3,0.6944444444444444,0.6388888888888888,36,0.05555555555555558
flowers102,S4,Swin-T,swin_tiny,3,4,0.9333333333333333,0.0,45,0.9333333333333333
flowers102,S4,Swin-T,swin_tiny,3,5,1.0,1.0,25,0.0
flowers102,S4,Swin-T,swin_tiny,3,6,1.0,0.85,20,0.15000000000000002
flowers102,S4,Swin-T,swin_tiny,3,7,1.0,0.8769230769230769,65,0.12307692307692308
flowers102,S4,Swin-T,swin_tiny,3,8,0.9615384615384616,0.46153846153846156,26,0.5
flowers102,S4,Swin-T,swin_tiny,3,9,1.0,1.0,25,0.0
flowers102,S4,Swin-T,swin_tiny,3,10,0.8507462686567164,0.13432835820895522,67,0.7164179104477613
flowers102,S4,Swin-T,swin_tiny,3,11,0.9701492537313433,0.7313432835820896,67,0.23880597014925375
flowers102,S4,Swin-T,swin_tiny,3,12,1.0,1.0,29,0.0
flowers102,S4,Swin-T,swin_tiny,3,13,1.0,1.0,28,0.0
flowers102,S4,Swin-T,swin_tiny,3,14,1.0,0.20689655172413793,29,0.7931034482758621
flowers102,S4,Swin-T,swin_tiny,3,15,0.9523809523809523,0.0,21,0.9523809523809523
flowers102,S4,Swin-T,swin_tiny,3,16,0.9846153846153847,0.8461538461538461,65,0.13846153846153852
flowers102,S4,Swin-T,swin_tiny,3,17,0.9354838709677419,0.9838709677419355,62,-0.048387096774193616
flowers102,S4,Swin-T,swin_tiny,3,18,0.9655172413793104,0.9310344827586207,29,0.034482758620689724
flowers102,S4,Swin-T,swin_tiny,3,19,1.0,0.8055555555555556,36,0.19444444444444442
flowers102,S4,Swin-T,swin_tiny,3,20,1.0,0.75,20,0.25
flowers102,S4,Swin-T,swin_tiny,3,21,0.9743589743589743,0.9487179487179487,39,0.02564102564102566
flowers102,S4,Swin-T,swin_tiny,3,22,0.8732394366197183,0.8732394366197183,71,0.0
flowers102,S4,Swin-T,swin_tiny,3,23,1.0,0.7727272727272727,22,0.2272727272727273
flowers102,S4,Swin-T,swin_tiny,3,24,1.0,0.9047619047619048,21,0.09523809523809523
flowers102,S4,Swin-T,swin_tiny,3,25,0.8571428571428571,0.14285714285714285,21,0.7142857142857142
flowers102,S4,Swin-T,swin_tiny,3,26,1.0,0.75,20,0.25
flowers102,S4,Swin-T,swin_tiny,3,27,1.0,0.30434782608695654,46,0.6956521739130435
flowers102,S4,Swin-T,swin_tiny,3,28,0.9655172413793104,0.7758620689655172,58,0.18965517241379315
flowers102,S4,Swin-T,swin_tiny,3,29,0.8615384615384616,0.6307692307692307,65,0.23076923076923084
flowers102,S4,Swin-T,swin_tiny,3,30,0.96875,0.71875,32,0.25
flowers102,S4,Swin-T,swin_tiny,3,31,0.76,0.76,25,0.0
flowers102,S4,Swin-T,swin_tiny,3,32,0.9615384615384616,0.9230769230769231,26,0.038461538461538436
flowers102,S4,Swin-T,swin_tiny,3,33,1.0,0.9,20,0.09999999999999998
flowers102,S4,Swin-T,swin_tiny,3,34,1.0,1.0,23,0.0
flowers102,S4,Swin-T,swin_tiny,3,35,0.9818181818181818,1.0,55,-0.018181818181818188
flowers102,S4,Swin-T,swin_tiny,3,36,0.9886363636363636,0.9659090909090909,88,0.022727272727272707
flowers102,S4,Swin-T,swin_tiny,3,37,1.0,1.0,36,0.0
flowers102,S4,Swin-T,swin_tiny,3,38,0.9523809523809523,0.5238095238095238,21,0.4285714285714285
flowers102,S4,Swin-T,swin_tiny,3,39,0.9574468085106383,0.8085106382978723,47,0.14893617021276606
flowers102,S4,Swin-T,swin_tiny,3,40,0.9626168224299065,0.9158878504672897,107,0.04672897196261683
flowers102,S4,Swin-T,swin_tiny,3,41,0.9743589743589743,0.3076923076923077,39,0.6666666666666666
flowers102,S4,Swin-T,swin_tiny,3,42,0.7,0.5818181818181818,110,0.11818181818181817
flowers102,S4,Swin-T,swin_tiny,3,43,1.0,0.9178082191780822,73,0.0821917808219178
flowers102,S4,Swin-T,swin_tiny,3,44,1.0,0.85,20,0.15000000000000002
flowers102,S4,Swin-T,swin_tiny,3,45,0.9715909090909091,0.3125,176,0.6590909090909091
flowers102,S4,Swin-T,swin_tiny,3,46,1.0,0.3617021276595745,47,0.6382978723404256
flowers102,S4,Swin-T,swin_tiny,3,47,0.9607843137254902,0.17647058823529413,51,0.7843137254901961
flowers102,S4,Swin-T,swin_tiny,3,48,1.0,0.9655172413793104,29,0.03448275862068961
flowers102,S4,Swin-T,swin_tiny,3,49,0.9444444444444444,0.6527777777777778,72,0.29166666666666663
flowers102,S4,Swin-T,swin_tiny,3,50,0.6722689075630253,0.6512605042016807,238,0.021008403361344574
flowers102,S4,Swin-T,swin_tiny,3,51,0.9846153846153847,0.9538461538461539,65,0.03076923076923077
flowers102,S4,Swin-T,swin_tiny,3,52,0.7397260273972602,0.3150684931506849,73,0.4246575342465753
flowers102,S4,Swin-T,swin_tiny,3,53,1.0,0.8536585365853658,41,0.14634146341463417
flowers102,S4,Swin-T,swin_tiny,3,54,0.9803921568627451,0.7058823529411765,51,0.27450980392156854
flowers102,S4,Swin-T,swin_tiny,3,55,1.0,0.47191011235955055,89,0.5280898876404494
flowers102,S4,Swin-T,swin_tiny,3,56,1.0,1.0,47,0.0
flowers102,S4,Swin-T,swin_tiny,3,57,1.0,0.2872340425531915,94,0.7127659574468085
flowers102,S4,Swin-T,swin_tiny,3,58,1.0,0.3191489361702128,47,0.6808510638297872
flowers102,S4,Swin-T,swin_tiny,3,59,0.9887640449438202,0.9213483146067416,89,0.0674157303370786
flowers102,S4,Swin-T,swin_tiny,3,60,1.0,0.7333333333333333,30,0.2666666666666667
flowers102,S4,Swin-T,swin_tiny,3,61,0.9714285714285714,0.08571428571428572,35,0.8857142857142857
flowers102,S4,Swin-T,swin_tiny,3,62,1.0,1.0,34,0.0
flowers102,S4,Swin-T,swin_tiny,3,63,1.0,1.0,32,0.0
flowers102,S4,Swin-T,swin_tiny,3,64,1.0,0.6219512195121951,82,0.3780487804878049
flowers102,S4,Swin-T,swin_tiny,3,65,1.0,1.0,41,0.0
flowers102,S4,Swin-T,swin_tiny,3,66,0.9090909090909091,0.6363636363636364,22,0.2727272727272727
flowers102,S4,Swin-T,swin_tiny,3,67,0.9705882352941176,0.9705882352941176,34,0.0
flowers102,S4,Swin-T,swin_tiny,3,68,1.0,1.0,34,0.0
flowers102,S4,Swin-T,swin_tiny,3,69,1.0,0.5476190476190477,42,0.45238095238095233
flowers102,S4,Swin-T,swin_tiny,3,70,1.0,0.29310344827586204,58,0.7068965517241379
flowers102,S4,Swin-T,swin_tiny,3,71,0.868421052631579,0.7368421052631579,76,0.13157894736842113
flowers102,S4,Swin-T,swin_tiny,3,72,0.9770114942528736,0.8735632183908046,174,0.10344827586206895
flowers102,S4,Swin-T,swin_tiny,3,73,0.8344370860927153,0.2185430463576159,151,0.6158940397350994
flowers102,S4,Swin-T,swin_tiny,3,74,0.96,0.95,100,0.010000000000000009
flowers102,S4,Swin-T,swin_tiny,3,75,0.9655172413793104,0.5402298850574713,87,0.4252873563218391
flowers102,S4,Swin-T,swin_tiny,3,76,0.961038961038961,0.9177489177489178,231,0.04329004329004327
flowers102,S4,Swin-T,swin_tiny,3,77,0.9743589743589743,0.8632478632478633,117,0.11111111111111105
flowers102,S4,Swin-T,swin_tiny,3,78,1.0,0.9523809523809523,21,0.04761904761904767
flowers102,S4,Swin-T,swin_tiny,3,79,0.9882352941176471,0.7529411764705882,85,0.23529411764705888
flowers102,S4,Swin-T,swin_tiny,3,80,1.0,0.4178082191780822,146,0.5821917808219178
flowers102,S4,Swin-T,swin_tiny,3,81,0.9565217391304348,0.8804347826086957,92,0.07608695652173914
flowers102,S4,Swin-T,swin_tiny,3,82,0.8198198198198198,0.36936936936936937,111,0.4504504504504504
flowers102,S4,Swin-T,swin_tiny,3,83,0.7878787878787878,0.18181818181818182,66,0.606060606060606
flowers102,S4,Swin-T,swin_tiny,3,84,1.0,0.7674418604651163,43,0.2325581395348837
flowers102,S4,Swin-T,swin_tiny,3,85,0.9736842105263158,0.9473684210526315,38,0.026315789473684292
flowers102,S4,Swin-T,swin_tiny,3,86,1.0,1.0,43,0.0
flowers102,S4,Swin-T,swin_tiny,3,87,0.8731343283582089,0.746268656716418,134,0.12686567164179097
flowers102,S4,Swin-T,swin_tiny,3,88,0.9695121951219512,0.5487804878048781,164,0.4207317073170731
flowers102,S4,Swin-T,swin_tiny,3,89,0.8064516129032258,0.20967741935483872,62,0.596774193548387
flowers102,S4,Swin-T,swin_tiny,3,90,0.9821428571428571,0.9285714285714286,56,0.05357142857142849
flowers102,S4,Swin-T,swin_tiny,3,91,0.9565217391304348,0.4782608695652174,46,0.4782608695652174
flowers102,S4,Swin-T,swin_tiny,3,92,0.9615384615384616,0.8846153846153846,26,0.07692307692307698
flowers102,S4,Swin-T,swin_tiny,3,93,0.9929577464788732,0.9859154929577465,142,0.007042253521126751
flowers102,S4,Swin-T,swin_tiny,3,94,0.9537037037037037,0.9074074074074074,108,0.04629629629629628
flowers102,S4,Swin-T,swin_tiny,3,95,0.8169014084507042,0.39436619718309857,71,0.4225352112676057
flowers102,S4,Swin-T,swin_tiny,3,96,0.8695652173913043,0.6086956521739131,46,0.26086956521739124
flowers102,S4,Swin-T,swin_tiny,3,97,0.9516129032258065,0.7903225806451613,62,0.16129032258064524
flowers102,S4,Swin-T,swin_tiny,3,98,0.9534883720930233,0.9302325581395349,43,0.023255813953488413
flowers102,S4,Swin-T,swin_tiny,3,99,1.0,0.4482758620689655,29,0.5517241379310345
flowers102,S4,Swin-T,swin_tiny,3,100,0.9473684210526315,0.47368421052631576,38,0.47368421052631576
flowers102,S4,Swin-T,swin_tiny,3,101,0.9642857142857143,0.8571428571428571,28,0.1071428571428572
flowers102,S4,Swin-T,swin_tiny,4,0,1.0,0.75,20,0.25
flowers102,S4,Swin-T,swin_tiny,4,1,0.975,0.975,40,0.0
flowers102,S4,Swin-T,swin_tiny,4,2,0.6,0.65,20,-0.050000000000000044
flowers102,S4,Swin-T,swin_tiny,4,3,0.6111111111111112,0.7222222222222222,36,-0.11111111111111105
flowers102,S4,Swin-T,swin_tiny,4,4,0.9111111111111111,0.06666666666666667,45,0.8444444444444444
flowers102,S4,Swin-T,swin_tiny,4,5,1.0,0.88,25,0.12
flowers102,S4,Swin-T,swin_tiny,4,6,1.0,0.8,20,0.19999999999999996
flowers102,S4,Swin-T,swin_tiny,4,7,1.0,0.8307692307692308,65,0.16923076923076918
flowers102,S4,Swin-T,swin_tiny,4,8,1.0,0.2692307692307692,26,0.7307692307692308
flowers102,S4,Swin-T,swin_tiny,4,9,1.0,1.0,25,0.0
flowers102,S4,Swin-T,swin_tiny,4,10,0.8656716417910447,0.7014925373134329,67,0.16417910447761186
flowers102,S4,Swin-T,swin_tiny,4,11,0.9701492537313433,0.16417910447761194,67,0.8059701492537313
flowers102,S4,Swin-T,swin_tiny,4,12,1.0,0.9310344827586207,29,0.06896551724137934
flowers102,S4,Swin-T,swin_tiny,4,13,1.0,0.9642857142857143,28,0.0357142857142857
flowers102,S4,Swin-T,swin_tiny,4,14,1.0,0.10344827586206896,29,0.896551724137931
flowers102,S4,Swin-T,swin_tiny,4,15,0.9047619047619048,0.3333333333333333,21,0.5714285714285714
flowers102,S4,Swin-T,swin_tiny,4,16,0.9846153846153847,0.8307692307692308,65,0.15384615384615385
flowers102,S4,Swin-T,swin_tiny,4,17,0.9354838709677419,0.967741935483871,62,-0.032258064516129115
flowers102,S4,Swin-T,swin_tiny,4,18,1.0,0.8275862068965517,29,0.1724137931034483
flowers102,S4,Swin-T,swin_tiny,4,19,0.9722222222222222,0.5277777777777778,36,0.4444444444444444
flowers102,S4,Swin-T,swin_tiny,4,20,1.0,0.45,20,0.55
flowers102,S4,Swin-T,swin_tiny,4,21,0.9743589743589743,0.9487179487179487,39,0.02564102564102566
flowers102,S4,Swin-T,swin_tiny,4,22,0.8732394366197183,0.8873239436619719,71,-0.014084507042253613
flowers102,S4,Swin-T,swin_tiny,4,23,1.0,0.9090909090909091,22,0.09090909090909094
flowers102,S4,Swin-T,swin_tiny,4,24,1.0,0.8571428571428571,21,0.1428571428571429
flowers102,S4,Swin-T,swin_tiny,4,25,0.8571428571428571,0.09523809523809523,21,0.7619047619047619
flowers102,S4,Swin-T,swin_tiny,4,26,1.0,0.4,20,0.6
flowers102,S4,Swin-T,swin_tiny,4,27,0.9782608695652174,0.13043478260869565,46,0.8478260869565217
flowers102,S4,Swin-T,swin_tiny,4,28,0.9655172413793104,0.4827586206896552,58,0.4827586206896552
flowers102,S4,Swin-T,swin_tiny,4,29,0.8769230769230769,0.7538461538461538,65,0.12307692307692308
flowers102,S4,Swin-T,swin_tiny,4,30,0.96875,0.875,32,0.09375
flowers102,S4,Swin-T,swin_tiny,4,31,0.88,0.88,25,0.0
flowers102,S4,Swin-T,swin_tiny,4,32,0.9615384615384616,0.8846153846153846,26,0.07692307692307698
flowers102,S4,Swin-T,swin_tiny,4,33,1.0,0.95,20,0.050000000000000044
flowers102,S4,Swin-T,swin_tiny,4,34,1.0,0.9565217391304348,23,0.04347826086956519
flowers102,S4,Swin-T,swin_tiny,4,35,0.9818181818181818,0.9272727272727272,55,0.054545454545454564
flowers102,S4,Swin-T,swin_tiny,4,36,0.9886363636363636,0.9659090909090909,88,0.022727272727272707
flowers102,S4,Swin-T,swin_tiny,4,37,1.0,1.0,36,0.0
flowers102,S4,Swin-T,swin_tiny,4,38,0.9523809523809523,0.7142857142857143,21,0.23809523809523803
flowers102,S4,Swin-T,swin_tiny,4,39,0.9148936170212766,0.5957446808510638,47,0.3191489361702128
flowers102,S4,Swin-T,swin_tiny,4,40,0.9626168224299065,0.9439252336448598,107,0.01869158878504673
flowers102,S4,Swin-T,swin_tiny,4,41,0.9487179487179487,0.6666666666666666,39,0.28205128205128205
flowers102,S4,Swin-T,swin_tiny,4,42,0.7636363636363637,0.5818181818181818,110,0.18181818181818188
flowers102,S4,Swin-T,swin_tiny,4,43,1.0,0.9726027397260274,73,0.0273972602739726
flowers102,S4,Swin-T,swin_tiny,4,44,1.0,0.85,20,0.15000000000000002
flowers102,S4,Swin-T,swin_tiny,4,45,0.9772727272727273,0.125,176,0.8522727272727273
flowers102,S4,Swin-T,swin_tiny,4,46,1.0,0.6382978723404256,47,0.36170212765957444
flowers102,S4,Swin-T,swin_tiny,4,47,0.9607843137254902,0.47058823529411764,51,0.4901960784313726
flowers102,S4,Swin-T,swin_tiny,4,48,1.0,0.9655172413793104,29,0.03448275862068961
flowers102,S4,Swin-T,swin_tiny,4,49,0.9583333333333334,0.7361111111111112,72,0.2222222222222222
flowers102,S4,Swin-T,swin_tiny,4,50,0.6302521008403361,0.8025210084033614,238,-0.17226890756302526
flowers102,S4,Swin-T,swin_tiny,4,51,1.0,0.8307692307692308,65,0.16923076923076918
flowers102,S4,Swin-T,swin_tiny,4,52,0.7808219178082192,0.2465753424657534,73,0.5342465753424658
flowers102,S4,Swin-T,swin_tiny,4,53,1.0,0.5853658536585366,41,0.41463414634146345
flowers102,S4,Swin-T,swin_tiny,4,54,0.9607843137254902,0.7254901960784313,51,0.23529411764705888
flowers102,S4,Swin-T,swin_tiny,4,55,1.0,0.6741573033707865,89,0.3258426966292135
flowers102,S4,Swin-T,swin_tiny,4,56,0.9787234042553191,0.9787234042553191,47,0.0
flowers102,S4,Swin-T,swin_tiny,4,57,1.0,0.8191489361702128,94,0.18085106382978722
flowers102,S4,Swin-T,swin_tiny,4,58,1.0,0.23404255319148937,47,0.7659574468085106
flowers102,S4,Swin-T,swin_tiny,4,59,1.0,0.9662921348314607,89,0.0337078651685393
flowers102,S4,Swin-T,swin_tiny,4,60,1.0,0.06666666666666667,30,0.9333333333333333
flowers102,S4,Swin-T,swin_tiny,4,61,0.9428571428571428,0.2571428571428571,35,0.6857142857142857
flowers102,S4,Swin-T,swin_tiny,4,62,1.0,0.0,34,1.0
flowers102,S4,Swin-T,swin_tiny,4,63,1.0,0.84375,32,0.15625
flowers102,S4,Swin-T,swin_tiny,4,64,0.9512195121951219,0.573170731707317,82,0.3780487804878049
flowers102,S4,Swin-T,swin_tiny,4,65,1.0,1.0,41,0.0
flowers102,S4,Swin-T,swin_tiny,4,66,0.9090909090909091,0.36363636363636365,22,0.5454545454545454
flowers102,S4,Swin-T,swin_tiny,4,67,0.9705882352941176,0.9411764705882353,34,0.02941176470588236
flowers102,S4,Swin-T,swin_tiny,4,68,1.0,0.8235294117647058,34,0.17647058823529416
flowers102,S4,Swin-T,swin_tiny,4,69,1.0,0.5238095238095238,42,0.47619047619047616
flowers102,S4,Swin-T,swin_tiny,4,70,1.0,0.08620689655172414,58,0.9137931034482758
flowers102,S4,Swin-T,swin_tiny,4,71,0.8947368421052632,0.8026315789473685,76,0.09210526315789469
flowers102,S4,Swin-T,swin_tiny,4,72,0.9712643678160919,0.896551724137931,174,0.07471264367816088
flowers102,S4,Swin-T,swin_tiny,4,73,0.8741721854304636,0.39072847682119205,151,0.48344370860927155
flowers102,S4,Swin-T,swin_tiny,4,74,1.0,0.98,100,0.020000000000000018
flowers102,S4,Swin-T,swin_tiny,4,75,0.9310344827586207,0.5747126436781609,87,0.3563218390804598
flowers102,S4,Swin-T,swin_tiny,4,76,0.9567099567099567,0.8658008658008658,231,0.09090909090909094
flowers102,S4,Swin-T,swin_tiny,4,77,0.9487179487179487,0.8974358974358975,117,0.05128205128205121
flowers102,S4,Swin-T,swin_tiny,4,78,1.0,0.9523809523809523,21,0.04761904761904767
flowers102,S4,Swin-T,swin_tiny,4,79,1.0,0.788235294117647,85,0.21176470588235297
flowers102,S4,Swin-T,swin_tiny,4,80,0.9794520547945206,0.273972602739726,146,0.7054794520547946
flowers102,S4,Swin-T,swin_tiny,4,81,0.9239130434782609,0.6195652173913043,92,0.30434782608695654
flowers102,S4,Swin-T,swin_tiny,4,82,0.8828828828828829,0.6306306306306306,111,0.25225225225225223
flowers102,S4,Swin-T,swin_tiny,4,83,0.7424242424242424,0.2878787878787879,66,0.45454545454545453
flowers102,S4,Swin-T,swin_tiny,4,84,0.9767441860465116,0.8372093023255814,43,0.13953488372093015
flowers102,S4,Swin-T,swin_tiny,4,85,1.0,0.9473684210526315,38,0.052631578947368474
flowers102,S4,Swin-T,swin_tiny,4,86,0.9767441860465116,0.8837209302325582,43,0.09302325581395343
flowers102,S4,Swin-T,swin_tiny,4,87,0.8432835820895522,0.8059701492537313,134,0.03731343283582089
flowers102,S4,Swin-T,swin_tiny,4,88,0.9390243902439024,0.25,164,0.6890243902439024
flowers102,S4,Swin-T,swin_tiny,4,89,0.8064516129032258,0.41935483870967744,62,0.3870967741935483
flowers102,S4,Swin-T,swin_tiny,4,90,0.9642857142857143,0.8571428571428571,56,0.1071428571428572
flowers102,S4,Swin-T,swin_tiny,4,91,0.9782608695652174,0.8043478260869565,46,0.17391304347826086
flowers102,S4,Swin-T,swin_tiny,4,92,0.9230769230769231,0.7692307692307693,26,0.15384615384615385
flowers102,S4,Swin-T,swin_tiny,4,93,0.9788732394366197,0.9788732394366197,142,0.0
flowers102,S4,Swin-T,swin_tiny,4,94,0.9629629629629629,0.9351851851851852,108,0.02777777777777768
flowers102,S4,Swin-T,swin_tiny,4,95,0.8591549295774648,0.4084507042253521,71,0.45070422535211263
flowers102,S4,Swin-T,swin_tiny,4,96,0.9130434782608695,0.6521739130434783,46,0.26086956521739124
flowers102,S4,Swin-T,swin_tiny,4,97,0.9516129032258065,0.7741935483870968,62,0.17741935483870974
flowers102,S4,Swin-T,swin_tiny,4,98,0.9534883720930233,0.9534883720930233,43,0.0
flowers102,S4,Swin-T,swin_tiny,4,99,1.0,0.13793103448275862,29,0.8620689655172413
flowers102,S4,Swin-T,swin_tiny,4,100,1.0,0.3684210526315789,38,0.631578947368421
flowers102,S4,Swin-T,swin_tiny,4,101,0.9642857142857143,0.07142857142857142,28,0.8928571428571429
