[20:27:14] INFO dataset=cub200 models=['resnet50', 'convnext_tiny', 'vit_small', 'swin_tiny'] seeds=[0, 1, 2] epochs=None
[20:27:14] INFO ==== cub200 / resnet50 / seed0 ====
[20:27:16] INFO [train] cub200/resnet50/seed0 epochs=60 device=cuda n_train=5994 n_val=5794 bs=64 accum=1
[20:27:59] INFO   ep1: train_loss=5.2936 val_acc=0.0060 val_f1=0.0026 val_uar=0.0061 lr=4.00e-05
[20:28:10] INFO   ep2: train_loss=5.2617 val_acc=0.0219 val_f1=0.0154 val_uar=0.0220 lr=6.00e-05
[20:28:21] INFO   ep3: train_loss=5.1796 val_acc=0.1122 val_f1=0.0958 val_uar=0.1127 lr=8.00e-05
[20:28:33] INFO   ep4: train_loss=4.8737 val_acc=0.2922 val_f1=0.2645 val_uar=0.2942 lr=1.00e-04
[20:28:44] INFO   ep5: train_loss=3.9986 val_acc=0.4653 val_f1=0.4388 val_uar=0.4663 lr=1.00e-04
[20:28:56] INFO   ep6: train_loss=3.1067 val_acc=0.5816 val_f1=0.5564 val_uar=0.5839 lr=9.99e-05
[20:29:07] INFO   ep7: train_loss=2.5592 val_acc=0.6553 val_f1=0.6397 val_uar=0.6565 lr=9.97e-05
[20:29:19] INFO   ep8: train_loss=2.2086 val_acc=0.6980 val_f1=0.6890 val_uar=0.6991 lr=9.93e-05
[20:29:30] INFO   ep9: train_loss=1.9618 val_acc=0.7278 val_f1=0.7204 val_uar=0.7296 lr=9.87e-05
[20:29:41] INFO   ep10: train_loss=1.7854 val_acc=0.7440 val_f1=0.7405 val_uar=0.7465 lr=9.80e-05
[20:29:53] INFO   ep11: train_loss=1.6485 val_acc=0.7601 val_f1=0.7575 val_uar=0.7624 lr=9.71e-05
[20:30:05] INFO   ep12: train_loss=1.5493 val_acc=0.7667 val_f1=0.7622 val_uar=0.7692 lr=9.61e-05
[20:30:16] INFO   ep13: train_loss=1.4733 val_acc=0.7755 val_f1=0.7743 val_uar=0.7777 lr=9.49e-05
[20:30:28] INFO   ep14: train_loss=1.3953 val_acc=0.7806 val_f1=0.7798 val_uar=0.7822 lr=9.35e-05
[20:30:39] INFO   ep15: train_loss=1.3425 val_acc=0.7849 val_f1=0.7841 val_uar=0.7870 lr=9.21e-05
[20:30:51] INFO   ep16: train_loss=1.2945 val_acc=0.7877 val_f1=0.7876 val_uar=0.7900 lr=9.05e-05
[20:31:03] INFO   ep17: train_loss=1.2538 val_acc=0.7898 val_f1=0.7885 val_uar=0.7918 lr=8.87e-05
[20:31:14] INFO   ep18: train_loss=1.2154 val_acc=0.7967 val_f1=0.7958 val_uar=0.7987 lr=8.68e-05
[20:31:26] INFO   ep19: train_loss=1.1848 val_acc=0.7946 val_f1=0.7944 val_uar=0.7965 lr=8.48e-05
[20:31:37] INFO   ep20: train_loss=1.1600 val_acc=0.7938 val_f1=0.7940 val_uar=0.7958 lr=8.27e-05
[20:31:49] INFO   ep21: train_loss=1.1342 val_acc=0.7958 val_f1=0.7956 val_uar=0.7978 lr=8.05e-05
[20:32:01] INFO   ep22: train_loss=1.1165 val_acc=0.7994 val_f1=0.7992 val_uar=0.8014 lr=7.82e-05
[20:32:12] INFO   ep23: train_loss=1.0940 val_acc=0.7967 val_f1=0.7972 val_uar=0.7987 lr=7.58e-05
[20:32:24] INFO   ep24: train_loss=1.0777 val_acc=0.7998 val_f1=0.8007 val_uar=0.8019 lr=7.33e-05
[20:32:36] INFO   ep25: train_loss=1.0628 val_acc=0.8007 val_f1=0.8013 val_uar=0.8025 lr=7.08e-05
[20:32:47] INFO   ep26: train_loss=1.0444 val_acc=0.7981 val_f1=0.7989 val_uar=0.8002 lr=6.81e-05
[20:32:58] INFO   ep27: train_loss=1.0387 val_acc=0.7982 val_f1=0.7996 val_uar=0.8000 lr=6.55e-05
[20:33:10] INFO   ep28: train_loss=1.0308 val_acc=0.8026 val_f1=0.8031 val_uar=0.8046 lr=6.27e-05
[20:33:21] INFO   ep29: train_loss=1.0220 val_acc=0.8017 val_f1=0.8022 val_uar=0.8037 lr=5.99e-05
[20:33:33] INFO   ep30: train_loss=1.0095 val_acc=0.8010 val_f1=0.8016 val_uar=0.8033 lr=5.71e-05
[20:33:44] INFO   ep31: train_loss=1.0041 val_acc=0.8020 val_f1=0.8030 val_uar=0.8042 lr=5.43e-05
[20:33:55] INFO   ep32: train_loss=0.9951 val_acc=0.8005 val_f1=0.8015 val_uar=0.8025 lr=5.14e-05
[20:34:07] INFO   ep33: train_loss=0.9924 val_acc=0.8034 val_f1=0.8038 val_uar=0.8058 lr=4.86e-05
[20:34:18] INFO   ep34: train_loss=0.9844 val_acc=0.8017 val_f1=0.8022 val_uar=0.8036 lr=4.57e-05
[20:34:30] INFO   ep35: train_loss=0.9833 val_acc=0.8022 val_f1=0.8031 val_uar=0.8043 lr=4.29e-05
[20:34:41] INFO   ep36: train_loss=0.9771 val_acc=0.8024 val_f1=0.8027 val_uar=0.8043 lr=4.01e-05
[20:34:53] INFO   ep37: train_loss=0.9714 val_acc=0.8062 val_f1=0.8069 val_uar=0.8081 lr=3.73e-05
[20:35:04] INFO   ep38: train_loss=0.9703 val_acc=0.8051 val_f1=0.8057 val_uar=0.8072 lr=3.45e-05
[20:35:15] INFO   ep39: train_loss=0.9664 val_acc=0.8045 val_f1=0.8050 val_uar=0.8063 lr=3.19e-05
[20:35:27] INFO   ep40: train_loss=0.9606 val_acc=0.8012 val_f1=0.8023 val_uar=0.8033 lr=2.92e-05
[20:35:38] INFO   ep41: train_loss=0.9605 val_acc=0.8038 val_f1=0.8042 val_uar=0.8059 lr=2.67e-05
[20:35:49] INFO   ep42: train_loss=0.9587 val_acc=0.8057 val_f1=0.8066 val_uar=0.8079 lr=2.42e-05
[20:36:01] INFO   ep43: train_loss=0.9575 val_acc=0.8077 val_f1=0.8089 val_uar=0.8095 lr=2.18e-05
[20:36:12] INFO   ep44: train_loss=0.9553 val_acc=0.8053 val_f1=0.8062 val_uar=0.8072 lr=1.95e-05
[20:36:24] INFO   ep45: train_loss=0.9549 val_acc=0.8039 val_f1=0.8043 val_uar=0.8058 lr=1.73e-05
[20:36:35] INFO   ep46: train_loss=0.9518 val_acc=0.8051 val_f1=0.8060 val_uar=0.8070 lr=1.52e-05
[20:36:46] INFO   ep47: train_loss=0.9492 val_acc=0.8065 val_f1=0.8072 val_uar=0.8086 lr=1.32e-05
[20:36:58] INFO   ep48: train_loss=0.9503 val_acc=0.8034 val_f1=0.8045 val_uar=0.8054 lr=1.13e-05
[20:37:09] INFO   ep49: train_loss=0.9495 val_acc=0.8038 val_f1=0.8044 val_uar=0.8056 lr=9.55e-06
[20:37:20] INFO   ep50: train_loss=0.9466 val_acc=0.8051 val_f1=0.8057 val_uar=0.8071 lr=7.94e-06
[20:37:32] INFO   ep51: train_loss=0.9480 val_acc=0.8048 val_f1=0.8055 val_uar=0.8066 lr=6.46e-06
[20:37:43] INFO   ep52: train_loss=0.9465 val_acc=0.8041 val_f1=0.8043 val_uar=0.8061 lr=5.13e-06
[20:37:55] INFO   ep53: train_loss=0.9445 val_acc=0.8045 val_f1=0.8056 val_uar=0.8065 lr=3.94e-06
[20:38:06] INFO   ep54: train_loss=0.9451 val_acc=0.8062 val_f1=0.8065 val_uar=0.8081 lr=2.91e-06
[20:38:17] INFO   ep55: train_loss=0.9423 val_acc=0.8038 val_f1=0.8043 val_uar=0.8058 lr=2.03e-06
[20:38:29] INFO   ep56: train_loss=0.9441 val_acc=0.8064 val_f1=0.8071 val_uar=0.8082 lr=1.30e-06
[20:38:40] INFO   ep57: train_loss=0.9439 val_acc=0.8057 val_f1=0.8066 val_uar=0.8074 lr=7.32e-07
[20:38:52] INFO   ep58: train_loss=0.9444 val_acc=0.8041 val_f1=0.8051 val_uar=0.8060 lr=3.26e-07
[20:39:03] INFO   ep59: train_loss=0.9447 val_acc=0.8046 val_f1=0.8058 val_uar=0.8065 lr=8.15e-08
[20:39:14] INFO   ep60: train_loss=0.9429 val_acc=0.8048 val_f1=0.8056 val_uar=0.8067 lr=0.00e+00
[20:39:14] INFO [done] best_val_acc=0.8077 ckpt=checkpoints\cub200_resnet50_seed0.pt time=12.0min
[20:39:16] INFO   [E1] eval clean + per colorfulness bin
[20:39:34] INFO   [E2] eval perturbasi warna
[20:44:31] INFO   done resnet50 seed0
[20:44:31] INFO ==== cub200 / resnet50 / seed1 ====
[20:44:31] INFO [train] cub200/resnet50/seed1 epochs=60 device=cuda n_train=5994 n_val=5794 bs=64 accum=1
[20:45:09] INFO   ep1: train_loss=5.2929 val_acc=0.0090 val_f1=0.0057 val_uar=0.0091 lr=4.00e-05
[20:45:20] INFO   ep2: train_loss=5.2611 val_acc=0.0271 val_f1=0.0198 val_uar=0.0269 lr=6.00e-05
[20:45:31] INFO   ep3: train_loss=5.1760 val_acc=0.1122 val_f1=0.1018 val_uar=0.1122 lr=8.00e-05
[20:45:42] INFO   ep4: train_loss=4.8673 val_acc=0.3226 val_f1=0.2964 val_uar=0.3215 lr=1.00e-04
[20:45:53] INFO   ep5: train_loss=4.0116 val_acc=0.4696 val_f1=0.4394 val_uar=0.4702 lr=1.00e-04
[20:46:05] INFO   ep6: train_loss=3.1126 val_acc=0.5830 val_f1=0.5632 val_uar=0.5856 lr=9.99e-05
[20:46:16] INFO   ep7: train_loss=2.5593 val_acc=0.6448 val_f1=0.6316 val_uar=0.6464 lr=9.97e-05
[20:46:27] INFO   ep8: train_loss=2.1978 val_acc=0.6902 val_f1=0.6812 val_uar=0.6925 lr=9.93e-05
[20:46:39] INFO   ep9: train_loss=1.9604 val_acc=0.7194 val_f1=0.7113 val_uar=0.7210 lr=9.87e-05
[20:46:50] INFO   ep10: train_loss=1.7849 val_acc=0.7428 val_f1=0.7374 val_uar=0.7450 lr=9.80e-05
[20:47:01] INFO   ep11: train_loss=1.6495 val_acc=0.7618 val_f1=0.7596 val_uar=0.7638 lr=9.71e-05
[20:47:12] INFO   ep12: train_loss=1.5448 val_acc=0.7653 val_f1=0.7632 val_uar=0.7667 lr=9.61e-05
[20:47:24] INFO   ep13: train_loss=1.4642 val_acc=0.7715 val_f1=0.7703 val_uar=0.7736 lr=9.49e-05
[20:47:35] INFO   ep14: train_loss=1.3946 val_acc=0.7803 val_f1=0.7783 val_uar=0.7816 lr=9.35e-05
[20:47:46] INFO   ep15: train_loss=1.3472 val_acc=0.7841 val_f1=0.7822 val_uar=0.7865 lr=9.21e-05
[20:47:58] INFO   ep16: train_loss=1.2963 val_acc=0.7922 val_f1=0.7913 val_uar=0.7939 lr=9.05e-05
[20:48:09] INFO   ep17: train_loss=1.2515 val_acc=0.7948 val_f1=0.7948 val_uar=0.7967 lr=8.87e-05
[20:48:21] INFO   ep18: train_loss=1.2114 val_acc=0.7927 val_f1=0.7919 val_uar=0.7948 lr=8.68e-05
[20:48:32] INFO   ep19: train_loss=1.1873 val_acc=0.7963 val_f1=0.7962 val_uar=0.7981 lr=8.48e-05
[20:48:43] INFO   ep20: train_loss=1.1577 val_acc=0.7939 val_f1=0.7937 val_uar=0.7959 lr=8.27e-05
[20:48:55] INFO   ep21: train_loss=1.1371 val_acc=0.7950 val_f1=0.7944 val_uar=0.7970 lr=8.05e-05
[20:49:06] INFO   ep22: train_loss=1.1150 val_acc=0.7974 val_f1=0.7974 val_uar=0.7993 lr=7.82e-05
[20:49:17] INFO   ep23: train_loss=1.0889 val_acc=0.7977 val_f1=0.7974 val_uar=0.7995 lr=7.58e-05
[20:49:36] INFO   ep24: train_loss=1.0761 val_acc=0.7986 val_f1=0.7978 val_uar=0.8003 lr=7.33e-05
[20:49:48] INFO   ep25: train_loss=1.0645 val_acc=0.8005 val_f1=0.8002 val_uar=0.8024 lr=7.08e-05
[20:50:00] INFO   ep26: train_loss=1.0470 val_acc=0.8001 val_f1=0.8000 val_uar=0.8020 lr=6.81e-05
[20:50:11] INFO   ep27: train_loss=1.0392 val_acc=0.8008 val_f1=0.8008 val_uar=0.8028 lr=6.55e-05
[20:50:22] INFO   ep28: train_loss=1.0293 val_acc=0.8013 val_f1=0.8010 val_uar=0.8034 lr=6.27e-05
[20:50:34] INFO   ep29: train_loss=1.0208 val_acc=0.8007 val_f1=0.8006 val_uar=0.8028 lr=5.99e-05
[20:50:45] INFO   ep30: train_loss=1.0084 val_acc=0.8032 val_f1=0.8033 val_uar=0.8052 lr=5.71e-05
[20:50:57] INFO   ep31: train_loss=1.0048 val_acc=0.8029 val_f1=0.8031 val_uar=0.8051 lr=5.43e-05
[20:51:08] INFO   ep32: train_loss=0.9978 val_acc=0.8034 val_f1=0.8035 val_uar=0.8054 lr=5.14e-05
[20:51:20] INFO   ep33: train_loss=0.9891 val_acc=0.8034 val_f1=0.8032 val_uar=0.8055 lr=4.86e-05
[20:51:31] INFO   ep34: train_loss=0.9857 val_acc=0.8041 val_f1=0.8042 val_uar=0.8062 lr=4.57e-05
[20:51:42] INFO   ep35: train_loss=0.9777 val_acc=0.8038 val_f1=0.8037 val_uar=0.8060 lr=4.29e-05
[20:51:54] INFO   ep36: train_loss=0.9757 val_acc=0.8048 val_f1=0.8044 val_uar=0.8068 lr=4.01e-05
[20:52:05] INFO   ep37: train_loss=0.9692 val_acc=0.8022 val_f1=0.8018 val_uar=0.8044 lr=3.73e-05
[20:52:17] INFO   ep38: train_loss=0.9691 val_acc=0.8045 val_f1=0.8040 val_uar=0.8065 lr=3.45e-05
[20:52:28] INFO   ep39: train_loss=0.9655 val_acc=0.8051 val_f1=0.8055 val_uar=0.8073 lr=3.19e-05
[20:52:39] INFO   ep40: train_loss=0.9630 val_acc=0.8058 val_f1=0.8053 val_uar=0.8078 lr=2.92e-05
[20:52:51] INFO   ep41: train_loss=0.9623 val_acc=0.8022 val_f1=0.8020 val_uar=0.8041 lr=2.67e-05
[20:53:02] INFO   ep42: train_loss=0.9553 val_acc=0.8064 val_f1=0.8059 val_uar=0.8081 lr=2.42e-05
[20:53:14] INFO   ep43: train_loss=0.9583 val_acc=0.8067 val_f1=0.8067 val_uar=0.8087 lr=2.18e-05
[20:53:25] INFO   ep44: train_loss=0.9546 val_acc=0.8074 val_f1=0.8072 val_uar=0.8092 lr=1.95e-05
[20:53:37] INFO   ep45: train_loss=0.9530 val_acc=0.8067 val_f1=0.8065 val_uar=0.8087 lr=1.73e-05
[20:53:48] INFO   ep46: train_loss=0.9536 val_acc=0.8060 val_f1=0.8056 val_uar=0.8078 lr=1.52e-05
[20:53:59] INFO   ep47: train_loss=0.9498 val_acc=0.8050 val_f1=0.8046 val_uar=0.8069 lr=1.32e-05
[20:54:11] INFO   ep48: train_loss=0.9499 val_acc=0.8055 val_f1=0.8051 val_uar=0.8075 lr=1.13e-05
[20:54:22] INFO   ep49: train_loss=0.9490 val_acc=0.8064 val_f1=0.8058 val_uar=0.8083 lr=9.55e-06
[20:54:33] INFO   ep50: train_loss=0.9494 val_acc=0.8043 val_f1=0.8039 val_uar=0.8063 lr=7.94e-06
[20:54:45] INFO   ep51: train_loss=0.9451 val_acc=0.8060 val_f1=0.8054 val_uar=0.8077 lr=6.46e-06
[20:54:56] INFO   ep52: train_loss=0.9445 val_acc=0.8070 val_f1=0.8066 val_uar=0.8089 lr=5.13e-06
[20:55:08] INFO   ep53: train_loss=0.9437 val_acc=0.8089 val_f1=0.8084 val_uar=0.8111 lr=3.94e-06
[20:55:19] INFO   ep54: train_loss=0.9449 val_acc=0.8082 val_f1=0.8076 val_uar=0.8102 lr=2.91e-06
[20:55:30] INFO   ep55: train_loss=0.9437 val_acc=0.8065 val_f1=0.8059 val_uar=0.8086 lr=2.03e-06
[20:55:42] INFO   ep56: train_loss=0.9440 val_acc=0.8064 val_f1=0.8056 val_uar=0.8082 lr=1.30e-06
[20:55:53] INFO   ep57: train_loss=0.9461 val_acc=0.8110 val_f1=0.8100 val_uar=0.8127 lr=7.32e-07
[20:56:04] INFO   ep58: train_loss=0.9449 val_acc=0.8060 val_f1=0.8051 val_uar=0.8078 lr=3.26e-07
[20:56:16] INFO   ep59: train_loss=0.9438 val_acc=0.8082 val_f1=0.8077 val_uar=0.8104 lr=8.15e-08
[20:56:27] INFO   ep60: train_loss=0.9462 val_acc=0.8072 val_f1=0.8069 val_uar=0.8094 lr=0.00e+00
[20:56:27] INFO [done] best_val_acc=0.8110 ckpt=checkpoints\cub200_resnet50_seed1.pt time=11.9min
[20:56:29] INFO   [E1] eval clean + per colorfulness bin
[20:56:52] INFO   [E2] eval perturbasi warna
[21:01:48] INFO   done resnet50 seed1
[21:01:48] INFO ==== cub200 / resnet50 / seed2 ====
[21:01:49] INFO [train] cub200/resnet50/seed2 epochs=60 device=cuda n_train=5994 n_val=5794 bs=64 accum=1
[21:02:26] INFO   ep1: train_loss=5.2930 val_acc=0.0091 val_f1=0.0059 val_uar=0.0093 lr=4.00e-05
[21:02:37] INFO   ep2: train_loss=5.2604 val_acc=0.0366 val_f1=0.0303 val_uar=0.0373 lr=6.00e-05
[21:02:48] INFO   ep3: train_loss=5.1724 val_acc=0.1246 val_f1=0.1116 val_uar=0.1251 lr=8.00e-05
[21:02:59] INFO   ep4: train_loss=4.8510 val_acc=0.3250 val_f1=0.3034 val_uar=0.3255 lr=1.00e-04
[21:03:11] INFO   ep5: train_loss=3.9765 val_acc=0.4713 val_f1=0.4415 val_uar=0.4727 lr=1.00e-04
[21:03:22] INFO   ep6: train_loss=3.0865 val_acc=0.5794 val_f1=0.5563 val_uar=0.5811 lr=9.99e-05
[21:03:33] INFO   ep7: train_loss=2.5377 val_acc=0.6507 val_f1=0.6348 val_uar=0.6538 lr=9.97e-05
[21:03:45] INFO   ep8: train_loss=2.1816 val_acc=0.6980 val_f1=0.6880 val_uar=0.6995 lr=9.93e-05
[21:03:56] INFO   ep9: train_loss=1.9439 val_acc=0.7244 val_f1=0.7174 val_uar=0.7254 lr=9.87e-05
[21:04:07] INFO   ep10: train_loss=1.7723 val_acc=0.7385 val_f1=0.7345 val_uar=0.7400 lr=9.80e-05
[21:04:18] INFO   ep11: train_loss=1.6479 val_acc=0.7556 val_f1=0.7511 val_uar=0.7572 lr=9.71e-05
[21:04:30] INFO   ep12: train_loss=1.5392 val_acc=0.7651 val_f1=0.7622 val_uar=0.7667 lr=9.61e-05
[21:04:41] INFO   ep13: train_loss=1.4652 val_acc=0.7744 val_f1=0.7724 val_uar=0.7761 lr=9.49e-05
[21:04:53] INFO   ep14: train_loss=1.3982 val_acc=0.7786 val_f1=0.7762 val_uar=0.7799 lr=9.35e-05
[21:05:04] INFO   ep15: train_loss=1.3378 val_acc=0.7886 val_f1=0.7867 val_uar=0.7900 lr=9.21e-05
[21:05:15] INFO   ep16: train_loss=1.2957 val_acc=0.7858 val_f1=0.7851 val_uar=0.7871 lr=9.05e-05
[21:05:27] INFO   ep17: train_loss=1.2527 val_acc=0.7887 val_f1=0.7890 val_uar=0.7901 lr=8.87e-05
[21:05:38] INFO   ep18: train_loss=1.2147 val_acc=0.7925 val_f1=0.7922 val_uar=0.7939 lr=8.68e-05
[21:05:49] INFO   ep19: train_loss=1.1903 val_acc=0.7938 val_f1=0.7937 val_uar=0.7956 lr=8.48e-05
[21:06:01] INFO   ep20: train_loss=1.1575 val_acc=0.7969 val_f1=0.7965 val_uar=0.7987 lr=8.27e-05
[21:06:13] INFO   ep21: train_loss=1.1286 val_acc=0.7970 val_f1=0.7970 val_uar=0.7987 lr=8.05e-05
[21:06:24] INFO   ep22: train_loss=1.1159 val_acc=0.7982 val_f1=0.7985 val_uar=0.8003 lr=7.82e-05
[21:06:35] INFO   ep23: train_loss=1.0935 val_acc=0.7996 val_f1=0.7998 val_uar=0.8014 lr=7.58e-05
[21:06:47] INFO   ep24: train_loss=1.0798 val_acc=0.7996 val_f1=0.8000 val_uar=0.8016 lr=7.33e-05
[21:06:58] INFO   ep25: train_loss=1.0619 val_acc=0.8012 val_f1=0.8016 val_uar=0.8031 lr=7.08e-05
[21:07:10] INFO   ep26: train_loss=1.0516 val_acc=0.8001 val_f1=0.8007 val_uar=0.8021 lr=6.81e-05
[21:07:21] INFO   ep27: train_loss=1.0398 val_acc=0.8013 val_f1=0.8023 val_uar=0.8032 lr=6.55e-05
[21:07:33] INFO   ep28: train_loss=1.0299 val_acc=0.8013 val_f1=0.8021 val_uar=0.8034 lr=6.27e-05
[21:07:44] INFO   ep29: train_loss=1.0229 val_acc=0.8032 val_f1=0.8041 val_uar=0.8054 lr=5.99e-05
[21:07:56] INFO   ep30: train_loss=1.0135 val_acc=0.8007 val_f1=0.8016 val_uar=0.8026 lr=5.71e-05
[21:08:07] INFO   ep31: train_loss=1.0049 val_acc=0.8003 val_f1=0.8010 val_uar=0.8023 lr=5.43e-05
[21:08:18] INFO   ep32: train_loss=0.9969 val_acc=0.8000 val_f1=0.8002 val_uar=0.8021 lr=5.14e-05
[21:08:30] INFO   ep33: train_loss=0.9944 val_acc=0.8013 val_f1=0.8015 val_uar=0.8031 lr=4.86e-05
[21:08:41] INFO   ep34: train_loss=0.9853 val_acc=0.7994 val_f1=0.7996 val_uar=0.8017 lr=4.57e-05
[21:08:52] INFO   ep35: train_loss=0.9838 val_acc=0.8019 val_f1=0.8026 val_uar=0.8037 lr=4.29e-05
[21:09:04] INFO   ep36: train_loss=0.9775 val_acc=0.8005 val_f1=0.8005 val_uar=0.8024 lr=4.01e-05
[21:09:15] INFO   ep37: train_loss=0.9746 val_acc=0.8012 val_f1=0.8020 val_uar=0.8033 lr=3.73e-05
[21:09:27] INFO   ep38: train_loss=0.9709 val_acc=0.8045 val_f1=0.8058 val_uar=0.8065 lr=3.45e-05
[21:09:38] INFO   ep39: train_loss=0.9667 val_acc=0.8053 val_f1=0.8061 val_uar=0.8073 lr=3.19e-05
[21:09:49] INFO   ep40: train_loss=0.9649 val_acc=0.8039 val_f1=0.8047 val_uar=0.8058 lr=2.92e-05
[21:10:01] INFO   ep41: train_loss=0.9591 val_acc=0.7998 val_f1=0.8003 val_uar=0.8019 lr=2.67e-05
[21:10:12] INFO   ep42: train_loss=0.9619 val_acc=0.8017 val_f1=0.8023 val_uar=0.8037 lr=2.42e-05
[21:10:23] INFO   ep43: train_loss=0.9598 val_acc=0.8053 val_f1=0.8064 val_uar=0.8073 lr=2.18e-05
[21:10:35] INFO   ep44: train_loss=0.9547 val_acc=0.8010 val_f1=0.8017 val_uar=0.8030 lr=1.95e-05
[21:10:46] INFO   ep45: train_loss=0.9533 val_acc=0.8039 val_f1=0.8043 val_uar=0.8058 lr=1.73e-05
[21:10:58] INFO   ep46: train_loss=0.9521 val_acc=0.8041 val_f1=0.8046 val_uar=0.8060 lr=1.52e-05
[21:11:09] INFO   ep47: train_loss=0.9513 val_acc=0.8053 val_f1=0.8058 val_uar=0.8072 lr=1.32e-05
[21:11:20] INFO   ep48: train_loss=0.9531 val_acc=0.8048 val_f1=0.8053 val_uar=0.8068 lr=1.13e-05
[21:11:32] INFO   ep49: train_loss=0.9481 val_acc=0.8062 val_f1=0.8071 val_uar=0.8082 lr=9.55e-06
[21:11:43] INFO   ep50: train_loss=0.9480 val_acc=0.8015 val_f1=0.8016 val_uar=0.8034 lr=7.94e-06
[21:11:55] INFO   ep51: train_loss=0.9477 val_acc=0.8039 val_f1=0.8043 val_uar=0.8056 lr=6.46e-06
[21:12:06] INFO   ep52: train_loss=0.9492 val_acc=0.8051 val_f1=0.8062 val_uar=0.8068 lr=5.13e-06
[21:12:18] INFO   ep53: train_loss=0.9457 val_acc=0.8038 val_f1=0.8042 val_uar=0.8056 lr=3.94e-06
[21:12:29] INFO   ep54: train_loss=0.9475 val_acc=0.8069 val_f1=0.8075 val_uar=0.8085 lr=2.91e-06
[21:12:40] INFO   ep55: train_loss=0.9473 val_acc=0.8050 val_f1=0.8059 val_uar=0.8068 lr=2.03e-06
[21:12:52] INFO   ep56: train_loss=0.9469 val_acc=0.8019 val_f1=0.8027 val_uar=0.8038 lr=1.30e-06
[21:13:03] INFO   ep57: train_loss=0.9450 val_acc=0.8034 val_f1=0.8036 val_uar=0.8055 lr=7.32e-07
[21:13:15] INFO   ep58: train_loss=0.9457 val_acc=0.8031 val_f1=0.8034 val_uar=0.8052 lr=3.26e-07
[21:13:26] INFO   ep59: train_loss=0.9482 val_acc=0.8069 val_f1=0.8069 val_uar=0.8087 lr=8.15e-08
[21:13:37] INFO   ep60: train_loss=0.9444 val_acc=0.8051 val_f1=0.8055 val_uar=0.8071 lr=0.00e+00
[21:13:37] INFO [done] best_val_acc=0.8069 ckpt=checkpoints\cub200_resnet50_seed2.pt time=11.8min
[21:13:39] INFO   [E1] eval clean + per colorfulness bin
[21:13:57] INFO   [E2] eval perturbasi warna
[21:18:53] INFO   done resnet50 seed2
[21:18:53] INFO ==== cub200 / convnext_tiny / seed0 ====
[21:18:53] INFO [train] cub200/convnext_tiny/seed0 epochs=60 device=cuda n_train=5994 n_val=5794 bs=64 accum=1
[21:19:39] INFO   ep1: train_loss=4.3799 val_acc=0.6125 val_f1=0.5898 val_uar=0.6156 lr=4.00e-05
[21:19:52] INFO   ep2: train_loss=1.8070 val_acc=0.8015 val_f1=0.7965 val_uar=0.8022 lr=6.00e-05
[21:20:04] INFO   ep3: train_loss=1.3025 val_acc=0.8381 val_f1=0.8349 val_uar=0.8398 lr=8.00e-05
[21:20:16] INFO   ep4: train_loss=1.1662 val_acc=0.8381 val_f1=0.8345 val_uar=0.8394 lr=1.00e-04
[21:20:28] INFO   ep5: train_loss=1.0801 val_acc=0.8388 val_f1=0.8377 val_uar=0.8408 lr=1.00e-04
[21:20:40] INFO   ep6: train_loss=1.0242 val_acc=0.8485 val_f1=0.8457 val_uar=0.8495 lr=9.99e-05
[21:20:52] INFO   ep7: train_loss=0.9705 val_acc=0.8597 val_f1=0.8592 val_uar=0.8611 lr=9.97e-05
[21:21:04] INFO   ep8: train_loss=0.9393 val_acc=0.8711 val_f1=0.8696 val_uar=0.8724 lr=9.93e-05
[21:21:17] INFO   ep9: train_loss=0.9179 val_acc=0.8773 val_f1=0.8762 val_uar=0.8783 lr=9.87e-05
[21:21:29] INFO   ep10: train_loss=0.9067 val_acc=0.8825 val_f1=0.8824 val_uar=0.8840 lr=9.80e-05
[21:21:41] INFO   ep11: train_loss=0.9026 val_acc=0.8792 val_f1=0.8781 val_uar=0.8804 lr=9.71e-05
[21:21:54] INFO   ep12: train_loss=0.8954 val_acc=0.8835 val_f1=0.8828 val_uar=0.8846 lr=9.61e-05
[21:22:06] INFO   ep13: train_loss=0.8936 val_acc=0.8832 val_f1=0.8822 val_uar=0.8848 lr=9.49e-05
[21:22:18] INFO   ep14: train_loss=0.8863 val_acc=0.8901 val_f1=0.8893 val_uar=0.8912 lr=9.35e-05
[21:22:31] INFO   ep15: train_loss=0.8888 val_acc=0.8769 val_f1=0.8763 val_uar=0.8784 lr=9.21e-05
[21:22:43] INFO   ep16: train_loss=0.8879 val_acc=0.8864 val_f1=0.8869 val_uar=0.8878 lr=9.05e-05
[21:22:55] INFO   ep17: train_loss=0.8814 val_acc=0.8764 val_f1=0.8762 val_uar=0.8783 lr=8.87e-05
[21:23:08] INFO   ep18: train_loss=0.8856 val_acc=0.8797 val_f1=0.8783 val_uar=0.8811 lr=8.68e-05
[21:23:20] INFO   ep19: train_loss=0.8851 val_acc=0.8737 val_f1=0.8726 val_uar=0.8746 lr=8.48e-05
[21:23:32] INFO   ep20: train_loss=0.9234 val_acc=0.8369 val_f1=0.8369 val_uar=0.8387 lr=8.27e-05
[21:23:44] INFO   ep21: train_loss=0.9450 val_acc=0.8291 val_f1=0.8280 val_uar=0.8314 lr=8.05e-05
[21:23:57] INFO   ep22: train_loss=0.9497 val_acc=0.8331 val_f1=0.8310 val_uar=0.8342 lr=7.82e-05
[21:24:09] INFO   ep23: train_loss=0.9213 val_acc=0.8550 val_f1=0.8531 val_uar=0.8568 lr=7.58e-05
[21:24:21] INFO   ep24: train_loss=0.8888 val_acc=0.8728 val_f1=0.8721 val_uar=0.8748 lr=7.33e-05
[21:24:34] INFO   ep25: train_loss=0.8790 val_acc=0.8662 val_f1=0.8651 val_uar=0.8681 lr=7.08e-05
[21:24:46] INFO   ep26: train_loss=0.8806 val_acc=0.8778 val_f1=0.8777 val_uar=0.8793 lr=6.81e-05
[21:24:58] INFO   ep27: train_loss=0.8727 val_acc=0.8769 val_f1=0.8754 val_uar=0.8783 lr=6.55e-05
[21:25:11] INFO   ep28: train_loss=0.8705 val_acc=0.8840 val_f1=0.8838 val_uar=0.8859 lr=6.27e-05
[21:25:23] INFO   ep29: train_loss=0.8666 val_acc=0.8845 val_f1=0.8842 val_uar=0.8863 lr=5.99e-05
[21:25:35] INFO   ep30: train_loss=0.8663 val_acc=0.8818 val_f1=0.8810 val_uar=0.8832 lr=5.71e-05
[21:25:48] INFO   ep31: train_loss=0.8658 val_acc=0.8825 val_f1=0.8813 val_uar=0.8838 lr=5.43e-05
[21:26:00] INFO   ep32: train_loss=0.8683 val_acc=0.8813 val_f1=0.8801 val_uar=0.8824 lr=5.14e-05
[21:26:13] INFO   ep33: train_loss=0.8671 val_acc=0.8783 val_f1=0.8772 val_uar=0.8798 lr=4.86e-05
[21:26:25] INFO   ep34: train_loss=0.8646 val_acc=0.8806 val_f1=0.8792 val_uar=0.8821 lr=4.57e-05
[21:26:37] INFO   ep35: train_loss=0.8627 val_acc=0.8819 val_f1=0.8818 val_uar=0.8840 lr=4.29e-05
[21:26:50] INFO   ep36: train_loss=0.8635 val_acc=0.8769 val_f1=0.8751 val_uar=0.8785 lr=4.01e-05
[21:27:02] INFO   ep37: train_loss=0.8620 val_acc=0.8882 val_f1=0.8873 val_uar=0.8896 lr=3.73e-05
[21:27:15] INFO   ep38: train_loss=0.8618 val_acc=0.8856 val_f1=0.8851 val_uar=0.8870 lr=3.45e-05
[21:27:27] INFO   ep39: train_loss=0.8608 val_acc=0.8811 val_f1=0.8803 val_uar=0.8825 lr=3.19e-05
[21:27:39] INFO   ep40: train_loss=0.8612 val_acc=0.8857 val_f1=0.8847 val_uar=0.8871 lr=2.92e-05
[21:27:52] INFO   ep41: train_loss=0.8594 val_acc=0.8852 val_f1=0.8847 val_uar=0.8863 lr=2.67e-05
[21:28:04] INFO   ep42: train_loss=0.8592 val_acc=0.8863 val_f1=0.8857 val_uar=0.8879 lr=2.42e-05
[21:28:16] INFO   ep43: train_loss=0.8590 val_acc=0.8882 val_f1=0.8875 val_uar=0.8895 lr=2.18e-05
[21:28:29] INFO   ep44: train_loss=0.8596 val_acc=0.8887 val_f1=0.8880 val_uar=0.8899 lr=1.95e-05
[21:28:41] INFO   ep45: train_loss=0.8585 val_acc=0.8882 val_f1=0.8873 val_uar=0.8893 lr=1.73e-05
[21:28:53] INFO   ep46: train_loss=0.8583 val_acc=0.8897 val_f1=0.8890 val_uar=0.8908 lr=1.52e-05
[21:29:06] INFO   ep47: train_loss=0.8586 val_acc=0.8906 val_f1=0.8900 val_uar=0.8918 lr=1.32e-05
[21:29:18] INFO   ep48: train_loss=0.8586 val_acc=0.8911 val_f1=0.8906 val_uar=0.8922 lr=1.13e-05
[21:29:31] INFO   ep49: train_loss=0.8579 val_acc=0.8901 val_f1=0.8896 val_uar=0.8914 lr=9.55e-06
[21:29:43] INFO   ep50: train_loss=0.8580 val_acc=0.8901 val_f1=0.8895 val_uar=0.8914 lr=7.94e-06
[21:29:55] INFO   ep51: train_loss=0.8578 val_acc=0.8889 val_f1=0.8879 val_uar=0.8899 lr=6.46e-06
[21:30:08] INFO   ep52: train_loss=0.8576 val_acc=0.8895 val_f1=0.8888 val_uar=0.8906 lr=5.13e-06
[21:30:20] INFO   ep53: train_loss=0.8580 val_acc=0.8901 val_f1=0.8895 val_uar=0.8913 lr=3.94e-06
[21:30:32] INFO   ep54: train_loss=0.8587 val_acc=0.8889 val_f1=0.8883 val_uar=0.8901 lr=2.91e-06
[21:30:45] INFO   ep55: train_loss=0.8572 val_acc=0.8901 val_f1=0.8895 val_uar=0.8913 lr=2.03e-06
[21:30:57] INFO   ep56: train_loss=0.8578 val_acc=0.8901 val_f1=0.8896 val_uar=0.8914 lr=1.30e-06
[21:31:09] INFO   ep57: train_loss=0.8571 val_acc=0.8901 val_f1=0.8895 val_uar=0.8914 lr=7.32e-07
[21:31:22] INFO   ep58: train_loss=0.8571 val_acc=0.8902 val_f1=0.8897 val_uar=0.8915 lr=3.26e-07
[21:31:34] INFO   ep59: train_loss=0.8579 val_acc=0.8901 val_f1=0.8895 val_uar=0.8914 lr=8.15e-08
[21:31:46] INFO   ep60: train_loss=0.8571 val_acc=0.8901 val_f1=0.8895 val_uar=0.8914 lr=0.00e+00
[21:31:46] INFO [done] best_val_acc=0.8911 ckpt=checkpoints\cub200_convnext_tiny_seed0.pt time=12.9min
[21:31:48] INFO   [E1] eval clean + per colorfulness bin
[21:32:06] INFO   [E2] eval perturbasi warna
[21:37:05] INFO   done convnext_tiny seed0
[21:37:05] INFO ==== cub200 / convnext_tiny / seed1 ====
[21:37:06] INFO [train] cub200/convnext_tiny/seed1 epochs=60 device=cuda n_train=5994 n_val=5794 bs=64 accum=1
[21:37:44] INFO   ep1: train_loss=4.2807 val_acc=0.6027 val_f1=0.5805 val_uar=0.6036 lr=4.00e-05
[21:37:56] INFO   ep2: train_loss=1.8054 val_acc=0.8057 val_f1=0.8020 val_uar=0.8060 lr=6.00e-05
[21:38:08] INFO   ep3: train_loss=1.2980 val_acc=0.8391 val_f1=0.8342 val_uar=0.8386 lr=8.00e-05
[21:38:20] INFO   ep4: train_loss=1.1650 val_acc=0.8328 val_f1=0.8296 val_uar=0.8346 lr=1.00e-04
[21:38:32] INFO   ep5: train_loss=1.0999 val_acc=0.8198 val_f1=0.8148 val_uar=0.8218 lr=1.00e-04
[21:38:44] INFO   ep6: train_loss=1.0267 val_acc=0.8474 val_f1=0.8464 val_uar=0.8490 lr=9.99e-05
[21:38:56] INFO   ep7: train_loss=0.9697 val_acc=0.8635 val_f1=0.8619 val_uar=0.8650 lr=9.97e-05
[21:39:08] INFO   ep8: train_loss=0.9333 val_acc=0.8666 val_f1=0.8643 val_uar=0.8678 lr=9.93e-05
[21:39:20] INFO   ep9: train_loss=0.9168 val_acc=0.8740 val_f1=0.8730 val_uar=0.8749 lr=9.87e-05
[21:39:32] INFO   ep10: train_loss=0.9018 val_acc=0.8775 val_f1=0.8767 val_uar=0.8787 lr=9.80e-05
[21:39:44] INFO   ep11: train_loss=0.8962 val_acc=0.8730 val_f1=0.8729 val_uar=0.8745 lr=9.71e-05
[21:39:57] INFO   ep12: train_loss=0.8946 val_acc=0.8771 val_f1=0.8767 val_uar=0.8788 lr=9.61e-05
[21:40:09] INFO   ep13: train_loss=0.8888 val_acc=0.8749 val_f1=0.8739 val_uar=0.8766 lr=9.49e-05
[21:40:21] INFO   ep14: train_loss=0.8873 val_acc=0.8809 val_f1=0.8809 val_uar=0.8826 lr=9.35e-05
[21:40:33] INFO   ep15: train_loss=0.8877 val_acc=0.8778 val_f1=0.8785 val_uar=0.8792 lr=9.21e-05
[21:40:45] INFO   ep16: train_loss=0.8893 val_acc=0.8788 val_f1=0.8785 val_uar=0.8807 lr=9.05e-05
[21:40:58] INFO   ep17: train_loss=0.8861 val_acc=0.8785 val_f1=0.8783 val_uar=0.8800 lr=8.87e-05
[21:41:10] INFO   ep18: train_loss=0.8885 val_acc=0.8735 val_f1=0.8745 val_uar=0.8750 lr=8.68e-05
[21:41:22] INFO   ep19: train_loss=0.8880 val_acc=0.8716 val_f1=0.8693 val_uar=0.8739 lr=8.48e-05
[21:41:35] INFO   ep20: train_loss=0.8926 val_acc=0.8693 val_f1=0.8674 val_uar=0.8712 lr=8.27e-05
[21:41:47] INFO   ep21: train_loss=0.8953 val_acc=0.8699 val_f1=0.8701 val_uar=0.8718 lr=8.05e-05
[21:42:00] INFO   ep22: train_loss=0.9097 val_acc=0.8599 val_f1=0.8592 val_uar=0.8615 lr=7.82e-05
[21:42:12] INFO   ep23: train_loss=0.9055 val_acc=0.8580 val_f1=0.8573 val_uar=0.8584 lr=7.58e-05
[21:42:25] INFO   ep24: train_loss=0.9004 val_acc=0.8514 val_f1=0.8495 val_uar=0.8528 lr=7.33e-05
[21:42:37] INFO   ep25: train_loss=0.9030 val_acc=0.8512 val_f1=0.8503 val_uar=0.8523 lr=7.08e-05
[21:42:49] INFO   ep26: train_loss=0.8917 val_acc=0.8609 val_f1=0.8581 val_uar=0.8620 lr=6.81e-05
[21:43:01] INFO   ep27: train_loss=0.8760 val_acc=0.8742 val_f1=0.8733 val_uar=0.8754 lr=6.55e-05
[21:43:14] INFO   ep28: train_loss=0.8726 val_acc=0.8740 val_f1=0.8732 val_uar=0.8749 lr=6.27e-05
[21:43:26] INFO   ep29: train_loss=0.8695 val_acc=0.8800 val_f1=0.8789 val_uar=0.8813 lr=5.99e-05
[21:43:38] INFO   ep30: train_loss=0.8652 val_acc=0.8792 val_f1=0.8778 val_uar=0.8806 lr=5.71e-05
[21:43:50] INFO   ep31: train_loss=0.8648 val_acc=0.8800 val_f1=0.8792 val_uar=0.8815 lr=5.43e-05
[21:44:03] INFO   ep32: train_loss=0.8638 val_acc=0.8799 val_f1=0.8791 val_uar=0.8814 lr=5.14e-05
[21:44:15] INFO   ep33: train_loss=0.8656 val_acc=0.8785 val_f1=0.8777 val_uar=0.8802 lr=4.86e-05
[21:44:27] INFO   ep34: train_loss=0.8637 val_acc=0.8754 val_f1=0.8752 val_uar=0.8772 lr=4.57e-05
[21:44:40] INFO   ep35: train_loss=0.8617 val_acc=0.8830 val_f1=0.8822 val_uar=0.8846 lr=4.29e-05
[21:44:52] INFO   ep36: train_loss=0.8620 val_acc=0.8826 val_f1=0.8817 val_uar=0.8842 lr=4.01e-05
[21:45:04] INFO   ep37: train_loss=0.8613 val_acc=0.8845 val_f1=0.8838 val_uar=0.8866 lr=3.73e-05
[21:45:16] INFO   ep38: train_loss=0.8609 val_acc=0.8856 val_f1=0.8852 val_uar=0.8874 lr=3.45e-05
[21:45:29] INFO   ep39: train_loss=0.8622 val_acc=0.8832 val_f1=0.8824 val_uar=0.8848 lr=3.19e-05
[21:45:41] INFO   ep40: train_loss=0.8611 val_acc=0.8873 val_f1=0.8866 val_uar=0.8887 lr=2.92e-05
[21:45:53] INFO   ep41: train_loss=0.8602 val_acc=0.8840 val_f1=0.8827 val_uar=0.8853 lr=2.67e-05
[21:46:06] INFO   ep42: train_loss=0.8599 val_acc=0.8861 val_f1=0.8847 val_uar=0.8874 lr=2.42e-05
[21:46:18] INFO   ep43: train_loss=0.8589 val_acc=0.8842 val_f1=0.8832 val_uar=0.8855 lr=2.18e-05
[21:46:30] INFO   ep44: train_loss=0.8599 val_acc=0.8825 val_f1=0.8818 val_uar=0.8842 lr=1.95e-05
[21:46:42] INFO   ep45: train_loss=0.8585 val_acc=0.8833 val_f1=0.8820 val_uar=0.8850 lr=1.73e-05
[21:46:55] INFO   ep46: train_loss=0.8589 val_acc=0.8851 val_f1=0.8842 val_uar=0.8865 lr=1.52e-05
[21:47:07] INFO   ep47: train_loss=0.8589 val_acc=0.8857 val_f1=0.8848 val_uar=0.8874 lr=1.32e-05
[21:47:19] INFO   ep48: train_loss=0.8586 val_acc=0.8864 val_f1=0.8854 val_uar=0.8880 lr=1.13e-05
[21:47:31] INFO   ep49: train_loss=0.8577 val_acc=0.8873 val_f1=0.8865 val_uar=0.8888 lr=9.55e-06
[21:47:44] INFO   ep50: train_loss=0.8591 val_acc=0.8854 val_f1=0.8843 val_uar=0.8872 lr=7.94e-06
[21:47:56] INFO   ep51: train_loss=0.8576 val_acc=0.8842 val_f1=0.8833 val_uar=0.8859 lr=6.46e-06
[21:48:08] INFO   ep52: train_loss=0.8574 val_acc=0.8861 val_f1=0.8851 val_uar=0.8880 lr=5.13e-06
[21:48:20] INFO   ep53: train_loss=0.8574 val_acc=0.8854 val_f1=0.8844 val_uar=0.8871 lr=3.94e-06
[21:48:32] INFO   ep54: train_loss=0.8574 val_acc=0.8857 val_f1=0.8851 val_uar=0.8875 lr=2.91e-06
[21:48:45] INFO   ep55: train_loss=0.8571 val_acc=0.8854 val_f1=0.8847 val_uar=0.8871 lr=2.03e-06
[21:48:57] INFO   ep56: train_loss=0.8570 val_acc=0.8852 val_f1=0.8843 val_uar=0.8868 lr=1.30e-06
[21:49:09] INFO   ep57: train_loss=0.8569 val_acc=0.8859 val_f1=0.8850 val_uar=0.8874 lr=7.32e-07
[21:49:21] INFO   ep58: train_loss=0.8571 val_acc=0.8863 val_f1=0.8853 val_uar=0.8878 lr=3.26e-07
[21:49:33] INFO   ep59: train_loss=0.8571 val_acc=0.8863 val_f1=0.8853 val_uar=0.8877 lr=8.15e-08
[21:49:46] INFO   ep60: train_loss=0.8569 val_acc=0.8863 val_f1=0.8853 val_uar=0.8877 lr=0.00e+00
[21:49:46] INFO [done] best_val_acc=0.8873 ckpt=checkpoints\cub200_convnext_tiny_seed1.pt time=12.7min
[21:49:47] INFO   [E1] eval clean + per colorfulness bin
[21:50:05] INFO   [E2] eval perturbasi warna
[21:55:04] INFO   done convnext_tiny seed1
[21:55:04] INFO ==== cub200 / convnext_tiny / seed2 ====
[21:55:05] INFO [train] cub200/convnext_tiny/seed2 epochs=60 device=cuda n_train=5994 n_val=5794 bs=64 accum=1
[21:55:43] INFO   ep1: train_loss=4.4091 val_acc=0.5804 val_f1=0.5550 val_uar=0.5836 lr=4.00e-05
[21:55:55] INFO   ep2: train_loss=1.8822 val_acc=0.8051 val_f1=0.7975 val_uar=0.8060 lr=6.00e-05
[21:56:07] INFO   ep3: train_loss=1.3176 val_acc=0.8407 val_f1=0.8381 val_uar=0.8422 lr=8.00e-05
[21:56:19] INFO   ep4: train_loss=1.1635 val_acc=0.8322 val_f1=0.8293 val_uar=0.8334 lr=1.00e-04
[21:56:31] INFO   ep5: train_loss=1.1024 val_acc=0.8234 val_f1=0.8217 val_uar=0.8247 lr=1.00e-04
[21:56:43] INFO   ep6: train_loss=1.0275 val_acc=0.8511 val_f1=0.8498 val_uar=0.8521 lr=9.99e-05
[21:56:55] INFO   ep7: train_loss=0.9717 val_acc=0.8543 val_f1=0.8541 val_uar=0.8558 lr=9.97e-05
[21:57:07] INFO   ep8: train_loss=0.9383 val_acc=0.8697 val_f1=0.8684 val_uar=0.8702 lr=9.93e-05
[21:57:19] INFO   ep9: train_loss=0.9192 val_acc=0.8680 val_f1=0.8671 val_uar=0.8686 lr=9.87e-05
[21:57:32] INFO   ep10: train_loss=0.9087 val_acc=0.8763 val_f1=0.8751 val_uar=0.8774 lr=9.80e-05
[21:57:44] INFO   ep11: train_loss=0.8979 val_acc=0.8804 val_f1=0.8798 val_uar=0.8810 lr=9.71e-05
[21:57:56] INFO   ep12: train_loss=0.8949 val_acc=0.8819 val_f1=0.8798 val_uar=0.8832 lr=9.61e-05
[21:58:08] INFO   ep13: train_loss=0.8878 val_acc=0.8845 val_f1=0.8842 val_uar=0.8863 lr=9.49e-05
[21:58:21] INFO   ep14: train_loss=0.8833 val_acc=0.8811 val_f1=0.8808 val_uar=0.8824 lr=9.35e-05
[21:58:33] INFO   ep15: train_loss=0.8837 val_acc=0.8849 val_f1=0.8841 val_uar=0.8861 lr=9.21e-05
[21:58:45] INFO   ep16: train_loss=0.8867 val_acc=0.8818 val_f1=0.8821 val_uar=0.8833 lr=9.05e-05
[21:58:58] INFO   ep17: train_loss=0.8831 val_acc=0.8776 val_f1=0.8766 val_uar=0.8789 lr=8.87e-05
[21:59:10] INFO   ep18: train_loss=0.9068 val_acc=0.8573 val_f1=0.8534 val_uar=0.8574 lr=8.68e-05
[21:59:22] INFO   ep19: train_loss=0.9165 val_acc=0.8564 val_f1=0.8556 val_uar=0.8586 lr=8.48e-05
[21:59:34] INFO   ep20: train_loss=0.9160 val_acc=0.8545 val_f1=0.8546 val_uar=0.8565 lr=8.27e-05
[21:59:47] INFO   ep21: train_loss=0.9162 val_acc=0.8524 val_f1=0.8514 val_uar=0.8548 lr=8.05e-05
[21:59:59] INFO   ep22: train_loss=0.9098 val_acc=0.8638 val_f1=0.8624 val_uar=0.8645 lr=7.82e-05
[22:00:11] INFO   ep23: train_loss=0.8974 val_acc=0.8536 val_f1=0.8548 val_uar=0.8550 lr=7.58e-05
[22:00:23] INFO   ep24: train_loss=0.8986 val_acc=0.8652 val_f1=0.8648 val_uar=0.8665 lr=7.33e-05
[22:00:36] INFO   ep25: train_loss=0.8814 val_acc=0.8750 val_f1=0.8741 val_uar=0.8770 lr=7.08e-05
[22:00:48] INFO   ep26: train_loss=0.8746 val_acc=0.8825 val_f1=0.8822 val_uar=0.8839 lr=6.81e-05
[22:01:00] INFO   ep27: train_loss=0.8727 val_acc=0.8816 val_f1=0.8818 val_uar=0.8835 lr=6.55e-05
[22:01:13] INFO   ep28: train_loss=0.8675 val_acc=0.8854 val_f1=0.8849 val_uar=0.8871 lr=6.27e-05
[22:01:25] INFO   ep29: train_loss=0.8658 val_acc=0.8844 val_f1=0.8841 val_uar=0.8860 lr=5.99e-05
[22:01:37] INFO   ep30: train_loss=0.8637 val_acc=0.8880 val_f1=0.8873 val_uar=0.8894 lr=5.71e-05
[22:01:49] INFO   ep31: train_loss=0.8638 val_acc=0.8866 val_f1=0.8860 val_uar=0.8879 lr=5.43e-05
[22:02:02] INFO   ep32: train_loss=0.8630 val_acc=0.8868 val_f1=0.8866 val_uar=0.8882 lr=5.14e-05
[22:02:14] INFO   ep33: train_loss=0.8630 val_acc=0.8857 val_f1=0.8849 val_uar=0.8875 lr=4.86e-05
[22:02:26] INFO   ep34: train_loss=0.8621 val_acc=0.8892 val_f1=0.8885 val_uar=0.8910 lr=4.57e-05
[22:02:39] INFO   ep35: train_loss=0.8622 val_acc=0.8876 val_f1=0.8870 val_uar=0.8893 lr=4.29e-05
[22:02:51] INFO   ep36: train_loss=0.8638 val_acc=0.8828 val_f1=0.8825 val_uar=0.8845 lr=4.01e-05
[22:03:03] INFO   ep37: train_loss=0.8625 val_acc=0.8875 val_f1=0.8869 val_uar=0.8892 lr=3.73e-05
[22:03:16] INFO   ep38: train_loss=0.8601 val_acc=0.8887 val_f1=0.8880 val_uar=0.8903 lr=3.45e-05
[22:03:28] INFO   ep39: train_loss=0.8598 val_acc=0.8861 val_f1=0.8858 val_uar=0.8877 lr=3.19e-05
[22:03:40] INFO   ep40: train_loss=0.8614 val_acc=0.8804 val_f1=0.8799 val_uar=0.8820 lr=2.92e-05
[22:03:52] INFO   ep41: train_loss=0.8602 val_acc=0.8870 val_f1=0.8867 val_uar=0.8887 lr=2.67e-05
[22:04:05] INFO   ep42: train_loss=0.8604 val_acc=0.8856 val_f1=0.8854 val_uar=0.8867 lr=2.42e-05
[22:04:17] INFO   ep43: train_loss=0.8588 val_acc=0.8875 val_f1=0.8870 val_uar=0.8891 lr=2.18e-05
[22:04:29] INFO   ep44: train_loss=0.8589 val_acc=0.8849 val_f1=0.8843 val_uar=0.8861 lr=1.95e-05
[22:04:42] INFO   ep45: train_loss=0.8581 val_acc=0.8875 val_f1=0.8868 val_uar=0.8888 lr=1.73e-05
[22:04:54] INFO   ep46: train_loss=0.8592 val_acc=0.8861 val_f1=0.8853 val_uar=0.8870 lr=1.52e-05
[22:05:06] INFO   ep47: train_loss=0.8581 val_acc=0.8882 val_f1=0.8875 val_uar=0.8897 lr=1.32e-05
[22:05:18] INFO   ep48: train_loss=0.8582 val_acc=0.8887 val_f1=0.8880 val_uar=0.8901 lr=1.13e-05
[22:05:31] INFO   ep49: train_loss=0.8574 val_acc=0.8885 val_f1=0.8879 val_uar=0.8900 lr=9.55e-06
[22:05:43] INFO   ep50: train_loss=0.8578 val_acc=0.8887 val_f1=0.8884 val_uar=0.8901 lr=7.94e-06
[22:05:55] INFO   ep51: train_loss=0.8574 val_acc=0.8878 val_f1=0.8873 val_uar=0.8892 lr=6.46e-06
[22:06:08] INFO   ep52: train_loss=0.8572 val_acc=0.8889 val_f1=0.8885 val_uar=0.8904 lr=5.13e-06
[22:06:20] INFO   ep53: train_loss=0.8573 val_acc=0.8890 val_f1=0.8885 val_uar=0.8906 lr=3.94e-06
[22:06:32] INFO   ep54: train_loss=0.8572 val_acc=0.8894 val_f1=0.8888 val_uar=0.8910 lr=2.91e-06
[22:06:44] INFO   ep55: train_loss=0.8570 val_acc=0.8899 val_f1=0.8894 val_uar=0.8913 lr=2.03e-06
[22:06:57] INFO   ep56: train_loss=0.8573 val_acc=0.8885 val_f1=0.8879 val_uar=0.8902 lr=1.30e-06
[22:07:09] INFO   ep57: train_loss=0.8569 val_acc=0.8883 val_f1=0.8876 val_uar=0.8899 lr=7.32e-07
[22:07:21] INFO   ep58: train_loss=0.8567 val_acc=0.8878 val_f1=0.8871 val_uar=0.8894 lr=3.26e-07
[22:07:34] INFO   ep59: train_loss=0.8576 val_acc=0.8880 val_f1=0.8874 val_uar=0.8895 lr=8.15e-08
[22:07:46] INFO   ep60: train_loss=0.8572 val_acc=0.8883 val_f1=0.8877 val_uar=0.8900 lr=0.00e+00
[22:07:46] INFO [done] best_val_acc=0.8899 ckpt=checkpoints\cub200_convnext_tiny_seed2.pt time=12.7min
[22:07:47] INFO   [E1] eval clean + per colorfulness bin
[22:08:05] INFO   [E2] eval perturbasi warna
[22:13:05] INFO   done convnext_tiny seed2
[22:13:05] INFO ==== cub200 / vit_small / seed0 ====
[22:13:06] INFO [train] cub200/vit_small/seed0 epochs=60 device=cuda n_train=5994 n_val=5794 bs=64 accum=1
[22:13:41] INFO   ep1: train_loss=5.1747 val_acc=0.1322 val_f1=0.1111 val_uar=0.1327 lr=4.00e-05
[22:13:51] INFO   ep2: train_loss=3.4356 val_acc=0.6070 val_f1=0.5864 val_uar=0.6065 lr=6.00e-05
[22:14:01] INFO   ep3: train_loss=2.0107 val_acc=0.7648 val_f1=0.7554 val_uar=0.7666 lr=8.00e-05
[22:14:10] INFO   ep4: train_loss=1.4711 val_acc=0.8082 val_f1=0.8044 val_uar=0.8086 lr=1.00e-04
[22:14:20] INFO   ep5: train_loss=1.2617 val_acc=0.8193 val_f1=0.8173 val_uar=0.8207 lr=1.00e-04
[22:14:30] INFO   ep6: train_loss=1.1337 val_acc=0.8243 val_f1=0.8228 val_uar=0.8250 lr=9.99e-05
[22:14:40] INFO   ep7: train_loss=1.0587 val_acc=0.8298 val_f1=0.8280 val_uar=0.8307 lr=9.97e-05
[22:14:49] INFO   ep8: train_loss=0.9979 val_acc=0.8397 val_f1=0.8395 val_uar=0.8410 lr=9.93e-05
[22:14:59] INFO   ep9: train_loss=0.9652 val_acc=0.8495 val_f1=0.8479 val_uar=0.8508 lr=9.87e-05
[22:15:09] INFO   ep10: train_loss=0.9480 val_acc=0.8435 val_f1=0.8428 val_uar=0.8459 lr=9.80e-05
[22:15:19] INFO   ep11: train_loss=0.9338 val_acc=0.8476 val_f1=0.8462 val_uar=0.8496 lr=9.71e-05
[22:15:28] INFO   ep12: train_loss=0.9264 val_acc=0.8426 val_f1=0.8408 val_uar=0.8443 lr=9.61e-05
[22:15:38] INFO   ep13: train_loss=0.9203 val_acc=0.8540 val_f1=0.8526 val_uar=0.8554 lr=9.49e-05
[22:15:48] INFO   ep14: train_loss=0.9173 val_acc=0.8495 val_f1=0.8493 val_uar=0.8518 lr=9.35e-05
[22:15:57] INFO   ep15: train_loss=0.9158 val_acc=0.8486 val_f1=0.8476 val_uar=0.8498 lr=9.21e-05
[22:16:07] INFO   ep16: train_loss=0.9151 val_acc=0.8462 val_f1=0.8452 val_uar=0.8480 lr=9.05e-05
[22:16:17] INFO   ep17: train_loss=0.9084 val_acc=0.8498 val_f1=0.8493 val_uar=0.8513 lr=8.87e-05
[22:16:27] INFO   ep18: train_loss=0.9035 val_acc=0.8583 val_f1=0.8568 val_uar=0.8601 lr=8.68e-05
[22:16:37] INFO   ep19: train_loss=0.8975 val_acc=0.8552 val_f1=0.8546 val_uar=0.8570 lr=8.48e-05
[22:16:46] INFO   ep20: train_loss=0.8954 val_acc=0.8545 val_f1=0.8537 val_uar=0.8561 lr=8.27e-05
[22:16:56] INFO   ep21: train_loss=0.8945 val_acc=0.8552 val_f1=0.8553 val_uar=0.8564 lr=8.05e-05
[22:17:06] INFO   ep22: train_loss=0.8966 val_acc=0.8502 val_f1=0.8493 val_uar=0.8514 lr=7.82e-05
[22:17:16] INFO   ep23: train_loss=0.8962 val_acc=0.8559 val_f1=0.8551 val_uar=0.8576 lr=7.58e-05
[22:17:26] INFO   ep24: train_loss=0.8909 val_acc=0.8583 val_f1=0.8571 val_uar=0.8600 lr=7.33e-05
[22:17:35] INFO   ep25: train_loss=0.8904 val_acc=0.8574 val_f1=0.8562 val_uar=0.8587 lr=7.08e-05
[22:17:45] INFO   ep26: train_loss=0.8886 val_acc=0.8550 val_f1=0.8532 val_uar=0.8566 lr=6.81e-05
[22:17:55] INFO   ep27: train_loss=0.8841 val_acc=0.8548 val_f1=0.8530 val_uar=0.8565 lr=6.55e-05
[22:18:05] INFO   ep28: train_loss=0.8819 val_acc=0.8619 val_f1=0.8613 val_uar=0.8636 lr=6.27e-05
[22:18:14] INFO   ep29: train_loss=0.8798 val_acc=0.8637 val_f1=0.8624 val_uar=0.8655 lr=5.99e-05
[22:18:24] INFO   ep30: train_loss=0.8798 val_acc=0.8566 val_f1=0.8548 val_uar=0.8578 lr=5.71e-05
[22:18:34] INFO   ep31: train_loss=0.8790 val_acc=0.8593 val_f1=0.8575 val_uar=0.8608 lr=5.43e-05
[22:18:44] INFO   ep32: train_loss=0.8813 val_acc=0.8604 val_f1=0.8590 val_uar=0.8617 lr=5.14e-05
[22:18:54] INFO   ep33: train_loss=0.8791 val_acc=0.8626 val_f1=0.8609 val_uar=0.8642 lr=4.86e-05
[22:19:03] INFO   ep34: train_loss=0.8766 val_acc=0.8588 val_f1=0.8568 val_uar=0.8606 lr=4.57e-05
[22:19:13] INFO   ep35: train_loss=0.8754 val_acc=0.8599 val_f1=0.8582 val_uar=0.8619 lr=4.29e-05
[22:19:23] INFO   ep36: train_loss=0.8750 val_acc=0.8630 val_f1=0.8621 val_uar=0.8644 lr=4.01e-05
[22:19:33] INFO   ep37: train_loss=0.8735 val_acc=0.8628 val_f1=0.8631 val_uar=0.8645 lr=3.73e-05
[22:19:43] INFO   ep38: train_loss=0.8740 val_acc=0.8590 val_f1=0.8576 val_uar=0.8611 lr=3.45e-05
[22:19:52] INFO   ep39: train_loss=0.8730 val_acc=0.8609 val_f1=0.8601 val_uar=0.8628 lr=3.19e-05
[22:20:02] INFO   ep40: train_loss=0.8734 val_acc=0.8618 val_f1=0.8604 val_uar=0.8634 lr=2.92e-05
[22:20:12] INFO   ep41: train_loss=0.8708 val_acc=0.8624 val_f1=0.8613 val_uar=0.8641 lr=2.67e-05
[22:20:22] INFO   ep42: train_loss=0.8710 val_acc=0.8628 val_f1=0.8624 val_uar=0.8646 lr=2.42e-05
[22:20:31] INFO   ep43: train_loss=0.8716 val_acc=0.8647 val_f1=0.8638 val_uar=0.8666 lr=2.18e-05
[22:20:41] INFO   ep44: train_loss=0.8701 val_acc=0.8649 val_f1=0.8641 val_uar=0.8665 lr=1.95e-05
[22:20:51] INFO   ep45: train_loss=0.8699 val_acc=0.8645 val_f1=0.8632 val_uar=0.8664 lr=1.73e-05
[22:21:01] INFO   ep46: train_loss=0.8699 val_acc=0.8623 val_f1=0.8614 val_uar=0.8638 lr=1.52e-05
[22:21:11] INFO   ep47: train_loss=0.8693 val_acc=0.8676 val_f1=0.8668 val_uar=0.8692 lr=1.32e-05
[22:21:21] INFO   ep48: train_loss=0.8687 val_acc=0.8661 val_f1=0.8653 val_uar=0.8677 lr=1.13e-05
[22:21:30] INFO   ep49: train_loss=0.8684 val_acc=0.8654 val_f1=0.8647 val_uar=0.8670 lr=9.55e-06
[22:21:40] INFO   ep50: train_loss=0.8681 val_acc=0.8657 val_f1=0.8651 val_uar=0.8675 lr=7.94e-06
[22:21:50] INFO   ep51: train_loss=0.8675 val_acc=0.8668 val_f1=0.8659 val_uar=0.8684 lr=6.46e-06
[22:22:00] INFO   ep52: train_loss=0.8672 val_acc=0.8654 val_f1=0.8645 val_uar=0.8671 lr=5.13e-06
[22:22:10] INFO   ep53: train_loss=0.8673 val_acc=0.8668 val_f1=0.8659 val_uar=0.8684 lr=3.94e-06
[22:22:19] INFO   ep54: train_loss=0.8666 val_acc=0.8661 val_f1=0.8650 val_uar=0.8677 lr=2.91e-06
[22:22:29] INFO   ep55: train_loss=0.8672 val_acc=0.8652 val_f1=0.8641 val_uar=0.8668 lr=2.03e-06
[22:22:39] INFO   ep56: train_loss=0.8666 val_acc=0.8650 val_f1=0.8641 val_uar=0.8667 lr=1.30e-06
[22:22:49] INFO   ep57: train_loss=0.8666 val_acc=0.8650 val_f1=0.8642 val_uar=0.8668 lr=7.32e-07
[22:23:00] INFO   ep58: train_loss=0.8667 val_acc=0.8652 val_f1=0.8641 val_uar=0.8669 lr=3.26e-07
[22:23:10] INFO   ep59: train_loss=0.8667 val_acc=0.8649 val_f1=0.8639 val_uar=0.8666 lr=8.15e-08
[22:23:19] INFO   ep60: train_loss=0.8670 val_acc=0.8650 val_f1=0.8641 val_uar=0.8668 lr=0.00e+00
[22:23:19] INFO [done] best_val_acc=0.8676 ckpt=checkpoints\cub200_vit_small_seed0.pt time=10.2min
[22:23:21] INFO   [E1] eval clean + per colorfulness bin
[22:23:39] INFO   [E2] eval perturbasi warna
[22:28:34] INFO   done vit_small seed0
[22:28:34] INFO ==== cub200 / vit_small / seed1 ====
[22:28:34] INFO [train] cub200/vit_small/seed1 epochs=60 device=cuda n_train=5994 n_val=5794 bs=64 accum=1
[22:29:10] INFO   ep1: train_loss=5.0864 val_acc=0.1434 val_f1=0.1184 val_uar=0.1474 lr=4.00e-05
[22:29:20] INFO   ep2: train_loss=3.3912 val_acc=0.5932 val_f1=0.5748 val_uar=0.5932 lr=6.00e-05
[22:29:30] INFO   ep3: train_loss=2.0255 val_acc=0.7551 val_f1=0.7477 val_uar=0.7557 lr=8.00e-05
[22:29:39] INFO   ep4: train_loss=1.4704 val_acc=0.7958 val_f1=0.7898 val_uar=0.7960 lr=1.00e-04
[22:29:49] INFO   ep5: train_loss=1.2625 val_acc=0.8131 val_f1=0.8087 val_uar=0.8134 lr=1.00e-04
[22:29:59] INFO   ep6: train_loss=1.1208 val_acc=0.8207 val_f1=0.8177 val_uar=0.8223 lr=9.99e-05
[22:30:08] INFO   ep7: train_loss=1.0526 val_acc=0.8243 val_f1=0.8220 val_uar=0.8250 lr=9.97e-05
[22:30:18] INFO   ep8: train_loss=1.0014 val_acc=0.8276 val_f1=0.8252 val_uar=0.8287 lr=9.93e-05
[22:30:28] INFO   ep9: train_loss=0.9698 val_acc=0.8367 val_f1=0.8360 val_uar=0.8380 lr=9.87e-05
[22:30:38] INFO   ep10: train_loss=0.9466 val_acc=0.8410 val_f1=0.8405 val_uar=0.8419 lr=9.80e-05
[22:30:48] INFO   ep11: train_loss=0.9363 val_acc=0.8423 val_f1=0.8411 val_uar=0.8433 lr=9.71e-05
[22:30:57] INFO   ep12: train_loss=0.9242 val_acc=0.8409 val_f1=0.8393 val_uar=0.8422 lr=9.61e-05
[22:31:07] INFO   ep13: train_loss=0.9190 val_acc=0.8490 val_f1=0.8485 val_uar=0.8504 lr=9.49e-05
[22:31:17] INFO   ep14: train_loss=0.9135 val_acc=0.8495 val_f1=0.8477 val_uar=0.8510 lr=9.35e-05
[22:31:27] INFO   ep15: train_loss=0.9090 val_acc=0.8516 val_f1=0.8504 val_uar=0.8528 lr=9.21e-05
[22:31:37] INFO   ep16: train_loss=0.9052 val_acc=0.8481 val_f1=0.8457 val_uar=0.8496 lr=9.05e-05
[22:31:46] INFO   ep17: train_loss=0.9032 val_acc=0.8493 val_f1=0.8482 val_uar=0.8508 lr=8.87e-05
[22:31:56] INFO   ep18: train_loss=0.8985 val_acc=0.8490 val_f1=0.8474 val_uar=0.8504 lr=8.68e-05
[22:32:06] INFO   ep19: train_loss=0.8978 val_acc=0.8500 val_f1=0.8485 val_uar=0.8516 lr=8.48e-05
[22:32:16] INFO   ep20: train_loss=0.8962 val_acc=0.8416 val_f1=0.8399 val_uar=0.8428 lr=8.27e-05
[22:32:26] INFO   ep21: train_loss=0.9046 val_acc=0.8488 val_f1=0.8470 val_uar=0.8492 lr=8.05e-05
[22:32:35] INFO   ep22: train_loss=0.8948 val_acc=0.8493 val_f1=0.8477 val_uar=0.8502 lr=7.82e-05
[22:32:45] INFO   ep23: train_loss=0.8928 val_acc=0.8504 val_f1=0.8494 val_uar=0.8512 lr=7.58e-05
[22:32:55] INFO   ep24: train_loss=0.8931 val_acc=0.8485 val_f1=0.8469 val_uar=0.8495 lr=7.33e-05
[22:33:05] INFO   ep25: train_loss=0.8910 val_acc=0.8536 val_f1=0.8524 val_uar=0.8547 lr=7.08e-05
[22:33:15] INFO   ep26: train_loss=0.8906 val_acc=0.8523 val_f1=0.8512 val_uar=0.8535 lr=6.81e-05
[22:33:24] INFO   ep27: train_loss=0.8859 val_acc=0.8478 val_f1=0.8463 val_uar=0.8491 lr=6.55e-05
[22:33:34] INFO   ep28: train_loss=0.8843 val_acc=0.8514 val_f1=0.8504 val_uar=0.8532 lr=6.27e-05
[22:33:44] INFO   ep29: train_loss=0.8820 val_acc=0.8548 val_f1=0.8538 val_uar=0.8557 lr=5.99e-05
[22:33:54] INFO   ep30: train_loss=0.8807 val_acc=0.8566 val_f1=0.8545 val_uar=0.8573 lr=5.71e-05
[22:34:04] INFO   ep31: train_loss=0.8799 val_acc=0.8592 val_f1=0.8578 val_uar=0.8604 lr=5.43e-05
[22:34:14] INFO   ep32: train_loss=0.8786 val_acc=0.8586 val_f1=0.8568 val_uar=0.8596 lr=5.14e-05
[22:34:23] INFO   ep33: train_loss=0.8777 val_acc=0.8562 val_f1=0.8549 val_uar=0.8574 lr=4.86e-05
[22:34:33] INFO   ep34: train_loss=0.8763 val_acc=0.8571 val_f1=0.8556 val_uar=0.8586 lr=4.57e-05
[22:34:43] INFO   ep35: train_loss=0.8756 val_acc=0.8616 val_f1=0.8596 val_uar=0.8633 lr=4.29e-05
[22:34:53] INFO   ep36: train_loss=0.8738 val_acc=0.8618 val_f1=0.8611 val_uar=0.8636 lr=4.01e-05
[22:35:03] INFO   ep37: train_loss=0.8744 val_acc=0.8586 val_f1=0.8570 val_uar=0.8603 lr=3.73e-05
[22:35:13] INFO   ep38: train_loss=0.8739 val_acc=0.8619 val_f1=0.8606 val_uar=0.8636 lr=3.45e-05
[22:35:23] INFO   ep39: train_loss=0.8724 val_acc=0.8633 val_f1=0.8620 val_uar=0.8647 lr=3.19e-05
[22:35:33] INFO   ep40: train_loss=0.8722 val_acc=0.8609 val_f1=0.8601 val_uar=0.8626 lr=2.92e-05
[22:35:43] INFO   ep41: train_loss=0.8720 val_acc=0.8637 val_f1=0.8630 val_uar=0.8650 lr=2.67e-05
[22:35:52] INFO   ep42: train_loss=0.8716 val_acc=0.8621 val_f1=0.8613 val_uar=0.8640 lr=2.42e-05
[22:36:02] INFO   ep43: train_loss=0.8707 val_acc=0.8614 val_f1=0.8596 val_uar=0.8626 lr=2.18e-05
[22:36:12] INFO   ep44: train_loss=0.8695 val_acc=0.8638 val_f1=0.8619 val_uar=0.8652 lr=1.95e-05
[22:36:22] INFO   ep45: train_loss=0.8704 val_acc=0.8623 val_f1=0.8606 val_uar=0.8637 lr=1.73e-05
[22:36:32] INFO   ep46: train_loss=0.8695 val_acc=0.8623 val_f1=0.8602 val_uar=0.8636 lr=1.52e-05
[22:36:42] INFO   ep47: train_loss=0.8691 val_acc=0.8631 val_f1=0.8615 val_uar=0.8642 lr=1.32e-05
[22:36:52] INFO   ep48: train_loss=0.8680 val_acc=0.8659 val_f1=0.8644 val_uar=0.8670 lr=1.13e-05
[22:37:02] INFO   ep49: train_loss=0.8675 val_acc=0.8650 val_f1=0.8635 val_uar=0.8661 lr=9.55e-06
[22:37:11] INFO   ep50: train_loss=0.8678 val_acc=0.8619 val_f1=0.8602 val_uar=0.8631 lr=7.94e-06
[22:37:21] INFO   ep51: train_loss=0.8672 val_acc=0.8649 val_f1=0.8633 val_uar=0.8660 lr=6.46e-06
[22:37:31] INFO   ep52: train_loss=0.8680 val_acc=0.8631 val_f1=0.8615 val_uar=0.8644 lr=5.13e-06
[22:37:41] INFO   ep53: train_loss=0.8668 val_acc=0.8654 val_f1=0.8634 val_uar=0.8666 lr=3.94e-06
[22:37:51] INFO   ep54: train_loss=0.8667 val_acc=0.8647 val_f1=0.8630 val_uar=0.8660 lr=2.91e-06
[22:38:01] INFO   ep55: train_loss=0.8679 val_acc=0.8666 val_f1=0.8648 val_uar=0.8677 lr=2.03e-06
[22:38:11] INFO   ep56: train_loss=0.8671 val_acc=0.8650 val_f1=0.8633 val_uar=0.8663 lr=1.30e-06
[22:38:20] INFO   ep57: train_loss=0.8669 val_acc=0.8657 val_f1=0.8639 val_uar=0.8669 lr=7.32e-07
[22:38:30] INFO   ep58: train_loss=0.8677 val_acc=0.8652 val_f1=0.8634 val_uar=0.8664 lr=3.26e-07
[22:38:40] INFO   ep59: train_loss=0.8675 val_acc=0.8654 val_f1=0.8636 val_uar=0.8666 lr=8.15e-08
[22:38:50] INFO   ep60: train_loss=0.8666 val_acc=0.8652 val_f1=0.8634 val_uar=0.8664 lr=0.00e+00
[22:38:50] INFO [done] best_val_acc=0.8666 ckpt=checkpoints\cub200_vit_small_seed1.pt time=10.3min
[22:38:52] INFO   [E1] eval clean + per colorfulness bin
[22:39:10] INFO   [E2] eval perturbasi warna
[22:44:05] INFO   done vit_small seed1
[22:44:05] INFO ==== cub200 / vit_small / seed2 ====
[22:44:05] INFO [train] cub200/vit_small/seed2 epochs=60 device=cuda n_train=5994 n_val=5794 bs=64 accum=1
[22:44:41] INFO   ep1: train_loss=5.0861 val_acc=0.1372 val_f1=0.1174 val_uar=0.1376 lr=4.00e-05
[22:44:50] INFO   ep2: train_loss=3.3549 val_acc=0.6122 val_f1=0.5926 val_uar=0.6152 lr=6.00e-05
[22:45:00] INFO   ep3: train_loss=1.9886 val_acc=0.7708 val_f1=0.7647 val_uar=0.7714 lr=8.00e-05
[22:45:10] INFO   ep4: train_loss=1.4672 val_acc=0.8126 val_f1=0.8115 val_uar=0.8140 lr=1.00e-04
[22:45:19] INFO   ep5: train_loss=1.2634 val_acc=0.8217 val_f1=0.8211 val_uar=0.8233 lr=1.00e-04
[22:45:29] INFO   ep6: train_loss=1.1357 val_acc=0.8300 val_f1=0.8286 val_uar=0.8313 lr=9.99e-05
[22:45:39] INFO   ep7: train_loss=1.0481 val_acc=0.8379 val_f1=0.8374 val_uar=0.8396 lr=9.97e-05
[22:45:49] INFO   ep8: train_loss=0.9964 val_acc=0.8374 val_f1=0.8361 val_uar=0.8384 lr=9.93e-05
[22:45:58] INFO   ep9: train_loss=0.9675 val_acc=0.8400 val_f1=0.8393 val_uar=0.8417 lr=9.87e-05
[22:46:08] INFO   ep10: train_loss=0.9486 val_acc=0.8412 val_f1=0.8408 val_uar=0.8428 lr=9.80e-05
[22:46:18] INFO   ep11: train_loss=0.9411 val_acc=0.8483 val_f1=0.8476 val_uar=0.8500 lr=9.71e-05
[22:46:27] INFO   ep12: train_loss=0.9312 val_acc=0.8447 val_f1=0.8447 val_uar=0.8459 lr=9.61e-05
[22:46:37] INFO   ep13: train_loss=0.9270 val_acc=0.8507 val_f1=0.8500 val_uar=0.8520 lr=9.49e-05
[22:46:47] INFO   ep14: train_loss=0.9152 val_acc=0.8516 val_f1=0.8509 val_uar=0.8532 lr=9.35e-05
[22:46:57] INFO   ep15: train_loss=0.9127 val_acc=0.8538 val_f1=0.8534 val_uar=0.8553 lr=9.21e-05
[22:47:07] INFO   ep16: train_loss=0.9082 val_acc=0.8504 val_f1=0.8499 val_uar=0.8521 lr=9.05e-05
[22:47:16] INFO   ep17: train_loss=0.9036 val_acc=0.8526 val_f1=0.8521 val_uar=0.8539 lr=8.87e-05
[22:47:26] INFO   ep18: train_loss=0.9022 val_acc=0.8473 val_f1=0.8476 val_uar=0.8490 lr=8.68e-05
[22:47:36] INFO   ep19: train_loss=0.8970 val_acc=0.8557 val_f1=0.8550 val_uar=0.8575 lr=8.48e-05
[22:47:46] INFO   ep20: train_loss=0.9006 val_acc=0.8478 val_f1=0.8473 val_uar=0.8493 lr=8.27e-05
[22:47:55] INFO   ep21: train_loss=0.8967 val_acc=0.8498 val_f1=0.8496 val_uar=0.8513 lr=8.05e-05
[22:48:05] INFO   ep22: train_loss=0.8950 val_acc=0.8511 val_f1=0.8501 val_uar=0.8528 lr=7.82e-05
[22:48:15] INFO   ep23: train_loss=0.8954 val_acc=0.8530 val_f1=0.8517 val_uar=0.8545 lr=7.58e-05
[22:48:25] INFO   ep24: train_loss=0.8904 val_acc=0.8590 val_f1=0.8575 val_uar=0.8604 lr=7.33e-05
[22:48:35] INFO   ep25: train_loss=0.8889 val_acc=0.8554 val_f1=0.8540 val_uar=0.8569 lr=7.08e-05
[22:48:44] INFO   ep26: train_loss=0.8869 val_acc=0.8567 val_f1=0.8550 val_uar=0.8585 lr=6.81e-05
[22:48:54] INFO   ep27: train_loss=0.8856 val_acc=0.8583 val_f1=0.8572 val_uar=0.8601 lr=6.55e-05
[22:49:04] INFO   ep28: train_loss=0.8844 val_acc=0.8588 val_f1=0.8570 val_uar=0.8603 lr=6.27e-05
[22:49:14] INFO   ep29: train_loss=0.8806 val_acc=0.8607 val_f1=0.8592 val_uar=0.8620 lr=5.99e-05
[22:49:24] INFO   ep30: train_loss=0.8792 val_acc=0.8593 val_f1=0.8587 val_uar=0.8609 lr=5.71e-05
[22:49:34] INFO   ep31: train_loss=0.8787 val_acc=0.8578 val_f1=0.8578 val_uar=0.8594 lr=5.43e-05
[22:49:43] INFO   ep32: train_loss=0.8783 val_acc=0.8592 val_f1=0.8580 val_uar=0.8608 lr=5.14e-05
[22:49:53] INFO   ep33: train_loss=0.8783 val_acc=0.8618 val_f1=0.8609 val_uar=0.8632 lr=4.86e-05
[22:50:03] INFO   ep34: train_loss=0.8755 val_acc=0.8590 val_f1=0.8585 val_uar=0.8604 lr=4.57e-05
[22:50:13] INFO   ep35: train_loss=0.8755 val_acc=0.8590 val_f1=0.8582 val_uar=0.8603 lr=4.29e-05
[22:50:23] INFO   ep36: train_loss=0.8743 val_acc=0.8600 val_f1=0.8592 val_uar=0.8615 lr=4.01e-05
[22:50:32] INFO   ep37: train_loss=0.8739 val_acc=0.8604 val_f1=0.8595 val_uar=0.8618 lr=3.73e-05
[22:50:42] INFO   ep38: train_loss=0.8752 val_acc=0.8564 val_f1=0.8553 val_uar=0.8581 lr=3.45e-05
[22:50:52] INFO   ep39: train_loss=0.8739 val_acc=0.8626 val_f1=0.8625 val_uar=0.8642 lr=3.19e-05
[22:51:02] INFO   ep40: train_loss=0.8723 val_acc=0.8637 val_f1=0.8631 val_uar=0.8654 lr=2.92e-05
[22:51:11] INFO   ep41: train_loss=0.8707 val_acc=0.8604 val_f1=0.8603 val_uar=0.8623 lr=2.67e-05
[22:51:21] INFO   ep42: train_loss=0.8707 val_acc=0.8626 val_f1=0.8621 val_uar=0.8642 lr=2.42e-05
[22:51:31] INFO   ep43: train_loss=0.8693 val_acc=0.8605 val_f1=0.8600 val_uar=0.8621 lr=2.18e-05
[22:51:41] INFO   ep44: train_loss=0.8687 val_acc=0.8633 val_f1=0.8626 val_uar=0.8649 lr=1.95e-05
[22:51:51] INFO   ep45: train_loss=0.8686 val_acc=0.8628 val_f1=0.8618 val_uar=0.8643 lr=1.73e-05
[22:52:01] INFO   ep46: train_loss=0.8678 val_acc=0.8626 val_f1=0.8621 val_uar=0.8642 lr=1.52e-05
[22:52:10] INFO   ep47: train_loss=0.8678 val_acc=0.8616 val_f1=0.8607 val_uar=0.8631 lr=1.32e-05
[22:52:20] INFO   ep48: train_loss=0.8675 val_acc=0.8638 val_f1=0.8628 val_uar=0.8653 lr=1.13e-05
[22:52:30] INFO   ep49: train_loss=0.8669 val_acc=0.8621 val_f1=0.8612 val_uar=0.8636 lr=9.55e-06
[22:52:40] INFO   ep50: train_loss=0.8682 val_acc=0.8623 val_f1=0.8612 val_uar=0.8639 lr=7.94e-06
[22:52:50] INFO   ep51: train_loss=0.8673 val_acc=0.8630 val_f1=0.8624 val_uar=0.8644 lr=6.46e-06
[22:52:59] INFO   ep52: train_loss=0.8672 val_acc=0.8643 val_f1=0.8636 val_uar=0.8659 lr=5.13e-06
[22:53:09] INFO   ep53: train_loss=0.8668 val_acc=0.8643 val_f1=0.8635 val_uar=0.8658 lr=3.94e-06
[22:53:19] INFO   ep54: train_loss=0.8662 val_acc=0.8649 val_f1=0.8639 val_uar=0.8663 lr=2.91e-06
[22:53:29] INFO   ep55: train_loss=0.8662 val_acc=0.8631 val_f1=0.8621 val_uar=0.8645 lr=2.03e-06
[22:53:39] INFO   ep56: train_loss=0.8667 val_acc=0.8642 val_f1=0.8634 val_uar=0.8656 lr=1.30e-06
[22:53:49] INFO   ep57: train_loss=0.8666 val_acc=0.8645 val_f1=0.8638 val_uar=0.8659 lr=7.32e-07
[22:53:58] INFO   ep58: train_loss=0.8665 val_acc=0.8650 val_f1=0.8642 val_uar=0.8664 lr=3.26e-07
[22:54:08] INFO   ep59: train_loss=0.8666 val_acc=0.8643 val_f1=0.8636 val_uar=0.8657 lr=8.15e-08
[22:54:18] INFO   ep60: train_loss=0.8662 val_acc=0.8645 val_f1=0.8637 val_uar=0.8659 lr=0.00e+00
[22:54:18] INFO [done] best_val_acc=0.8650 ckpt=checkpoints\cub200_vit_small_seed2.pt time=10.2min
[22:54:20] INFO   [E1] eval clean + per colorfulness bin
[22:54:38] INFO   [E2] eval perturbasi warna
[22:59:39] INFO   done vit_small seed2
[22:59:39] INFO ==== cub200 / swin_tiny / seed0 ====
[22:59:39] INFO [train] cub200/swin_tiny/seed0 epochs=60 device=cuda n_train=5994 n_val=5794 bs=64 accum=1
[23:00:20] INFO   ep1: train_loss=5.2050 val_acc=0.0946 val_f1=0.0743 val_uar=0.0963 lr=4.00e-05
[23:00:34] INFO   ep2: train_loss=3.6691 val_acc=0.5873 val_f1=0.5754 val_uar=0.5899 lr=6.00e-05
[23:00:48] INFO   ep3: train_loss=2.1623 val_acc=0.7358 val_f1=0.7303 val_uar=0.7380 lr=8.00e-05
[23:01:02] INFO   ep4: train_loss=1.6893 val_acc=0.7789 val_f1=0.7748 val_uar=0.7808 lr=1.00e-04
[23:01:16] INFO   ep5: train_loss=1.4663 val_acc=0.7912 val_f1=0.7912 val_uar=0.7922 lr=1.00e-04
[23:01:31] INFO   ep6: train_loss=1.3145 val_acc=0.7982 val_f1=0.7962 val_uar=0.8001 lr=9.99e-05
[23:01:45] INFO   ep7: train_loss=1.2153 val_acc=0.8146 val_f1=0.8131 val_uar=0.8157 lr=9.97e-05
[23:01:59] INFO   ep8: train_loss=1.1588 val_acc=0.8160 val_f1=0.8150 val_uar=0.8168 lr=9.93e-05
[23:02:14] INFO   ep9: train_loss=1.1205 val_acc=0.8248 val_f1=0.8241 val_uar=0.8257 lr=9.87e-05
[23:02:28] INFO   ep10: train_loss=1.0775 val_acc=0.8345 val_f1=0.8323 val_uar=0.8355 lr=9.80e-05
[23:02:43] INFO   ep11: train_loss=1.0608 val_acc=0.8314 val_f1=0.8304 val_uar=0.8326 lr=9.71e-05
[23:02:57] INFO   ep12: train_loss=1.0348 val_acc=0.8364 val_f1=0.8359 val_uar=0.8373 lr=9.61e-05
[23:03:12] INFO   ep13: train_loss=1.0148 val_acc=0.8334 val_f1=0.8314 val_uar=0.8350 lr=9.49e-05
[23:03:26] INFO   ep14: train_loss=1.0170 val_acc=0.8414 val_f1=0.8397 val_uar=0.8431 lr=9.35e-05
[23:03:40] INFO   ep15: train_loss=0.9990 val_acc=0.8352 val_f1=0.8330 val_uar=0.8366 lr=9.21e-05
[23:03:55] INFO   ep16: train_loss=0.9947 val_acc=0.8376 val_f1=0.8365 val_uar=0.8389 lr=9.05e-05
[23:04:09] INFO   ep17: train_loss=0.9864 val_acc=0.8390 val_f1=0.8376 val_uar=0.8404 lr=8.87e-05
[23:04:24] INFO   ep18: train_loss=0.9763 val_acc=0.8400 val_f1=0.8382 val_uar=0.8411 lr=8.68e-05
[23:04:38] INFO   ep19: train_loss=0.9713 val_acc=0.8405 val_f1=0.8385 val_uar=0.8414 lr=8.48e-05
[23:04:53] INFO   ep20: train_loss=0.9720 val_acc=0.8374 val_f1=0.8355 val_uar=0.8386 lr=8.27e-05
[23:05:07] INFO   ep21: train_loss=0.9559 val_acc=0.8440 val_f1=0.8426 val_uar=0.8454 lr=8.05e-05
[23:05:21] INFO   ep22: train_loss=0.9570 val_acc=0.8397 val_f1=0.8390 val_uar=0.8412 lr=7.82e-05
[23:05:36] INFO   ep23: train_loss=0.9535 val_acc=0.8459 val_f1=0.8435 val_uar=0.8471 lr=7.58e-05
[23:05:50] INFO   ep24: train_loss=0.9504 val_acc=0.8448 val_f1=0.8437 val_uar=0.8460 lr=7.33e-05
[23:06:04] INFO   ep25: train_loss=0.9437 val_acc=0.8466 val_f1=0.8446 val_uar=0.8481 lr=7.08e-05
[23:06:19] INFO   ep26: train_loss=0.9399 val_acc=0.8459 val_f1=0.8447 val_uar=0.8472 lr=6.81e-05
[23:06:33] INFO   ep27: train_loss=0.9338 val_acc=0.8517 val_f1=0.8509 val_uar=0.8530 lr=6.55e-05
[23:06:48] INFO   ep28: train_loss=0.9372 val_acc=0.8486 val_f1=0.8469 val_uar=0.8498 lr=6.27e-05
[23:07:02] INFO   ep29: train_loss=0.9236 val_acc=0.8542 val_f1=0.8517 val_uar=0.8554 lr=5.99e-05
[23:07:17] INFO   ep30: train_loss=0.9297 val_acc=0.8481 val_f1=0.8467 val_uar=0.8495 lr=5.71e-05
[23:07:31] INFO   ep31: train_loss=0.9234 val_acc=0.8543 val_f1=0.8535 val_uar=0.8553 lr=5.43e-05
[23:07:46] INFO   ep32: train_loss=0.9184 val_acc=0.8519 val_f1=0.8497 val_uar=0.8530 lr=5.14e-05
[23:08:00] INFO   ep33: train_loss=0.9186 val_acc=0.8492 val_f1=0.8467 val_uar=0.8497 lr=4.86e-05
[23:08:14] INFO   ep34: train_loss=0.9198 val_acc=0.8498 val_f1=0.8474 val_uar=0.8513 lr=4.57e-05
[23:08:29] INFO   ep35: train_loss=0.9110 val_acc=0.8533 val_f1=0.8511 val_uar=0.8542 lr=4.29e-05
[23:08:43] INFO   ep36: train_loss=0.9093 val_acc=0.8543 val_f1=0.8519 val_uar=0.8556 lr=4.01e-05
[23:08:58] INFO   ep37: train_loss=0.9120 val_acc=0.8531 val_f1=0.8510 val_uar=0.8539 lr=3.73e-05
[23:09:12] INFO   ep38: train_loss=0.9091 val_acc=0.8521 val_f1=0.8507 val_uar=0.8529 lr=3.45e-05
[23:09:27] INFO   ep39: train_loss=0.9100 val_acc=0.8517 val_f1=0.8496 val_uar=0.8529 lr=3.19e-05
[23:09:41] INFO   ep40: train_loss=0.9038 val_acc=0.8567 val_f1=0.8552 val_uar=0.8575 lr=2.92e-05
[23:09:55] INFO   ep41: train_loss=0.9057 val_acc=0.8557 val_f1=0.8535 val_uar=0.8567 lr=2.67e-05
[23:10:10] INFO   ep42: train_loss=0.9055 val_acc=0.8545 val_f1=0.8523 val_uar=0.8553 lr=2.42e-05
[23:10:24] INFO   ep43: train_loss=0.8980 val_acc=0.8561 val_f1=0.8543 val_uar=0.8568 lr=2.18e-05
[23:10:39] INFO   ep44: train_loss=0.8974 val_acc=0.8581 val_f1=0.8563 val_uar=0.8593 lr=1.95e-05
[23:10:53] INFO   ep45: train_loss=0.9032 val_acc=0.8555 val_f1=0.8536 val_uar=0.8565 lr=1.73e-05
[23:11:08] INFO   ep46: train_loss=0.9024 val_acc=0.8578 val_f1=0.8563 val_uar=0.8588 lr=1.52e-05
[23:11:22] INFO   ep47: train_loss=0.8972 val_acc=0.8559 val_f1=0.8541 val_uar=0.8568 lr=1.32e-05
[23:11:36] INFO   ep48: train_loss=0.8959 val_acc=0.8569 val_f1=0.8552 val_uar=0.8578 lr=1.13e-05
[23:11:51] INFO   ep49: train_loss=0.8948 val_acc=0.8574 val_f1=0.8562 val_uar=0.8582 lr=9.55e-06
[23:12:05] INFO   ep50: train_loss=0.8961 val_acc=0.8578 val_f1=0.8556 val_uar=0.8587 lr=7.94e-06
[23:12:20] INFO   ep51: train_loss=0.8949 val_acc=0.8564 val_f1=0.8544 val_uar=0.8573 lr=6.46e-06
[23:12:34] INFO   ep52: train_loss=0.8944 val_acc=0.8586 val_f1=0.8568 val_uar=0.8596 lr=5.13e-06
[23:12:49] INFO   ep53: train_loss=0.8910 val_acc=0.8600 val_f1=0.8581 val_uar=0.8611 lr=3.94e-06
[23:13:03] INFO   ep54: train_loss=0.8940 val_acc=0.8609 val_f1=0.8591 val_uar=0.8621 lr=2.91e-06
[23:13:18] INFO   ep55: train_loss=0.8939 val_acc=0.8593 val_f1=0.8576 val_uar=0.8605 lr=2.03e-06
[23:13:32] INFO   ep56: train_loss=0.8959 val_acc=0.8592 val_f1=0.8572 val_uar=0.8602 lr=1.30e-06
[23:13:46] INFO   ep57: train_loss=0.8922 val_acc=0.8597 val_f1=0.8577 val_uar=0.8607 lr=7.32e-07
[23:14:01] INFO   ep58: train_loss=0.8927 val_acc=0.8602 val_f1=0.8584 val_uar=0.8613 lr=3.26e-07
[23:14:15] INFO   ep59: train_loss=0.8925 val_acc=0.8599 val_f1=0.8579 val_uar=0.8609 lr=8.15e-08
[23:14:30] INFO   ep60: train_loss=0.8919 val_acc=0.8602 val_f1=0.8583 val_uar=0.8612 lr=0.00e+00
[23:14:30] INFO [done] best_val_acc=0.8609 ckpt=checkpoints\cub200_swin_tiny_seed0.pt time=14.8min
[23:14:31] INFO   [E1] eval clean + per colorfulness bin
[23:14:49] INFO   [E2] eval perturbasi warna
[23:20:03] INFO   done swin_tiny seed0
[23:20:03] INFO ==== cub200 / swin_tiny / seed1 ====
[23:20:03] INFO [train] cub200/swin_tiny/seed1 epochs=60 device=cuda n_train=5994 n_val=5794 bs=64 accum=1
[23:20:44] INFO   ep1: train_loss=5.1734 val_acc=0.1036 val_f1=0.0771 val_uar=0.1049 lr=4.00e-05
[23:20:58] INFO   ep2: train_loss=3.5358 val_acc=0.6260 val_f1=0.6104 val_uar=0.6277 lr=6.00e-05
[23:21:12] INFO   ep3: train_loss=2.1332 val_acc=0.7551 val_f1=0.7507 val_uar=0.7560 lr=8.00e-05
[23:21:27] INFO   ep4: train_loss=1.6838 val_acc=0.7817 val_f1=0.7792 val_uar=0.7828 lr=1.00e-04
[23:21:41] INFO   ep5: train_loss=1.4756 val_acc=0.8019 val_f1=0.8003 val_uar=0.8032 lr=1.00e-04
[23:21:55] INFO   ep6: train_loss=1.3305 val_acc=0.8172 val_f1=0.8146 val_uar=0.8187 lr=9.99e-05
[23:22:10] INFO   ep7: train_loss=1.2316 val_acc=0.8081 val_f1=0.8050 val_uar=0.8100 lr=9.97e-05
[23:22:24] INFO   ep8: train_loss=1.1730 val_acc=0.8234 val_f1=0.8211 val_uar=0.8252 lr=9.93e-05
[23:22:38] INFO   ep9: train_loss=1.1167 val_acc=0.8336 val_f1=0.8324 val_uar=0.8344 lr=9.87e-05
[23:22:53] INFO   ep10: train_loss=1.0911 val_acc=0.8376 val_f1=0.8342 val_uar=0.8390 lr=9.80e-05
[23:23:07] INFO   ep11: train_loss=1.0608 val_acc=0.8421 val_f1=0.8409 val_uar=0.8433 lr=9.71e-05
[23:23:22] INFO   ep12: train_loss=1.0435 val_acc=0.8407 val_f1=0.8401 val_uar=0.8414 lr=9.61e-05
[23:23:36] INFO   ep13: train_loss=1.0170 val_acc=0.8448 val_f1=0.8443 val_uar=0.8461 lr=9.49e-05
[23:23:50] INFO   ep14: train_loss=1.0198 val_acc=0.8417 val_f1=0.8401 val_uar=0.8431 lr=9.35e-05
[23:24:05] INFO   ep15: train_loss=1.0073 val_acc=0.8385 val_f1=0.8371 val_uar=0.8399 lr=9.21e-05
[23:24:19] INFO   ep16: train_loss=0.9925 val_acc=0.8409 val_f1=0.8388 val_uar=0.8421 lr=9.05e-05
[23:24:33] INFO   ep17: train_loss=0.9880 val_acc=0.8488 val_f1=0.8476 val_uar=0.8495 lr=8.87e-05
[23:24:48] INFO   ep18: train_loss=0.9827 val_acc=0.8441 val_f1=0.8432 val_uar=0.8457 lr=8.68e-05
[23:25:02] INFO   ep19: train_loss=0.9763 val_acc=0.8445 val_f1=0.8428 val_uar=0.8457 lr=8.48e-05
[23:25:17] INFO   ep20: train_loss=0.9686 val_acc=0.8407 val_f1=0.8384 val_uar=0.8422 lr=8.27e-05
[23:25:31] INFO   ep21: train_loss=0.9621 val_acc=0.8473 val_f1=0.8451 val_uar=0.8481 lr=8.05e-05
[23:25:46] INFO   ep22: train_loss=0.9636 val_acc=0.8460 val_f1=0.8438 val_uar=0.8477 lr=7.82e-05
[23:26:00] INFO   ep23: train_loss=0.9540 val_acc=0.8509 val_f1=0.8490 val_uar=0.8519 lr=7.58e-05
[23:26:14] INFO   ep24: train_loss=0.9491 val_acc=0.8502 val_f1=0.8494 val_uar=0.8511 lr=7.33e-05
[23:26:29] INFO   ep25: train_loss=0.9454 val_acc=0.8498 val_f1=0.8481 val_uar=0.8510 lr=7.08e-05
[23:26:43] INFO   ep26: train_loss=0.9411 val_acc=0.8519 val_f1=0.8517 val_uar=0.8540 lr=6.81e-05
[23:26:58] INFO   ep27: train_loss=0.9335 val_acc=0.8557 val_f1=0.8538 val_uar=0.8571 lr=6.55e-05
[23:27:12] INFO   ep28: train_loss=0.9314 val_acc=0.8521 val_f1=0.8501 val_uar=0.8539 lr=6.27e-05
[23:27:27] INFO   ep29: train_loss=0.9297 val_acc=0.8552 val_f1=0.8535 val_uar=0.8565 lr=5.99e-05
[23:27:41] INFO   ep30: train_loss=0.9246 val_acc=0.8514 val_f1=0.8504 val_uar=0.8529 lr=5.71e-05
[23:27:55] INFO   ep31: train_loss=0.9227 val_acc=0.8531 val_f1=0.8516 val_uar=0.8541 lr=5.43e-05
[23:28:10] INFO   ep32: train_loss=0.9260 val_acc=0.8509 val_f1=0.8486 val_uar=0.8522 lr=5.14e-05
[23:28:24] INFO   ep33: train_loss=0.9165 val_acc=0.8590 val_f1=0.8572 val_uar=0.8602 lr=4.86e-05
[23:28:39] INFO   ep34: train_loss=0.9227 val_acc=0.8545 val_f1=0.8533 val_uar=0.8560 lr=4.57e-05
[23:28:53] INFO   ep35: train_loss=0.9178 val_acc=0.8523 val_f1=0.8503 val_uar=0.8536 lr=4.29e-05
[23:29:08] INFO   ep36: train_loss=0.9135 val_acc=0.8536 val_f1=0.8518 val_uar=0.8552 lr=4.01e-05
[23:29:22] INFO   ep37: train_loss=0.9151 val_acc=0.8569 val_f1=0.8553 val_uar=0.8580 lr=3.73e-05
[23:29:37] INFO   ep38: train_loss=0.9075 val_acc=0.8581 val_f1=0.8554 val_uar=0.8594 lr=3.45e-05
[23:29:51] INFO   ep39: train_loss=0.9039 val_acc=0.8586 val_f1=0.8570 val_uar=0.8602 lr=3.19e-05
[23:30:05] INFO   ep40: train_loss=0.9025 val_acc=0.8588 val_f1=0.8575 val_uar=0.8601 lr=2.92e-05
[23:30:20] INFO   ep41: train_loss=0.9017 val_acc=0.8583 val_f1=0.8559 val_uar=0.8597 lr=2.67e-05
[23:30:34] INFO   ep42: train_loss=0.9028 val_acc=0.8621 val_f1=0.8609 val_uar=0.8635 lr=2.42e-05
[23:30:49] INFO   ep43: train_loss=0.9006 val_acc=0.8602 val_f1=0.8588 val_uar=0.8618 lr=2.18e-05
[23:31:03] INFO   ep44: train_loss=0.8970 val_acc=0.8590 val_f1=0.8579 val_uar=0.8604 lr=1.95e-05
[23:31:17] INFO   ep45: train_loss=0.8996 val_acc=0.8573 val_f1=0.8560 val_uar=0.8588 lr=1.73e-05
[23:31:32] INFO   ep46: train_loss=0.8975 val_acc=0.8602 val_f1=0.8583 val_uar=0.8614 lr=1.52e-05
[23:31:46] INFO   ep47: train_loss=0.8953 val_acc=0.8592 val_f1=0.8572 val_uar=0.8605 lr=1.32e-05
[23:32:01] INFO   ep48: train_loss=0.8941 val_acc=0.8600 val_f1=0.8584 val_uar=0.8615 lr=1.13e-05
[23:32:15] INFO   ep49: train_loss=0.8981 val_acc=0.8607 val_f1=0.8595 val_uar=0.8621 lr=9.55e-06
[23:32:30] INFO   ep50: train_loss=0.8947 val_acc=0.8623 val_f1=0.8610 val_uar=0.8636 lr=7.94e-06
[23:32:44] INFO   ep51: train_loss=0.8921 val_acc=0.8611 val_f1=0.8597 val_uar=0.8624 lr=6.46e-06
[23:32:59] INFO   ep52: train_loss=0.8948 val_acc=0.8600 val_f1=0.8581 val_uar=0.8614 lr=5.13e-06
[23:33:13] INFO   ep53: train_loss=0.8942 val_acc=0.8590 val_f1=0.8571 val_uar=0.8604 lr=3.94e-06
[23:33:27] INFO   ep54: train_loss=0.8941 val_acc=0.8623 val_f1=0.8606 val_uar=0.8636 lr=2.91e-06
[23:33:42] INFO   ep55: train_loss=0.8918 val_acc=0.8621 val_f1=0.8604 val_uar=0.8634 lr=2.03e-06
[23:33:56] INFO   ep56: train_loss=0.8940 val_acc=0.8605 val_f1=0.8587 val_uar=0.8619 lr=1.30e-06
[23:34:11] INFO   ep57: train_loss=0.8955 val_acc=0.8609 val_f1=0.8590 val_uar=0.8623 lr=7.32e-07
[23:34:25] INFO   ep58: train_loss=0.8922 val_acc=0.8605 val_f1=0.8587 val_uar=0.8619 lr=3.26e-07
[23:34:40] INFO   ep59: train_loss=0.8902 val_acc=0.8604 val_f1=0.8585 val_uar=0.8618 lr=8.15e-08
[23:34:54] INFO   ep60: train_loss=0.8893 val_acc=0.8602 val_f1=0.8583 val_uar=0.8616 lr=0.00e+00
[23:34:54] INFO [done] best_val_acc=0.8623 ckpt=checkpoints\cub200_swin_tiny_seed1.pt time=14.9min
[23:34:56] INFO   [E1] eval clean + per colorfulness bin
[23:35:14] INFO   [E2] eval perturbasi warna
[23:40:27] INFO   done swin_tiny seed1
[23:40:27] INFO ==== cub200 / swin_tiny / seed2 ====
[23:40:27] INFO [train] cub200/swin_tiny/seed2 epochs=60 device=cuda n_train=5994 n_val=5794 bs=64 accum=1
[23:41:08] INFO   ep1: train_loss=5.1398 val_acc=0.0982 val_f1=0.0753 val_uar=0.0999 lr=4.00e-05
[23:41:22] INFO   ep2: train_loss=3.5565 val_acc=0.6034 val_f1=0.5916 val_uar=0.6046 lr=6.00e-05
[23:41:36] INFO   ep3: train_loss=2.1611 val_acc=0.7275 val_f1=0.7215 val_uar=0.7274 lr=8.00e-05
[23:41:51] INFO   ep4: train_loss=1.7022 val_acc=0.7699 val_f1=0.7640 val_uar=0.7725 lr=1.00e-04
[23:42:05] INFO   ep5: train_loss=1.4712 val_acc=0.7900 val_f1=0.7880 val_uar=0.7923 lr=1.00e-04
[23:42:19] INFO   ep6: train_loss=1.3276 val_acc=0.8122 val_f1=0.8108 val_uar=0.8137 lr=9.99e-05
[23:42:34] INFO   ep7: train_loss=1.2217 val_acc=0.8100 val_f1=0.8084 val_uar=0.8121 lr=9.97e-05
[23:42:48] INFO   ep8: train_loss=1.1574 val_acc=0.8191 val_f1=0.8162 val_uar=0.8204 lr=9.93e-05
[23:43:03] INFO   ep9: train_loss=1.1232 val_acc=0.8233 val_f1=0.8206 val_uar=0.8247 lr=9.87e-05
[23:43:17] INFO   ep10: train_loss=1.0867 val_acc=0.8271 val_f1=0.8248 val_uar=0.8275 lr=9.80e-05
[23:43:32] INFO   ep11: train_loss=1.0657 val_acc=0.8328 val_f1=0.8320 val_uar=0.8342 lr=9.71e-05
[23:43:46] INFO   ep12: train_loss=1.0463 val_acc=0.8319 val_f1=0.8305 val_uar=0.8339 lr=9.61e-05
[23:44:01] INFO   ep13: train_loss=1.0336 val_acc=0.8359 val_f1=0.8344 val_uar=0.8377 lr=9.49e-05
[23:44:15] INFO   ep14: train_loss=1.0097 val_acc=0.8366 val_f1=0.8358 val_uar=0.8383 lr=9.35e-05
[23:44:30] INFO   ep15: train_loss=1.0072 val_acc=0.8457 val_f1=0.8450 val_uar=0.8479 lr=9.21e-05
[23:44:44] INFO   ep16: train_loss=0.9868 val_acc=0.8410 val_f1=0.8389 val_uar=0.8425 lr=9.05e-05
[23:44:59] INFO   ep17: train_loss=0.9964 val_acc=0.8407 val_f1=0.8393 val_uar=0.8427 lr=8.87e-05
[23:45:13] INFO   ep18: train_loss=0.9836 val_acc=0.8466 val_f1=0.8447 val_uar=0.8481 lr=8.68e-05
[23:45:28] INFO   ep19: train_loss=0.9750 val_acc=0.8436 val_f1=0.8427 val_uar=0.8458 lr=8.48e-05
[23:45:42] INFO   ep20: train_loss=0.9638 val_acc=0.8378 val_f1=0.8355 val_uar=0.8389 lr=8.27e-05
[23:45:57] INFO   ep21: train_loss=0.9654 val_acc=0.8438 val_f1=0.8436 val_uar=0.8453 lr=8.05e-05
[23:46:11] INFO   ep22: train_loss=0.9610 val_acc=0.8459 val_f1=0.8441 val_uar=0.8478 lr=7.82e-05
[23:46:26] INFO   ep23: train_loss=0.9530 val_acc=0.8476 val_f1=0.8463 val_uar=0.8494 lr=7.58e-05
[23:46:40] INFO   ep24: train_loss=0.9534 val_acc=0.8454 val_f1=0.8444 val_uar=0.8463 lr=7.33e-05
[23:46:55] INFO   ep25: train_loss=0.9416 val_acc=0.8466 val_f1=0.8459 val_uar=0.8481 lr=7.08e-05
[23:47:09] INFO   ep26: train_loss=0.9445 val_acc=0.8526 val_f1=0.8518 val_uar=0.8539 lr=6.81e-05
[23:47:24] INFO   ep27: train_loss=0.9395 val_acc=0.8464 val_f1=0.8452 val_uar=0.8484 lr=6.55e-05
[23:47:38] INFO   ep28: train_loss=0.9353 val_acc=0.8497 val_f1=0.8493 val_uar=0.8516 lr=6.27e-05
[23:47:53] INFO   ep29: train_loss=0.9288 val_acc=0.8504 val_f1=0.8495 val_uar=0.8517 lr=5.99e-05
[23:48:07] INFO   ep30: train_loss=0.9273 val_acc=0.8504 val_f1=0.8502 val_uar=0.8523 lr=5.71e-05
[23:48:22] INFO   ep31: train_loss=0.9247 val_acc=0.8536 val_f1=0.8528 val_uar=0.8551 lr=5.43e-05
[23:48:36] INFO   ep32: train_loss=0.9199 val_acc=0.8526 val_f1=0.8528 val_uar=0.8546 lr=5.14e-05
[23:48:51] INFO   ep33: train_loss=0.9226 val_acc=0.8535 val_f1=0.8533 val_uar=0.8552 lr=4.86e-05
[23:49:06] INFO   ep34: train_loss=0.9166 val_acc=0.8566 val_f1=0.8561 val_uar=0.8579 lr=4.57e-05
[23:49:20] INFO   ep35: train_loss=0.9200 val_acc=0.8533 val_f1=0.8528 val_uar=0.8550 lr=4.29e-05
[23:49:35] INFO   ep36: train_loss=0.9115 val_acc=0.8542 val_f1=0.8528 val_uar=0.8560 lr=4.01e-05
[23:49:49] INFO   ep37: train_loss=0.9078 val_acc=0.8555 val_f1=0.8549 val_uar=0.8576 lr=3.73e-05
[23:50:04] INFO   ep38: train_loss=0.9067 val_acc=0.8574 val_f1=0.8566 val_uar=0.8593 lr=3.45e-05
[23:50:18] INFO   ep39: train_loss=0.9076 val_acc=0.8552 val_f1=0.8542 val_uar=0.8569 lr=3.19e-05
[23:50:33] INFO   ep40: train_loss=0.9040 val_acc=0.8524 val_f1=0.8520 val_uar=0.8546 lr=2.92e-05
[23:50:47] INFO   ep41: train_loss=0.9035 val_acc=0.8548 val_f1=0.8538 val_uar=0.8569 lr=2.67e-05
[23:51:02] INFO   ep42: train_loss=0.9006 val_acc=0.8567 val_f1=0.8562 val_uar=0.8588 lr=2.42e-05
[23:51:16] INFO   ep43: train_loss=0.9024 val_acc=0.8531 val_f1=0.8525 val_uar=0.8552 lr=2.18e-05
[23:51:31] INFO   ep44: train_loss=0.8988 val_acc=0.8538 val_f1=0.8530 val_uar=0.8558 lr=1.95e-05
[23:51:45] INFO   ep45: train_loss=0.8964 val_acc=0.8585 val_f1=0.8573 val_uar=0.8605 lr=1.73e-05
[23:52:00] INFO   ep46: train_loss=0.9003 val_acc=0.8559 val_f1=0.8555 val_uar=0.8580 lr=1.52e-05
[23:52:14] INFO   ep47: train_loss=0.8987 val_acc=0.8571 val_f1=0.8561 val_uar=0.8590 lr=1.32e-05
[23:52:29] INFO   ep48: train_loss=0.8958 val_acc=0.8597 val_f1=0.8581 val_uar=0.8612 lr=1.13e-05
[23:52:43] INFO   ep49: train_loss=0.8937 val_acc=0.8623 val_f1=0.8616 val_uar=0.8640 lr=9.55e-06
[23:52:58] INFO   ep50: train_loss=0.8962 val_acc=0.8583 val_f1=0.8575 val_uar=0.8605 lr=7.94e-06
[23:53:12] INFO   ep51: train_loss=0.8956 val_acc=0.8600 val_f1=0.8592 val_uar=0.8621 lr=6.46e-06
[23:53:27] INFO   ep52: train_loss=0.8961 val_acc=0.8581 val_f1=0.8572 val_uar=0.8601 lr=5.13e-06
[23:53:41] INFO   ep53: train_loss=0.8933 val_acc=0.8612 val_f1=0.8606 val_uar=0.8631 lr=3.94e-06
[23:53:56] INFO   ep54: train_loss=0.8934 val_acc=0.8607 val_f1=0.8600 val_uar=0.8627 lr=2.91e-06
[23:54:10] INFO   ep55: train_loss=0.8928 val_acc=0.8597 val_f1=0.8593 val_uar=0.8617 lr=2.03e-06
[23:54:25] INFO   ep56: train_loss=0.8902 val_acc=0.8607 val_f1=0.8602 val_uar=0.8628 lr=1.30e-06
[23:54:40] INFO   ep57: train_loss=0.8918 val_acc=0.8607 val_f1=0.8602 val_uar=0.8627 lr=7.32e-07
[23:54:54] INFO   ep58: train_loss=0.8918 val_acc=0.8604 val_f1=0.8598 val_uar=0.8624 lr=3.26e-07
[23:55:09] INFO   ep59: train_loss=0.8906 val_acc=0.8609 val_f1=0.8603 val_uar=0.8629 lr=8.15e-08
[23:55:23] INFO   ep60: train_loss=0.8933 val_acc=0.8605 val_f1=0.8600 val_uar=0.8626 lr=0.00e+00
[23:55:23] INFO [done] best_val_acc=0.8623 ckpt=checkpoints\cub200_swin_tiny_seed2.pt time=14.9min
[23:55:24] INFO   [E1] eval clean + per colorfulness bin
[23:55:43] INFO   [E2] eval perturbasi warna
[00:00:54] INFO   done swin_tiny seed2
[00:00:54] INFO ALL DONE
[01:15:23] INFO dataset=cub200 models=['resnet50', 'convnext_tiny', 'vit_small', 'swin_tiny'] seeds=[3, 4] epochs=None
[01:15:23] INFO ==== cub200 / resnet50 / seed3 ====
[01:15:24] INFO [train] cub200/resnet50/seed3 epochs=60 device=cuda n_train=5994 n_val=5794 bs=64 accum=1
[01:16:03] INFO   ep1: train_loss=5.2939 val_acc=0.0109 val_f1=0.0053 val_uar=0.0106 lr=4.00e-05
[01:16:14] INFO   ep2: train_loss=5.2614 val_acc=0.0285 val_f1=0.0202 val_uar=0.0279 lr=6.00e-05
[01:16:25] INFO   ep3: train_loss=5.1715 val_acc=0.1263 val_f1=0.1083 val_uar=0.1255 lr=8.00e-05
[01:16:36] INFO   ep4: train_loss=4.8398 val_acc=0.3184 val_f1=0.2934 val_uar=0.3173 lr=1.00e-04
[01:16:47] INFO   ep5: train_loss=3.9510 val_acc=0.4871 val_f1=0.4535 val_uar=0.4871 lr=1.00e-04
[01:16:59] INFO   ep6: train_loss=3.0713 val_acc=0.5894 val_f1=0.5654 val_uar=0.5913 lr=9.99e-05
[01:17:10] INFO   ep7: train_loss=2.5337 val_acc=0.6574 val_f1=0.6440 val_uar=0.6590 lr=9.97e-05
[01:17:21] INFO   ep8: train_loss=2.1831 val_acc=0.7025 val_f1=0.6913 val_uar=0.7040 lr=9.93e-05
[01:17:33] INFO   ep9: train_loss=1.9473 val_acc=0.7211 val_f1=0.7138 val_uar=0.7226 lr=9.87e-05
[01:17:44] INFO   ep10: train_loss=1.7817 val_acc=0.7437 val_f1=0.7403 val_uar=0.7459 lr=9.80e-05
[01:17:55] INFO   ep11: train_loss=1.6474 val_acc=0.7523 val_f1=0.7500 val_uar=0.7547 lr=9.71e-05
[01:18:07] INFO   ep12: train_loss=1.5471 val_acc=0.7644 val_f1=0.7640 val_uar=0.7666 lr=9.61e-05
[01:18:18] INFO   ep13: train_loss=1.4681 val_acc=0.7753 val_f1=0.7728 val_uar=0.7773 lr=9.49e-05
[01:18:30] INFO   ep14: train_loss=1.3963 val_acc=0.7829 val_f1=0.7828 val_uar=0.7847 lr=9.35e-05
[01:18:41] INFO   ep15: train_loss=1.3491 val_acc=0.7886 val_f1=0.7882 val_uar=0.7905 lr=9.21e-05
[01:18:53] INFO   ep16: train_loss=1.3017 val_acc=0.7874 val_f1=0.7873 val_uar=0.7898 lr=9.05e-05
[01:19:04] INFO   ep17: train_loss=1.2574 val_acc=0.7929 val_f1=0.7925 val_uar=0.7952 lr=8.87e-05
[01:19:16] INFO   ep18: train_loss=1.2153 val_acc=0.7917 val_f1=0.7912 val_uar=0.7941 lr=8.68e-05
[01:19:27] INFO   ep19: train_loss=1.1868 val_acc=0.7929 val_f1=0.7935 val_uar=0.7949 lr=8.48e-05
[01:19:38] INFO   ep20: train_loss=1.1620 val_acc=0.7948 val_f1=0.7948 val_uar=0.7966 lr=8.27e-05
[01:19:50] INFO   ep21: train_loss=1.1335 val_acc=0.7974 val_f1=0.7965 val_uar=0.7992 lr=8.05e-05
[01:20:01] INFO   ep22: train_loss=1.1170 val_acc=0.7962 val_f1=0.7959 val_uar=0.7981 lr=7.82e-05
[01:20:12] INFO   ep23: train_loss=1.0929 val_acc=0.8017 val_f1=0.8017 val_uar=0.8032 lr=7.58e-05
[01:20:24] INFO   ep24: train_loss=1.0760 val_acc=0.8008 val_f1=0.8004 val_uar=0.8029 lr=7.33e-05
[01:20:35] INFO   ep25: train_loss=1.0661 val_acc=0.8005 val_f1=0.8005 val_uar=0.8021 lr=7.08e-05
[01:20:47] INFO   ep26: train_loss=1.0563 val_acc=0.8024 val_f1=0.8023 val_uar=0.8045 lr=6.81e-05
[01:20:58] INFO   ep27: train_loss=1.0418 val_acc=0.8022 val_f1=0.8021 val_uar=0.8045 lr=6.55e-05
[01:21:09] INFO   ep28: train_loss=1.0312 val_acc=0.7994 val_f1=0.7991 val_uar=0.8017 lr=6.27e-05
[01:21:21] INFO   ep29: train_loss=1.0229 val_acc=0.8026 val_f1=0.8021 val_uar=0.8046 lr=5.99e-05
[01:21:32] INFO   ep30: train_loss=1.0125 val_acc=0.8003 val_f1=0.8002 val_uar=0.8021 lr=5.71e-05
[01:21:44] INFO   ep31: train_loss=1.0032 val_acc=0.8003 val_f1=0.7998 val_uar=0.8020 lr=5.43e-05
[01:21:55] INFO   ep32: train_loss=0.9940 val_acc=0.8000 val_f1=0.7999 val_uar=0.8021 lr=5.14e-05
[01:22:07] INFO   ep33: train_loss=0.9900 val_acc=0.7994 val_f1=0.7998 val_uar=0.8015 lr=4.86e-05
[01:22:18] INFO   ep34: train_loss=0.9829 val_acc=0.7977 val_f1=0.7980 val_uar=0.8003 lr=4.57e-05
[01:22:29] INFO   ep35: train_loss=0.9816 val_acc=0.8013 val_f1=0.8016 val_uar=0.8034 lr=4.29e-05
[01:22:41] INFO   ep36: train_loss=0.9803 val_acc=0.8024 val_f1=0.8031 val_uar=0.8047 lr=4.01e-05
[01:22:52] INFO   ep37: train_loss=0.9722 val_acc=0.8005 val_f1=0.8010 val_uar=0.8027 lr=3.73e-05
[01:23:04] INFO   ep38: train_loss=0.9714 val_acc=0.7994 val_f1=0.7994 val_uar=0.8017 lr=3.45e-05
[01:23:15] INFO   ep39: train_loss=0.9674 val_acc=0.8032 val_f1=0.8034 val_uar=0.8055 lr=3.19e-05
[01:23:26] INFO   ep40: train_loss=0.9639 val_acc=0.8017 val_f1=0.8017 val_uar=0.8037 lr=2.92e-05
[01:23:38] INFO   ep41: train_loss=0.9608 val_acc=0.8026 val_f1=0.8031 val_uar=0.8050 lr=2.67e-05
[01:23:49] INFO   ep42: train_loss=0.9607 val_acc=0.8017 val_f1=0.8024 val_uar=0.8039 lr=2.42e-05
[01:24:01] INFO   ep43: train_loss=0.9559 val_acc=0.8027 val_f1=0.8029 val_uar=0.8051 lr=2.18e-05
[01:24:12] INFO   ep44: train_loss=0.9561 val_acc=0.8010 val_f1=0.8012 val_uar=0.8032 lr=1.95e-05
[01:24:23] INFO   ep45: train_loss=0.9551 val_acc=0.8003 val_f1=0.8006 val_uar=0.8028 lr=1.73e-05
[01:24:35] INFO   ep46: train_loss=0.9523 val_acc=0.8055 val_f1=0.8056 val_uar=0.8076 lr=1.52e-05
[01:24:46] INFO   ep47: train_loss=0.9504 val_acc=0.8029 val_f1=0.8033 val_uar=0.8050 lr=1.32e-05
[01:24:58] INFO   ep48: train_loss=0.9505 val_acc=0.8015 val_f1=0.8018 val_uar=0.8035 lr=1.13e-05
[01:25:09] INFO   ep49: train_loss=0.9482 val_acc=0.8020 val_f1=0.8028 val_uar=0.8042 lr=9.55e-06
[01:25:21] INFO   ep50: train_loss=0.9483 val_acc=0.8005 val_f1=0.8008 val_uar=0.8027 lr=7.94e-06
[01:25:32] INFO   ep51: train_loss=0.9441 val_acc=0.8032 val_f1=0.8033 val_uar=0.8054 lr=6.46e-06
[01:25:43] INFO   ep52: train_loss=0.9439 val_acc=0.8051 val_f1=0.8051 val_uar=0.8074 lr=5.13e-06
[01:25:55] INFO   ep53: train_loss=0.9468 val_acc=0.8031 val_f1=0.8034 val_uar=0.8054 lr=3.94e-06
[01:26:06] INFO   ep54: train_loss=0.9452 val_acc=0.8058 val_f1=0.8063 val_uar=0.8082 lr=2.91e-06
[01:26:18] INFO   ep55: train_loss=0.9426 val_acc=0.8038 val_f1=0.8037 val_uar=0.8061 lr=2.03e-06
[01:26:29] INFO   ep56: train_loss=0.9458 val_acc=0.8048 val_f1=0.8048 val_uar=0.8069 lr=1.30e-06
[01:26:40] INFO   ep57: train_loss=0.9420 val_acc=0.8046 val_f1=0.8042 val_uar=0.8067 lr=7.32e-07
[01:26:52] INFO   ep58: train_loss=0.9457 val_acc=0.8026 val_f1=0.8027 val_uar=0.8050 lr=3.26e-07
[01:27:03] INFO   ep59: train_loss=0.9437 val_acc=0.8026 val_f1=0.8029 val_uar=0.8047 lr=8.15e-08
[01:27:15] INFO   ep60: train_loss=0.9468 val_acc=0.8041 val_f1=0.8036 val_uar=0.8056 lr=0.00e+00
[01:27:15] INFO [done] best_val_acc=0.8058 ckpt=checkpoints\cub200_resnet50_seed3.pt time=11.9min
[01:27:16] INFO   [E1] eval clean + per colorfulness bin
[01:27:34] INFO   [E2] eval perturbasi warna
[01:32:43] INFO   done resnet50 seed3
[01:32:43] INFO ==== cub200 / resnet50 / seed4 ====
[01:32:43] INFO [train] cub200/resnet50/seed4 epochs=60 device=cuda n_train=5994 n_val=5794 bs=64 accum=1
[01:33:23] INFO   ep1: train_loss=5.2960 val_acc=0.0074 val_f1=0.0037 val_uar=0.0072 lr=4.00e-05
[01:33:34] INFO   ep2: train_loss=5.2643 val_acc=0.0281 val_f1=0.0207 val_uar=0.0277 lr=6.00e-05
[01:33:45] INFO   ep3: train_loss=5.1788 val_acc=0.1262 val_f1=0.1098 val_uar=0.1251 lr=8.00e-05
[01:33:56] INFO   ep4: train_loss=4.8567 val_acc=0.3124 val_f1=0.2833 val_uar=0.3119 lr=1.00e-04
[01:34:07] INFO   ep5: train_loss=3.9796 val_acc=0.4662 val_f1=0.4344 val_uar=0.4681 lr=1.00e-04
[01:34:19] INFO   ep6: train_loss=3.1005 val_acc=0.5918 val_f1=0.5691 val_uar=0.5939 lr=9.99e-05
[01:34:30] INFO   ep7: train_loss=2.5438 val_acc=0.6564 val_f1=0.6407 val_uar=0.6582 lr=9.97e-05
[01:34:41] INFO   ep8: train_loss=2.1937 val_acc=0.6935 val_f1=0.6786 val_uar=0.6963 lr=9.93e-05
[01:34:52] INFO   ep9: train_loss=1.9534 val_acc=0.7266 val_f1=0.7191 val_uar=0.7280 lr=9.87e-05
[01:35:04] INFO   ep10: train_loss=1.7734 val_acc=0.7458 val_f1=0.7409 val_uar=0.7472 lr=9.80e-05
[01:35:15] INFO   ep11: train_loss=1.6402 val_acc=0.7596 val_f1=0.7545 val_uar=0.7611 lr=9.71e-05
[01:35:27] INFO   ep12: train_loss=1.5503 val_acc=0.7667 val_f1=0.7652 val_uar=0.7687 lr=9.61e-05
[01:35:38] INFO   ep13: train_loss=1.4586 val_acc=0.7748 val_f1=0.7712 val_uar=0.7767 lr=9.49e-05
[01:35:49] INFO   ep14: train_loss=1.3906 val_acc=0.7799 val_f1=0.7781 val_uar=0.7814 lr=9.35e-05
[01:36:01] INFO   ep15: train_loss=1.3470 val_acc=0.7867 val_f1=0.7869 val_uar=0.7881 lr=9.21e-05
[01:36:12] INFO   ep16: train_loss=1.2889 val_acc=0.7905 val_f1=0.7896 val_uar=0.7920 lr=9.05e-05
[01:36:24] INFO   ep17: train_loss=1.2496 val_acc=0.7917 val_f1=0.7917 val_uar=0.7933 lr=8.87e-05
[01:36:35] INFO   ep18: train_loss=1.2081 val_acc=0.7927 val_f1=0.7919 val_uar=0.7945 lr=8.68e-05
[01:36:47] INFO   ep19: train_loss=1.1859 val_acc=0.7915 val_f1=0.7906 val_uar=0.7930 lr=8.48e-05
[01:36:58] INFO   ep20: train_loss=1.1562 val_acc=0.7988 val_f1=0.7993 val_uar=0.8005 lr=8.27e-05
[01:37:09] INFO   ep21: train_loss=1.1356 val_acc=0.7996 val_f1=0.7994 val_uar=0.8016 lr=8.05e-05
[01:37:21] INFO   ep22: train_loss=1.1112 val_acc=0.7993 val_f1=0.7987 val_uar=0.8008 lr=7.82e-05
[01:37:32] INFO   ep23: train_loss=1.0947 val_acc=0.8000 val_f1=0.7996 val_uar=0.8015 lr=7.58e-05
[01:37:44] INFO   ep24: train_loss=1.0771 val_acc=0.8032 val_f1=0.8033 val_uar=0.8048 lr=7.33e-05
[01:37:55] INFO   ep25: train_loss=1.0608 val_acc=0.8013 val_f1=0.8010 val_uar=0.8033 lr=7.08e-05
[01:38:06] INFO   ep26: train_loss=1.0496 val_acc=0.8013 val_f1=0.8015 val_uar=0.8031 lr=6.81e-05
[01:38:18] INFO   ep27: train_loss=1.0358 val_acc=0.8022 val_f1=0.8015 val_uar=0.8038 lr=6.55e-05
[01:38:29] INFO   ep28: train_loss=1.0264 val_acc=0.8007 val_f1=0.8009 val_uar=0.8023 lr=6.27e-05
[01:38:40] INFO   ep29: train_loss=1.0228 val_acc=0.8024 val_f1=0.8022 val_uar=0.8043 lr=5.99e-05
[01:38:52] INFO   ep30: train_loss=1.0088 val_acc=0.8019 val_f1=0.8025 val_uar=0.8037 lr=5.71e-05
[01:39:03] INFO   ep31: train_loss=1.0043 val_acc=0.8022 val_f1=0.8025 val_uar=0.8037 lr=5.43e-05
[01:39:15] INFO   ep32: train_loss=0.9975 val_acc=0.8017 val_f1=0.8022 val_uar=0.8037 lr=5.14e-05
[01:39:26] INFO   ep33: train_loss=0.9881 val_acc=0.8034 val_f1=0.8040 val_uar=0.8053 lr=4.86e-05
[01:39:37] INFO   ep34: train_loss=0.9858 val_acc=0.8051 val_f1=0.8056 val_uar=0.8072 lr=4.57e-05
[01:39:49] INFO   ep35: train_loss=0.9818 val_acc=0.8064 val_f1=0.8061 val_uar=0.8081 lr=4.29e-05
[01:40:00] INFO   ep36: train_loss=0.9790 val_acc=0.8050 val_f1=0.8050 val_uar=0.8071 lr=4.01e-05
[01:40:12] INFO   ep37: train_loss=0.9764 val_acc=0.8017 val_f1=0.8017 val_uar=0.8037 lr=3.73e-05
[01:40:23] INFO   ep38: train_loss=0.9730 val_acc=0.8070 val_f1=0.8068 val_uar=0.8090 lr=3.45e-05
[01:40:35] INFO   ep39: train_loss=0.9663 val_acc=0.8050 val_f1=0.8049 val_uar=0.8067 lr=3.19e-05
[01:40:46] INFO   ep40: train_loss=0.9658 val_acc=0.8077 val_f1=0.8075 val_uar=0.8094 lr=2.92e-05
[01:40:57] INFO   ep41: train_loss=0.9640 val_acc=0.8058 val_f1=0.8057 val_uar=0.8074 lr=2.67e-05
[01:41:09] INFO   ep42: train_loss=0.9576 val_acc=0.8072 val_f1=0.8068 val_uar=0.8091 lr=2.42e-05
[01:41:20] INFO   ep43: train_loss=0.9578 val_acc=0.8093 val_f1=0.8087 val_uar=0.8112 lr=2.18e-05
[01:41:32] INFO   ep44: train_loss=0.9553 val_acc=0.8060 val_f1=0.8056 val_uar=0.8080 lr=1.95e-05
[01:41:43] INFO   ep45: train_loss=0.9525 val_acc=0.8084 val_f1=0.8077 val_uar=0.8102 lr=1.73e-05
[01:41:55] INFO   ep46: train_loss=0.9523 val_acc=0.8077 val_f1=0.8077 val_uar=0.8096 lr=1.52e-05
[01:42:06] INFO   ep47: train_loss=0.9501 val_acc=0.8079 val_f1=0.8082 val_uar=0.8097 lr=1.32e-05
[01:42:17] INFO   ep48: train_loss=0.9508 val_acc=0.8081 val_f1=0.8082 val_uar=0.8100 lr=1.13e-05
[01:42:29] INFO   ep49: train_loss=0.9500 val_acc=0.8091 val_f1=0.8088 val_uar=0.8109 lr=9.55e-06
[01:42:40] INFO   ep50: train_loss=0.9458 val_acc=0.8055 val_f1=0.8054 val_uar=0.8075 lr=7.94e-06
[01:42:52] INFO   ep51: train_loss=0.9480 val_acc=0.8070 val_f1=0.8069 val_uar=0.8090 lr=6.46e-06
[01:43:03] INFO   ep52: train_loss=0.9474 val_acc=0.8058 val_f1=0.8055 val_uar=0.8078 lr=5.13e-06
[01:43:14] INFO   ep53: train_loss=0.9468 val_acc=0.8081 val_f1=0.8076 val_uar=0.8100 lr=3.94e-06
[01:43:26] INFO   ep54: train_loss=0.9471 val_acc=0.8082 val_f1=0.8079 val_uar=0.8101 lr=2.91e-06
[01:43:37] INFO   ep55: train_loss=0.9444 val_acc=0.8076 val_f1=0.8073 val_uar=0.8094 lr=2.03e-06
[01:43:49] INFO   ep56: train_loss=0.9466 val_acc=0.8095 val_f1=0.8096 val_uar=0.8112 lr=1.30e-06
[01:44:00] INFO   ep57: train_loss=0.9463 val_acc=0.8082 val_f1=0.8077 val_uar=0.8102 lr=7.32e-07
[01:44:12] INFO   ep58: train_loss=0.9436 val_acc=0.8077 val_f1=0.8074 val_uar=0.8095 lr=3.26e-07
[01:44:25] INFO   ep59: train_loss=0.9472 val_acc=0.8088 val_f1=0.8090 val_uar=0.8107 lr=8.15e-08
[01:44:37] INFO   ep60: train_loss=0.9430 val_acc=0.8079 val_f1=0.8079 val_uar=0.8099 lr=0.00e+00
[01:44:37] INFO [done] best_val_acc=0.8095 ckpt=checkpoints\cub200_resnet50_seed4.pt time=11.9min
[01:44:38] INFO   [E1] eval clean + per colorfulness bin
[01:44:57] INFO   [E2] eval perturbasi warna
[01:50:02] INFO   done resnet50 seed4
[01:50:02] INFO ==== cub200 / convnext_tiny / seed3 ====
[01:50:03] INFO [train] cub200/convnext_tiny/seed3 epochs=60 device=cuda n_train=5994 n_val=5794 bs=64 accum=1
[01:50:49] INFO   ep1: train_loss=4.3996 val_acc=0.5861 val_f1=0.5694 val_uar=0.5880 lr=4.00e-05
[01:51:02] INFO   ep2: train_loss=1.8087 val_acc=0.8138 val_f1=0.8070 val_uar=0.8142 lr=6.00e-05
[01:51:14] INFO   ep3: train_loss=1.2989 val_acc=0.8245 val_f1=0.8235 val_uar=0.8257 lr=8.00e-05
[01:51:27] INFO   ep4: train_loss=1.1545 val_acc=0.8281 val_f1=0.8257 val_uar=0.8286 lr=1.00e-04
[01:51:40] INFO   ep5: train_loss=1.0992 val_acc=0.8369 val_f1=0.8343 val_uar=0.8383 lr=1.00e-04
[01:51:52] INFO   ep6: train_loss=1.0135 val_acc=0.8492 val_f1=0.8491 val_uar=0.8507 lr=9.99e-05
[01:52:05] INFO   ep7: train_loss=0.9684 val_acc=0.8700 val_f1=0.8670 val_uar=0.8703 lr=9.97e-05
[01:52:18] INFO   ep8: train_loss=0.9389 val_acc=0.8657 val_f1=0.8634 val_uar=0.8662 lr=9.93e-05
[01:52:30] INFO   ep9: train_loss=0.9236 val_acc=0.8718 val_f1=0.8709 val_uar=0.8723 lr=9.87e-05
[01:52:43] INFO   ep10: train_loss=0.9084 val_acc=0.8719 val_f1=0.8702 val_uar=0.8724 lr=9.80e-05
[01:52:56] INFO   ep11: train_loss=0.8983 val_acc=0.8826 val_f1=0.8815 val_uar=0.8832 lr=9.71e-05
[01:53:08] INFO   ep12: train_loss=0.8935 val_acc=0.8788 val_f1=0.8774 val_uar=0.8793 lr=9.61e-05
[01:53:21] INFO   ep13: train_loss=0.8871 val_acc=0.8802 val_f1=0.8791 val_uar=0.8808 lr=9.49e-05
[01:53:34] INFO   ep14: train_loss=0.8857 val_acc=0.8780 val_f1=0.8761 val_uar=0.8783 lr=9.35e-05
[01:53:46] INFO   ep15: train_loss=0.8900 val_acc=0.8754 val_f1=0.8741 val_uar=0.8765 lr=9.21e-05
[01:53:59] INFO   ep16: train_loss=0.9018 val_acc=0.8695 val_f1=0.8682 val_uar=0.8705 lr=9.05e-05
[01:54:11] INFO   ep17: train_loss=0.8946 val_acc=0.8759 val_f1=0.8746 val_uar=0.8770 lr=8.87e-05
[01:54:23] INFO   ep18: train_loss=0.8891 val_acc=0.8747 val_f1=0.8747 val_uar=0.8754 lr=8.68e-05
[01:54:36] INFO   ep19: train_loss=0.8886 val_acc=0.8668 val_f1=0.8659 val_uar=0.8673 lr=8.48e-05
[01:54:49] INFO   ep20: train_loss=0.8839 val_acc=0.8749 val_f1=0.8725 val_uar=0.8753 lr=8.27e-05
[01:55:01] INFO   ep21: train_loss=0.8805 val_acc=0.8742 val_f1=0.8734 val_uar=0.8746 lr=8.05e-05
[01:55:14] INFO   ep22: train_loss=0.8806 val_acc=0.8794 val_f1=0.8778 val_uar=0.8794 lr=7.82e-05
[01:55:27] INFO   ep23: train_loss=0.8772 val_acc=0.8799 val_f1=0.8795 val_uar=0.8808 lr=7.58e-05
[01:55:39] INFO   ep24: train_loss=0.8783 val_acc=0.8787 val_f1=0.8776 val_uar=0.8793 lr=7.33e-05
[01:55:52] INFO   ep25: train_loss=0.8801 val_acc=0.8712 val_f1=0.8709 val_uar=0.8724 lr=7.08e-05
[01:56:04] INFO   ep26: train_loss=0.8784 val_acc=0.8776 val_f1=0.8773 val_uar=0.8780 lr=6.81e-05
[01:56:17] INFO   ep27: train_loss=0.8737 val_acc=0.8754 val_f1=0.8754 val_uar=0.8757 lr=6.55e-05
[01:56:30] INFO   ep28: train_loss=0.8719 val_acc=0.8733 val_f1=0.8716 val_uar=0.8743 lr=6.27e-05
[01:56:42] INFO   ep29: train_loss=0.8869 val_acc=0.8443 val_f1=0.8409 val_uar=0.8451 lr=5.99e-05
[01:56:55] INFO   ep30: train_loss=0.8923 val_acc=0.8719 val_f1=0.8714 val_uar=0.8728 lr=5.71e-05
[01:57:07] INFO   ep31: train_loss=0.8780 val_acc=0.8726 val_f1=0.8719 val_uar=0.8742 lr=5.43e-05
[01:57:20] INFO   ep32: train_loss=0.8881 val_acc=0.8543 val_f1=0.8515 val_uar=0.8559 lr=5.14e-05
[01:57:33] INFO   ep33: train_loss=0.8816 val_acc=0.8657 val_f1=0.8653 val_uar=0.8670 lr=4.86e-05
[01:57:45] INFO   ep34: train_loss=0.8711 val_acc=0.8804 val_f1=0.8789 val_uar=0.8808 lr=4.57e-05
[01:57:58] INFO   ep35: train_loss=0.8664 val_acc=0.8783 val_f1=0.8778 val_uar=0.8793 lr=4.29e-05
[01:58:11] INFO   ep36: train_loss=0.8633 val_acc=0.8823 val_f1=0.8812 val_uar=0.8835 lr=4.01e-05
[01:58:23] INFO   ep37: train_loss=0.8625 val_acc=0.8835 val_f1=0.8823 val_uar=0.8847 lr=3.73e-05
[01:58:36] INFO   ep38: train_loss=0.8620 val_acc=0.8837 val_f1=0.8824 val_uar=0.8848 lr=3.45e-05
[01:58:49] INFO   ep39: train_loss=0.8631 val_acc=0.8800 val_f1=0.8790 val_uar=0.8813 lr=3.19e-05
[01:59:02] INFO   ep40: train_loss=0.8627 val_acc=0.8776 val_f1=0.8767 val_uar=0.8787 lr=2.92e-05
[01:59:14] INFO   ep41: train_loss=0.8631 val_acc=0.8844 val_f1=0.8835 val_uar=0.8854 lr=2.67e-05
[01:59:27] INFO   ep42: train_loss=0.8606 val_acc=0.8816 val_f1=0.8801 val_uar=0.8826 lr=2.42e-05
[01:59:40] INFO   ep43: train_loss=0.8611 val_acc=0.8840 val_f1=0.8828 val_uar=0.8850 lr=2.18e-05
[01:59:52] INFO   ep44: train_loss=0.8599 val_acc=0.8859 val_f1=0.8844 val_uar=0.8870 lr=1.95e-05
[02:00:05] INFO   ep45: train_loss=0.8589 val_acc=0.8868 val_f1=0.8854 val_uar=0.8879 lr=1.73e-05
[02:00:18] INFO   ep46: train_loss=0.8584 val_acc=0.8859 val_f1=0.8847 val_uar=0.8869 lr=1.52e-05
[02:00:31] INFO   ep47: train_loss=0.8586 val_acc=0.8863 val_f1=0.8848 val_uar=0.8874 lr=1.32e-05
[02:00:43] INFO   ep48: train_loss=0.8597 val_acc=0.8870 val_f1=0.8858 val_uar=0.8880 lr=1.13e-05
[02:00:56] INFO   ep49: train_loss=0.8598 val_acc=0.8873 val_f1=0.8862 val_uar=0.8883 lr=9.55e-06
[02:01:09] INFO   ep50: train_loss=0.8577 val_acc=0.8885 val_f1=0.8875 val_uar=0.8895 lr=7.94e-06
[02:01:22] INFO   ep51: train_loss=0.8583 val_acc=0.8901 val_f1=0.8890 val_uar=0.8909 lr=6.46e-06
[02:01:35] INFO   ep52: train_loss=0.8574 val_acc=0.8897 val_f1=0.8886 val_uar=0.8906 lr=5.13e-06
[02:01:47] INFO   ep53: train_loss=0.8576 val_acc=0.8876 val_f1=0.8865 val_uar=0.8885 lr=3.94e-06
[02:02:00] INFO   ep54: train_loss=0.8580 val_acc=0.8885 val_f1=0.8873 val_uar=0.8895 lr=2.91e-06
[02:02:13] INFO   ep55: train_loss=0.8574 val_acc=0.8885 val_f1=0.8874 val_uar=0.8895 lr=2.03e-06
[02:02:26] INFO   ep56: train_loss=0.8571 val_acc=0.8882 val_f1=0.8870 val_uar=0.8891 lr=1.30e-06
[02:02:38] INFO   ep57: train_loss=0.8576 val_acc=0.8882 val_f1=0.8870 val_uar=0.8891 lr=7.32e-07
[02:02:50] INFO   ep58: train_loss=0.8570 val_acc=0.8889 val_f1=0.8876 val_uar=0.8898 lr=3.26e-07
[02:03:03] INFO   ep59: train_loss=0.8580 val_acc=0.8889 val_f1=0.8877 val_uar=0.8898 lr=8.15e-08
[02:03:15] INFO   ep60: train_loss=0.8571 val_acc=0.8889 val_f1=0.8877 val_uar=0.8898 lr=0.00e+00
[02:03:15] INFO [done] best_val_acc=0.8901 ckpt=checkpoints\cub200_convnext_tiny_seed3.pt time=13.2min
[02:03:17] INFO   [E1] eval clean + per colorfulness bin
[02:03:36] INFO   [E2] eval perturbasi warna
[02:08:41] INFO   done convnext_tiny seed3
[02:08:41] INFO ==== cub200 / convnext_tiny / seed4 ====
[02:08:42] INFO [train] cub200/convnext_tiny/seed4 epochs=60 device=cuda n_train=5994 n_val=5794 bs=64 accum=1
[02:09:20] INFO   ep1: train_loss=4.3986 val_acc=0.5953 val_f1=0.5702 val_uar=0.5973 lr=4.00e-05
[02:09:33] INFO   ep2: train_loss=1.8359 val_acc=0.7974 val_f1=0.7934 val_uar=0.7984 lr=6.00e-05
[02:09:45] INFO   ep3: train_loss=1.3087 val_acc=0.8305 val_f1=0.8286 val_uar=0.8327 lr=8.00e-05
[02:09:58] INFO   ep4: train_loss=1.1678 val_acc=0.8286 val_f1=0.8248 val_uar=0.8308 lr=1.00e-04
[02:10:10] INFO   ep5: train_loss=1.1014 val_acc=0.8309 val_f1=0.8276 val_uar=0.8313 lr=1.00e-04
[02:10:23] INFO   ep6: train_loss=1.0254 val_acc=0.8555 val_f1=0.8527 val_uar=0.8571 lr=9.99e-05
[02:10:35] INFO   ep7: train_loss=0.9775 val_acc=0.8604 val_f1=0.8598 val_uar=0.8618 lr=9.97e-05
[02:10:48] INFO   ep8: train_loss=0.9489 val_acc=0.8656 val_f1=0.8651 val_uar=0.8670 lr=9.93e-05
[02:11:01] INFO   ep9: train_loss=0.9211 val_acc=0.8676 val_f1=0.8673 val_uar=0.8691 lr=9.87e-05
[02:11:14] INFO   ep10: train_loss=0.9107 val_acc=0.8754 val_f1=0.8758 val_uar=0.8768 lr=9.80e-05
[02:11:26] INFO   ep11: train_loss=0.8996 val_acc=0.8752 val_f1=0.8736 val_uar=0.8766 lr=9.71e-05
[02:11:39] INFO   ep12: train_loss=0.8962 val_acc=0.8766 val_f1=0.8742 val_uar=0.8769 lr=9.61e-05
[02:11:51] INFO   ep13: train_loss=0.8931 val_acc=0.8804 val_f1=0.8808 val_uar=0.8817 lr=9.49e-05
[02:12:04] INFO   ep14: train_loss=0.8975 val_acc=0.8775 val_f1=0.8776 val_uar=0.8784 lr=9.35e-05
[02:12:17] INFO   ep15: train_loss=0.8915 val_acc=0.8821 val_f1=0.8799 val_uar=0.8837 lr=9.21e-05
[02:12:29] INFO   ep16: train_loss=0.8842 val_acc=0.8854 val_f1=0.8858 val_uar=0.8867 lr=9.05e-05
[02:12:42] INFO   ep17: train_loss=0.8798 val_acc=0.8854 val_f1=0.8841 val_uar=0.8867 lr=8.87e-05
[02:12:55] INFO   ep18: train_loss=0.8837 val_acc=0.8725 val_f1=0.8731 val_uar=0.8740 lr=8.68e-05
[02:13:07] INFO   ep19: train_loss=0.8864 val_acc=0.8721 val_f1=0.8715 val_uar=0.8736 lr=8.48e-05
[02:13:20] INFO   ep20: train_loss=0.8969 val_acc=0.8697 val_f1=0.8692 val_uar=0.8712 lr=8.27e-05
[02:13:32] INFO   ep21: train_loss=0.8941 val_acc=0.8728 val_f1=0.8721 val_uar=0.8738 lr=8.05e-05
[02:13:45] INFO   ep22: train_loss=0.8845 val_acc=0.8830 val_f1=0.8827 val_uar=0.8840 lr=7.82e-05
[02:13:58] INFO   ep23: train_loss=0.8801 val_acc=0.8783 val_f1=0.8774 val_uar=0.8796 lr=7.58e-05
[02:14:10] INFO   ep24: train_loss=0.8829 val_acc=0.8761 val_f1=0.8756 val_uar=0.8772 lr=7.33e-05
[02:14:23] INFO   ep25: train_loss=0.8770 val_acc=0.8851 val_f1=0.8844 val_uar=0.8866 lr=7.08e-05
[02:14:35] INFO   ep26: train_loss=0.8809 val_acc=0.8662 val_f1=0.8666 val_uar=0.8675 lr=6.81e-05
[02:14:48] INFO   ep27: train_loss=0.8798 val_acc=0.8775 val_f1=0.8767 val_uar=0.8791 lr=6.55e-05
[02:15:01] INFO   ep28: train_loss=0.8714 val_acc=0.8838 val_f1=0.8837 val_uar=0.8850 lr=6.27e-05
[02:15:13] INFO   ep29: train_loss=0.8672 val_acc=0.8838 val_f1=0.8832 val_uar=0.8854 lr=5.99e-05
[02:15:26] INFO   ep30: train_loss=0.8671 val_acc=0.8809 val_f1=0.8802 val_uar=0.8827 lr=5.71e-05
[02:15:38] INFO   ep31: train_loss=0.8692 val_acc=0.8826 val_f1=0.8825 val_uar=0.8844 lr=5.43e-05
[02:15:51] INFO   ep32: train_loss=0.8642 val_acc=0.8885 val_f1=0.8879 val_uar=0.8899 lr=5.14e-05
[02:16:04] INFO   ep33: train_loss=0.8626 val_acc=0.8878 val_f1=0.8874 val_uar=0.8891 lr=4.86e-05
[02:16:16] INFO   ep34: train_loss=0.8632 val_acc=0.8844 val_f1=0.8843 val_uar=0.8858 lr=4.57e-05
[02:16:29] INFO   ep35: train_loss=0.8747 val_acc=0.8700 val_f1=0.8702 val_uar=0.8711 lr=4.29e-05
[02:16:41] INFO   ep36: train_loss=0.8655 val_acc=0.8864 val_f1=0.8858 val_uar=0.8878 lr=4.01e-05
[02:16:54] INFO   ep37: train_loss=0.8630 val_acc=0.8842 val_f1=0.8835 val_uar=0.8856 lr=3.73e-05
[02:17:07] INFO   ep38: train_loss=0.8610 val_acc=0.8876 val_f1=0.8872 val_uar=0.8890 lr=3.45e-05
[02:17:19] INFO   ep39: train_loss=0.8609 val_acc=0.8854 val_f1=0.8846 val_uar=0.8865 lr=3.19e-05
[02:17:32] INFO   ep40: train_loss=0.8602 val_acc=0.8866 val_f1=0.8867 val_uar=0.8877 lr=2.92e-05
[02:17:45] INFO   ep41: train_loss=0.8600 val_acc=0.8859 val_f1=0.8858 val_uar=0.8873 lr=2.67e-05
[02:17:57] INFO   ep42: train_loss=0.8592 val_acc=0.8847 val_f1=0.8847 val_uar=0.8861 lr=2.42e-05
[02:18:10] INFO   ep43: train_loss=0.8587 val_acc=0.8878 val_f1=0.8878 val_uar=0.8892 lr=2.18e-05
[02:18:22] INFO   ep44: train_loss=0.8592 val_acc=0.8899 val_f1=0.8894 val_uar=0.8912 lr=1.95e-05
[02:18:35] INFO   ep45: train_loss=0.8585 val_acc=0.8890 val_f1=0.8890 val_uar=0.8905 lr=1.73e-05
[02:18:47] INFO   ep46: train_loss=0.8585 val_acc=0.8897 val_f1=0.8897 val_uar=0.8911 lr=1.52e-05
[02:19:00] INFO   ep47: train_loss=0.8593 val_acc=0.8873 val_f1=0.8872 val_uar=0.8886 lr=1.32e-05
[02:19:13] INFO   ep48: train_loss=0.8581 val_acc=0.8906 val_f1=0.8901 val_uar=0.8916 lr=1.13e-05
[02:19:26] INFO   ep49: train_loss=0.8577 val_acc=0.8918 val_f1=0.8914 val_uar=0.8929 lr=9.55e-06
[02:19:39] INFO   ep50: train_loss=0.8580 val_acc=0.8899 val_f1=0.8896 val_uar=0.8911 lr=7.94e-06
[02:19:51] INFO   ep51: train_loss=0.8576 val_acc=0.8899 val_f1=0.8895 val_uar=0.8910 lr=6.46e-06
[02:20:04] INFO   ep52: train_loss=0.8573 val_acc=0.8907 val_f1=0.8904 val_uar=0.8920 lr=5.13e-06
[02:20:16] INFO   ep53: train_loss=0.8570 val_acc=0.8902 val_f1=0.8900 val_uar=0.8915 lr=3.94e-06
[02:20:29] INFO   ep54: train_loss=0.8575 val_acc=0.8904 val_f1=0.8901 val_uar=0.8916 lr=2.91e-06
[02:20:42] INFO   ep55: train_loss=0.8578 val_acc=0.8904 val_f1=0.8902 val_uar=0.8916 lr=2.03e-06
[02:20:54] INFO   ep56: train_loss=0.8570 val_acc=0.8914 val_f1=0.8911 val_uar=0.8927 lr=1.30e-06
[02:21:07] INFO   ep57: train_loss=0.8574 val_acc=0.8909 val_f1=0.8907 val_uar=0.8921 lr=7.32e-07
[02:21:20] INFO   ep58: train_loss=0.8568 val_acc=0.8913 val_f1=0.8911 val_uar=0.8925 lr=3.26e-07
[02:21:32] INFO   ep59: train_loss=0.8571 val_acc=0.8914 val_f1=0.8913 val_uar=0.8927 lr=8.15e-08
[02:21:45] INFO   ep60: train_loss=0.8567 val_acc=0.8914 val_f1=0.8912 val_uar=0.8927 lr=0.00e+00
[02:21:45] INFO [done] best_val_acc=0.8918 ckpt=checkpoints\cub200_convnext_tiny_seed4.pt time=13.1min
[02:21:47] INFO   [E1] eval clean + per colorfulness bin
[02:22:05] INFO   [E2] eval perturbasi warna
[02:27:10] INFO   done convnext_tiny seed4
[02:27:10] INFO ==== cub200 / vit_small / seed3 ====
[02:27:10] INFO [train] cub200/vit_small/seed3 epochs=60 device=cuda n_train=5994 n_val=5794 bs=64 accum=1
[02:27:46] INFO   ep1: train_loss=5.1260 val_acc=0.1460 val_f1=0.1219 val_uar=0.1461 lr=4.00e-05
[02:27:56] INFO   ep2: train_loss=3.3889 val_acc=0.6098 val_f1=0.5912 val_uar=0.6112 lr=6.00e-05
[02:28:07] INFO   ep3: train_loss=1.9744 val_acc=0.7592 val_f1=0.7595 val_uar=0.7616 lr=8.00e-05
[02:28:17] INFO   ep4: train_loss=1.4597 val_acc=0.7893 val_f1=0.7862 val_uar=0.7893 lr=1.00e-04
[02:28:27] INFO   ep5: train_loss=1.2481 val_acc=0.8082 val_f1=0.8045 val_uar=0.8095 lr=1.00e-04
[02:28:38] INFO   ep6: train_loss=1.1274 val_acc=0.8190 val_f1=0.8171 val_uar=0.8207 lr=9.99e-05
[02:28:48] INFO   ep7: train_loss=1.0453 val_acc=0.8224 val_f1=0.8192 val_uar=0.8233 lr=9.97e-05
[02:28:59] INFO   ep8: train_loss=0.9939 val_acc=0.8340 val_f1=0.8331 val_uar=0.8352 lr=9.93e-05
[02:29:09] INFO   ep9: train_loss=0.9648 val_acc=0.8372 val_f1=0.8368 val_uar=0.8391 lr=9.87e-05
[02:29:19] INFO   ep10: train_loss=0.9506 val_acc=0.8410 val_f1=0.8404 val_uar=0.8426 lr=9.80e-05
[02:29:30] INFO   ep11: train_loss=0.9385 val_acc=0.8416 val_f1=0.8398 val_uar=0.8430 lr=9.71e-05
[02:29:40] INFO   ep12: train_loss=0.9267 val_acc=0.8417 val_f1=0.8386 val_uar=0.8429 lr=9.61e-05
[02:29:51] INFO   ep13: train_loss=0.9225 val_acc=0.8454 val_f1=0.8439 val_uar=0.8464 lr=9.49e-05
[02:30:01] INFO   ep14: train_loss=0.9167 val_acc=0.8457 val_f1=0.8448 val_uar=0.8468 lr=9.35e-05
[02:30:12] INFO   ep15: train_loss=0.9158 val_acc=0.8421 val_f1=0.8420 val_uar=0.8432 lr=9.21e-05
[02:30:22] INFO   ep16: train_loss=0.9108 val_acc=0.8440 val_f1=0.8428 val_uar=0.8455 lr=9.05e-05
[02:30:32] INFO   ep17: train_loss=0.9062 val_acc=0.8516 val_f1=0.8498 val_uar=0.8529 lr=8.87e-05
[02:30:42] INFO   ep18: train_loss=0.9086 val_acc=0.8390 val_f1=0.8391 val_uar=0.8400 lr=8.68e-05
[02:30:52] INFO   ep19: train_loss=0.9021 val_acc=0.8498 val_f1=0.8485 val_uar=0.8509 lr=8.48e-05
[02:31:03] INFO   ep20: train_loss=0.8973 val_acc=0.8488 val_f1=0.8469 val_uar=0.8501 lr=8.27e-05
[02:31:13] INFO   ep21: train_loss=0.8961 val_acc=0.8485 val_f1=0.8474 val_uar=0.8497 lr=8.05e-05
[02:31:23] INFO   ep22: train_loss=0.8943 val_acc=0.8483 val_f1=0.8470 val_uar=0.8492 lr=7.82e-05
[02:31:33] INFO   ep23: train_loss=0.8915 val_acc=0.8519 val_f1=0.8522 val_uar=0.8533 lr=7.58e-05
[02:31:43] INFO   ep24: train_loss=0.8890 val_acc=0.8498 val_f1=0.8479 val_uar=0.8510 lr=7.33e-05
[02:31:54] INFO   ep25: train_loss=0.8929 val_acc=0.8481 val_f1=0.8463 val_uar=0.8495 lr=7.08e-05
[02:32:04] INFO   ep26: train_loss=0.8865 val_acc=0.8493 val_f1=0.8478 val_uar=0.8509 lr=6.81e-05
[02:32:14] INFO   ep27: train_loss=0.8860 val_acc=0.8486 val_f1=0.8480 val_uar=0.8500 lr=6.55e-05
[02:32:25] INFO   ep28: train_loss=0.8832 val_acc=0.8523 val_f1=0.8510 val_uar=0.8538 lr=6.27e-05
[02:32:35] INFO   ep29: train_loss=0.8809 val_acc=0.8533 val_f1=0.8519 val_uar=0.8549 lr=5.99e-05
[02:32:45] INFO   ep30: train_loss=0.8798 val_acc=0.8517 val_f1=0.8504 val_uar=0.8532 lr=5.71e-05
[02:32:56] INFO   ep31: train_loss=0.8778 val_acc=0.8547 val_f1=0.8529 val_uar=0.8561 lr=5.43e-05
[02:33:06] INFO   ep32: train_loss=0.8782 val_acc=0.8531 val_f1=0.8507 val_uar=0.8544 lr=5.14e-05
[02:33:16] INFO   ep33: train_loss=0.8775 val_acc=0.8488 val_f1=0.8472 val_uar=0.8507 lr=4.86e-05
[02:33:26] INFO   ep34: train_loss=0.8802 val_acc=0.8524 val_f1=0.8514 val_uar=0.8538 lr=4.57e-05
[02:33:36] INFO   ep35: train_loss=0.8757 val_acc=0.8540 val_f1=0.8524 val_uar=0.8551 lr=4.29e-05
[02:33:47] INFO   ep36: train_loss=0.8751 val_acc=0.8580 val_f1=0.8564 val_uar=0.8595 lr=4.01e-05
[02:33:57] INFO   ep37: train_loss=0.8747 val_acc=0.8573 val_f1=0.8550 val_uar=0.8587 lr=3.73e-05
[02:34:07] INFO   ep38: train_loss=0.8723 val_acc=0.8569 val_f1=0.8557 val_uar=0.8585 lr=3.45e-05
[02:34:17] INFO   ep39: train_loss=0.8732 val_acc=0.8559 val_f1=0.8543 val_uar=0.8576 lr=3.19e-05
[02:34:27] INFO   ep40: train_loss=0.8712 val_acc=0.8550 val_f1=0.8545 val_uar=0.8568 lr=2.92e-05
[02:34:38] INFO   ep41: train_loss=0.8701 val_acc=0.8590 val_f1=0.8578 val_uar=0.8606 lr=2.67e-05
[02:34:48] INFO   ep42: train_loss=0.8697 val_acc=0.8566 val_f1=0.8552 val_uar=0.8582 lr=2.42e-05
[02:34:58] INFO   ep43: train_loss=0.8695 val_acc=0.8566 val_f1=0.8555 val_uar=0.8578 lr=2.18e-05
[02:35:09] INFO   ep44: train_loss=0.8691 val_acc=0.8561 val_f1=0.8547 val_uar=0.8578 lr=1.95e-05
[02:35:19] INFO   ep45: train_loss=0.8687 val_acc=0.8580 val_f1=0.8570 val_uar=0.8593 lr=1.73e-05
[02:35:29] INFO   ep46: train_loss=0.8692 val_acc=0.8566 val_f1=0.8554 val_uar=0.8581 lr=1.52e-05
[02:35:39] INFO   ep47: train_loss=0.8685 val_acc=0.8567 val_f1=0.8557 val_uar=0.8583 lr=1.32e-05
[02:35:50] INFO   ep48: train_loss=0.8682 val_acc=0.8555 val_f1=0.8547 val_uar=0.8573 lr=1.13e-05
[02:36:00] INFO   ep49: train_loss=0.8681 val_acc=0.8540 val_f1=0.8535 val_uar=0.8555 lr=9.55e-06
[02:36:11] INFO   ep50: train_loss=0.8680 val_acc=0.8559 val_f1=0.8552 val_uar=0.8577 lr=7.94e-06
[02:36:21] INFO   ep51: train_loss=0.8670 val_acc=0.8585 val_f1=0.8574 val_uar=0.8602 lr=6.46e-06
[02:36:31] INFO   ep52: train_loss=0.8669 val_acc=0.8561 val_f1=0.8550 val_uar=0.8579 lr=5.13e-06
[02:36:42] INFO   ep53: train_loss=0.8667 val_acc=0.8576 val_f1=0.8567 val_uar=0.8593 lr=3.94e-06
[02:36:52] INFO   ep54: train_loss=0.8666 val_acc=0.8581 val_f1=0.8572 val_uar=0.8598 lr=2.91e-06
[02:37:03] INFO   ep55: train_loss=0.8666 val_acc=0.8571 val_f1=0.8565 val_uar=0.8588 lr=2.03e-06
[02:37:13] INFO   ep56: train_loss=0.8663 val_acc=0.8576 val_f1=0.8569 val_uar=0.8593 lr=1.30e-06
[02:37:24] INFO   ep57: train_loss=0.8678 val_acc=0.8574 val_f1=0.8566 val_uar=0.8591 lr=7.32e-07
[02:37:34] INFO   ep58: train_loss=0.8664 val_acc=0.8580 val_f1=0.8572 val_uar=0.8596 lr=3.26e-07
[02:37:44] INFO   ep59: train_loss=0.8662 val_acc=0.8578 val_f1=0.8570 val_uar=0.8594 lr=8.15e-08
[02:37:55] INFO   ep60: train_loss=0.8668 val_acc=0.8580 val_f1=0.8572 val_uar=0.8596 lr=0.00e+00
[02:37:55] INFO [done] best_val_acc=0.8590 ckpt=checkpoints\cub200_vit_small_seed3.pt time=10.7min
[02:37:56] INFO   [E1] eval clean + per colorfulness bin
[02:38:15] INFO   [E2] eval perturbasi warna
[02:43:20] INFO   done vit_small seed3
[02:43:20] INFO ==== cub200 / vit_small / seed4 ====
[02:43:21] INFO [train] cub200/vit_small/seed4 epochs=60 device=cuda n_train=5994 n_val=5794 bs=64 accum=1
[02:43:57] INFO   ep1: train_loss=5.1047 val_acc=0.1408 val_f1=0.1101 val_uar=0.1415 lr=4.00e-05
[02:44:08] INFO   ep2: train_loss=3.3767 val_acc=0.6322 val_f1=0.6146 val_uar=0.6333 lr=6.00e-05
[02:44:18] INFO   ep3: train_loss=1.9822 val_acc=0.7603 val_f1=0.7552 val_uar=0.7617 lr=8.00e-05
[02:44:28] INFO   ep4: train_loss=1.4644 val_acc=0.8062 val_f1=0.8028 val_uar=0.8073 lr=1.00e-04
[02:44:38] INFO   ep5: train_loss=1.2590 val_acc=0.8188 val_f1=0.8169 val_uar=0.8200 lr=1.00e-04
[02:44:49] INFO   ep6: train_loss=1.1316 val_acc=0.8303 val_f1=0.8297 val_uar=0.8316 lr=9.99e-05
[02:44:59] INFO   ep7: train_loss=1.0430 val_acc=0.8291 val_f1=0.8290 val_uar=0.8305 lr=9.97e-05
[02:45:09] INFO   ep8: train_loss=0.9942 val_acc=0.8374 val_f1=0.8362 val_uar=0.8387 lr=9.93e-05
[02:45:19] INFO   ep9: train_loss=0.9646 val_acc=0.8423 val_f1=0.8422 val_uar=0.8440 lr=9.87e-05
[02:45:30] INFO   ep10: train_loss=0.9485 val_acc=0.8390 val_f1=0.8384 val_uar=0.8401 lr=9.80e-05
[02:45:40] INFO   ep11: train_loss=0.9373 val_acc=0.8436 val_f1=0.8429 val_uar=0.8450 lr=9.71e-05
[02:45:50] INFO   ep12: train_loss=0.9282 val_acc=0.8471 val_f1=0.8458 val_uar=0.8482 lr=9.61e-05
[02:46:01] INFO   ep13: train_loss=0.9208 val_acc=0.8467 val_f1=0.8449 val_uar=0.8482 lr=9.49e-05
[02:46:11] INFO   ep14: train_loss=0.9171 val_acc=0.8490 val_f1=0.8483 val_uar=0.8506 lr=9.35e-05
[02:46:21] INFO   ep15: train_loss=0.9118 val_acc=0.8511 val_f1=0.8502 val_uar=0.8529 lr=9.21e-05
[02:46:31] INFO   ep16: train_loss=0.9061 val_acc=0.8519 val_f1=0.8509 val_uar=0.8537 lr=9.05e-05
[02:46:42] INFO   ep17: train_loss=0.9037 val_acc=0.8545 val_f1=0.8539 val_uar=0.8560 lr=8.87e-05
[02:46:52] INFO   ep18: train_loss=0.9001 val_acc=0.8545 val_f1=0.8529 val_uar=0.8565 lr=8.68e-05
[02:47:02] INFO   ep19: train_loss=0.8982 val_acc=0.8531 val_f1=0.8519 val_uar=0.8549 lr=8.48e-05
[02:47:13] INFO   ep20: train_loss=0.8981 val_acc=0.8497 val_f1=0.8487 val_uar=0.8514 lr=8.27e-05
[02:47:23] INFO   ep21: train_loss=0.8934 val_acc=0.8550 val_f1=0.8545 val_uar=0.8573 lr=8.05e-05
[02:47:34] INFO   ep22: train_loss=0.8931 val_acc=0.8519 val_f1=0.8501 val_uar=0.8539 lr=7.82e-05
[02:47:44] INFO   ep23: train_loss=0.8896 val_acc=0.8586 val_f1=0.8572 val_uar=0.8605 lr=7.58e-05
[02:47:54] INFO   ep24: train_loss=0.8883 val_acc=0.8595 val_f1=0.8590 val_uar=0.8616 lr=7.33e-05
[02:48:05] INFO   ep25: train_loss=0.8870 val_acc=0.8555 val_f1=0.8540 val_uar=0.8574 lr=7.08e-05
[02:48:16] INFO   ep26: train_loss=0.8854 val_acc=0.8605 val_f1=0.8591 val_uar=0.8619 lr=6.81e-05
[02:48:26] INFO   ep27: train_loss=0.8849 val_acc=0.8524 val_f1=0.8512 val_uar=0.8543 lr=6.55e-05
[02:48:36] INFO   ep28: train_loss=0.8826 val_acc=0.8573 val_f1=0.8564 val_uar=0.8587 lr=6.27e-05
[02:48:46] INFO   ep29: train_loss=0.8846 val_acc=0.8564 val_f1=0.8554 val_uar=0.8580 lr=5.99e-05
[02:48:57] INFO   ep30: train_loss=0.8817 val_acc=0.8557 val_f1=0.8552 val_uar=0.8577 lr=5.71e-05
[02:49:07] INFO   ep31: train_loss=0.8784 val_acc=0.8592 val_f1=0.8585 val_uar=0.8610 lr=5.43e-05
[02:49:17] INFO   ep32: train_loss=0.8796 val_acc=0.8567 val_f1=0.8558 val_uar=0.8583 lr=5.14e-05
[02:49:28] INFO   ep33: train_loss=0.8775 val_acc=0.8590 val_f1=0.8578 val_uar=0.8607 lr=4.86e-05
[02:49:38] INFO   ep34: train_loss=0.8767 val_acc=0.8571 val_f1=0.8561 val_uar=0.8591 lr=4.57e-05
[02:49:49] INFO   ep35: train_loss=0.8802 val_acc=0.8595 val_f1=0.8584 val_uar=0.8611 lr=4.29e-05
[02:49:59] INFO   ep36: train_loss=0.8752 val_acc=0.8595 val_f1=0.8592 val_uar=0.8612 lr=4.01e-05
[02:50:10] INFO   ep37: train_loss=0.8749 val_acc=0.8631 val_f1=0.8624 val_uar=0.8648 lr=3.73e-05
[02:50:20] INFO   ep38: train_loss=0.8736 val_acc=0.8621 val_f1=0.8614 val_uar=0.8640 lr=3.45e-05
[02:50:31] INFO   ep39: train_loss=0.8723 val_acc=0.8616 val_f1=0.8605 val_uar=0.8634 lr=3.19e-05
[02:50:41] INFO   ep40: train_loss=0.8713 val_acc=0.8642 val_f1=0.8630 val_uar=0.8659 lr=2.92e-05
[02:50:51] INFO   ep41: train_loss=0.8711 val_acc=0.8662 val_f1=0.8656 val_uar=0.8679 lr=2.67e-05
[02:51:02] INFO   ep42: train_loss=0.8703 val_acc=0.8638 val_f1=0.8629 val_uar=0.8658 lr=2.42e-05
[02:51:12] INFO   ep43: train_loss=0.8704 val_acc=0.8631 val_f1=0.8627 val_uar=0.8652 lr=2.18e-05
[02:51:22] INFO   ep44: train_loss=0.8693 val_acc=0.8624 val_f1=0.8611 val_uar=0.8645 lr=1.95e-05
[02:51:33] INFO   ep45: train_loss=0.8692 val_acc=0.8652 val_f1=0.8641 val_uar=0.8672 lr=1.73e-05
[02:51:43] INFO   ep46: train_loss=0.8680 val_acc=0.8656 val_f1=0.8648 val_uar=0.8674 lr=1.52e-05
[02:51:53] INFO   ep47: train_loss=0.8686 val_acc=0.8650 val_f1=0.8640 val_uar=0.8670 lr=1.32e-05
[02:52:03] INFO   ep48: train_loss=0.8672 val_acc=0.8662 val_f1=0.8649 val_uar=0.8682 lr=1.13e-05
[02:52:13] INFO   ep49: train_loss=0.8678 val_acc=0.8645 val_f1=0.8634 val_uar=0.8663 lr=9.55e-06
[02:52:23] INFO   ep50: train_loss=0.8672 val_acc=0.8654 val_f1=0.8643 val_uar=0.8674 lr=7.94e-06
[02:52:33] INFO   ep51: train_loss=0.8676 val_acc=0.8661 val_f1=0.8649 val_uar=0.8680 lr=6.46e-06
[02:52:43] INFO   ep52: train_loss=0.8667 val_acc=0.8654 val_f1=0.8643 val_uar=0.8674 lr=5.13e-06
[02:52:53] INFO   ep53: train_loss=0.8667 val_acc=0.8649 val_f1=0.8636 val_uar=0.8666 lr=3.94e-06
[02:53:04] INFO   ep54: train_loss=0.8669 val_acc=0.8657 val_f1=0.8650 val_uar=0.8677 lr=2.91e-06
[02:53:14] INFO   ep55: train_loss=0.8666 val_acc=0.8649 val_f1=0.8637 val_uar=0.8668 lr=2.03e-06
[02:53:24] INFO   ep56: train_loss=0.8665 val_acc=0.8654 val_f1=0.8645 val_uar=0.8674 lr=1.30e-06
[02:53:34] INFO   ep57: train_loss=0.8665 val_acc=0.8661 val_f1=0.8650 val_uar=0.8681 lr=7.32e-07
[02:53:45] INFO   ep58: train_loss=0.8669 val_acc=0.8666 val_f1=0.8655 val_uar=0.8685 lr=3.26e-07
[02:53:55] INFO   ep59: train_loss=0.8668 val_acc=0.8664 val_f1=0.8653 val_uar=0.8684 lr=8.15e-08
[02:54:05] INFO   ep60: train_loss=0.8667 val_acc=0.8662 val_f1=0.8652 val_uar=0.8682 lr=0.00e+00
[02:54:05] INFO [done] best_val_acc=0.8666 ckpt=checkpoints\cub200_vit_small_seed4.pt time=10.7min
[02:54:07] INFO   [E1] eval clean + per colorfulness bin
[02:54:25] INFO   [E2] eval perturbasi warna
[02:59:30] INFO   done vit_small seed4
[02:59:30] INFO ==== cub200 / swin_tiny / seed3 ====
[02:59:30] INFO [train] cub200/swin_tiny/seed3 epochs=60 device=cuda n_train=5994 n_val=5794 bs=64 accum=1
[03:00:11] INFO   ep1: train_loss=5.1822 val_acc=0.1044 val_f1=0.0832 val_uar=0.1046 lr=4.00e-05
[03:00:25] INFO   ep2: train_loss=3.5878 val_acc=0.5771 val_f1=0.5630 val_uar=0.5785 lr=6.00e-05
[03:00:40] INFO   ep3: train_loss=2.1459 val_acc=0.7302 val_f1=0.7245 val_uar=0.7312 lr=8.00e-05
[03:00:54] INFO   ep4: train_loss=1.6876 val_acc=0.7734 val_f1=0.7711 val_uar=0.7744 lr=1.00e-04
[03:01:09] INFO   ep5: train_loss=1.4835 val_acc=0.7927 val_f1=0.7899 val_uar=0.7946 lr=1.00e-04
[03:01:24] INFO   ep6: train_loss=1.3342 val_acc=0.7955 val_f1=0.7936 val_uar=0.7982 lr=9.99e-05
[03:01:38] INFO   ep7: train_loss=1.2383 val_acc=0.8119 val_f1=0.8123 val_uar=0.8140 lr=9.97e-05
[03:01:53] INFO   ep8: train_loss=1.1717 val_acc=0.8233 val_f1=0.8216 val_uar=0.8244 lr=9.93e-05
[03:02:08] INFO   ep9: train_loss=1.1179 val_acc=0.8283 val_f1=0.8261 val_uar=0.8296 lr=9.87e-05
[03:02:22] INFO   ep10: train_loss=1.0908 val_acc=0.8317 val_f1=0.8291 val_uar=0.8340 lr=9.80e-05
[03:02:37] INFO   ep11: train_loss=1.0764 val_acc=0.8286 val_f1=0.8253 val_uar=0.8296 lr=9.71e-05
[03:02:52] INFO   ep12: train_loss=1.0499 val_acc=0.8319 val_f1=0.8299 val_uar=0.8335 lr=9.61e-05
[03:03:07] INFO   ep13: train_loss=1.0345 val_acc=0.8385 val_f1=0.8380 val_uar=0.8398 lr=9.49e-05
[03:03:21] INFO   ep14: train_loss=1.0206 val_acc=0.8372 val_f1=0.8360 val_uar=0.8384 lr=9.35e-05
[03:03:36] INFO   ep15: train_loss=1.0073 val_acc=0.8457 val_f1=0.8448 val_uar=0.8475 lr=9.21e-05
[03:03:51] INFO   ep16: train_loss=0.9961 val_acc=0.8426 val_f1=0.8400 val_uar=0.8448 lr=9.05e-05
[03:04:05] INFO   ep17: train_loss=0.9908 val_acc=0.8414 val_f1=0.8398 val_uar=0.8427 lr=8.87e-05
[03:04:20] INFO   ep18: train_loss=0.9754 val_acc=0.8467 val_f1=0.8467 val_uar=0.8486 lr=8.68e-05
[03:04:35] INFO   ep19: train_loss=0.9662 val_acc=0.8421 val_f1=0.8396 val_uar=0.8441 lr=8.48e-05
[03:04:50] INFO   ep20: train_loss=0.9698 val_acc=0.8493 val_f1=0.8476 val_uar=0.8507 lr=8.27e-05
[03:05:05] INFO   ep21: train_loss=0.9632 val_acc=0.8495 val_f1=0.8499 val_uar=0.8517 lr=8.05e-05
[03:05:20] INFO   ep22: train_loss=0.9569 val_acc=0.8488 val_f1=0.8482 val_uar=0.8508 lr=7.82e-05
[03:05:34] INFO   ep23: train_loss=0.9514 val_acc=0.8469 val_f1=0.8466 val_uar=0.8490 lr=7.58e-05
[03:05:49] INFO   ep24: train_loss=0.9486 val_acc=0.8469 val_f1=0.8467 val_uar=0.8490 lr=7.33e-05
[03:06:04] INFO   ep25: train_loss=0.9450 val_acc=0.8530 val_f1=0.8524 val_uar=0.8550 lr=7.08e-05
[03:06:19] INFO   ep26: train_loss=0.9364 val_acc=0.8550 val_f1=0.8538 val_uar=0.8566 lr=6.81e-05
[03:06:34] INFO   ep27: train_loss=0.9407 val_acc=0.8545 val_f1=0.8525 val_uar=0.8559 lr=6.55e-05
[03:06:48] INFO   ep28: train_loss=0.9311 val_acc=0.8528 val_f1=0.8509 val_uar=0.8551 lr=6.27e-05
[03:07:03] INFO   ep29: train_loss=0.9310 val_acc=0.8533 val_f1=0.8522 val_uar=0.8551 lr=5.99e-05
[03:07:18] INFO   ep30: train_loss=0.9228 val_acc=0.8512 val_f1=0.8492 val_uar=0.8534 lr=5.71e-05
[03:07:33] INFO   ep31: train_loss=0.9240 val_acc=0.8526 val_f1=0.8513 val_uar=0.8547 lr=5.43e-05
[03:07:47] INFO   ep32: train_loss=0.9185 val_acc=0.8554 val_f1=0.8539 val_uar=0.8572 lr=5.14e-05
[03:08:02] INFO   ep33: train_loss=0.9169 val_acc=0.8578 val_f1=0.8565 val_uar=0.8597 lr=4.86e-05
[03:08:17] INFO   ep34: train_loss=0.9223 val_acc=0.8533 val_f1=0.8535 val_uar=0.8551 lr=4.57e-05
[03:08:32] INFO   ep35: train_loss=0.9154 val_acc=0.8543 val_f1=0.8537 val_uar=0.8565 lr=4.29e-05
[03:08:47] INFO   ep36: train_loss=0.9096 val_acc=0.8571 val_f1=0.8566 val_uar=0.8591 lr=4.01e-05
[03:09:02] INFO   ep37: train_loss=0.9114 val_acc=0.8576 val_f1=0.8568 val_uar=0.8598 lr=3.73e-05
[03:09:16] INFO   ep38: train_loss=0.9110 val_acc=0.8550 val_f1=0.8534 val_uar=0.8565 lr=3.45e-05
[03:09:31] INFO   ep39: train_loss=0.9062 val_acc=0.8567 val_f1=0.8555 val_uar=0.8590 lr=3.19e-05
[03:09:46] INFO   ep40: train_loss=0.9023 val_acc=0.8583 val_f1=0.8578 val_uar=0.8603 lr=2.92e-05
[03:10:00] INFO   ep41: train_loss=0.9039 val_acc=0.8605 val_f1=0.8603 val_uar=0.8627 lr=2.67e-05
[03:10:15] INFO   ep42: train_loss=0.9055 val_acc=0.8573 val_f1=0.8567 val_uar=0.8589 lr=2.42e-05
[03:10:30] INFO   ep43: train_loss=0.8991 val_acc=0.8605 val_f1=0.8600 val_uar=0.8626 lr=2.18e-05
[03:10:45] INFO   ep44: train_loss=0.9034 val_acc=0.8588 val_f1=0.8578 val_uar=0.8612 lr=1.95e-05
[03:10:59] INFO   ep45: train_loss=0.8983 val_acc=0.8609 val_f1=0.8603 val_uar=0.8630 lr=1.73e-05
[03:11:14] INFO   ep46: train_loss=0.8964 val_acc=0.8607 val_f1=0.8602 val_uar=0.8630 lr=1.52e-05
[03:11:29] INFO   ep47: train_loss=0.8956 val_acc=0.8609 val_f1=0.8595 val_uar=0.8628 lr=1.32e-05
[03:11:44] INFO   ep48: train_loss=0.8941 val_acc=0.8614 val_f1=0.8609 val_uar=0.8636 lr=1.13e-05
[03:11:59] INFO   ep49: train_loss=0.8956 val_acc=0.8595 val_f1=0.8587 val_uar=0.8616 lr=9.55e-06
[03:12:13] INFO   ep50: train_loss=0.8956 val_acc=0.8626 val_f1=0.8620 val_uar=0.8644 lr=7.94e-06
[03:12:28] INFO   ep51: train_loss=0.8927 val_acc=0.8602 val_f1=0.8595 val_uar=0.8621 lr=6.46e-06
[03:12:43] INFO   ep52: train_loss=0.8960 val_acc=0.8638 val_f1=0.8634 val_uar=0.8659 lr=5.13e-06
[03:12:58] INFO   ep53: train_loss=0.8917 val_acc=0.8630 val_f1=0.8622 val_uar=0.8647 lr=3.94e-06
[03:13:13] INFO   ep54: train_loss=0.8943 val_acc=0.8631 val_f1=0.8623 val_uar=0.8650 lr=2.91e-06
[03:13:27] INFO   ep55: train_loss=0.8919 val_acc=0.8633 val_f1=0.8626 val_uar=0.8653 lr=2.03e-06
[03:13:42] INFO   ep56: train_loss=0.8891 val_acc=0.8640 val_f1=0.8634 val_uar=0.8658 lr=1.30e-06
[03:13:57] INFO   ep57: train_loss=0.8944 val_acc=0.8631 val_f1=0.8626 val_uar=0.8650 lr=7.32e-07
[03:14:12] INFO   ep58: train_loss=0.8936 val_acc=0.8642 val_f1=0.8637 val_uar=0.8660 lr=3.26e-07
[03:14:27] INFO   ep59: train_loss=0.8935 val_acc=0.8637 val_f1=0.8631 val_uar=0.8655 lr=8.15e-08
[03:14:41] INFO   ep60: train_loss=0.8948 val_acc=0.8637 val_f1=0.8631 val_uar=0.8655 lr=0.00e+00
[03:14:41] INFO [done] best_val_acc=0.8642 ckpt=checkpoints\cub200_swin_tiny_seed3.pt time=15.2min
[03:14:43] INFO   [E1] eval clean + per colorfulness bin
[03:15:02] INFO   [E2] eval perturbasi warna
[03:20:19] INFO   done swin_tiny seed3
[03:20:19] INFO ==== cub200 / swin_tiny / seed4 ====
[03:20:20] INFO [train] cub200/swin_tiny/seed4 epochs=60 device=cuda n_train=5994 n_val=5794 bs=64 accum=1
[03:21:01] INFO   ep1: train_loss=5.1924 val_acc=0.0878 val_f1=0.0682 val_uar=0.0900 lr=4.00e-05
[03:21:15] INFO   ep2: train_loss=3.7051 val_acc=0.5633 val_f1=0.5473 val_uar=0.5660 lr=6.00e-05
[03:21:30] INFO   ep3: train_loss=2.2321 val_acc=0.7266 val_f1=0.7240 val_uar=0.7283 lr=8.00e-05
[03:21:44] INFO   ep4: train_loss=1.7304 val_acc=0.7715 val_f1=0.7664 val_uar=0.7724 lr=1.00e-04
[03:21:59] INFO   ep5: train_loss=1.4914 val_acc=0.7879 val_f1=0.7854 val_uar=0.7895 lr=1.00e-04
[03:22:13] INFO   ep6: train_loss=1.3530 val_acc=0.7951 val_f1=0.7911 val_uar=0.7976 lr=9.99e-05
[03:22:28] INFO   ep7: train_loss=1.2363 val_acc=0.8219 val_f1=0.8208 val_uar=0.8229 lr=9.97e-05
[03:22:43] INFO   ep8: train_loss=1.1607 val_acc=0.8193 val_f1=0.8184 val_uar=0.8208 lr=9.93e-05
[03:22:57] INFO   ep9: train_loss=1.1185 val_acc=0.8297 val_f1=0.8282 val_uar=0.8320 lr=9.87e-05
[03:23:12] INFO   ep10: train_loss=1.0823 val_acc=0.8333 val_f1=0.8311 val_uar=0.8345 lr=9.80e-05
[03:23:27] INFO   ep11: train_loss=1.0591 val_acc=0.8297 val_f1=0.8293 val_uar=0.8312 lr=9.71e-05
[03:23:42] INFO   ep12: train_loss=1.0393 val_acc=0.8290 val_f1=0.8274 val_uar=0.8315 lr=9.61e-05
[03:23:56] INFO   ep13: train_loss=1.0200 val_acc=0.8360 val_f1=0.8358 val_uar=0.8373 lr=9.49e-05
[03:24:11] INFO   ep14: train_loss=1.0118 val_acc=0.8334 val_f1=0.8327 val_uar=0.8353 lr=9.35e-05
[03:24:26] INFO   ep15: train_loss=0.9991 val_acc=0.8286 val_f1=0.8263 val_uar=0.8307 lr=9.21e-05
[03:24:41] INFO   ep16: train_loss=0.9919 val_acc=0.8345 val_f1=0.8328 val_uar=0.8364 lr=9.05e-05
[03:24:56] INFO   ep17: train_loss=0.9814 val_acc=0.8367 val_f1=0.8346 val_uar=0.8385 lr=8.87e-05
[03:25:10] INFO   ep18: train_loss=0.9799 val_acc=0.8366 val_f1=0.8336 val_uar=0.8382 lr=8.68e-05
[03:25:25] INFO   ep19: train_loss=0.9765 val_acc=0.8379 val_f1=0.8358 val_uar=0.8391 lr=8.48e-05
[03:25:40] INFO   ep20: train_loss=0.9711 val_acc=0.8359 val_f1=0.8353 val_uar=0.8378 lr=8.27e-05
[03:25:55] INFO   ep21: train_loss=0.9659 val_acc=0.8360 val_f1=0.8344 val_uar=0.8375 lr=8.05e-05
[03:26:09] INFO   ep22: train_loss=0.9580 val_acc=0.8419 val_f1=0.8405 val_uar=0.8432 lr=7.82e-05
[03:26:24] INFO   ep23: train_loss=0.9451 val_acc=0.8419 val_f1=0.8403 val_uar=0.8439 lr=7.58e-05
[03:26:39] INFO   ep24: train_loss=0.9498 val_acc=0.8400 val_f1=0.8372 val_uar=0.8419 lr=7.33e-05
[03:26:54] INFO   ep25: train_loss=0.9522 val_acc=0.8450 val_f1=0.8433 val_uar=0.8463 lr=7.08e-05
[03:27:09] INFO   ep26: train_loss=0.9408 val_acc=0.8428 val_f1=0.8418 val_uar=0.8446 lr=6.81e-05
[03:27:24] INFO   ep27: train_loss=0.9358 val_acc=0.8426 val_f1=0.8407 val_uar=0.8446 lr=6.55e-05
[03:27:39] INFO   ep28: train_loss=0.9369 val_acc=0.8438 val_f1=0.8412 val_uar=0.8457 lr=6.27e-05
[03:27:54] INFO   ep29: train_loss=0.9283 val_acc=0.8443 val_f1=0.8418 val_uar=0.8459 lr=5.99e-05
[03:28:08] INFO   ep30: train_loss=0.9302 val_acc=0.8466 val_f1=0.8456 val_uar=0.8487 lr=5.71e-05
[03:28:24] INFO   ep31: train_loss=0.9240 val_acc=0.8441 val_f1=0.8422 val_uar=0.8462 lr=5.43e-05
[03:28:38] INFO   ep32: train_loss=0.9245 val_acc=0.8476 val_f1=0.8461 val_uar=0.8498 lr=5.14e-05
[03:28:53] INFO   ep33: train_loss=0.9182 val_acc=0.8481 val_f1=0.8473 val_uar=0.8502 lr=4.86e-05
[03:29:08] INFO   ep34: train_loss=0.9136 val_acc=0.8443 val_f1=0.8429 val_uar=0.8459 lr=4.57e-05
[03:29:23] INFO   ep35: train_loss=0.9110 val_acc=0.8490 val_f1=0.8474 val_uar=0.8507 lr=4.29e-05
[03:29:37] INFO   ep36: train_loss=0.9087 val_acc=0.8479 val_f1=0.8463 val_uar=0.8500 lr=4.01e-05
[03:29:52] INFO   ep37: train_loss=0.9092 val_acc=0.8495 val_f1=0.8494 val_uar=0.8518 lr=3.73e-05
[03:30:07] INFO   ep38: train_loss=0.9057 val_acc=0.8524 val_f1=0.8516 val_uar=0.8547 lr=3.45e-05
[03:30:22] INFO   ep39: train_loss=0.9062 val_acc=0.8511 val_f1=0.8507 val_uar=0.8528 lr=3.19e-05
[03:30:37] INFO   ep40: train_loss=0.9046 val_acc=0.8519 val_f1=0.8519 val_uar=0.8541 lr=2.92e-05
[03:30:51] INFO   ep41: train_loss=0.9001 val_acc=0.8533 val_f1=0.8526 val_uar=0.8555 lr=2.67e-05
[03:31:06] INFO   ep42: train_loss=0.9005 val_acc=0.8528 val_f1=0.8518 val_uar=0.8545 lr=2.42e-05
[03:31:21] INFO   ep43: train_loss=0.9009 val_acc=0.8548 val_f1=0.8538 val_uar=0.8567 lr=2.18e-05
[03:31:36] INFO   ep44: train_loss=0.8971 val_acc=0.8547 val_f1=0.8542 val_uar=0.8568 lr=1.95e-05
[03:31:51] INFO   ep45: train_loss=0.8971 val_acc=0.8554 val_f1=0.8546 val_uar=0.8576 lr=1.73e-05
[03:32:06] INFO   ep46: train_loss=0.8984 val_acc=0.8509 val_f1=0.8500 val_uar=0.8532 lr=1.52e-05
[03:32:20] INFO   ep47: train_loss=0.8971 val_acc=0.8550 val_f1=0.8539 val_uar=0.8570 lr=1.32e-05
[03:32:35] INFO   ep48: train_loss=0.8933 val_acc=0.8557 val_f1=0.8549 val_uar=0.8576 lr=1.13e-05
[03:32:50] INFO   ep49: train_loss=0.8951 val_acc=0.8547 val_f1=0.8536 val_uar=0.8567 lr=9.55e-06
[03:33:05] INFO   ep50: train_loss=0.8969 val_acc=0.8557 val_f1=0.8547 val_uar=0.8578 lr=7.94e-06
[03:33:19] INFO   ep51: train_loss=0.8923 val_acc=0.8554 val_f1=0.8547 val_uar=0.8573 lr=6.46e-06
[03:33:34] INFO   ep52: train_loss=0.8963 val_acc=0.8557 val_f1=0.8552 val_uar=0.8578 lr=5.13e-06
[03:33:49] INFO   ep53: train_loss=0.8927 val_acc=0.8557 val_f1=0.8553 val_uar=0.8575 lr=3.94e-06
[03:34:03] INFO   ep54: train_loss=0.8963 val_acc=0.8554 val_f1=0.8548 val_uar=0.8573 lr=2.91e-06
[03:34:18] INFO   ep55: train_loss=0.8928 val_acc=0.8564 val_f1=0.8558 val_uar=0.8583 lr=2.03e-06
[03:34:33] INFO   ep56: train_loss=0.8930 val_acc=0.8571 val_f1=0.8564 val_uar=0.8591 lr=1.30e-06
[03:34:48] INFO   ep57: train_loss=0.8913 val_acc=0.8567 val_f1=0.8562 val_uar=0.8587 lr=7.32e-07
[03:35:03] INFO   ep58: train_loss=0.8913 val_acc=0.8574 val_f1=0.8569 val_uar=0.8594 lr=3.26e-07
[03:35:18] INFO   ep59: train_loss=0.8933 val_acc=0.8576 val_f1=0.8571 val_uar=0.8596 lr=8.15e-08
[03:35:33] INFO   ep60: train_loss=0.8927 val_acc=0.8578 val_f1=0.8573 val_uar=0.8597 lr=0.00e+00
[03:35:33] INFO [done] best_val_acc=0.8578 ckpt=checkpoints\cub200_swin_tiny_seed4.pt time=15.2min
[03:35:35] INFO   [E1] eval clean + per colorfulness bin
[03:35:54] INFO   [E2] eval perturbasi warna
[03:41:06] INFO   done swin_tiny seed4
[03:41:06] INFO ALL DONE
[23:25:20] INFO dataset=cub200 models=['resnet50', 'convnext_tiny', 'vit_small', 'swin_tiny'] seeds=[0, 1, 2, 3, 4] epochs=None recipe=adamw
[23:25:20] INFO ==== cub200 / resnet50 / seed0 (recipe=adamw gray=False) ====
[23:25:22] INFO [train] cub200/resnet50/seed0 recipe=adamw opt=adamw lr=0.0001 wd=0.05 grayscale=False epochs=60 device=cuda n_train=4994 n_val=1000 bs=64 accum=1
[23:26:00] INFO   ep1: train_loss=5.2957 val_acc=0.0100 val_f1=0.0035 val_uar=0.0100 lr=4.00e-05
[23:26:07] INFO   ep2: train_loss=5.2677 val_acc=0.0160 val_f1=0.0090 val_uar=0.0160 lr=6.00e-05
[23:26:15] INFO   ep3: train_loss=5.2044 val_acc=0.0720 val_f1=0.0605 val_uar=0.0720 lr=8.00e-05
[23:26:23] INFO   ep4: train_loss=5.0219 val_acc=0.2540 val_f1=0.2168 val_uar=0.2540 lr=1.00e-04
[23:26:31] INFO   ep5: train_loss=4.4163 val_acc=0.3690 val_f1=0.3357 val_uar=0.3690 lr=1.00e-04
[23:26:39] INFO   ep6: train_loss=3.5351 val_acc=0.5020 val_f1=0.4642 val_uar=0.5020 lr=9.99e-05
[23:26:47] INFO   ep7: train_loss=2.8991 val_acc=0.5860 val_f1=0.5663 val_uar=0.5860 lr=9.97e-05
[23:26:55] INFO   ep8: train_loss=2.4844 val_acc=0.6320 val_f1=0.6214 val_uar=0.6320 lr=9.93e-05
[23:27:03] INFO   ep9: train_loss=2.1820 val_acc=0.6620 val_f1=0.6460 val_uar=0.6620 lr=9.87e-05
[23:27:11] INFO   ep10: train_loss=1.9720 val_acc=0.6980 val_f1=0.6856 val_uar=0.6980 lr=9.80e-05
[23:27:19] INFO   ep11: train_loss=1.8048 val_acc=0.7150 val_f1=0.7086 val_uar=0.7150 lr=9.71e-05
[23:27:27] INFO   ep12: train_loss=1.6844 val_acc=0.7260 val_f1=0.7194 val_uar=0.7260 lr=9.61e-05
[23:27:36] INFO   ep13: train_loss=1.5802 val_acc=0.7430 val_f1=0.7398 val_uar=0.7430 lr=9.49e-05
[23:27:44] INFO   ep14: train_loss=1.4997 val_acc=0.7560 val_f1=0.7510 val_uar=0.7560 lr=9.35e-05
[23:27:52] INFO   ep15: train_loss=1.4304 val_acc=0.7550 val_f1=0.7505 val_uar=0.7550 lr=9.21e-05
[23:28:00] INFO   ep16: train_loss=1.3688 val_acc=0.7610 val_f1=0.7583 val_uar=0.7610 lr=9.05e-05
[23:28:08] INFO   ep17: train_loss=1.3220 val_acc=0.7600 val_f1=0.7546 val_uar=0.7600 lr=8.87e-05
[23:28:16] INFO   ep18: train_loss=1.2755 val_acc=0.7710 val_f1=0.7684 val_uar=0.7710 lr=8.68e-05
[23:28:24] INFO   ep19: train_loss=1.2414 val_acc=0.7640 val_f1=0.7590 val_uar=0.7640 lr=8.48e-05
[23:28:32] INFO   ep20: train_loss=1.2024 val_acc=0.7670 val_f1=0.7636 val_uar=0.7670 lr=8.27e-05
[23:28:40] INFO   ep21: train_loss=1.1826 val_acc=0.7670 val_f1=0.7630 val_uar=0.7670 lr=8.05e-05
[23:28:48] INFO   ep22: train_loss=1.1574 val_acc=0.7720 val_f1=0.7692 val_uar=0.7720 lr=7.82e-05
[23:28:56] INFO   ep23: train_loss=1.1386 val_acc=0.7810 val_f1=0.7777 val_uar=0.7810 lr=7.58e-05
[23:29:04] INFO   ep24: train_loss=1.1167 val_acc=0.7810 val_f1=0.7796 val_uar=0.7810 lr=7.33e-05
[23:29:12] INFO   ep25: train_loss=1.0956 val_acc=0.7770 val_f1=0.7753 val_uar=0.7770 lr=7.08e-05
[23:29:20] INFO   ep26: train_loss=1.0819 val_acc=0.7870 val_f1=0.7849 val_uar=0.7870 lr=6.81e-05
[23:29:28] INFO   ep27: train_loss=1.0659 val_acc=0.7830 val_f1=0.7808 val_uar=0.7830 lr=6.55e-05
[23:29:36] INFO   ep28: train_loss=1.0559 val_acc=0.7810 val_f1=0.7780 val_uar=0.7810 lr=6.27e-05
[23:29:44] INFO   ep29: train_loss=1.0467 val_acc=0.7810 val_f1=0.7767 val_uar=0.7810 lr=5.99e-05
[23:29:52] INFO   ep30: train_loss=1.0359 val_acc=0.7800 val_f1=0.7784 val_uar=0.7800 lr=5.71e-05
[23:30:00] INFO   ep31: train_loss=1.0295 val_acc=0.7860 val_f1=0.7836 val_uar=0.7860 lr=5.43e-05
[23:30:08] INFO   ep32: train_loss=1.0197 val_acc=0.7880 val_f1=0.7854 val_uar=0.7880 lr=5.14e-05
[23:30:16] INFO   ep33: train_loss=1.0141 val_acc=0.7770 val_f1=0.7746 val_uar=0.7770 lr=4.86e-05
[23:30:24] INFO   ep34: train_loss=1.0078 val_acc=0.7850 val_f1=0.7827 val_uar=0.7850 lr=4.57e-05
[23:30:33] INFO   ep35: train_loss=0.9990 val_acc=0.7930 val_f1=0.7922 val_uar=0.7930 lr=4.29e-05
[23:30:41] INFO   ep36: train_loss=0.9957 val_acc=0.7880 val_f1=0.7877 val_uar=0.7880 lr=4.01e-05
[23:30:49] INFO   ep37: train_loss=0.9886 val_acc=0.7940 val_f1=0.7924 val_uar=0.7940 lr=3.73e-05
[23:30:57] INFO   ep38: train_loss=0.9864 val_acc=0.7830 val_f1=0.7821 val_uar=0.7830 lr=3.45e-05
[23:31:05] INFO   ep39: train_loss=0.9846 val_acc=0.7900 val_f1=0.7897 val_uar=0.7900 lr=3.19e-05
[23:31:13] INFO   ep40: train_loss=0.9827 val_acc=0.7930 val_f1=0.7927 val_uar=0.7930 lr=2.92e-05
[23:31:22] INFO   ep41: train_loss=0.9777 val_acc=0.7930 val_f1=0.7919 val_uar=0.7930 lr=2.67e-05
[23:31:30] INFO   ep42: train_loss=0.9756 val_acc=0.7980 val_f1=0.7969 val_uar=0.7980 lr=2.42e-05
[23:31:38] INFO   ep43: train_loss=0.9753 val_acc=0.8000 val_f1=0.7987 val_uar=0.8000 lr=2.18e-05
[23:31:46] INFO   ep44: train_loss=0.9713 val_acc=0.7910 val_f1=0.7893 val_uar=0.7910 lr=1.95e-05
[23:31:54] INFO   ep45: train_loss=0.9655 val_acc=0.7990 val_f1=0.7981 val_uar=0.7990 lr=1.73e-05
[23:32:02] INFO   ep46: train_loss=0.9705 val_acc=0.7940 val_f1=0.7933 val_uar=0.7940 lr=1.52e-05
[23:32:10] INFO   ep47: train_loss=0.9659 val_acc=0.7910 val_f1=0.7896 val_uar=0.7910 lr=1.32e-05
[23:32:18] INFO   ep48: train_loss=0.9630 val_acc=0.7950 val_f1=0.7946 val_uar=0.7950 lr=1.13e-05
[23:32:26] INFO   ep49: train_loss=0.9618 val_acc=0.7980 val_f1=0.7976 val_uar=0.7980 lr=9.55e-06
[23:32:34] INFO   ep50: train_loss=0.9658 val_acc=0.7920 val_f1=0.7907 val_uar=0.7920 lr=7.94e-06
[23:32:42] INFO   ep51: train_loss=0.9611 val_acc=0.7870 val_f1=0.7860 val_uar=0.7870 lr=6.46e-06
[23:32:50] INFO   ep52: train_loss=0.9629 val_acc=0.7870 val_f1=0.7853 val_uar=0.7870 lr=5.13e-06
[23:32:57] INFO   ep53: train_loss=0.9633 val_acc=0.7940 val_f1=0.7942 val_uar=0.7940 lr=3.94e-06
[23:33:05] INFO   ep54: train_loss=0.9601 val_acc=0.7930 val_f1=0.7918 val_uar=0.7930 lr=2.91e-06
[23:33:13] INFO   ep55: train_loss=0.9589 val_acc=0.7920 val_f1=0.7908 val_uar=0.7920 lr=2.03e-06
[23:33:21] INFO   ep56: train_loss=0.9583 val_acc=0.7910 val_f1=0.7904 val_uar=0.7910 lr=1.30e-06
[23:33:29] INFO   ep57: train_loss=0.9590 val_acc=0.7950 val_f1=0.7945 val_uar=0.7950 lr=7.32e-07
[23:33:37] INFO   ep58: train_loss=0.9596 val_acc=0.7960 val_f1=0.7954 val_uar=0.7960 lr=3.26e-07
[23:33:45] INFO   ep59: train_loss=0.9567 val_acc=0.7890 val_f1=0.7876 val_uar=0.7890 lr=8.15e-08
[23:33:53] INFO   ep60: train_loss=0.9621 val_acc=0.7900 val_f1=0.7892 val_uar=0.7900 lr=0.00e+00
[23:33:53] INFO [done] resnet50 best_val_acc=0.8000 lr_used=0.0001 ckpt=checkpoints\cub200_resnet50_seed0.pt time=8.5min
[23:33:54] INFO   [E1] eval clean + per colorfulness bin
[23:34:23] INFO   [E2] eval perturbasi warna
[23:39:46] INFO   done resnet50 seed0
[23:39:46] INFO ==== cub200 / resnet50 / seed1 (recipe=adamw gray=False) ====
[23:39:46] INFO [train] cub200/resnet50/seed1 recipe=adamw opt=adamw lr=0.0001 wd=0.05 grayscale=False epochs=60 device=cuda n_train=4994 n_val=1000 bs=64 accum=1
[23:40:22] INFO   ep1: train_loss=5.2947 val_acc=0.0050 val_f1=0.0016 val_uar=0.0050 lr=4.00e-05
[23:40:29] INFO   ep2: train_loss=5.2673 val_acc=0.0200 val_f1=0.0131 val_uar=0.0200 lr=6.00e-05
[23:40:37] INFO   ep3: train_loss=5.2051 val_acc=0.0820 val_f1=0.0688 val_uar=0.0820 lr=8.00e-05
[23:40:45] INFO   ep4: train_loss=5.0215 val_acc=0.2590 val_f1=0.2314 val_uar=0.2590 lr=1.00e-04
[23:40:53] INFO   ep5: train_loss=4.4255 val_acc=0.4220 val_f1=0.3827 val_uar=0.4220 lr=1.00e-04
[23:41:00] INFO   ep6: train_loss=3.5435 val_acc=0.5400 val_f1=0.5064 val_uar=0.5400 lr=9.99e-05
[23:41:08] INFO   ep7: train_loss=2.8976 val_acc=0.5780 val_f1=0.5494 val_uar=0.5780 lr=9.97e-05
[23:41:16] INFO   ep8: train_loss=2.4696 val_acc=0.6480 val_f1=0.6284 val_uar=0.6480 lr=9.93e-05
[23:41:23] INFO   ep9: train_loss=2.1729 val_acc=0.6870 val_f1=0.6740 val_uar=0.6870 lr=9.87e-05
[23:41:31] INFO   ep10: train_loss=1.9630 val_acc=0.6990 val_f1=0.6824 val_uar=0.6990 lr=9.80e-05
[23:41:39] INFO   ep11: train_loss=1.8022 val_acc=0.7240 val_f1=0.7149 val_uar=0.7240 lr=9.71e-05
[23:41:47] INFO   ep12: train_loss=1.6695 val_acc=0.7480 val_f1=0.7394 val_uar=0.7480 lr=9.61e-05
[23:41:55] INFO   ep13: train_loss=1.5745 val_acc=0.7520 val_f1=0.7480 val_uar=0.7520 lr=9.49e-05
[23:42:03] INFO   ep14: train_loss=1.4909 val_acc=0.7610 val_f1=0.7560 val_uar=0.7610 lr=9.35e-05
[23:42:11] INFO   ep15: train_loss=1.4194 val_acc=0.7600 val_f1=0.7556 val_uar=0.7600 lr=9.21e-05
[23:42:19] INFO   ep16: train_loss=1.3627 val_acc=0.7610 val_f1=0.7557 val_uar=0.7610 lr=9.05e-05
[23:42:27] INFO   ep17: train_loss=1.3133 val_acc=0.7700 val_f1=0.7652 val_uar=0.7700 lr=8.87e-05
[23:42:35] INFO   ep18: train_loss=1.2750 val_acc=0.7720 val_f1=0.7686 val_uar=0.7720 lr=8.68e-05
[23:42:43] INFO   ep19: train_loss=1.2360 val_acc=0.7720 val_f1=0.7660 val_uar=0.7720 lr=8.48e-05
[23:42:51] INFO   ep20: train_loss=1.2024 val_acc=0.7770 val_f1=0.7727 val_uar=0.7770 lr=8.27e-05
[23:42:59] INFO   ep21: train_loss=1.1711 val_acc=0.7800 val_f1=0.7766 val_uar=0.7800 lr=8.05e-05
[23:43:07] INFO   ep22: train_loss=1.1484 val_acc=0.7820 val_f1=0.7796 val_uar=0.7820 lr=7.82e-05
[23:43:15] INFO   ep23: train_loss=1.1309 val_acc=0.7890 val_f1=0.7860 val_uar=0.7890 lr=7.58e-05
[23:43:23] INFO   ep24: train_loss=1.1094 val_acc=0.7870 val_f1=0.7850 val_uar=0.7870 lr=7.33e-05
[23:43:31] INFO   ep25: train_loss=1.0944 val_acc=0.7870 val_f1=0.7849 val_uar=0.7870 lr=7.08e-05
[23:43:39] INFO   ep26: train_loss=1.0772 val_acc=0.7840 val_f1=0.7807 val_uar=0.7840 lr=6.81e-05
[23:43:46] INFO   ep27: train_loss=1.0723 val_acc=0.7870 val_f1=0.7839 val_uar=0.7870 lr=6.55e-05
[23:43:54] INFO   ep28: train_loss=1.0580 val_acc=0.7840 val_f1=0.7809 val_uar=0.7840 lr=6.27e-05
[23:44:02] INFO   ep29: train_loss=1.0408 val_acc=0.7910 val_f1=0.7869 val_uar=0.7910 lr=5.99e-05
[23:44:10] INFO   ep30: train_loss=1.0325 val_acc=0.7980 val_f1=0.7952 val_uar=0.7980 lr=5.71e-05
[23:44:18] INFO   ep31: train_loss=1.0240 val_acc=0.7860 val_f1=0.7824 val_uar=0.7860 lr=5.43e-05
[23:44:25] INFO   ep32: train_loss=1.0157 val_acc=0.7950 val_f1=0.7905 val_uar=0.7950 lr=5.14e-05
[23:44:33] INFO   ep33: train_loss=1.0112 val_acc=0.7910 val_f1=0.7879 val_uar=0.7910 lr=4.86e-05
[23:44:41] INFO   ep34: train_loss=1.0045 val_acc=0.7930 val_f1=0.7885 val_uar=0.7930 lr=4.57e-05
[23:44:49] INFO   ep35: train_loss=0.9969 val_acc=0.7950 val_f1=0.7904 val_uar=0.7950 lr=4.29e-05
[23:44:57] INFO   ep36: train_loss=0.9944 val_acc=0.7990 val_f1=0.7940 val_uar=0.7990 lr=4.01e-05
[23:45:05] INFO   ep37: train_loss=0.9925 val_acc=0.7980 val_f1=0.7948 val_uar=0.7980 lr=3.73e-05
[23:45:13] INFO   ep38: train_loss=0.9848 val_acc=0.7850 val_f1=0.7803 val_uar=0.7850 lr=3.45e-05
[23:45:21] INFO   ep39: train_loss=0.9845 val_acc=0.7890 val_f1=0.7845 val_uar=0.7890 lr=3.19e-05
[23:45:29] INFO   ep40: train_loss=0.9837 val_acc=0.7900 val_f1=0.7842 val_uar=0.7900 lr=2.92e-05
[23:45:38] INFO   ep41: train_loss=0.9785 val_acc=0.7930 val_f1=0.7874 val_uar=0.7930 lr=2.67e-05
[23:45:46] INFO   ep42: train_loss=0.9704 val_acc=0.7940 val_f1=0.7887 val_uar=0.7940 lr=2.42e-05
[23:45:54] INFO   ep43: train_loss=0.9730 val_acc=0.7880 val_f1=0.7836 val_uar=0.7880 lr=2.18e-05
[23:46:02] INFO   ep44: train_loss=0.9751 val_acc=0.7880 val_f1=0.7836 val_uar=0.7880 lr=1.95e-05
[23:46:11] INFO   ep45: train_loss=0.9665 val_acc=0.7920 val_f1=0.7876 val_uar=0.7920 lr=1.73e-05
[23:46:19] INFO   ep46: train_loss=0.9688 val_acc=0.7890 val_f1=0.7834 val_uar=0.7890 lr=1.52e-05
[23:46:27] INFO   ep47: train_loss=0.9636 val_acc=0.7870 val_f1=0.7825 val_uar=0.7870 lr=1.32e-05
[23:46:35] INFO   ep48: train_loss=0.9617 val_acc=0.7900 val_f1=0.7862 val_uar=0.7900 lr=1.13e-05
[23:46:44] INFO   ep49: train_loss=0.9621 val_acc=0.7890 val_f1=0.7845 val_uar=0.7890 lr=9.55e-06
[23:46:52] INFO   ep50: train_loss=0.9618 val_acc=0.7900 val_f1=0.7844 val_uar=0.7900 lr=7.94e-06
[23:47:00] INFO   ep51: train_loss=0.9585 val_acc=0.7900 val_f1=0.7856 val_uar=0.7900 lr=6.46e-06
[23:47:08] INFO   ep52: train_loss=0.9594 val_acc=0.7940 val_f1=0.7893 val_uar=0.7940 lr=5.13e-06
[23:47:17] INFO   ep53: train_loss=0.9611 val_acc=0.7910 val_f1=0.7858 val_uar=0.7910 lr=3.94e-06
[23:47:25] INFO   ep54: train_loss=0.9598 val_acc=0.7960 val_f1=0.7912 val_uar=0.7960 lr=2.91e-06
[23:47:33] INFO   ep55: train_loss=0.9581 val_acc=0.7910 val_f1=0.7862 val_uar=0.7910 lr=2.03e-06
[23:47:41] INFO   ep56: train_loss=0.9567 val_acc=0.7930 val_f1=0.7895 val_uar=0.7930 lr=1.30e-06
[23:47:49] INFO   ep57: train_loss=0.9574 val_acc=0.7880 val_f1=0.7837 val_uar=0.7880 lr=7.32e-07
[23:47:57] INFO   ep58: train_loss=0.9549 val_acc=0.7960 val_f1=0.7916 val_uar=0.7960 lr=3.26e-07
[23:48:05] INFO   ep59: train_loss=0.9586 val_acc=0.7950 val_f1=0.7914 val_uar=0.7950 lr=8.15e-08
[23:48:13] INFO   ep60: train_loss=0.9613 val_acc=0.7980 val_f1=0.7939 val_uar=0.7980 lr=0.00e+00
[23:48:13] INFO [done] resnet50 best_val_acc=0.7990 lr_used=0.0001 ckpt=checkpoints\cub200_resnet50_seed1.pt time=8.5min
[23:48:14] INFO   [E1] eval clean + per colorfulness bin
[23:48:34] INFO   [E2] eval perturbasi warna
[23:53:50] INFO   done resnet50 seed1
[23:53:50] INFO ==== cub200 / resnet50 / seed2 (recipe=adamw gray=False) ====
[23:53:50] INFO [train] cub200/resnet50/seed2 recipe=adamw opt=adamw lr=0.0001 wd=0.05 grayscale=False epochs=60 device=cuda n_train=4994 n_val=1000 bs=64 accum=1
[23:54:25] INFO   ep1: train_loss=5.2946 val_acc=0.0070 val_f1=0.0039 val_uar=0.0070 lr=4.00e-05
[23:54:33] INFO   ep2: train_loss=5.2658 val_acc=0.0280 val_f1=0.0234 val_uar=0.0280 lr=6.00e-05
[23:54:40] INFO   ep3: train_loss=5.2030 val_acc=0.0810 val_f1=0.0708 val_uar=0.0810 lr=8.00e-05
[23:54:48] INFO   ep4: train_loss=5.0182 val_acc=0.2530 val_f1=0.2282 val_uar=0.2530 lr=1.00e-04
[23:54:56] INFO   ep5: train_loss=4.4286 val_acc=0.4020 val_f1=0.3696 val_uar=0.4020 lr=1.00e-04
[23:55:04] INFO   ep6: train_loss=3.5593 val_acc=0.5150 val_f1=0.4775 val_uar=0.5150 lr=9.99e-05
[23:55:12] INFO   ep7: train_loss=2.8982 val_acc=0.5900 val_f1=0.5625 val_uar=0.5900 lr=9.97e-05
[23:55:19] INFO   ep8: train_loss=2.4725 val_acc=0.6300 val_f1=0.6092 val_uar=0.6300 lr=9.93e-05
[23:55:27] INFO   ep9: train_loss=2.1688 val_acc=0.6710 val_f1=0.6564 val_uar=0.6710 lr=9.87e-05
[23:55:35] INFO   ep10: train_loss=1.9526 val_acc=0.7060 val_f1=0.6967 val_uar=0.7060 lr=9.80e-05
[23:55:43] INFO   ep11: train_loss=1.7933 val_acc=0.7400 val_f1=0.7329 val_uar=0.7400 lr=9.71e-05
[23:55:51] INFO   ep12: train_loss=1.6667 val_acc=0.7530 val_f1=0.7476 val_uar=0.7530 lr=9.61e-05
[23:55:59] INFO   ep13: train_loss=1.5704 val_acc=0.7600 val_f1=0.7522 val_uar=0.7600 lr=9.49e-05
[23:56:07] INFO   ep14: train_loss=1.4834 val_acc=0.7620 val_f1=0.7574 val_uar=0.7620 lr=9.35e-05
[23:56:15] INFO   ep15: train_loss=1.4219 val_acc=0.7680 val_f1=0.7629 val_uar=0.7680 lr=9.21e-05
[23:56:23] INFO   ep16: train_loss=1.3626 val_acc=0.7710 val_f1=0.7655 val_uar=0.7710 lr=9.05e-05
[23:56:31] INFO   ep17: train_loss=1.3131 val_acc=0.7690 val_f1=0.7636 val_uar=0.7690 lr=8.87e-05
[23:56:39] INFO   ep18: train_loss=1.2650 val_acc=0.7730 val_f1=0.7692 val_uar=0.7730 lr=8.68e-05
[23:56:47] INFO   ep19: train_loss=1.2336 val_acc=0.7760 val_f1=0.7733 val_uar=0.7760 lr=8.48e-05
[23:56:55] INFO   ep20: train_loss=1.2081 val_acc=0.7810 val_f1=0.7765 val_uar=0.7810 lr=8.27e-05
[23:57:03] INFO   ep21: train_loss=1.1792 val_acc=0.7790 val_f1=0.7758 val_uar=0.7790 lr=8.05e-05
[23:57:11] INFO   ep22: train_loss=1.1545 val_acc=0.7830 val_f1=0.7782 val_uar=0.7830 lr=7.82e-05
[23:57:19] INFO   ep23: train_loss=1.1332 val_acc=0.7860 val_f1=0.7810 val_uar=0.7860 lr=7.58e-05
[23:57:27] INFO   ep24: train_loss=1.1086 val_acc=0.7780 val_f1=0.7728 val_uar=0.7780 lr=7.33e-05
[23:57:35] INFO   ep25: train_loss=1.0950 val_acc=0.7860 val_f1=0.7813 val_uar=0.7860 lr=7.08e-05
[23:57:43] INFO   ep26: train_loss=1.0770 val_acc=0.7890 val_f1=0.7839 val_uar=0.7890 lr=6.81e-05
[23:57:51] INFO   ep27: train_loss=1.0636 val_acc=0.7820 val_f1=0.7778 val_uar=0.7820 lr=6.55e-05
[23:57:59] INFO   ep28: train_loss=1.0556 val_acc=0.7890 val_f1=0.7854 val_uar=0.7890 lr=6.27e-05
[23:58:07] INFO   ep29: train_loss=1.0413 val_acc=0.7970 val_f1=0.7937 val_uar=0.7970 lr=5.99e-05
[23:58:15] INFO   ep30: train_loss=1.0346 val_acc=0.7970 val_f1=0.7933 val_uar=0.7970 lr=5.71e-05
[23:58:23] INFO   ep31: train_loss=1.0259 val_acc=0.7920 val_f1=0.7874 val_uar=0.7920 lr=5.43e-05
[23:58:31] INFO   ep32: train_loss=1.0205 val_acc=0.7900 val_f1=0.7865 val_uar=0.7900 lr=5.14e-05
[23:58:39] INFO   ep33: train_loss=1.0094 val_acc=0.7860 val_f1=0.7825 val_uar=0.7860 lr=4.86e-05
[23:58:47] INFO   ep34: train_loss=1.0089 val_acc=0.7880 val_f1=0.7840 val_uar=0.7880 lr=4.57e-05
[23:58:55] INFO   ep35: train_loss=1.0022 val_acc=0.7960 val_f1=0.7915 val_uar=0.7960 lr=4.29e-05
[23:59:04] INFO   ep36: train_loss=0.9957 val_acc=0.7920 val_f1=0.7870 val_uar=0.7920 lr=4.01e-05
[23:59:12] INFO   ep37: train_loss=0.9894 val_acc=0.7940 val_f1=0.7893 val_uar=0.7940 lr=3.73e-05
[23:59:20] INFO   ep38: train_loss=0.9863 val_acc=0.7930 val_f1=0.7879 val_uar=0.7930 lr=3.45e-05
[23:59:28] INFO   ep39: train_loss=0.9834 val_acc=0.7920 val_f1=0.7873 val_uar=0.7920 lr=3.19e-05
[23:59:36] INFO   ep40: train_loss=0.9813 val_acc=0.7970 val_f1=0.7924 val_uar=0.7970 lr=2.92e-05
[23:59:45] INFO   ep41: train_loss=0.9759 val_acc=0.7960 val_f1=0.7918 val_uar=0.7960 lr=2.67e-05
[23:59:53] INFO   ep42: train_loss=0.9736 val_acc=0.7940 val_f1=0.7896 val_uar=0.7940 lr=2.42e-05
[00:00:01] INFO   ep43: train_loss=0.9773 val_acc=0.7940 val_f1=0.7889 val_uar=0.7940 lr=2.18e-05
[00:00:09] INFO   ep44: train_loss=0.9727 val_acc=0.7930 val_f1=0.7885 val_uar=0.7930 lr=1.95e-05
[00:00:17] INFO   ep45: train_loss=0.9669 val_acc=0.7950 val_f1=0.7901 val_uar=0.7950 lr=1.73e-05
[00:00:26] INFO   ep46: train_loss=0.9654 val_acc=0.7940 val_f1=0.7899 val_uar=0.7940 lr=1.52e-05
[00:00:34] INFO   ep47: train_loss=0.9654 val_acc=0.7930 val_f1=0.7889 val_uar=0.7930 lr=1.32e-05
[00:00:42] INFO   ep48: train_loss=0.9627 val_acc=0.7960 val_f1=0.7920 val_uar=0.7960 lr=1.13e-05
[00:00:50] INFO   ep49: train_loss=0.9655 val_acc=0.7990 val_f1=0.7957 val_uar=0.7990 lr=9.55e-06
[00:00:58] INFO   ep50: train_loss=0.9627 val_acc=0.7930 val_f1=0.7892 val_uar=0.7930 lr=7.94e-06
[00:01:07] INFO   ep51: train_loss=0.9629 val_acc=0.7960 val_f1=0.7922 val_uar=0.7960 lr=6.46e-06
[00:01:15] INFO   ep52: train_loss=0.9620 val_acc=0.7920 val_f1=0.7882 val_uar=0.7920 lr=5.13e-06
[00:01:22] INFO   ep53: train_loss=0.9618 val_acc=0.7960 val_f1=0.7929 val_uar=0.7960 lr=3.94e-06
[00:01:30] INFO   ep54: train_loss=0.9612 val_acc=0.7990 val_f1=0.7948 val_uar=0.7990 lr=2.91e-06
[00:01:38] INFO   ep55: train_loss=0.9600 val_acc=0.7990 val_f1=0.7955 val_uar=0.7990 lr=2.03e-06
[00:01:46] INFO   ep56: train_loss=0.9608 val_acc=0.7970 val_f1=0.7937 val_uar=0.7970 lr=1.30e-06
[00:01:54] INFO   ep57: train_loss=0.9579 val_acc=0.7960 val_f1=0.7915 val_uar=0.7960 lr=7.32e-07
[00:02:02] INFO   ep58: train_loss=0.9597 val_acc=0.7960 val_f1=0.7921 val_uar=0.7960 lr=3.26e-07
[00:02:11] INFO   ep59: train_loss=0.9587 val_acc=0.7970 val_f1=0.7932 val_uar=0.7970 lr=8.15e-08
[00:02:19] INFO   ep60: train_loss=0.9581 val_acc=0.8030 val_f1=0.7999 val_uar=0.8030 lr=0.00e+00
[00:02:19] INFO [done] resnet50 best_val_acc=0.8030 lr_used=0.0001 ckpt=checkpoints\cub200_resnet50_seed2.pt time=8.5min
[00:02:21] INFO   [E1] eval clean + per colorfulness bin
[00:02:41] INFO   [E2] eval perturbasi warna
[00:08:05] INFO   done resnet50 seed2
[00:08:05] INFO ==== cub200 / resnet50 / seed3 (recipe=adamw gray=False) ====
[00:08:06] INFO [train] cub200/resnet50/seed3 recipe=adamw opt=adamw lr=0.0001 wd=0.05 grayscale=False epochs=60 device=cuda n_train=4994 n_val=1000 bs=64 accum=1
[00:08:42] INFO   ep1: train_loss=5.2955 val_acc=0.0070 val_f1=0.0014 val_uar=0.0070 lr=4.00e-05
[00:08:50] INFO   ep2: train_loss=5.2677 val_acc=0.0210 val_f1=0.0122 val_uar=0.0210 lr=6.00e-05
[00:08:57] INFO   ep3: train_loss=5.2034 val_acc=0.0810 val_f1=0.0642 val_uar=0.0810 lr=8.00e-05
[00:09:05] INFO   ep4: train_loss=5.0087 val_acc=0.2600 val_f1=0.2249 val_uar=0.2600 lr=1.00e-04
[00:09:13] INFO   ep5: train_loss=4.3909 val_acc=0.3930 val_f1=0.3479 val_uar=0.3930 lr=1.00e-04
[00:09:21] INFO   ep6: train_loss=3.5074 val_acc=0.5240 val_f1=0.4940 val_uar=0.5240 lr=9.99e-05
[00:09:29] INFO   ep7: train_loss=2.8723 val_acc=0.5890 val_f1=0.5645 val_uar=0.5890 lr=9.97e-05
[00:09:36] INFO   ep8: train_loss=2.4552 val_acc=0.6180 val_f1=0.5998 val_uar=0.6180 lr=9.93e-05
[00:09:44] INFO   ep9: train_loss=2.1672 val_acc=0.6740 val_f1=0.6605 val_uar=0.6740 lr=9.87e-05
[00:09:52] INFO   ep10: train_loss=1.9677 val_acc=0.6950 val_f1=0.6845 val_uar=0.6950 lr=9.80e-05
[00:10:00] INFO   ep11: train_loss=1.7978 val_acc=0.7280 val_f1=0.7190 val_uar=0.7280 lr=9.71e-05
[00:10:08] INFO   ep12: train_loss=1.6717 val_acc=0.7390 val_f1=0.7322 val_uar=0.7390 lr=9.61e-05
[00:10:16] INFO   ep13: train_loss=1.5721 val_acc=0.7460 val_f1=0.7424 val_uar=0.7460 lr=9.49e-05
[00:10:24] INFO   ep14: train_loss=1.4961 val_acc=0.7470 val_f1=0.7394 val_uar=0.7470 lr=9.35e-05
[00:10:32] INFO   ep15: train_loss=1.4291 val_acc=0.7580 val_f1=0.7550 val_uar=0.7580 lr=9.21e-05
[00:10:39] INFO   ep16: train_loss=1.3615 val_acc=0.7530 val_f1=0.7487 val_uar=0.7530 lr=9.05e-05
[00:10:47] INFO   ep17: train_loss=1.3211 val_acc=0.7620 val_f1=0.7575 val_uar=0.7620 lr=8.87e-05
[00:10:55] INFO   ep18: train_loss=1.2789 val_acc=0.7730 val_f1=0.7685 val_uar=0.7730 lr=8.68e-05
[00:11:03] INFO   ep19: train_loss=1.2478 val_acc=0.7730 val_f1=0.7683 val_uar=0.7730 lr=8.48e-05
[00:11:11] INFO   ep20: train_loss=1.2107 val_acc=0.7780 val_f1=0.7737 val_uar=0.7780 lr=8.27e-05
[00:11:19] INFO   ep21: train_loss=1.1799 val_acc=0.7750 val_f1=0.7702 val_uar=0.7750 lr=8.05e-05
[00:11:27] INFO   ep22: train_loss=1.1571 val_acc=0.7740 val_f1=0.7716 val_uar=0.7740 lr=7.82e-05
[00:11:35] INFO   ep23: train_loss=1.1331 val_acc=0.7790 val_f1=0.7753 val_uar=0.7790 lr=7.58e-05
[00:11:43] INFO   ep24: train_loss=1.1107 val_acc=0.7780 val_f1=0.7727 val_uar=0.7780 lr=7.33e-05
[00:11:51] INFO   ep25: train_loss=1.0962 val_acc=0.7850 val_f1=0.7809 val_uar=0.7850 lr=7.08e-05
[00:11:59] INFO   ep26: train_loss=1.0851 val_acc=0.7890 val_f1=0.7842 val_uar=0.7890 lr=6.81e-05
[00:12:07] INFO   ep27: train_loss=1.0705 val_acc=0.7760 val_f1=0.7730 val_uar=0.7760 lr=6.55e-05
[00:12:15] INFO   ep28: train_loss=1.0580 val_acc=0.7840 val_f1=0.7800 val_uar=0.7840 lr=6.27e-05
[00:12:23] INFO   ep29: train_loss=1.0450 val_acc=0.7850 val_f1=0.7817 val_uar=0.7850 lr=5.99e-05
[00:12:31] INFO   ep30: train_loss=1.0365 val_acc=0.7880 val_f1=0.7856 val_uar=0.7880 lr=5.71e-05
[00:12:40] INFO   ep31: train_loss=1.0305 val_acc=0.7820 val_f1=0.7775 val_uar=0.7820 lr=5.43e-05
[00:12:48] INFO   ep32: train_loss=1.0166 val_acc=0.7890 val_f1=0.7852 val_uar=0.7890 lr=5.14e-05
[00:12:56] INFO   ep33: train_loss=1.0154 val_acc=0.7810 val_f1=0.7761 val_uar=0.7810 lr=4.86e-05
[00:13:04] INFO   ep34: train_loss=1.0081 val_acc=0.7900 val_f1=0.7862 val_uar=0.7900 lr=4.57e-05
[00:13:12] INFO   ep35: train_loss=1.0028 val_acc=0.7850 val_f1=0.7805 val_uar=0.7850 lr=4.29e-05
[00:13:20] INFO   ep36: train_loss=1.0007 val_acc=0.7860 val_f1=0.7813 val_uar=0.7860 lr=4.01e-05
[00:13:28] INFO   ep37: train_loss=0.9940 val_acc=0.7890 val_f1=0.7846 val_uar=0.7890 lr=3.73e-05
[00:13:36] INFO   ep38: train_loss=0.9901 val_acc=0.7920 val_f1=0.7880 val_uar=0.7920 lr=3.45e-05
[00:13:44] INFO   ep39: train_loss=0.9824 val_acc=0.7910 val_f1=0.7874 val_uar=0.7910 lr=3.19e-05
[00:13:53] INFO   ep40: train_loss=0.9824 val_acc=0.7910 val_f1=0.7870 val_uar=0.7910 lr=2.92e-05
[00:14:01] INFO   ep41: train_loss=0.9824 val_acc=0.7930 val_f1=0.7893 val_uar=0.7930 lr=2.67e-05
[00:14:09] INFO   ep42: train_loss=0.9758 val_acc=0.7950 val_f1=0.7913 val_uar=0.7950 lr=2.42e-05
[00:14:18] INFO   ep43: train_loss=0.9731 val_acc=0.7920 val_f1=0.7886 val_uar=0.7920 lr=2.18e-05
[00:14:26] INFO   ep44: train_loss=0.9738 val_acc=0.7880 val_f1=0.7841 val_uar=0.7880 lr=1.95e-05
[00:14:34] INFO   ep45: train_loss=0.9702 val_acc=0.7890 val_f1=0.7843 val_uar=0.7890 lr=1.73e-05
[00:14:42] INFO   ep46: train_loss=0.9702 val_acc=0.7870 val_f1=0.7840 val_uar=0.7870 lr=1.52e-05
[00:14:51] INFO   ep47: train_loss=0.9698 val_acc=0.7920 val_f1=0.7876 val_uar=0.7920 lr=1.32e-05
[00:14:59] INFO   ep48: train_loss=0.9661 val_acc=0.7900 val_f1=0.7859 val_uar=0.7900 lr=1.13e-05
[00:15:07] INFO   ep49: train_loss=0.9650 val_acc=0.7880 val_f1=0.7839 val_uar=0.7880 lr=9.55e-06
[00:17:14] INFO dataset=cub200 models=['resnet50', 'convnext_tiny', 'vit_small', 'swin_tiny'] seeds=[0, 1, 2, 3, 4] epochs=None recipe=adamw
[00:17:14] INFO ==== cub200 / resnet50 / seed0 (recipe=adamw gray=False) ====
[00:17:16] INFO [train] cub200/resnet50/seed0 recipe=adamw opt=adamw lr=0.0001 wd=0.05 grayscale=False epochs=60 device=cuda n_train=4994 n_val=1000 bs=64 accum=1
[00:17:53] INFO   ep1: train_loss=5.2957 val_acc=0.0100 val_f1=0.0035 val_uar=0.0100 lr=4.00e-05
[00:18:01] INFO   ep2: train_loss=5.2677 val_acc=0.0160 val_f1=0.0090 val_uar=0.0160 lr=6.00e-05
[00:18:09] INFO   ep3: train_loss=5.2044 val_acc=0.0720 val_f1=0.0605 val_uar=0.0720 lr=8.00e-05
[00:18:17] INFO   ep4: train_loss=5.0219 val_acc=0.2540 val_f1=0.2168 val_uar=0.2540 lr=1.00e-04
[00:18:24] INFO   ep5: train_loss=4.4163 val_acc=0.3690 val_f1=0.3357 val_uar=0.3690 lr=1.00e-04
[00:18:32] INFO   ep6: train_loss=3.5351 val_acc=0.5020 val_f1=0.4642 val_uar=0.5020 lr=9.99e-05
[00:18:40] INFO   ep7: train_loss=2.8991 val_acc=0.5860 val_f1=0.5663 val_uar=0.5860 lr=9.97e-05
[00:18:48] INFO   ep8: train_loss=2.4844 val_acc=0.6320 val_f1=0.6214 val_uar=0.6320 lr=9.93e-05
[00:18:56] INFO   ep9: train_loss=2.1820 val_acc=0.6620 val_f1=0.6460 val_uar=0.6620 lr=9.87e-05
[00:19:04] INFO   ep10: train_loss=1.9720 val_acc=0.6980 val_f1=0.6856 val_uar=0.6980 lr=9.80e-05
[00:19:13] INFO   ep11: train_loss=1.8048 val_acc=0.7150 val_f1=0.7086 val_uar=0.7150 lr=9.71e-05
[00:19:21] INFO   ep12: train_loss=1.6844 val_acc=0.7260 val_f1=0.7194 val_uar=0.7260 lr=9.61e-05
[00:19:29] INFO   ep13: train_loss=1.5802 val_acc=0.7430 val_f1=0.7398 val_uar=0.7430 lr=9.49e-05
[00:19:37] INFO   ep14: train_loss=1.4997 val_acc=0.7560 val_f1=0.7510 val_uar=0.7560 lr=9.35e-05
[00:19:45] INFO   ep15: train_loss=1.4304 val_acc=0.7550 val_f1=0.7505 val_uar=0.7550 lr=9.21e-05
[00:19:53] INFO   ep16: train_loss=1.3688 val_acc=0.7610 val_f1=0.7583 val_uar=0.7610 lr=9.05e-05
[00:20:01] INFO   ep17: train_loss=1.3220 val_acc=0.7600 val_f1=0.7546 val_uar=0.7600 lr=8.87e-05
[00:20:09] INFO   ep18: train_loss=1.2755 val_acc=0.7710 val_f1=0.7684 val_uar=0.7710 lr=8.68e-05
[00:20:17] INFO   ep19: train_loss=1.2414 val_acc=0.7640 val_f1=0.7590 val_uar=0.7640 lr=8.48e-05
[00:20:25] INFO   ep20: train_loss=1.2024 val_acc=0.7670 val_f1=0.7636 val_uar=0.7670 lr=8.27e-05
[00:20:33] INFO   ep21: train_loss=1.1826 val_acc=0.7670 val_f1=0.7630 val_uar=0.7670 lr=8.05e-05
[00:20:41] INFO   ep22: train_loss=1.1574 val_acc=0.7720 val_f1=0.7692 val_uar=0.7720 lr=7.82e-05
[00:20:50] INFO   ep23: train_loss=1.1386 val_acc=0.7810 val_f1=0.7777 val_uar=0.7810 lr=7.58e-05
[00:20:58] INFO   ep24: train_loss=1.1167 val_acc=0.7810 val_f1=0.7796 val_uar=0.7810 lr=7.33e-05
[00:21:06] INFO   ep25: train_loss=1.0956 val_acc=0.7770 val_f1=0.7753 val_uar=0.7770 lr=7.08e-05
[00:21:14] INFO   ep26: train_loss=1.0819 val_acc=0.7870 val_f1=0.7849 val_uar=0.7870 lr=6.81e-05
[00:21:22] INFO   ep27: train_loss=1.0659 val_acc=0.7830 val_f1=0.7808 val_uar=0.7830 lr=6.55e-05
[00:21:30] INFO   ep28: train_loss=1.0559 val_acc=0.7810 val_f1=0.7780 val_uar=0.7810 lr=6.27e-05
[00:21:38] INFO   ep29: train_loss=1.0467 val_acc=0.7810 val_f1=0.7767 val_uar=0.7810 lr=5.99e-05
[00:54:50] INFO dataset=cub200 models=['resnet50', 'convnext_tiny', 'vit_small', 'swin_tiny'] seeds=[0, 1, 2, 3, 4] epochs=None recipe=adamw
[00:54:50] INFO ==== cub200 / resnet50 / seed0 (recipe=adamw gray=False) ====
[00:54:52] INFO [train] cub200/resnet50/seed0 recipe=adamw opt=adamw lr=0.0001 wd=0.05 grayscale=False epochs=60 device=cuda n_train=4994 n_val=1000 bs=64 accum=1
[00:55:34] INFO   ep1: train_loss=5.2957 val_acc=0.0100 val_f1=0.0035 val_uar=0.0100 lr=4.00e-05
[00:55:42] INFO   ep2: train_loss=5.2677 val_acc=0.0160 val_f1=0.0090 val_uar=0.0160 lr=6.00e-05
[00:55:50] INFO   ep3: train_loss=5.2044 val_acc=0.0720 val_f1=0.0605 val_uar=0.0720 lr=8.00e-05
[00:55:58] INFO   ep4: train_loss=5.0219 val_acc=0.2540 val_f1=0.2168 val_uar=0.2540 lr=1.00e-04
[00:56:06] INFO   ep5: train_loss=4.4163 val_acc=0.3690 val_f1=0.3357 val_uar=0.3690 lr=1.00e-04
[00:56:14] INFO   ep6: train_loss=3.5351 val_acc=0.5020 val_f1=0.4642 val_uar=0.5020 lr=9.99e-05
[00:56:23] INFO   ep7: train_loss=2.8991 val_acc=0.5860 val_f1=0.5663 val_uar=0.5860 lr=9.97e-05
[00:56:31] INFO   ep8: train_loss=2.4844 val_acc=0.6320 val_f1=0.6214 val_uar=0.6320 lr=9.93e-05
[00:56:39] INFO   ep9: train_loss=2.1820 val_acc=0.6620 val_f1=0.6460 val_uar=0.6620 lr=9.87e-05
[00:56:47] INFO   ep10: train_loss=1.9720 val_acc=0.6980 val_f1=0.6856 val_uar=0.6980 lr=9.80e-05
[00:56:55] INFO   ep11: train_loss=1.8048 val_acc=0.7150 val_f1=0.7086 val_uar=0.7150 lr=9.71e-05
[00:57:03] INFO   ep12: train_loss=1.6844 val_acc=0.7260 val_f1=0.7194 val_uar=0.7260 lr=9.61e-05
[00:57:11] INFO   ep13: train_loss=1.5802 val_acc=0.7430 val_f1=0.7398 val_uar=0.7430 lr=9.49e-05
[00:57:19] INFO   ep14: train_loss=1.4997 val_acc=0.7560 val_f1=0.7510 val_uar=0.7560 lr=9.35e-05
[00:57:27] INFO   ep15: train_loss=1.4304 val_acc=0.7550 val_f1=0.7505 val_uar=0.7550 lr=9.21e-05
[00:57:35] INFO   ep16: train_loss=1.3688 val_acc=0.7610 val_f1=0.7583 val_uar=0.7610 lr=9.05e-05
[00:57:43] INFO   ep17: train_loss=1.3220 val_acc=0.7600 val_f1=0.7546 val_uar=0.7600 lr=8.87e-05
[00:57:50] INFO   ep18: train_loss=1.2755 val_acc=0.7710 val_f1=0.7684 val_uar=0.7710 lr=8.68e-05
[00:57:58] INFO   ep19: train_loss=1.2414 val_acc=0.7640 val_f1=0.7590 val_uar=0.7640 lr=8.48e-05
[00:58:06] INFO   ep20: train_loss=1.2024 val_acc=0.7670 val_f1=0.7636 val_uar=0.7670 lr=8.27e-05
[00:58:14] INFO   ep21: train_loss=1.1826 val_acc=0.7670 val_f1=0.7630 val_uar=0.7670 lr=8.05e-05
[00:58:22] INFO   ep22: train_loss=1.1574 val_acc=0.7720 val_f1=0.7692 val_uar=0.7720 lr=7.82e-05
[00:58:30] INFO   ep23: train_loss=1.1386 val_acc=0.7810 val_f1=0.7777 val_uar=0.7810 lr=7.58e-05
[00:58:38] INFO   ep24: train_loss=1.1167 val_acc=0.7810 val_f1=0.7796 val_uar=0.7810 lr=7.33e-05
[00:58:46] INFO   ep25: train_loss=1.0956 val_acc=0.7770 val_f1=0.7753 val_uar=0.7770 lr=7.08e-05
[00:58:54] INFO   ep26: train_loss=1.0819 val_acc=0.7870 val_f1=0.7849 val_uar=0.7870 lr=6.81e-05
[00:59:02] INFO   ep27: train_loss=1.0659 val_acc=0.7830 val_f1=0.7808 val_uar=0.7830 lr=6.55e-05
[00:59:10] INFO   ep28: train_loss=1.0559 val_acc=0.7810 val_f1=0.7780 val_uar=0.7810 lr=6.27e-05
[00:59:18] INFO   ep29: train_loss=1.0467 val_acc=0.7810 val_f1=0.7767 val_uar=0.7810 lr=5.99e-05
[00:59:26] INFO   ep30: train_loss=1.0359 val_acc=0.7800 val_f1=0.7784 val_uar=0.7800 lr=5.71e-05
[00:59:34] INFO   ep31: train_loss=1.0295 val_acc=0.7860 val_f1=0.7836 val_uar=0.7860 lr=5.43e-05
[00:59:41] INFO   ep32: train_loss=1.0197 val_acc=0.7880 val_f1=0.7854 val_uar=0.7880 lr=5.14e-05
[00:59:50] INFO   ep33: train_loss=1.0141 val_acc=0.7770 val_f1=0.7746 val_uar=0.7770 lr=4.86e-05
[00:59:57] INFO   ep34: train_loss=1.0078 val_acc=0.7850 val_f1=0.7827 val_uar=0.7850 lr=4.57e-05
[01:00:05] INFO   ep35: train_loss=0.9990 val_acc=0.7930 val_f1=0.7922 val_uar=0.7930 lr=4.29e-05
[01:00:13] INFO   ep36: train_loss=0.9957 val_acc=0.7880 val_f1=0.7877 val_uar=0.7880 lr=4.01e-05
[01:00:21] INFO   ep37: train_loss=0.9886 val_acc=0.7940 val_f1=0.7924 val_uar=0.7940 lr=3.73e-05
[01:00:29] INFO   ep38: train_loss=0.9864 val_acc=0.7830 val_f1=0.7821 val_uar=0.7830 lr=3.45e-05
[01:00:37] INFO   ep39: train_loss=0.9846 val_acc=0.7900 val_f1=0.7897 val_uar=0.7900 lr=3.19e-05
[01:00:45] INFO   ep40: train_loss=0.9827 val_acc=0.7930 val_f1=0.7927 val_uar=0.7930 lr=2.92e-05
[01:00:53] INFO   ep41: train_loss=0.9777 val_acc=0.7930 val_f1=0.7919 val_uar=0.7930 lr=2.67e-05
[01:01:01] INFO   ep42: train_loss=0.9756 val_acc=0.7980 val_f1=0.7969 val_uar=0.7980 lr=2.42e-05
[01:01:09] INFO   ep43: train_loss=0.9753 val_acc=0.8000 val_f1=0.7987 val_uar=0.8000 lr=2.18e-05
[01:01:17] INFO   ep44: train_loss=0.9713 val_acc=0.7910 val_f1=0.7893 val_uar=0.7910 lr=1.95e-05
[01:01:25] INFO   ep45: train_loss=0.9655 val_acc=0.7990 val_f1=0.7981 val_uar=0.7990 lr=1.73e-05
[01:01:33] INFO   ep46: train_loss=0.9705 val_acc=0.7940 val_f1=0.7933 val_uar=0.7940 lr=1.52e-05
[01:01:41] INFO   ep47: train_loss=0.9659 val_acc=0.7910 val_f1=0.7896 val_uar=0.7910 lr=1.32e-05
[01:01:49] INFO   ep48: train_loss=0.9630 val_acc=0.7950 val_f1=0.7946 val_uar=0.7950 lr=1.13e-05
[01:01:57] INFO   ep49: train_loss=0.9618 val_acc=0.7980 val_f1=0.7976 val_uar=0.7980 lr=9.55e-06
[01:02:05] INFO   ep50: train_loss=0.9658 val_acc=0.7920 val_f1=0.7907 val_uar=0.7920 lr=7.94e-06
[01:02:12] INFO   ep51: train_loss=0.9611 val_acc=0.7870 val_f1=0.7860 val_uar=0.7870 lr=6.46e-06
[01:02:20] INFO   ep52: train_loss=0.9629 val_acc=0.7870 val_f1=0.7853 val_uar=0.7870 lr=5.13e-06
[01:02:28] INFO   ep53: train_loss=0.9633 val_acc=0.7940 val_f1=0.7942 val_uar=0.7940 lr=3.94e-06
[01:02:36] INFO   ep54: train_loss=0.9601 val_acc=0.7930 val_f1=0.7918 val_uar=0.7930 lr=2.91e-06
[01:02:43] INFO   ep55: train_loss=0.9589 val_acc=0.7920 val_f1=0.7908 val_uar=0.7920 lr=2.03e-06
[01:02:51] INFO   ep56: train_loss=0.9583 val_acc=0.7910 val_f1=0.7904 val_uar=0.7910 lr=1.30e-06
[01:02:59] INFO   ep57: train_loss=0.9590 val_acc=0.7950 val_f1=0.7945 val_uar=0.7950 lr=7.32e-07
[01:03:07] INFO   ep58: train_loss=0.9596 val_acc=0.7960 val_f1=0.7954 val_uar=0.7960 lr=3.26e-07
[01:03:15] INFO   ep59: train_loss=0.9567 val_acc=0.7890 val_f1=0.7876 val_uar=0.7890 lr=8.15e-08
[01:03:23] INFO   ep60: train_loss=0.9621 val_acc=0.7900 val_f1=0.7892 val_uar=0.7900 lr=0.00e+00
[01:03:23] INFO [done] resnet50 best_val_acc=0.8000 lr_used=0.0001 ckpt=checkpoints\cub200_resnet50_seed0.pt time=8.5min
[01:03:25] INFO   [E1] eval clean + per colorfulness bin
[01:03:52] INFO   [E2] eval perturbasi warna
[01:09:14] INFO   done resnet50 seed0
[01:09:14] INFO ==== cub200 / resnet50 / seed1 (recipe=adamw gray=False) ====
[01:09:14] INFO [train] cub200/resnet50/seed1 recipe=adamw opt=adamw lr=0.0001 wd=0.05 grayscale=False epochs=60 device=cuda n_train=4994 n_val=1000 bs=64 accum=1
[01:09:51] INFO   ep1: train_loss=5.2947 val_acc=0.0050 val_f1=0.0016 val_uar=0.0050 lr=4.00e-05
[01:09:59] INFO   ep2: train_loss=5.2673 val_acc=0.0200 val_f1=0.0131 val_uar=0.0200 lr=6.00e-05
[01:10:07] INFO   ep3: train_loss=5.2051 val_acc=0.0820 val_f1=0.0688 val_uar=0.0820 lr=8.00e-05
[01:10:14] INFO   ep4: train_loss=5.0215 val_acc=0.2590 val_f1=0.2314 val_uar=0.2590 lr=1.00e-04
[01:10:22] INFO   ep5: train_loss=4.4255 val_acc=0.4220 val_f1=0.3827 val_uar=0.4220 lr=1.00e-04
[01:10:30] INFO   ep6: train_loss=3.5435 val_acc=0.5400 val_f1=0.5064 val_uar=0.5400 lr=9.99e-05
[01:10:38] INFO   ep7: train_loss=2.8976 val_acc=0.5780 val_f1=0.5494 val_uar=0.5780 lr=9.97e-05
[01:10:46] INFO   ep8: train_loss=2.4696 val_acc=0.6480 val_f1=0.6284 val_uar=0.6480 lr=9.93e-05
[01:10:53] INFO   ep9: train_loss=2.1729 val_acc=0.6870 val_f1=0.6740 val_uar=0.6870 lr=9.87e-05
[01:11:01] INFO   ep10: train_loss=1.9630 val_acc=0.6990 val_f1=0.6824 val_uar=0.6990 lr=9.80e-05
[01:11:09] INFO   ep11: train_loss=1.8022 val_acc=0.7240 val_f1=0.7149 val_uar=0.7240 lr=9.71e-05
[01:11:17] INFO   ep12: train_loss=1.6695 val_acc=0.7480 val_f1=0.7394 val_uar=0.7480 lr=9.61e-05
[01:11:25] INFO   ep13: train_loss=1.5745 val_acc=0.7520 val_f1=0.7480 val_uar=0.7520 lr=9.49e-05
[01:11:32] INFO   ep14: train_loss=1.4909 val_acc=0.7610 val_f1=0.7560 val_uar=0.7610 lr=9.35e-05
[01:11:40] INFO   ep15: train_loss=1.4194 val_acc=0.7600 val_f1=0.7556 val_uar=0.7600 lr=9.21e-05
[01:11:48] INFO   ep16: train_loss=1.3627 val_acc=0.7610 val_f1=0.7557 val_uar=0.7610 lr=9.05e-05
[01:11:56] INFO   ep17: train_loss=1.3133 val_acc=0.7700 val_f1=0.7652 val_uar=0.7700 lr=8.87e-05
[01:12:04] INFO   ep18: train_loss=1.2750 val_acc=0.7720 val_f1=0.7686 val_uar=0.7720 lr=8.68e-05
[01:12:11] INFO   ep19: train_loss=1.2360 val_acc=0.7720 val_f1=0.7660 val_uar=0.7720 lr=8.48e-05
[01:12:19] INFO   ep20: train_loss=1.2024 val_acc=0.7770 val_f1=0.7727 val_uar=0.7770 lr=8.27e-05
[01:12:27] INFO   ep21: train_loss=1.1711 val_acc=0.7800 val_f1=0.7766 val_uar=0.7800 lr=8.05e-05
[01:12:34] INFO   ep22: train_loss=1.1484 val_acc=0.7820 val_f1=0.7796 val_uar=0.7820 lr=7.82e-05
[01:12:42] INFO   ep23: train_loss=1.1309 val_acc=0.7890 val_f1=0.7860 val_uar=0.7890 lr=7.58e-05
[01:12:50] INFO   ep24: train_loss=1.1094 val_acc=0.7870 val_f1=0.7850 val_uar=0.7870 lr=7.33e-05
[01:12:58] INFO   ep25: train_loss=1.0944 val_acc=0.7870 val_f1=0.7849 val_uar=0.7870 lr=7.08e-05
[01:13:05] INFO   ep26: train_loss=1.0772 val_acc=0.7840 val_f1=0.7807 val_uar=0.7840 lr=6.81e-05
[01:13:13] INFO   ep27: train_loss=1.0723 val_acc=0.7870 val_f1=0.7839 val_uar=0.7870 lr=6.55e-05
[01:13:21] INFO   ep28: train_loss=1.0580 val_acc=0.7840 val_f1=0.7809 val_uar=0.7840 lr=6.27e-05
[01:13:29] INFO   ep29: train_loss=1.0408 val_acc=0.7910 val_f1=0.7869 val_uar=0.7910 lr=5.99e-05
[01:13:36] INFO   ep30: train_loss=1.0325 val_acc=0.7980 val_f1=0.7952 val_uar=0.7980 lr=5.71e-05
[01:13:44] INFO   ep31: train_loss=1.0240 val_acc=0.7860 val_f1=0.7824 val_uar=0.7860 lr=5.43e-05
[01:13:52] INFO   ep32: train_loss=1.0157 val_acc=0.7950 val_f1=0.7905 val_uar=0.7950 lr=5.14e-05
[01:14:00] INFO   ep33: train_loss=1.0112 val_acc=0.7910 val_f1=0.7879 val_uar=0.7910 lr=4.86e-05
[01:14:07] INFO   ep34: train_loss=1.0045 val_acc=0.7930 val_f1=0.7885 val_uar=0.7930 lr=4.57e-05
[01:14:15] INFO   ep35: train_loss=0.9969 val_acc=0.7950 val_f1=0.7904 val_uar=0.7950 lr=4.29e-05
[01:14:23] INFO   ep36: train_loss=0.9944 val_acc=0.7990 val_f1=0.7940 val_uar=0.7990 lr=4.01e-05
[01:14:31] INFO   ep37: train_loss=0.9925 val_acc=0.7980 val_f1=0.7948 val_uar=0.7980 lr=3.73e-05
[01:14:39] INFO   ep38: train_loss=0.9848 val_acc=0.7850 val_f1=0.7803 val_uar=0.7850 lr=3.45e-05
[01:14:46] INFO   ep39: train_loss=0.9845 val_acc=0.7890 val_f1=0.7845 val_uar=0.7890 lr=3.19e-05
[01:14:54] INFO   ep40: train_loss=0.9837 val_acc=0.7900 val_f1=0.7842 val_uar=0.7900 lr=2.92e-05
[01:15:02] INFO   ep41: train_loss=0.9785 val_acc=0.7930 val_f1=0.7874 val_uar=0.7930 lr=2.67e-05
[01:15:10] INFO   ep42: train_loss=0.9704 val_acc=0.7940 val_f1=0.7887 val_uar=0.7940 lr=2.42e-05
[01:15:18] INFO   ep43: train_loss=0.9730 val_acc=0.7880 val_f1=0.7836 val_uar=0.7880 lr=2.18e-05
[01:15:26] INFO   ep44: train_loss=0.9751 val_acc=0.7880 val_f1=0.7836 val_uar=0.7880 lr=1.95e-05
[01:15:34] INFO   ep45: train_loss=0.9665 val_acc=0.7920 val_f1=0.7876 val_uar=0.7920 lr=1.73e-05
[01:15:42] INFO   ep46: train_loss=0.9688 val_acc=0.7890 val_f1=0.7834 val_uar=0.7890 lr=1.52e-05
[01:15:50] INFO   ep47: train_loss=0.9636 val_acc=0.7870 val_f1=0.7825 val_uar=0.7870 lr=1.32e-05
[01:15:58] INFO   ep48: train_loss=0.9617 val_acc=0.7900 val_f1=0.7862 val_uar=0.7900 lr=1.13e-05
[01:16:06] INFO   ep49: train_loss=0.9621 val_acc=0.7890 val_f1=0.7845 val_uar=0.7890 lr=9.55e-06
[01:16:14] INFO   ep50: train_loss=0.9618 val_acc=0.7900 val_f1=0.7844 val_uar=0.7900 lr=7.94e-06
[01:16:22] INFO   ep51: train_loss=0.9585 val_acc=0.7900 val_f1=0.7856 val_uar=0.7900 lr=6.46e-06
[01:16:30] INFO   ep52: train_loss=0.9594 val_acc=0.7940 val_f1=0.7893 val_uar=0.7940 lr=5.13e-06
[01:16:38] INFO   ep53: train_loss=0.9611 val_acc=0.7910 val_f1=0.7858 val_uar=0.7910 lr=3.94e-06
[01:16:46] INFO   ep54: train_loss=0.9598 val_acc=0.7960 val_f1=0.7912 val_uar=0.7960 lr=2.91e-06
[01:16:54] INFO   ep55: train_loss=0.9581 val_acc=0.7910 val_f1=0.7862 val_uar=0.7910 lr=2.03e-06
[01:17:02] INFO   ep56: train_loss=0.9567 val_acc=0.7930 val_f1=0.7895 val_uar=0.7930 lr=1.30e-06
[01:17:10] INFO   ep57: train_loss=0.9574 val_acc=0.7880 val_f1=0.7837 val_uar=0.7880 lr=7.32e-07
[01:17:18] INFO   ep58: train_loss=0.9549 val_acc=0.7960 val_f1=0.7916 val_uar=0.7960 lr=3.26e-07
[01:17:26] INFO   ep59: train_loss=0.9586 val_acc=0.7950 val_f1=0.7914 val_uar=0.7950 lr=8.15e-08
[01:17:34] INFO   ep60: train_loss=0.9613 val_acc=0.7980 val_f1=0.7939 val_uar=0.7980 lr=0.00e+00
[01:17:34] INFO [done] resnet50 best_val_acc=0.7990 lr_used=0.0001 ckpt=checkpoints\cub200_resnet50_seed1.pt time=8.3min
[01:17:36] INFO   [E1] eval clean + per colorfulness bin
[01:17:57] INFO   [E2] eval perturbasi warna
[01:23:17] INFO   done resnet50 seed1
[01:23:17] INFO ==== cub200 / resnet50 / seed2 (recipe=adamw gray=False) ====
[01:23:18] INFO [train] cub200/resnet50/seed2 recipe=adamw opt=adamw lr=0.0001 wd=0.05 grayscale=False epochs=60 device=cuda n_train=4994 n_val=1000 bs=64 accum=1
[01:23:55] INFO   ep1: train_loss=5.2946 val_acc=0.0070 val_f1=0.0039 val_uar=0.0070 lr=4.00e-05
[01:24:03] INFO   ep2: train_loss=5.2658 val_acc=0.0280 val_f1=0.0234 val_uar=0.0280 lr=6.00e-05
[01:24:10] INFO   ep3: train_loss=5.2030 val_acc=0.0810 val_f1=0.0708 val_uar=0.0810 lr=8.00e-05
[01:24:18] INFO   ep4: train_loss=5.0182 val_acc=0.2530 val_f1=0.2282 val_uar=0.2530 lr=1.00e-04
[01:24:25] INFO   ep5: train_loss=4.4286 val_acc=0.4020 val_f1=0.3696 val_uar=0.4020 lr=1.00e-04
[01:24:33] INFO   ep6: train_loss=3.5593 val_acc=0.5150 val_f1=0.4775 val_uar=0.5150 lr=9.99e-05
[01:24:41] INFO   ep7: train_loss=2.8982 val_acc=0.5900 val_f1=0.5625 val_uar=0.5900 lr=9.97e-05
[01:24:49] INFO   ep8: train_loss=2.4725 val_acc=0.6300 val_f1=0.6092 val_uar=0.6300 lr=9.93e-05
[01:24:56] INFO   ep9: train_loss=2.1688 val_acc=0.6710 val_f1=0.6564 val_uar=0.6710 lr=9.87e-05
[01:25:04] INFO   ep10: train_loss=1.9526 val_acc=0.7060 val_f1=0.6967 val_uar=0.7060 lr=9.80e-05
[01:25:12] INFO   ep11: train_loss=1.7933 val_acc=0.7400 val_f1=0.7329 val_uar=0.7400 lr=9.71e-05
[01:25:20] INFO   ep12: train_loss=1.6667 val_acc=0.7530 val_f1=0.7476 val_uar=0.7530 lr=9.61e-05
[01:25:28] INFO   ep13: train_loss=1.5704 val_acc=0.7600 val_f1=0.7522 val_uar=0.7600 lr=9.49e-05
[01:25:36] INFO   ep14: train_loss=1.4834 val_acc=0.7620 val_f1=0.7574 val_uar=0.7620 lr=9.35e-05
[01:25:44] INFO   ep15: train_loss=1.4219 val_acc=0.7680 val_f1=0.7629 val_uar=0.7680 lr=9.21e-05
[01:25:52] INFO   ep16: train_loss=1.3626 val_acc=0.7710 val_f1=0.7655 val_uar=0.7710 lr=9.05e-05
[01:25:59] INFO   ep17: train_loss=1.3131 val_acc=0.7690 val_f1=0.7636 val_uar=0.7690 lr=8.87e-05
[01:26:07] INFO   ep18: train_loss=1.2650 val_acc=0.7730 val_f1=0.7692 val_uar=0.7730 lr=8.68e-05
[01:26:15] INFO   ep19: train_loss=1.2336 val_acc=0.7760 val_f1=0.7733 val_uar=0.7760 lr=8.48e-05
[01:26:23] INFO   ep20: train_loss=1.2081 val_acc=0.7810 val_f1=0.7765 val_uar=0.7810 lr=8.27e-05
[01:26:30] INFO   ep21: train_loss=1.1792 val_acc=0.7790 val_f1=0.7758 val_uar=0.7790 lr=8.05e-05
[01:26:38] INFO   ep22: train_loss=1.1545 val_acc=0.7830 val_f1=0.7782 val_uar=0.7830 lr=7.82e-05
[01:26:46] INFO   ep23: train_loss=1.1332 val_acc=0.7860 val_f1=0.7810 val_uar=0.7860 lr=7.58e-05
[01:26:53] INFO   ep24: train_loss=1.1086 val_acc=0.7780 val_f1=0.7728 val_uar=0.7780 lr=7.33e-05
[01:27:01] INFO   ep25: train_loss=1.0950 val_acc=0.7860 val_f1=0.7813 val_uar=0.7860 lr=7.08e-05
[01:27:09] INFO   ep26: train_loss=1.0770 val_acc=0.7890 val_f1=0.7839 val_uar=0.7890 lr=6.81e-05
[01:27:17] INFO   ep27: train_loss=1.0636 val_acc=0.7820 val_f1=0.7778 val_uar=0.7820 lr=6.55e-05
[01:27:25] INFO   ep28: train_loss=1.0556 val_acc=0.7890 val_f1=0.7854 val_uar=0.7890 lr=6.27e-05
[01:27:33] INFO   ep29: train_loss=1.0413 val_acc=0.7970 val_f1=0.7937 val_uar=0.7970 lr=5.99e-05
[01:27:41] INFO   ep30: train_loss=1.0346 val_acc=0.7970 val_f1=0.7933 val_uar=0.7970 lr=5.71e-05
[01:27:49] INFO   ep31: train_loss=1.0259 val_acc=0.7920 val_f1=0.7874 val_uar=0.7920 lr=5.43e-05
[01:27:57] INFO   ep32: train_loss=1.0205 val_acc=0.7900 val_f1=0.7865 val_uar=0.7900 lr=5.14e-05
[01:28:05] INFO   ep33: train_loss=1.0094 val_acc=0.7860 val_f1=0.7825 val_uar=0.7860 lr=4.86e-05
[01:28:13] INFO   ep34: train_loss=1.0089 val_acc=0.7880 val_f1=0.7840 val_uar=0.7880 lr=4.57e-05
[01:28:21] INFO   ep35: train_loss=1.0022 val_acc=0.7960 val_f1=0.7915 val_uar=0.7960 lr=4.29e-05
[01:28:29] INFO   ep36: train_loss=0.9957 val_acc=0.7920 val_f1=0.7870 val_uar=0.7920 lr=4.01e-05
[01:28:37] INFO   ep37: train_loss=0.9894 val_acc=0.7940 val_f1=0.7893 val_uar=0.7940 lr=3.73e-05
[01:28:45] INFO   ep38: train_loss=0.9863 val_acc=0.7930 val_f1=0.7879 val_uar=0.7930 lr=3.45e-05
[01:28:53] INFO   ep39: train_loss=0.9834 val_acc=0.7920 val_f1=0.7873 val_uar=0.7920 lr=3.19e-05
[01:29:01] INFO   ep40: train_loss=0.9813 val_acc=0.7970 val_f1=0.7924 val_uar=0.7970 lr=2.92e-05
[01:29:09] INFO   ep41: train_loss=0.9759 val_acc=0.7960 val_f1=0.7918 val_uar=0.7960 lr=2.67e-05
[01:29:17] INFO   ep42: train_loss=0.9736 val_acc=0.7940 val_f1=0.7896 val_uar=0.7940 lr=2.42e-05
[01:29:25] INFO   ep43: train_loss=0.9773 val_acc=0.7940 val_f1=0.7889 val_uar=0.7940 lr=2.18e-05
[01:29:33] INFO   ep44: train_loss=0.9727 val_acc=0.7930 val_f1=0.7885 val_uar=0.7930 lr=1.95e-05
[01:29:41] INFO   ep45: train_loss=0.9669 val_acc=0.7950 val_f1=0.7901 val_uar=0.7950 lr=1.73e-05
[01:29:49] INFO   ep46: train_loss=0.9654 val_acc=0.7940 val_f1=0.7899 val_uar=0.7940 lr=1.52e-05
[01:29:57] INFO   ep47: train_loss=0.9654 val_acc=0.7930 val_f1=0.7889 val_uar=0.7930 lr=1.32e-05
[01:30:05] INFO   ep48: train_loss=0.9627 val_acc=0.7960 val_f1=0.7920 val_uar=0.7960 lr=1.13e-05
[01:30:13] INFO   ep49: train_loss=0.9655 val_acc=0.7990 val_f1=0.7957 val_uar=0.7990 lr=9.55e-06
[01:30:21] INFO   ep50: train_loss=0.9627 val_acc=0.7930 val_f1=0.7892 val_uar=0.7930 lr=7.94e-06
[01:30:29] INFO   ep51: train_loss=0.9629 val_acc=0.7960 val_f1=0.7922 val_uar=0.7960 lr=6.46e-06
[01:30:37] INFO   ep52: train_loss=0.9620 val_acc=0.7920 val_f1=0.7882 val_uar=0.7920 lr=5.13e-06
[01:30:45] INFO   ep53: train_loss=0.9618 val_acc=0.7960 val_f1=0.7929 val_uar=0.7960 lr=3.94e-06
[01:30:53] INFO   ep54: train_loss=0.9612 val_acc=0.7990 val_f1=0.7948 val_uar=0.7990 lr=2.91e-06
[01:31:01] INFO   ep55: train_loss=0.9600 val_acc=0.7990 val_f1=0.7955 val_uar=0.7990 lr=2.03e-06
[01:31:08] INFO   ep56: train_loss=0.9608 val_acc=0.7970 val_f1=0.7937 val_uar=0.7970 lr=1.30e-06
[01:31:16] INFO   ep57: train_loss=0.9579 val_acc=0.7960 val_f1=0.7915 val_uar=0.7960 lr=7.32e-07
[01:31:24] INFO   ep58: train_loss=0.9597 val_acc=0.7960 val_f1=0.7921 val_uar=0.7960 lr=3.26e-07
[01:31:32] INFO   ep59: train_loss=0.9587 val_acc=0.7970 val_f1=0.7932 val_uar=0.7970 lr=8.15e-08
[01:31:40] INFO   ep60: train_loss=0.9581 val_acc=0.8030 val_f1=0.7999 val_uar=0.8030 lr=0.00e+00
[01:31:40] INFO [done] resnet50 best_val_acc=0.8030 lr_used=0.0001 ckpt=checkpoints\cub200_resnet50_seed2.pt time=8.4min
[01:31:41] INFO   [E1] eval clean + per colorfulness bin
[01:32:01] INFO   [E2] eval perturbasi warna
[01:37:19] INFO   done resnet50 seed2
[01:37:19] INFO ==== cub200 / resnet50 / seed3 (recipe=adamw gray=False) ====
[01:37:19] INFO [train] cub200/resnet50/seed3 recipe=adamw opt=adamw lr=0.0001 wd=0.05 grayscale=False epochs=60 device=cuda n_train=4994 n_val=1000 bs=64 accum=1
[01:37:56] INFO   ep1: train_loss=5.2955 val_acc=0.0070 val_f1=0.0014 val_uar=0.0070 lr=4.00e-05
[01:38:04] INFO   ep2: train_loss=5.2677 val_acc=0.0210 val_f1=0.0122 val_uar=0.0210 lr=6.00e-05
[01:38:12] INFO   ep3: train_loss=5.2034 val_acc=0.0810 val_f1=0.0642 val_uar=0.0810 lr=8.00e-05
[01:38:20] INFO   ep4: train_loss=5.0087 val_acc=0.2600 val_f1=0.2249 val_uar=0.2600 lr=1.00e-04
[01:38:27] INFO   ep5: train_loss=4.3909 val_acc=0.3930 val_f1=0.3479 val_uar=0.3930 lr=1.00e-04
[01:38:35] INFO   ep6: train_loss=3.5074 val_acc=0.5240 val_f1=0.4940 val_uar=0.5240 lr=9.99e-05
[01:38:43] INFO   ep7: train_loss=2.8723 val_acc=0.5890 val_f1=0.5645 val_uar=0.5890 lr=9.97e-05
[01:38:51] INFO   ep8: train_loss=2.4552 val_acc=0.6180 val_f1=0.5998 val_uar=0.6180 lr=9.93e-05
[01:38:58] INFO   ep9: train_loss=2.1672 val_acc=0.6740 val_f1=0.6605 val_uar=0.6740 lr=9.87e-05
[01:39:06] INFO   ep10: train_loss=1.9677 val_acc=0.6950 val_f1=0.6845 val_uar=0.6950 lr=9.80e-05
[01:39:14] INFO   ep11: train_loss=1.7978 val_acc=0.7280 val_f1=0.7190 val_uar=0.7280 lr=9.71e-05
[01:39:22] INFO   ep12: train_loss=1.6717 val_acc=0.7390 val_f1=0.7322 val_uar=0.7390 lr=9.61e-05
[01:39:29] INFO   ep13: train_loss=1.5721 val_acc=0.7460 val_f1=0.7424 val_uar=0.7460 lr=9.49e-05
[01:39:37] INFO   ep14: train_loss=1.4961 val_acc=0.7470 val_f1=0.7394 val_uar=0.7470 lr=9.35e-05
[01:39:45] INFO   ep15: train_loss=1.4291 val_acc=0.7580 val_f1=0.7550 val_uar=0.7580 lr=9.21e-05
[01:39:52] INFO   ep16: train_loss=1.3615 val_acc=0.7530 val_f1=0.7487 val_uar=0.7530 lr=9.05e-05
[01:40:00] INFO   ep17: train_loss=1.3211 val_acc=0.7620 val_f1=0.7575 val_uar=0.7620 lr=8.87e-05
[01:40:08] INFO   ep18: train_loss=1.2789 val_acc=0.7730 val_f1=0.7685 val_uar=0.7730 lr=8.68e-05
[01:40:15] INFO   ep19: train_loss=1.2478 val_acc=0.7730 val_f1=0.7683 val_uar=0.7730 lr=8.48e-05
[01:40:23] INFO   ep20: train_loss=1.2107 val_acc=0.7780 val_f1=0.7737 val_uar=0.7780 lr=8.27e-05
[01:40:31] INFO   ep21: train_loss=1.1799 val_acc=0.7750 val_f1=0.7702 val_uar=0.7750 lr=8.05e-05
[01:40:38] INFO   ep22: train_loss=1.1571 val_acc=0.7740 val_f1=0.7716 val_uar=0.7740 lr=7.82e-05
[01:40:46] INFO   ep23: train_loss=1.1331 val_acc=0.7790 val_f1=0.7753 val_uar=0.7790 lr=7.58e-05
[01:40:54] INFO   ep24: train_loss=1.1107 val_acc=0.7780 val_f1=0.7727 val_uar=0.7780 lr=7.33e-05
[01:41:02] INFO   ep25: train_loss=1.0962 val_acc=0.7850 val_f1=0.7809 val_uar=0.7850 lr=7.08e-05
[01:41:10] INFO   ep26: train_loss=1.0851 val_acc=0.7890 val_f1=0.7842 val_uar=0.7890 lr=6.81e-05
[01:41:18] INFO   ep27: train_loss=1.0705 val_acc=0.7760 val_f1=0.7730 val_uar=0.7760 lr=6.55e-05
[01:41:26] INFO   ep28: train_loss=1.0580 val_acc=0.7840 val_f1=0.7800 val_uar=0.7840 lr=6.27e-05
[01:41:34] INFO   ep29: train_loss=1.0450 val_acc=0.7850 val_f1=0.7817 val_uar=0.7850 lr=5.99e-05
[01:41:41] INFO   ep30: train_loss=1.0365 val_acc=0.7880 val_f1=0.7856 val_uar=0.7880 lr=5.71e-05
[01:41:50] INFO   ep31: train_loss=1.0305 val_acc=0.7820 val_f1=0.7775 val_uar=0.7820 lr=5.43e-05
[01:41:57] INFO   ep32: train_loss=1.0166 val_acc=0.7890 val_f1=0.7852 val_uar=0.7890 lr=5.14e-05
[01:42:05] INFO   ep33: train_loss=1.0154 val_acc=0.7810 val_f1=0.7761 val_uar=0.7810 lr=4.86e-05
[01:42:13] INFO   ep34: train_loss=1.0081 val_acc=0.7900 val_f1=0.7862 val_uar=0.7900 lr=4.57e-05
[01:42:21] INFO   ep35: train_loss=1.0028 val_acc=0.7850 val_f1=0.7805 val_uar=0.7850 lr=4.29e-05
[01:42:29] INFO   ep36: train_loss=1.0007 val_acc=0.7860 val_f1=0.7813 val_uar=0.7860 lr=4.01e-05
[01:42:37] INFO   ep37: train_loss=0.9940 val_acc=0.7890 val_f1=0.7846 val_uar=0.7890 lr=3.73e-05
[01:42:45] INFO   ep38: train_loss=0.9901 val_acc=0.7920 val_f1=0.7880 val_uar=0.7920 lr=3.45e-05
[01:42:54] INFO   ep39: train_loss=0.9824 val_acc=0.7910 val_f1=0.7874 val_uar=0.7910 lr=3.19e-05
[01:43:01] INFO   ep40: train_loss=0.9824 val_acc=0.7910 val_f1=0.7870 val_uar=0.7910 lr=2.92e-05
[01:43:10] INFO   ep41: train_loss=0.9824 val_acc=0.7930 val_f1=0.7893 val_uar=0.7930 lr=2.67e-05
[01:43:18] INFO   ep42: train_loss=0.9758 val_acc=0.7950 val_f1=0.7913 val_uar=0.7950 lr=2.42e-05
[01:43:26] INFO   ep43: train_loss=0.9731 val_acc=0.7920 val_f1=0.7886 val_uar=0.7920 lr=2.18e-05
[01:43:34] INFO   ep44: train_loss=0.9738 val_acc=0.7880 val_f1=0.7841 val_uar=0.7880 lr=1.95e-05
[01:43:42] INFO   ep45: train_loss=0.9702 val_acc=0.7890 val_f1=0.7843 val_uar=0.7890 lr=1.73e-05
[01:43:50] INFO   ep46: train_loss=0.9702 val_acc=0.7870 val_f1=0.7840 val_uar=0.7870 lr=1.52e-05
[01:43:58] INFO   ep47: train_loss=0.9698 val_acc=0.7920 val_f1=0.7876 val_uar=0.7920 lr=1.32e-05
[01:44:06] INFO   ep48: train_loss=0.9661 val_acc=0.7900 val_f1=0.7859 val_uar=0.7900 lr=1.13e-05
[01:44:15] INFO   ep49: train_loss=0.9650 val_acc=0.7880 val_f1=0.7839 val_uar=0.7880 lr=9.55e-06
[01:44:23] INFO   ep50: train_loss=0.9627 val_acc=0.7910 val_f1=0.7871 val_uar=0.7910 lr=7.94e-06
[01:44:31] INFO   ep51: train_loss=0.9662 val_acc=0.7900 val_f1=0.7860 val_uar=0.7900 lr=6.46e-06
[01:44:39] INFO   ep52: train_loss=0.9624 val_acc=0.7850 val_f1=0.7812 val_uar=0.7850 lr=5.13e-06
[01:44:47] INFO   ep53: train_loss=0.9607 val_acc=0.7880 val_f1=0.7842 val_uar=0.7880 lr=3.94e-06
[01:44:55] INFO   ep54: train_loss=0.9626 val_acc=0.7950 val_f1=0.7913 val_uar=0.7950 lr=2.91e-06
[01:45:04] INFO   ep55: train_loss=0.9620 val_acc=0.7910 val_f1=0.7873 val_uar=0.7910 lr=2.03e-06
[01:45:12] INFO   ep56: train_loss=0.9596 val_acc=0.7900 val_f1=0.7865 val_uar=0.7900 lr=1.30e-06
[01:45:20] INFO   ep57: train_loss=0.9570 val_acc=0.7900 val_f1=0.7860 val_uar=0.7900 lr=7.32e-07
[01:45:28] INFO   ep58: train_loss=0.9595 val_acc=0.7910 val_f1=0.7873 val_uar=0.7910 lr=3.26e-07
[01:45:36] INFO   ep59: train_loss=0.9595 val_acc=0.7870 val_f1=0.7828 val_uar=0.7870 lr=8.15e-08
[01:45:44] INFO   ep60: train_loss=0.9586 val_acc=0.7920 val_f1=0.7880 val_uar=0.7920 lr=0.00e+00
[01:45:44] INFO [done] resnet50 best_val_acc=0.7950 lr_used=0.0001 ckpt=checkpoints\cub200_resnet50_seed3.pt time=8.4min
[01:45:46] INFO   [E1] eval clean + per colorfulness bin
[01:46:08] INFO   [E2] eval perturbasi warna
[02:58:17] INFO dataset=cub200 models=['resnet50', 'convnext_tiny', 'vit_small', 'swin_tiny'] seeds=[0] epochs=None recipe=adamw
[02:58:18] INFO ==== cub200 / resnet50 / seed0 (recipe=adamw gray=False) ====
[02:58:19] INFO [train] cub200/resnet50/seed0 recipe=adamw opt=adamw lr=0.0001 wd=0.05 grayscale=False epochs=60 device=cuda n_train=4994 n_val=1000 bs=64 accum=1
[02:58:57] INFO   ep1: train_loss=5.2957 val_acc=0.0100 val_f1=0.0035 val_uar=0.0100 lr=4.00e-05
[02:59:04] INFO   ep2: train_loss=5.2677 val_acc=0.0160 val_f1=0.0090 val_uar=0.0160 lr=6.00e-05
[02:59:12] INFO   ep3: train_loss=5.2044 val_acc=0.0720 val_f1=0.0605 val_uar=0.0720 lr=8.00e-05
[02:59:20] INFO   ep4: train_loss=5.0219 val_acc=0.2540 val_f1=0.2168 val_uar=0.2540 lr=1.00e-04
[02:59:28] INFO   ep5: train_loss=4.4163 val_acc=0.3690 val_f1=0.3357 val_uar=0.3690 lr=1.00e-04
[02:59:35] INFO   ep6: train_loss=3.5351 val_acc=0.5020 val_f1=0.4642 val_uar=0.5020 lr=9.99e-05
[02:59:43] INFO   ep7: train_loss=2.8991 val_acc=0.5860 val_f1=0.5663 val_uar=0.5860 lr=9.97e-05
[02:59:51] INFO   ep8: train_loss=2.4844 val_acc=0.6320 val_f1=0.6214 val_uar=0.6320 lr=9.93e-05
[02:59:59] INFO   ep9: train_loss=2.1820 val_acc=0.6620 val_f1=0.6460 val_uar=0.6620 lr=9.87e-05
[03:00:07] INFO   ep10: train_loss=1.9720 val_acc=0.6980 val_f1=0.6856 val_uar=0.6980 lr=9.80e-05
[03:00:15] INFO   ep11: train_loss=1.8048 val_acc=0.7150 val_f1=0.7086 val_uar=0.7150 lr=9.71e-05
[03:00:23] INFO   ep12: train_loss=1.6844 val_acc=0.7260 val_f1=0.7194 val_uar=0.7260 lr=9.61e-05
[03:00:31] INFO   ep13: train_loss=1.5802 val_acc=0.7430 val_f1=0.7398 val_uar=0.7430 lr=9.49e-05
[03:00:39] INFO   ep14: train_loss=1.4997 val_acc=0.7560 val_f1=0.7510 val_uar=0.7560 lr=9.35e-05
[03:01:23] INFO dataset=cub200 models=['resnet50', 'convnext_tiny', 'vit_small', 'swin_tiny'] seeds=[0, 1, 2, 3, 4] epochs=None recipe=adamw
[03:01:23] INFO ==== cub200 / resnet50 / seed0 (recipe=adamw gray=False) ====
[03:01:25] INFO [train] cub200/resnet50/seed0 recipe=adamw opt=adamw lr=0.0001 wd=0.05 grayscale=False epochs=60 device=cuda n_train=4994 n_val=1000 bs=64 accum=1
[03:02:03] INFO   ep1: train_loss=5.2957 val_acc=0.0100 val_f1=0.0035 val_uar=0.0100 lr=4.00e-05
[03:02:11] INFO   ep2: train_loss=5.2677 val_acc=0.0160 val_f1=0.0090 val_uar=0.0160 lr=6.00e-05
[03:02:19] INFO   ep3: train_loss=5.2044 val_acc=0.0720 val_f1=0.0605 val_uar=0.0720 lr=8.00e-05
[03:02:27] INFO   ep4: train_loss=5.0219 val_acc=0.2540 val_f1=0.2168 val_uar=0.2540 lr=1.00e-04
[03:02:35] INFO   ep5: train_loss=4.4163 val_acc=0.3690 val_f1=0.3357 val_uar=0.3690 lr=1.00e-04
[03:02:43] INFO   ep6: train_loss=3.5351 val_acc=0.5020 val_f1=0.4642 val_uar=0.5020 lr=9.99e-05
[03:02:51] INFO   ep7: train_loss=2.8991 val_acc=0.5860 val_f1=0.5663 val_uar=0.5860 lr=9.97e-05
[03:02:59] INFO   ep8: train_loss=2.4844 val_acc=0.6320 val_f1=0.6214 val_uar=0.6320 lr=9.93e-05
[03:03:07] INFO   ep9: train_loss=2.1820 val_acc=0.6620 val_f1=0.6460 val_uar=0.6620 lr=9.87e-05
[03:03:15] INFO   ep10: train_loss=1.9720 val_acc=0.6980 val_f1=0.6856 val_uar=0.6980 lr=9.80e-05
[03:03:23] INFO   ep11: train_loss=1.8048 val_acc=0.7150 val_f1=0.7086 val_uar=0.7150 lr=9.71e-05
[03:03:31] INFO   ep12: train_loss=1.6844 val_acc=0.7260 val_f1=0.7194 val_uar=0.7260 lr=9.61e-05
[03:03:38] INFO   ep13: train_loss=1.5802 val_acc=0.7430 val_f1=0.7398 val_uar=0.7430 lr=9.49e-05
[03:03:47] INFO   ep14: train_loss=1.4997 val_acc=0.7560 val_f1=0.7510 val_uar=0.7560 lr=9.35e-05
[03:03:54] INFO   ep15: train_loss=1.4304 val_acc=0.7550 val_f1=0.7505 val_uar=0.7550 lr=9.21e-05
[03:04:02] INFO   ep16: train_loss=1.3688 val_acc=0.7610 val_f1=0.7583 val_uar=0.7610 lr=9.05e-05
[03:04:11] INFO   ep17: train_loss=1.3220 val_acc=0.7600 val_f1=0.7546 val_uar=0.7600 lr=8.87e-05
[03:04:18] INFO   ep18: train_loss=1.2755 val_acc=0.7710 val_f1=0.7684 val_uar=0.7710 lr=8.68e-05
[03:04:27] INFO   ep19: train_loss=1.2414 val_acc=0.7640 val_f1=0.7590 val_uar=0.7640 lr=8.48e-05
[03:04:35] INFO   ep20: train_loss=1.2024 val_acc=0.7670 val_f1=0.7636 val_uar=0.7670 lr=8.27e-05
[03:04:43] INFO   ep21: train_loss=1.1826 val_acc=0.7670 val_f1=0.7630 val_uar=0.7670 lr=8.05e-05
[03:04:51] INFO   ep22: train_loss=1.1574 val_acc=0.7720 val_f1=0.7692 val_uar=0.7720 lr=7.82e-05
[03:04:59] INFO   ep23: train_loss=1.1386 val_acc=0.7810 val_f1=0.7777 val_uar=0.7810 lr=7.58e-05
[03:05:07] INFO   ep24: train_loss=1.1167 val_acc=0.7810 val_f1=0.7796 val_uar=0.7810 lr=7.33e-05
[03:05:15] INFO   ep25: train_loss=1.0956 val_acc=0.7770 val_f1=0.7753 val_uar=0.7770 lr=7.08e-05
[03:05:23] INFO   ep26: train_loss=1.0819 val_acc=0.7870 val_f1=0.7849 val_uar=0.7870 lr=6.81e-05
[03:05:32] INFO   ep27: train_loss=1.0659 val_acc=0.7830 val_f1=0.7808 val_uar=0.7830 lr=6.55e-05
[03:05:40] INFO   ep28: train_loss=1.0559 val_acc=0.7810 val_f1=0.7780 val_uar=0.7810 lr=6.27e-05
[03:05:48] INFO   ep29: train_loss=1.0467 val_acc=0.7810 val_f1=0.7767 val_uar=0.7810 lr=5.99e-05
[03:05:56] INFO   ep30: train_loss=1.0359 val_acc=0.7800 val_f1=0.7784 val_uar=0.7800 lr=5.71e-05
[03:06:04] INFO   ep31: train_loss=1.0295 val_acc=0.7860 val_f1=0.7836 val_uar=0.7860 lr=5.43e-05
[03:06:12] INFO   ep32: train_loss=1.0197 val_acc=0.7880 val_f1=0.7854 val_uar=0.7880 lr=5.14e-05
[03:06:21] INFO   ep33: train_loss=1.0141 val_acc=0.7770 val_f1=0.7746 val_uar=0.7770 lr=4.86e-05
[03:06:29] INFO   ep34: train_loss=1.0078 val_acc=0.7850 val_f1=0.7827 val_uar=0.7850 lr=4.57e-05
[03:06:37] INFO   ep35: train_loss=0.9990 val_acc=0.7930 val_f1=0.7922 val_uar=0.7930 lr=4.29e-05
[03:06:45] INFO   ep36: train_loss=0.9957 val_acc=0.7880 val_f1=0.7877 val_uar=0.7880 lr=4.01e-05
[03:06:53] INFO   ep37: train_loss=0.9886 val_acc=0.7940 val_f1=0.7924 val_uar=0.7940 lr=3.73e-05
[03:07:01] INFO   ep38: train_loss=0.9864 val_acc=0.7830 val_f1=0.7821 val_uar=0.7830 lr=3.45e-05
[03:07:10] INFO   ep39: train_loss=0.9846 val_acc=0.7900 val_f1=0.7897 val_uar=0.7900 lr=3.19e-05
[03:07:18] INFO   ep40: train_loss=0.9827 val_acc=0.7930 val_f1=0.7927 val_uar=0.7930 lr=2.92e-05
[03:07:26] INFO   ep41: train_loss=0.9777 val_acc=0.7930 val_f1=0.7919 val_uar=0.7930 lr=2.67e-05
[03:07:34] INFO   ep42: train_loss=0.9756 val_acc=0.7980 val_f1=0.7969 val_uar=0.7980 lr=2.42e-05
[03:07:43] INFO   ep43: train_loss=0.9753 val_acc=0.8000 val_f1=0.7987 val_uar=0.8000 lr=2.18e-05
[03:07:51] INFO   ep44: train_loss=0.9713 val_acc=0.7910 val_f1=0.7893 val_uar=0.7910 lr=1.95e-05
[03:07:59] INFO   ep45: train_loss=0.9655 val_acc=0.7990 val_f1=0.7981 val_uar=0.7990 lr=1.73e-05
[03:08:07] INFO   ep46: train_loss=0.9705 val_acc=0.7940 val_f1=0.7933 val_uar=0.7940 lr=1.52e-05
[03:08:15] INFO   ep47: train_loss=0.9659 val_acc=0.7910 val_f1=0.7896 val_uar=0.7910 lr=1.32e-05
[03:08:24] INFO   ep48: train_loss=0.9630 val_acc=0.7950 val_f1=0.7946 val_uar=0.7950 lr=1.13e-05
[03:08:32] INFO   ep49: train_loss=0.9618 val_acc=0.7980 val_f1=0.7976 val_uar=0.7980 lr=9.55e-06
[03:08:40] INFO   ep50: train_loss=0.9658 val_acc=0.7920 val_f1=0.7907 val_uar=0.7920 lr=7.94e-06
[03:08:48] INFO   ep51: train_loss=0.9611 val_acc=0.7870 val_f1=0.7860 val_uar=0.7870 lr=6.46e-06
[03:08:56] INFO   ep52: train_loss=0.9629 val_acc=0.7870 val_f1=0.7853 val_uar=0.7870 lr=5.13e-06
[03:09:05] INFO   ep53: train_loss=0.9633 val_acc=0.7940 val_f1=0.7942 val_uar=0.7940 lr=3.94e-06
[03:09:13] INFO   ep54: train_loss=0.9601 val_acc=0.7930 val_f1=0.7918 val_uar=0.7930 lr=2.91e-06
[03:09:21] INFO   ep55: train_loss=0.9589 val_acc=0.7920 val_f1=0.7908 val_uar=0.7920 lr=2.03e-06
[03:09:29] INFO   ep56: train_loss=0.9583 val_acc=0.7910 val_f1=0.7904 val_uar=0.7910 lr=1.30e-06
[03:09:38] INFO   ep57: train_loss=0.9590 val_acc=0.7950 val_f1=0.7945 val_uar=0.7950 lr=7.32e-07
[03:09:46] INFO   ep58: train_loss=0.9596 val_acc=0.7960 val_f1=0.7954 val_uar=0.7960 lr=3.26e-07
[03:09:54] INFO   ep59: train_loss=0.9567 val_acc=0.7890 val_f1=0.7876 val_uar=0.7890 lr=8.15e-08
[03:10:02] INFO   ep60: train_loss=0.9621 val_acc=0.7900 val_f1=0.7892 val_uar=0.7900 lr=0.00e+00
[03:10:02] INFO [done] resnet50 best_val_acc=0.8000 lr_used=0.0001 ckpt=checkpoints\cub200_resnet50_seed0.pt time=8.6min
[03:10:04] INFO   [E1] eval clean + per colorfulness bin
[03:10:25] INFO   [E2] eval perturbasi warna
[03:15:53] INFO   done resnet50 seed0
[03:15:53] INFO ==== cub200 / resnet50 / seed1 (recipe=adamw gray=False) ====
[03:15:53] INFO [train] cub200/resnet50/seed1 recipe=adamw opt=adamw lr=0.0001 wd=0.05 grayscale=False epochs=60 device=cuda n_train=4994 n_val=1000 bs=64 accum=1
[03:16:30] INFO   ep1: train_loss=5.2947 val_acc=0.0050 val_f1=0.0016 val_uar=0.0050 lr=4.00e-05
[03:16:37] INFO   ep2: train_loss=5.2673 val_acc=0.0200 val_f1=0.0131 val_uar=0.0200 lr=6.00e-05
[03:16:45] INFO   ep3: train_loss=5.2051 val_acc=0.0820 val_f1=0.0688 val_uar=0.0820 lr=8.00e-05
[03:16:52] INFO   ep4: train_loss=5.0215 val_acc=0.2590 val_f1=0.2314 val_uar=0.2590 lr=1.00e-04
[03:17:00] INFO   ep5: train_loss=4.4255 val_acc=0.4220 val_f1=0.3827 val_uar=0.4220 lr=1.00e-04
[03:17:07] INFO   ep6: train_loss=3.5435 val_acc=0.5400 val_f1=0.5064 val_uar=0.5400 lr=9.99e-05
[03:17:15] INFO   ep7: train_loss=2.8976 val_acc=0.5780 val_f1=0.5494 val_uar=0.5780 lr=9.97e-05
[03:17:23] INFO   ep8: train_loss=2.4696 val_acc=0.6480 val_f1=0.6284 val_uar=0.6480 lr=9.93e-05
[03:17:31] INFO   ep9: train_loss=2.1729 val_acc=0.6870 val_f1=0.6740 val_uar=0.6870 lr=9.87e-05
[03:17:38] INFO   ep10: train_loss=1.9630 val_acc=0.6990 val_f1=0.6824 val_uar=0.6990 lr=9.80e-05
[03:17:46] INFO   ep11: train_loss=1.8022 val_acc=0.7240 val_f1=0.7149 val_uar=0.7240 lr=9.71e-05
[03:17:54] INFO   ep12: train_loss=1.6695 val_acc=0.7480 val_f1=0.7394 val_uar=0.7480 lr=9.61e-05
[03:18:02] INFO   ep13: train_loss=1.5745 val_acc=0.7520 val_f1=0.7480 val_uar=0.7520 lr=9.49e-05
[03:18:10] INFO   ep14: train_loss=1.4909 val_acc=0.7610 val_f1=0.7560 val_uar=0.7610 lr=9.35e-05
[03:18:17] INFO   ep15: train_loss=1.4194 val_acc=0.7600 val_f1=0.7556 val_uar=0.7600 lr=9.21e-05
[03:18:25] INFO   ep16: train_loss=1.3627 val_acc=0.7610 val_f1=0.7557 val_uar=0.7610 lr=9.05e-05
[03:18:33] INFO   ep17: train_loss=1.3133 val_acc=0.7700 val_f1=0.7652 val_uar=0.7700 lr=8.87e-05
[03:18:41] INFO   ep18: train_loss=1.2750 val_acc=0.7720 val_f1=0.7686 val_uar=0.7720 lr=8.68e-05
[03:18:49] INFO   ep19: train_loss=1.2360 val_acc=0.7720 val_f1=0.7660 val_uar=0.7720 lr=8.48e-05
[03:18:56] INFO   ep20: train_loss=1.2024 val_acc=0.7770 val_f1=0.7727 val_uar=0.7770 lr=8.27e-05
[03:19:04] INFO   ep21: train_loss=1.1711 val_acc=0.7800 val_f1=0.7766 val_uar=0.7800 lr=8.05e-05
[03:19:12] INFO   ep22: train_loss=1.1484 val_acc=0.7820 val_f1=0.7796 val_uar=0.7820 lr=7.82e-05
[03:19:20] INFO   ep23: train_loss=1.1309 val_acc=0.7890 val_f1=0.7860 val_uar=0.7890 lr=7.58e-05
[03:19:28] INFO   ep24: train_loss=1.1094 val_acc=0.7870 val_f1=0.7850 val_uar=0.7870 lr=7.33e-05
[03:19:36] INFO   ep25: train_loss=1.0944 val_acc=0.7870 val_f1=0.7849 val_uar=0.7870 lr=7.08e-05
[03:19:44] INFO   ep26: train_loss=1.0772 val_acc=0.7840 val_f1=0.7807 val_uar=0.7840 lr=6.81e-05
[03:19:52] INFO   ep27: train_loss=1.0723 val_acc=0.7870 val_f1=0.7839 val_uar=0.7870 lr=6.55e-05
[03:20:00] INFO   ep28: train_loss=1.0580 val_acc=0.7840 val_f1=0.7809 val_uar=0.7840 lr=6.27e-05
[03:20:08] INFO   ep29: train_loss=1.0408 val_acc=0.7910 val_f1=0.7869 val_uar=0.7910 lr=5.99e-05
[03:20:16] INFO   ep30: train_loss=1.0325 val_acc=0.7980 val_f1=0.7952 val_uar=0.7980 lr=5.71e-05
[03:20:24] INFO   ep31: train_loss=1.0240 val_acc=0.7860 val_f1=0.7824 val_uar=0.7860 lr=5.43e-05
[03:20:32] INFO   ep32: train_loss=1.0157 val_acc=0.7950 val_f1=0.7905 val_uar=0.7950 lr=5.14e-05
[03:20:40] INFO   ep33: train_loss=1.0112 val_acc=0.7910 val_f1=0.7879 val_uar=0.7910 lr=4.86e-05
[03:20:48] INFO   ep34: train_loss=1.0045 val_acc=0.7930 val_f1=0.7885 val_uar=0.7930 lr=4.57e-05
[03:20:56] INFO   ep35: train_loss=0.9969 val_acc=0.7950 val_f1=0.7904 val_uar=0.7950 lr=4.29e-05
[03:21:03] INFO   ep36: train_loss=0.9944 val_acc=0.7990 val_f1=0.7940 val_uar=0.7990 lr=4.01e-05
[03:21:11] INFO   ep37: train_loss=0.9925 val_acc=0.7980 val_f1=0.7948 val_uar=0.7980 lr=3.73e-05
[03:21:19] INFO   ep38: train_loss=0.9848 val_acc=0.7850 val_f1=0.7803 val_uar=0.7850 lr=3.45e-05
[03:21:27] INFO   ep39: train_loss=0.9845 val_acc=0.7890 val_f1=0.7845 val_uar=0.7890 lr=3.19e-05
[03:21:35] INFO   ep40: train_loss=0.9837 val_acc=0.7900 val_f1=0.7842 val_uar=0.7900 lr=2.92e-05
[03:21:43] INFO   ep41: train_loss=0.9785 val_acc=0.7930 val_f1=0.7874 val_uar=0.7930 lr=2.67e-05
[03:21:51] INFO   ep42: train_loss=0.9704 val_acc=0.7940 val_f1=0.7887 val_uar=0.7940 lr=2.42e-05
[03:21:59] INFO   ep43: train_loss=0.9730 val_acc=0.7880 val_f1=0.7836 val_uar=0.7880 lr=2.18e-05
[03:22:07] INFO   ep44: train_loss=0.9751 val_acc=0.7880 val_f1=0.7836 val_uar=0.7880 lr=1.95e-05
[03:22:15] INFO   ep45: train_loss=0.9665 val_acc=0.7920 val_f1=0.7876 val_uar=0.7920 lr=1.73e-05
[03:22:23] INFO   ep46: train_loss=0.9688 val_acc=0.7890 val_f1=0.7834 val_uar=0.7890 lr=1.52e-05
[03:22:31] INFO   ep47: train_loss=0.9636 val_acc=0.7870 val_f1=0.7825 val_uar=0.7870 lr=1.32e-05
[03:22:39] INFO   ep48: train_loss=0.9617 val_acc=0.7900 val_f1=0.7862 val_uar=0.7900 lr=1.13e-05
[03:22:47] INFO   ep49: train_loss=0.9621 val_acc=0.7890 val_f1=0.7845 val_uar=0.7890 lr=9.55e-06
[03:22:55] INFO   ep50: train_loss=0.9618 val_acc=0.7900 val_f1=0.7844 val_uar=0.7900 lr=7.94e-06
[03:23:03] INFO   ep51: train_loss=0.9585 val_acc=0.7900 val_f1=0.7856 val_uar=0.7900 lr=6.46e-06
[03:23:11] INFO   ep52: train_loss=0.9594 val_acc=0.7940 val_f1=0.7893 val_uar=0.7940 lr=5.13e-06
[03:23:19] INFO   ep53: train_loss=0.9611 val_acc=0.7910 val_f1=0.7858 val_uar=0.7910 lr=3.94e-06
[03:23:27] INFO   ep54: train_loss=0.9598 val_acc=0.7960 val_f1=0.7912 val_uar=0.7960 lr=2.91e-06
[03:23:35] INFO   ep55: train_loss=0.9581 val_acc=0.7910 val_f1=0.7862 val_uar=0.7910 lr=2.03e-06
[03:23:43] INFO   ep56: train_loss=0.9567 val_acc=0.7930 val_f1=0.7895 val_uar=0.7930 lr=1.30e-06
[03:23:51] INFO   ep57: train_loss=0.9574 val_acc=0.7880 val_f1=0.7837 val_uar=0.7880 lr=7.32e-07
[03:23:59] INFO   ep58: train_loss=0.9549 val_acc=0.7960 val_f1=0.7916 val_uar=0.7960 lr=3.26e-07
[03:24:07] INFO   ep59: train_loss=0.9586 val_acc=0.7950 val_f1=0.7914 val_uar=0.7950 lr=8.15e-08
[03:24:15] INFO   ep60: train_loss=0.9613 val_acc=0.7980 val_f1=0.7939 val_uar=0.7980 lr=0.00e+00
[03:24:15] INFO [done] resnet50 best_val_acc=0.7990 lr_used=0.0001 ckpt=checkpoints\cub200_resnet50_seed1.pt time=8.4min
[03:24:17] INFO   [E1] eval clean + per colorfulness bin
[03:24:37] INFO   [E2] eval perturbasi warna
[03:29:50] INFO   done resnet50 seed1
[03:29:50] INFO ==== cub200 / resnet50 / seed2 (recipe=adamw gray=False) ====
[03:29:51] INFO [train] cub200/resnet50/seed2 recipe=adamw opt=adamw lr=0.0001 wd=0.05 grayscale=False epochs=60 device=cuda n_train=4994 n_val=1000 bs=64 accum=1
[03:30:26] INFO   ep1: train_loss=5.2946 val_acc=0.0070 val_f1=0.0039 val_uar=0.0070 lr=4.00e-05
[03:30:33] INFO   ep2: train_loss=5.2658 val_acc=0.0280 val_f1=0.0234 val_uar=0.0280 lr=6.00e-05
[03:30:41] INFO   ep3: train_loss=5.2030 val_acc=0.0810 val_f1=0.0708 val_uar=0.0810 lr=8.00e-05
[03:30:49] INFO   ep4: train_loss=5.0182 val_acc=0.2530 val_f1=0.2282 val_uar=0.2530 lr=1.00e-04
[03:30:56] INFO   ep5: train_loss=4.4286 val_acc=0.4020 val_f1=0.3696 val_uar=0.4020 lr=1.00e-04
[03:31:04] INFO   ep6: train_loss=3.5593 val_acc=0.5150 val_f1=0.4775 val_uar=0.5150 lr=9.99e-05
[03:31:12] INFO   ep7: train_loss=2.8982 val_acc=0.5900 val_f1=0.5625 val_uar=0.5900 lr=9.97e-05
[03:31:20] INFO   ep8: train_loss=2.4725 val_acc=0.6300 val_f1=0.6092 val_uar=0.6300 lr=9.93e-05
[03:31:28] INFO   ep9: train_loss=2.1688 val_acc=0.6710 val_f1=0.6564 val_uar=0.6710 lr=9.87e-05
[03:31:36] INFO   ep10: train_loss=1.9526 val_acc=0.7060 val_f1=0.6967 val_uar=0.7060 lr=9.80e-05
[03:31:43] INFO   ep11: train_loss=1.7933 val_acc=0.7400 val_f1=0.7329 val_uar=0.7400 lr=9.71e-05
[03:31:51] INFO   ep12: train_loss=1.6667 val_acc=0.7530 val_f1=0.7476 val_uar=0.7530 lr=9.61e-05
[03:31:58] INFO   ep13: train_loss=1.5704 val_acc=0.7600 val_f1=0.7522 val_uar=0.7600 lr=9.49e-05
[03:32:06] INFO   ep14: train_loss=1.4834 val_acc=0.7620 val_f1=0.7574 val_uar=0.7620 lr=9.35e-05
[03:32:14] INFO   ep15: train_loss=1.4219 val_acc=0.7680 val_f1=0.7629 val_uar=0.7680 lr=9.21e-05
[03:32:21] INFO   ep16: train_loss=1.3626 val_acc=0.7710 val_f1=0.7655 val_uar=0.7710 lr=9.05e-05
[03:32:29] INFO   ep17: train_loss=1.3131 val_acc=0.7690 val_f1=0.7636 val_uar=0.7690 lr=8.87e-05
[03:32:37] INFO   ep18: train_loss=1.2650 val_acc=0.7730 val_f1=0.7692 val_uar=0.7730 lr=8.68e-05
[03:32:45] INFO   ep19: train_loss=1.2336 val_acc=0.7760 val_f1=0.7733 val_uar=0.7760 lr=8.48e-05
[03:32:52] INFO   ep20: train_loss=1.2081 val_acc=0.7810 val_f1=0.7765 val_uar=0.7810 lr=8.27e-05
[03:33:00] INFO   ep21: train_loss=1.1792 val_acc=0.7790 val_f1=0.7758 val_uar=0.7790 lr=8.05e-05
[03:33:08] INFO   ep22: train_loss=1.1545 val_acc=0.7830 val_f1=0.7782 val_uar=0.7830 lr=7.82e-05
[03:33:16] INFO   ep23: train_loss=1.1332 val_acc=0.7860 val_f1=0.7810 val_uar=0.7860 lr=7.58e-05
[03:33:24] INFO   ep24: train_loss=1.1086 val_acc=0.7780 val_f1=0.7728 val_uar=0.7780 lr=7.33e-05
[03:33:31] INFO   ep25: train_loss=1.0950 val_acc=0.7860 val_f1=0.7813 val_uar=0.7860 lr=7.08e-05
[03:33:39] INFO   ep26: train_loss=1.0770 val_acc=0.7890 val_f1=0.7839 val_uar=0.7890 lr=6.81e-05
[03:33:47] INFO   ep27: train_loss=1.0636 val_acc=0.7820 val_f1=0.7778 val_uar=0.7820 lr=6.55e-05
[03:33:55] INFO   ep28: train_loss=1.0556 val_acc=0.7890 val_f1=0.7854 val_uar=0.7890 lr=6.27e-05
[03:34:03] INFO   ep29: train_loss=1.0413 val_acc=0.7970 val_f1=0.7937 val_uar=0.7970 lr=5.99e-05
[03:34:12] INFO   ep30: train_loss=1.0346 val_acc=0.7970 val_f1=0.7933 val_uar=0.7970 lr=5.71e-05
[03:34:20] INFO   ep31: train_loss=1.0259 val_acc=0.7920 val_f1=0.7874 val_uar=0.7920 lr=5.43e-05
[03:34:28] INFO   ep32: train_loss=1.0205 val_acc=0.7900 val_f1=0.7865 val_uar=0.7900 lr=5.14e-05
[03:34:36] INFO   ep33: train_loss=1.0094 val_acc=0.7860 val_f1=0.7825 val_uar=0.7860 lr=4.86e-05
[03:34:44] INFO   ep34: train_loss=1.0089 val_acc=0.7880 val_f1=0.7840 val_uar=0.7880 lr=4.57e-05
[03:34:52] INFO   ep35: train_loss=1.0022 val_acc=0.7960 val_f1=0.7915 val_uar=0.7960 lr=4.29e-05
[03:35:00] INFO   ep36: train_loss=0.9957 val_acc=0.7920 val_f1=0.7870 val_uar=0.7920 lr=4.01e-05
[03:35:08] INFO   ep37: train_loss=0.9894 val_acc=0.7940 val_f1=0.7893 val_uar=0.7940 lr=3.73e-05
[03:35:16] INFO   ep38: train_loss=0.9863 val_acc=0.7930 val_f1=0.7879 val_uar=0.7930 lr=3.45e-05
[03:35:24] INFO   ep39: train_loss=0.9834 val_acc=0.7920 val_f1=0.7873 val_uar=0.7920 lr=3.19e-05
[03:35:32] INFO   ep40: train_loss=0.9813 val_acc=0.7970 val_f1=0.7924 val_uar=0.7970 lr=2.92e-05
[03:35:40] INFO   ep41: train_loss=0.9759 val_acc=0.7960 val_f1=0.7918 val_uar=0.7960 lr=2.67e-05
[03:35:48] INFO   ep42: train_loss=0.9736 val_acc=0.7940 val_f1=0.7896 val_uar=0.7940 lr=2.42e-05
[03:35:56] INFO   ep43: train_loss=0.9773 val_acc=0.7940 val_f1=0.7889 val_uar=0.7940 lr=2.18e-05
[03:36:04] INFO   ep44: train_loss=0.9727 val_acc=0.7930 val_f1=0.7885 val_uar=0.7930 lr=1.95e-05
[03:36:12] INFO   ep45: train_loss=0.9669 val_acc=0.7950 val_f1=0.7901 val_uar=0.7950 lr=1.73e-05
[03:36:21] INFO   ep46: train_loss=0.9654 val_acc=0.7940 val_f1=0.7899 val_uar=0.7940 lr=1.52e-05
[03:36:29] INFO   ep47: train_loss=0.9654 val_acc=0.7930 val_f1=0.7889 val_uar=0.7930 lr=1.32e-05
[03:36:37] INFO   ep48: train_loss=0.9627 val_acc=0.7960 val_f1=0.7920 val_uar=0.7960 lr=1.13e-05
[03:36:45] INFO   ep49: train_loss=0.9655 val_acc=0.7990 val_f1=0.7957 val_uar=0.7990 lr=9.55e-06
[03:36:53] INFO   ep50: train_loss=0.9627 val_acc=0.7930 val_f1=0.7892 val_uar=0.7930 lr=7.94e-06
[03:37:01] INFO   ep51: train_loss=0.9629 val_acc=0.7960 val_f1=0.7922 val_uar=0.7960 lr=6.46e-06
[03:37:09] INFO   ep52: train_loss=0.9620 val_acc=0.7920 val_f1=0.7882 val_uar=0.7920 lr=5.13e-06
[03:37:17] INFO   ep53: train_loss=0.9618 val_acc=0.7960 val_f1=0.7929 val_uar=0.7960 lr=3.94e-06
[03:37:25] INFO   ep54: train_loss=0.9612 val_acc=0.7990 val_f1=0.7948 val_uar=0.7990 lr=2.91e-06
[03:37:33] INFO   ep55: train_loss=0.9600 val_acc=0.7990 val_f1=0.7955 val_uar=0.7990 lr=2.03e-06
[03:37:41] INFO   ep56: train_loss=0.9608 val_acc=0.7970 val_f1=0.7937 val_uar=0.7970 lr=1.30e-06
[03:37:50] INFO   ep57: train_loss=0.9579 val_acc=0.7960 val_f1=0.7915 val_uar=0.7960 lr=7.32e-07
[03:37:58] INFO   ep58: train_loss=0.9597 val_acc=0.7960 val_f1=0.7921 val_uar=0.7960 lr=3.26e-07
[03:38:06] INFO   ep59: train_loss=0.9587 val_acc=0.7970 val_f1=0.7932 val_uar=0.7970 lr=8.15e-08
[03:38:14] INFO   ep60: train_loss=0.9581 val_acc=0.8030 val_f1=0.7999 val_uar=0.8030 lr=0.00e+00
[03:38:14] INFO [done] resnet50 best_val_acc=0.8030 lr_used=0.0001 ckpt=checkpoints\cub200_resnet50_seed2.pt time=8.4min
[03:38:16] INFO   [E1] eval clean + per colorfulness bin
[03:38:35] INFO   [E2] eval perturbasi warna
[03:43:47] INFO   done resnet50 seed2
[03:43:47] INFO ==== cub200 / resnet50 / seed3 (recipe=adamw gray=False) ====
[03:43:47] INFO [train] cub200/resnet50/seed3 recipe=adamw opt=adamw lr=0.0001 wd=0.05 grayscale=False epochs=60 device=cuda n_train=4994 n_val=1000 bs=64 accum=1
[03:44:24] INFO   ep1: train_loss=5.2955 val_acc=0.0070 val_f1=0.0014 val_uar=0.0070 lr=4.00e-05
[03:44:32] INFO   ep2: train_loss=5.2677 val_acc=0.0210 val_f1=0.0122 val_uar=0.0210 lr=6.00e-05
[03:44:39] INFO   ep3: train_loss=5.2034 val_acc=0.0810 val_f1=0.0642 val_uar=0.0810 lr=8.00e-05
[03:44:47] INFO   ep4: train_loss=5.0087 val_acc=0.2600 val_f1=0.2249 val_uar=0.2600 lr=1.00e-04
[03:44:55] INFO   ep5: train_loss=4.3909 val_acc=0.3930 val_f1=0.3479 val_uar=0.3930 lr=1.00e-04
[03:45:03] INFO   ep6: train_loss=3.5074 val_acc=0.5240 val_f1=0.4940 val_uar=0.5240 lr=9.99e-05
[03:45:11] INFO   ep7: train_loss=2.8723 val_acc=0.5890 val_f1=0.5645 val_uar=0.5890 lr=9.97e-05
[03:45:19] INFO   ep8: train_loss=2.4552 val_acc=0.6180 val_f1=0.5998 val_uar=0.6180 lr=9.93e-05
[03:45:27] INFO   ep9: train_loss=2.1672 val_acc=0.6740 val_f1=0.6605 val_uar=0.6740 lr=9.87e-05
[03:45:35] INFO   ep10: train_loss=1.9677 val_acc=0.6950 val_f1=0.6845 val_uar=0.6950 lr=9.80e-05
[03:45:43] INFO   ep11: train_loss=1.7978 val_acc=0.7280 val_f1=0.7190 val_uar=0.7280 lr=9.71e-05
[03:45:51] INFO   ep12: train_loss=1.6717 val_acc=0.7390 val_f1=0.7322 val_uar=0.7390 lr=9.61e-05
[03:45:59] INFO   ep13: train_loss=1.5721 val_acc=0.7460 val_f1=0.7424 val_uar=0.7460 lr=9.49e-05
[03:46:07] INFO   ep14: train_loss=1.4961 val_acc=0.7470 val_f1=0.7394 val_uar=0.7470 lr=9.35e-05
[03:46:15] INFO   ep15: train_loss=1.4291 val_acc=0.7580 val_f1=0.7550 val_uar=0.7580 lr=9.21e-05
[03:46:23] INFO   ep16: train_loss=1.3615 val_acc=0.7530 val_f1=0.7487 val_uar=0.7530 lr=9.05e-05
[03:46:31] INFO   ep17: train_loss=1.3211 val_acc=0.7620 val_f1=0.7575 val_uar=0.7620 lr=8.87e-05
[03:46:39] INFO   ep18: train_loss=1.2789 val_acc=0.7730 val_f1=0.7685 val_uar=0.7730 lr=8.68e-05
[03:46:47] INFO   ep19: train_loss=1.2478 val_acc=0.7730 val_f1=0.7683 val_uar=0.7730 lr=8.48e-05
[03:46:55] INFO   ep20: train_loss=1.2107 val_acc=0.7780 val_f1=0.7737 val_uar=0.7780 lr=8.27e-05
[03:47:03] INFO   ep21: train_loss=1.1799 val_acc=0.7750 val_f1=0.7702 val_uar=0.7750 lr=8.05e-05
[03:47:12] INFO   ep22: train_loss=1.1571 val_acc=0.7740 val_f1=0.7716 val_uar=0.7740 lr=7.82e-05
[03:47:20] INFO   ep23: train_loss=1.1331 val_acc=0.7790 val_f1=0.7753 val_uar=0.7790 lr=7.58e-05
[03:47:28] INFO   ep24: train_loss=1.1107 val_acc=0.7780 val_f1=0.7727 val_uar=0.7780 lr=7.33e-05
[03:47:36] INFO   ep25: train_loss=1.0962 val_acc=0.7850 val_f1=0.7809 val_uar=0.7850 lr=7.08e-05
[03:47:44] INFO   ep26: train_loss=1.0851 val_acc=0.7890 val_f1=0.7842 val_uar=0.7890 lr=6.81e-05
[03:47:53] INFO   ep27: train_loss=1.0705 val_acc=0.7760 val_f1=0.7730 val_uar=0.7760 lr=6.55e-05
[03:48:01] INFO   ep28: train_loss=1.0580 val_acc=0.7840 val_f1=0.7800 val_uar=0.7840 lr=6.27e-05
[03:48:09] INFO   ep29: train_loss=1.0450 val_acc=0.7850 val_f1=0.7817 val_uar=0.7850 lr=5.99e-05
[03:48:17] INFO   ep30: train_loss=1.0365 val_acc=0.7880 val_f1=0.7856 val_uar=0.7880 lr=5.71e-05
[03:48:25] INFO   ep31: train_loss=1.0305 val_acc=0.7820 val_f1=0.7775 val_uar=0.7820 lr=5.43e-05
[03:48:33] INFO   ep32: train_loss=1.0166 val_acc=0.7890 val_f1=0.7852 val_uar=0.7890 lr=5.14e-05
[03:48:41] INFO   ep33: train_loss=1.0154 val_acc=0.7810 val_f1=0.7761 val_uar=0.7810 lr=4.86e-05
[03:48:49] INFO   ep34: train_loss=1.0081 val_acc=0.7900 val_f1=0.7862 val_uar=0.7900 lr=4.57e-05
[03:48:57] INFO   ep35: train_loss=1.0028 val_acc=0.7850 val_f1=0.7805 val_uar=0.7850 lr=4.29e-05
[03:49:05] INFO   ep36: train_loss=1.0007 val_acc=0.7860 val_f1=0.7813 val_uar=0.7860 lr=4.01e-05
[03:49:13] INFO   ep37: train_loss=0.9940 val_acc=0.7890 val_f1=0.7846 val_uar=0.7890 lr=3.73e-05
[03:49:21] INFO   ep38: train_loss=0.9901 val_acc=0.7920 val_f1=0.7880 val_uar=0.7920 lr=3.45e-05
[03:49:29] INFO   ep39: train_loss=0.9824 val_acc=0.7910 val_f1=0.7874 val_uar=0.7910 lr=3.19e-05
[03:49:37] INFO   ep40: train_loss=0.9824 val_acc=0.7910 val_f1=0.7870 val_uar=0.7910 lr=2.92e-05
[03:49:45] INFO   ep41: train_loss=0.9824 val_acc=0.7930 val_f1=0.7893 val_uar=0.7930 lr=2.67e-05
[03:49:53] INFO   ep42: train_loss=0.9758 val_acc=0.7950 val_f1=0.7913 val_uar=0.7950 lr=2.42e-05
[03:50:01] INFO   ep43: train_loss=0.9731 val_acc=0.7920 val_f1=0.7886 val_uar=0.7920 lr=2.18e-05
[03:50:09] INFO   ep44: train_loss=0.9738 val_acc=0.7880 val_f1=0.7841 val_uar=0.7880 lr=1.95e-05
[03:50:17] INFO   ep45: train_loss=0.9702 val_acc=0.7890 val_f1=0.7843 val_uar=0.7890 lr=1.73e-05
[03:50:26] INFO   ep46: train_loss=0.9702 val_acc=0.7870 val_f1=0.7840 val_uar=0.7870 lr=1.52e-05
[03:50:34] INFO   ep47: train_loss=0.9698 val_acc=0.7920 val_f1=0.7876 val_uar=0.7920 lr=1.32e-05
[03:50:42] INFO   ep48: train_loss=0.9661 val_acc=0.7900 val_f1=0.7859 val_uar=0.7900 lr=1.13e-05
[03:50:50] INFO   ep49: train_loss=0.9650 val_acc=0.7880 val_f1=0.7839 val_uar=0.7880 lr=9.55e-06
[03:50:59] INFO   ep50: train_loss=0.9627 val_acc=0.7910 val_f1=0.7871 val_uar=0.7910 lr=7.94e-06
[03:51:07] INFO   ep51: train_loss=0.9662 val_acc=0.7900 val_f1=0.7860 val_uar=0.7900 lr=6.46e-06
[03:51:15] INFO   ep52: train_loss=0.9624 val_acc=0.7850 val_f1=0.7812 val_uar=0.7850 lr=5.13e-06
[03:51:23] INFO   ep53: train_loss=0.9607 val_acc=0.7880 val_f1=0.7842 val_uar=0.7880 lr=3.94e-06
[03:51:32] INFO   ep54: train_loss=0.9626 val_acc=0.7950 val_f1=0.7913 val_uar=0.7950 lr=2.91e-06
[03:51:40] INFO   ep55: train_loss=0.9620 val_acc=0.7910 val_f1=0.7873 val_uar=0.7910 lr=2.03e-06
[03:51:48] INFO   ep56: train_loss=0.9596 val_acc=0.7900 val_f1=0.7865 val_uar=0.7900 lr=1.30e-06
[03:51:56] INFO   ep57: train_loss=0.9570 val_acc=0.7900 val_f1=0.7860 val_uar=0.7900 lr=7.32e-07
[03:52:05] INFO   ep58: train_loss=0.9595 val_acc=0.7910 val_f1=0.7873 val_uar=0.7910 lr=3.26e-07
[03:52:13] INFO   ep59: train_loss=0.9595 val_acc=0.7870 val_f1=0.7828 val_uar=0.7870 lr=8.15e-08
[03:52:21] INFO   ep60: train_loss=0.9586 val_acc=0.7920 val_f1=0.7880 val_uar=0.7920 lr=0.00e+00
[03:52:21] INFO [done] resnet50 best_val_acc=0.7950 lr_used=0.0001 ckpt=checkpoints\cub200_resnet50_seed3.pt time=8.6min
[03:52:23] INFO   [E1] eval clean + per colorfulness bin
[03:52:44] INFO   [E2] eval perturbasi warna
[03:58:08] INFO   done resnet50 seed3
[03:58:08] INFO ==== cub200 / resnet50 / seed4 (recipe=adamw gray=False) ====
[03:58:08] INFO [train] cub200/resnet50/seed4 recipe=adamw opt=adamw lr=0.0001 wd=0.05 grayscale=False epochs=60 device=cuda n_train=4994 n_val=1000 bs=64 accum=1
[03:58:44] INFO   ep1: train_loss=5.2976 val_acc=0.0110 val_f1=0.0040 val_uar=0.0110 lr=4.00e-05
[03:58:51] INFO   ep2: train_loss=5.2703 val_acc=0.0160 val_f1=0.0067 val_uar=0.0160 lr=6.00e-05
[03:58:59] INFO   ep3: train_loss=5.2089 val_acc=0.0720 val_f1=0.0554 val_uar=0.0720 lr=8.00e-05
[03:59:07] INFO   ep4: train_loss=5.0249 val_acc=0.2570 val_f1=0.2296 val_uar=0.2570 lr=1.00e-04
[03:59:15] INFO   ep5: train_loss=4.4189 val_acc=0.3870 val_f1=0.3510 val_uar=0.3870 lr=1.00e-04
[03:59:22] INFO   ep6: train_loss=3.5538 val_acc=0.5060 val_f1=0.4713 val_uar=0.5060 lr=9.99e-05
[03:59:30] INFO   ep7: train_loss=2.9076 val_acc=0.5870 val_f1=0.5586 val_uar=0.5870 lr=9.97e-05
[03:59:37] INFO   ep8: train_loss=2.4848 val_acc=0.6370 val_f1=0.6174 val_uar=0.6370 lr=9.93e-05
[03:59:45] INFO   ep9: train_loss=2.1878 val_acc=0.6620 val_f1=0.6481 val_uar=0.6620 lr=9.87e-05
[03:59:53] INFO   ep10: train_loss=1.9753 val_acc=0.7080 val_f1=0.6966 val_uar=0.7080 lr=9.80e-05
[04:00:01] INFO   ep11: train_loss=1.8011 val_acc=0.7300 val_f1=0.7231 val_uar=0.7300 lr=9.71e-05
[04:00:09] INFO   ep12: train_loss=1.6783 val_acc=0.7430 val_f1=0.7400 val_uar=0.7430 lr=9.61e-05
[04:00:17] INFO   ep13: train_loss=1.5778 val_acc=0.7470 val_f1=0.7410 val_uar=0.7470 lr=9.49e-05
[04:00:25] INFO   ep14: train_loss=1.4944 val_acc=0.7530 val_f1=0.7491 val_uar=0.7530 lr=9.35e-05
[04:00:33] INFO   ep15: train_loss=1.4204 val_acc=0.7590 val_f1=0.7546 val_uar=0.7590 lr=9.21e-05
[04:00:41] INFO   ep16: train_loss=1.3650 val_acc=0.7620 val_f1=0.7570 val_uar=0.7620 lr=9.05e-05
[04:00:48] INFO   ep17: train_loss=1.3199 val_acc=0.7630 val_f1=0.7607 val_uar=0.7630 lr=8.87e-05
[04:00:56] INFO   ep18: train_loss=1.2785 val_acc=0.7750 val_f1=0.7735 val_uar=0.7750 lr=8.68e-05
[04:01:05] INFO   ep19: train_loss=1.2415 val_acc=0.7730 val_f1=0.7707 val_uar=0.7730 lr=8.48e-05
[04:01:13] INFO   ep20: train_loss=1.2059 val_acc=0.7770 val_f1=0.7744 val_uar=0.7770 lr=8.27e-05
[04:01:21] INFO   ep21: train_loss=1.1743 val_acc=0.7750 val_f1=0.7718 val_uar=0.7750 lr=8.05e-05
[04:01:29] INFO   ep22: train_loss=1.1464 val_acc=0.7820 val_f1=0.7799 val_uar=0.7820 lr=7.82e-05
[04:01:37] INFO   ep23: train_loss=1.1336 val_acc=0.7790 val_f1=0.7751 val_uar=0.7790 lr=7.58e-05
[04:01:45] INFO   ep24: train_loss=1.1124 val_acc=0.7850 val_f1=0.7827 val_uar=0.7850 lr=7.33e-05
[04:01:53] INFO   ep25: train_loss=1.0971 val_acc=0.7770 val_f1=0.7742 val_uar=0.7770 lr=7.08e-05
[04:02:01] INFO   ep26: train_loss=1.0790 val_acc=0.7910 val_f1=0.7894 val_uar=0.7910 lr=6.81e-05
[04:02:09] INFO   ep27: train_loss=1.0622 val_acc=0.7850 val_f1=0.7821 val_uar=0.7850 lr=6.55e-05
[04:02:17] INFO   ep28: train_loss=1.0591 val_acc=0.7810 val_f1=0.7790 val_uar=0.7810 lr=6.27e-05
[04:02:25] INFO   ep29: train_loss=1.0394 val_acc=0.7840 val_f1=0.7821 val_uar=0.7840 lr=5.99e-05
[04:02:33] INFO   ep30: train_loss=1.0327 val_acc=0.7930 val_f1=0.7903 val_uar=0.7930 lr=5.71e-05
[04:02:41] INFO   ep31: train_loss=1.0262 val_acc=0.7930 val_f1=0.7906 val_uar=0.7930 lr=5.43e-05
[04:02:50] INFO   ep32: train_loss=1.0167 val_acc=0.7950 val_f1=0.7916 val_uar=0.7950 lr=5.14e-05
[04:02:58] INFO   ep33: train_loss=1.0115 val_acc=0.7910 val_f1=0.7879 val_uar=0.7910 lr=4.86e-05
[04:03:06] INFO   ep34: train_loss=1.0025 val_acc=0.7890 val_f1=0.7864 val_uar=0.7890 lr=4.57e-05
[04:03:14] INFO   ep35: train_loss=0.9997 val_acc=0.7940 val_f1=0.7902 val_uar=0.7940 lr=4.29e-05
[04:03:23] INFO   ep36: train_loss=0.9937 val_acc=0.8020 val_f1=0.7979 val_uar=0.8020 lr=4.01e-05
[04:03:31] INFO   ep37: train_loss=0.9923 val_acc=0.7930 val_f1=0.7886 val_uar=0.7930 lr=3.73e-05
[04:03:39] INFO   ep38: train_loss=0.9874 val_acc=0.7960 val_f1=0.7934 val_uar=0.7960 lr=3.45e-05
[04:03:47] INFO   ep39: train_loss=0.9852 val_acc=0.7930 val_f1=0.7897 val_uar=0.7930 lr=3.19e-05
[04:03:56] INFO   ep40: train_loss=0.9799 val_acc=0.7940 val_f1=0.7899 val_uar=0.7940 lr=2.92e-05
[04:04:04] INFO   ep41: train_loss=0.9770 val_acc=0.7960 val_f1=0.7929 val_uar=0.7960 lr=2.67e-05
[04:04:12] INFO   ep42: train_loss=0.9718 val_acc=0.7990 val_f1=0.7948 val_uar=0.7990 lr=2.42e-05
[04:04:20] INFO   ep43: train_loss=0.9742 val_acc=0.7940 val_f1=0.7897 val_uar=0.7940 lr=2.18e-05
[04:04:28] INFO   ep44: train_loss=0.9688 val_acc=0.7980 val_f1=0.7949 val_uar=0.7980 lr=1.95e-05
[04:04:37] INFO   ep45: train_loss=0.9670 val_acc=0.7940 val_f1=0.7907 val_uar=0.7940 lr=1.73e-05
[04:04:45] INFO   ep46: train_loss=0.9660 val_acc=0.7940 val_f1=0.7902 val_uar=0.7940 lr=1.52e-05
[04:04:53] INFO   ep47: train_loss=0.9656 val_acc=0.7920 val_f1=0.7899 val_uar=0.7920 lr=1.32e-05
[04:05:01] INFO   ep48: train_loss=0.9645 val_acc=0.7990 val_f1=0.7955 val_uar=0.7990 lr=1.13e-05
[04:05:09] INFO   ep49: train_loss=0.9637 val_acc=0.7970 val_f1=0.7936 val_uar=0.7970 lr=9.55e-06
[04:05:18] INFO   ep50: train_loss=0.9627 val_acc=0.7970 val_f1=0.7934 val_uar=0.7970 lr=7.94e-06
[04:05:26] INFO   ep51: train_loss=0.9590 val_acc=0.7940 val_f1=0.7897 val_uar=0.7940 lr=6.46e-06
[04:05:34] INFO   ep52: train_loss=0.9590 val_acc=0.7990 val_f1=0.7954 val_uar=0.7990 lr=5.13e-06
[04:05:42] INFO   ep53: train_loss=0.9596 val_acc=0.7980 val_f1=0.7952 val_uar=0.7980 lr=3.94e-06
[04:05:50] INFO   ep54: train_loss=0.9611 val_acc=0.8040 val_f1=0.8000 val_uar=0.8040 lr=2.91e-06
[04:05:58] INFO   ep55: train_loss=0.9600 val_acc=0.7940 val_f1=0.7903 val_uar=0.7940 lr=2.03e-06
[04:06:06] INFO   ep56: train_loss=0.9590 val_acc=0.7990 val_f1=0.7962 val_uar=0.7990 lr=1.30e-06
[04:06:14] INFO   ep57: train_loss=0.9586 val_acc=0.7950 val_f1=0.7914 val_uar=0.7950 lr=7.32e-07
[04:06:23] INFO   ep58: train_loss=0.9557 val_acc=0.7980 val_f1=0.7948 val_uar=0.7980 lr=3.26e-07
[04:06:31] INFO   ep59: train_loss=0.9580 val_acc=0.7970 val_f1=0.7930 val_uar=0.7970 lr=8.15e-08
[04:06:39] INFO   ep60: train_loss=0.9580 val_acc=0.8020 val_f1=0.7986 val_uar=0.8020 lr=0.00e+00
[04:06:39] INFO [done] resnet50 best_val_acc=0.8040 lr_used=0.0001 ckpt=checkpoints\cub200_resnet50_seed4.pt time=8.5min
[04:06:41] INFO   [E1] eval clean + per colorfulness bin
[04:07:01] INFO   [E2] eval perturbasi warna
[04:12:20] INFO   done resnet50 seed4
[04:12:20] INFO ==== cub200 / convnext_tiny / seed0 (recipe=adamw gray=False) ====
[04:12:20] INFO [train] cub200/convnext_tiny/seed0 recipe=adamw opt=adamw lr=0.0001 wd=0.05 grayscale=False epochs=60 device=cuda n_train=4994 n_val=1000 bs=64 accum=1
[04:13:05] INFO   ep1: train_loss=4.6374 val_acc=0.5200 val_f1=0.4831 val_uar=0.5200 lr=4.00e-05
[04:13:14] INFO   ep2: train_loss=2.0134 val_acc=0.8100 val_f1=0.7993 val_uar=0.8100 lr=6.00e-05
[04:13:22] INFO   ep3: train_loss=1.3222 val_acc=0.8180 val_f1=0.8124 val_uar=0.8180 lr=8.00e-05
[04:13:30] INFO   ep4: train_loss=1.1581 val_acc=0.8350 val_f1=0.8272 val_uar=0.8350 lr=1.00e-04
[04:13:39] INFO   ep5: train_loss=1.0775 val_acc=0.8570 val_f1=0.8551 val_uar=0.8570 lr=1.00e-04
[04:13:47] INFO   ep6: train_loss=1.0140 val_acc=0.8390 val_f1=0.8314 val_uar=0.8390 lr=9.99e-05
[04:13:56] INFO   ep7: train_loss=0.9761 val_acc=0.8670 val_f1=0.8632 val_uar=0.8670 lr=9.97e-05
[04:14:04] INFO   ep8: train_loss=0.9459 val_acc=0.8710 val_f1=0.8654 val_uar=0.8710 lr=9.93e-05
[04:14:13] INFO   ep9: train_loss=0.9224 val_acc=0.8660 val_f1=0.8640 val_uar=0.8660 lr=9.87e-05
[04:14:21] INFO   ep10: train_loss=0.9067 val_acc=0.8670 val_f1=0.8646 val_uar=0.8670 lr=9.80e-05
[04:14:30] INFO   ep11: train_loss=0.8996 val_acc=0.8820 val_f1=0.8785 val_uar=0.8820 lr=9.71e-05
[04:14:38] INFO   ep12: train_loss=0.8966 val_acc=0.8750 val_f1=0.8715 val_uar=0.8750 lr=9.61e-05
[04:14:47] INFO   ep13: train_loss=0.9000 val_acc=0.8840 val_f1=0.8797 val_uar=0.8840 lr=9.49e-05
[04:14:56] INFO   ep14: train_loss=0.8971 val_acc=0.8780 val_f1=0.8765 val_uar=0.8780 lr=9.35e-05
[04:15:04] INFO   ep15: train_loss=0.8878 val_acc=0.8850 val_f1=0.8829 val_uar=0.8850 lr=9.21e-05
[04:15:13] INFO   ep16: train_loss=0.8883 val_acc=0.8760 val_f1=0.8736 val_uar=0.8760 lr=9.05e-05
[04:15:22] INFO   ep17: train_loss=0.8855 val_acc=0.8830 val_f1=0.8822 val_uar=0.8830 lr=8.87e-05
[04:15:31] INFO   ep18: train_loss=0.8805 val_acc=0.8930 val_f1=0.8915 val_uar=0.8930 lr=8.68e-05
[04:15:39] INFO   ep19: train_loss=0.8799 val_acc=0.8840 val_f1=0.8829 val_uar=0.8840 lr=8.48e-05
[04:15:48] INFO   ep20: train_loss=0.8764 val_acc=0.8890 val_f1=0.8859 val_uar=0.8890 lr=8.27e-05
[04:15:57] INFO   ep21: train_loss=0.8764 val_acc=0.8910 val_f1=0.8892 val_uar=0.8910 lr=8.05e-05
[04:16:06] INFO   ep22: train_loss=0.8710 val_acc=0.8960 val_f1=0.8935 val_uar=0.8960 lr=7.82e-05
[04:16:15] INFO   ep23: train_loss=0.8721 val_acc=0.8940 val_f1=0.8919 val_uar=0.8940 lr=7.58e-05
[04:16:23] INFO   ep24: train_loss=0.8720 val_acc=0.8890 val_f1=0.8861 val_uar=0.8890 lr=7.33e-05
[04:16:32] INFO   ep25: train_loss=0.8706 val_acc=0.8760 val_f1=0.8745 val_uar=0.8760 lr=7.08e-05
[04:16:41] INFO   ep26: train_loss=0.8681 val_acc=0.8900 val_f1=0.8879 val_uar=0.8900 lr=6.81e-05
[04:16:50] INFO   ep27: train_loss=0.8686 val_acc=0.8850 val_f1=0.8822 val_uar=0.8850 lr=6.55e-05
[04:16:59] INFO   ep28: train_loss=0.8677 val_acc=0.8920 val_f1=0.8901 val_uar=0.8920 lr=6.27e-05
[04:17:08] INFO   ep29: train_loss=0.8675 val_acc=0.8890 val_f1=0.8865 val_uar=0.8890 lr=5.99e-05
[04:17:17] INFO   ep30: train_loss=0.8662 val_acc=0.8900 val_f1=0.8875 val_uar=0.8900 lr=5.71e-05
[04:17:26] INFO   ep31: train_loss=0.8646 val_acc=0.8920 val_f1=0.8898 val_uar=0.8920 lr=5.43e-05
[04:17:35] INFO   ep32: train_loss=0.8640 val_acc=0.8910 val_f1=0.8890 val_uar=0.8910 lr=5.14e-05
[04:17:44] INFO   ep33: train_loss=0.8639 val_acc=0.8890 val_f1=0.8864 val_uar=0.8890 lr=4.86e-05
[04:17:52] INFO   ep34: train_loss=0.8639 val_acc=0.8900 val_f1=0.8881 val_uar=0.8900 lr=4.57e-05
[04:18:01] INFO   ep35: train_loss=0.8629 val_acc=0.8910 val_f1=0.8883 val_uar=0.8910 lr=4.29e-05
[04:18:10] INFO   ep36: train_loss=0.8618 val_acc=0.8940 val_f1=0.8914 val_uar=0.8940 lr=4.01e-05
[04:18:19] INFO   ep37: train_loss=0.8617 val_acc=0.8790 val_f1=0.8777 val_uar=0.8790 lr=3.73e-05
[04:18:28] INFO   ep38: train_loss=0.8612 val_acc=0.8930 val_f1=0.8912 val_uar=0.8930 lr=3.45e-05
[04:18:37] INFO   ep39: train_loss=0.8608 val_acc=0.8910 val_f1=0.8893 val_uar=0.8910 lr=3.19e-05
[04:18:46] INFO   ep40: train_loss=0.8603 val_acc=0.8900 val_f1=0.8874 val_uar=0.8900 lr=2.92e-05
[04:18:55] INFO   ep41: train_loss=0.8601 val_acc=0.8920 val_f1=0.8901 val_uar=0.8920 lr=2.67e-05
[04:19:04] INFO   ep42: train_loss=0.8599 val_acc=0.8890 val_f1=0.8871 val_uar=0.8890 lr=2.42e-05
[04:19:13] INFO   ep43: train_loss=0.8602 val_acc=0.8900 val_f1=0.8881 val_uar=0.8900 lr=2.18e-05
[04:19:22] INFO   ep44: train_loss=0.8594 val_acc=0.8940 val_f1=0.8921 val_uar=0.8940 lr=1.95e-05
[04:19:31] INFO   ep45: train_loss=0.8587 val_acc=0.8960 val_f1=0.8945 val_uar=0.8960 lr=1.73e-05
[04:19:40] INFO   ep46: train_loss=0.8588 val_acc=0.8950 val_f1=0.8935 val_uar=0.8950 lr=1.52e-05
[04:19:49] INFO   ep47: train_loss=0.8595 val_acc=0.8930 val_f1=0.8906 val_uar=0.8930 lr=1.32e-05
[04:19:58] INFO   ep48: train_loss=0.8583 val_acc=0.8950 val_f1=0.8931 val_uar=0.8950 lr=1.13e-05
[04:20:07] INFO   ep49: train_loss=0.8596 val_acc=0.8950 val_f1=0.8924 val_uar=0.8950 lr=9.55e-06
[04:20:16] INFO   ep50: train_loss=0.8581 val_acc=0.8930 val_f1=0.8910 val_uar=0.8930 lr=7.94e-06
[04:20:25] INFO   ep51: train_loss=0.8580 val_acc=0.8940 val_f1=0.8921 val_uar=0.8940 lr=6.46e-06
[04:20:34] INFO   ep52: train_loss=0.8578 val_acc=0.8930 val_f1=0.8912 val_uar=0.8930 lr=5.13e-06
[04:20:43] INFO   ep53: train_loss=0.8587 val_acc=0.8920 val_f1=0.8895 val_uar=0.8920 lr=3.94e-06
[04:20:52] INFO   ep54: train_loss=0.8580 val_acc=0.8900 val_f1=0.8881 val_uar=0.8900 lr=2.91e-06
[04:21:01] INFO   ep55: train_loss=0.8576 val_acc=0.8910 val_f1=0.8891 val_uar=0.8910 lr=2.03e-06
[04:21:10] INFO   ep56: train_loss=0.8587 val_acc=0.8900 val_f1=0.8881 val_uar=0.8900 lr=1.30e-06
[04:21:19] INFO   ep57: train_loss=0.8581 val_acc=0.8900 val_f1=0.8883 val_uar=0.8900 lr=7.32e-07
[04:21:28] INFO   ep58: train_loss=0.8582 val_acc=0.8910 val_f1=0.8893 val_uar=0.8910 lr=3.26e-07
[04:21:37] INFO   ep59: train_loss=0.8580 val_acc=0.8910 val_f1=0.8893 val_uar=0.8910 lr=8.15e-08
[04:21:46] INFO   ep60: train_loss=0.8576 val_acc=0.8910 val_f1=0.8893 val_uar=0.8910 lr=0.00e+00
[04:21:46] INFO [done] convnext_tiny best_val_acc=0.8960 lr_used=0.0001 ckpt=checkpoints\cub200_convnext_tiny_seed0.pt time=9.4min
[04:21:47] INFO   [E1] eval clean + per colorfulness bin
[04:22:09] INFO   [E2] eval perturbasi warna
[04:27:28] INFO   done convnext_tiny seed0
[04:27:28] INFO ==== cub200 / convnext_tiny / seed1 (recipe=adamw gray=False) ====
[04:27:28] INFO [train] cub200/convnext_tiny/seed1 recipe=adamw opt=adamw lr=0.0001 wd=0.05 grayscale=False epochs=60 device=cuda n_train=4994 n_val=1000 bs=64 accum=1
[04:28:04] INFO   ep1: train_loss=4.5789 val_acc=0.4910 val_f1=0.4467 val_uar=0.4910 lr=4.00e-05
[04:28:13] INFO   ep2: train_loss=2.0330 val_acc=0.8090 val_f1=0.7978 val_uar=0.8090 lr=6.00e-05
[04:28:21] INFO   ep3: train_loss=1.3293 val_acc=0.8330 val_f1=0.8241 val_uar=0.8330 lr=8.00e-05
[04:28:29] INFO   ep4: train_loss=1.1684 val_acc=0.8410 val_f1=0.8364 val_uar=0.8410 lr=1.00e-04
[04:28:38] INFO   ep5: train_loss=1.0773 val_acc=0.8350 val_f1=0.8271 val_uar=0.8350 lr=1.00e-04
[04:28:46] INFO   ep6: train_loss=1.0257 val_acc=0.8540 val_f1=0.8512 val_uar=0.8540 lr=9.99e-05
[04:28:55] INFO   ep7: train_loss=0.9871 val_acc=0.8500 val_f1=0.8481 val_uar=0.8500 lr=9.97e-05
[04:29:03] INFO   ep8: train_loss=0.9463 val_acc=0.8730 val_f1=0.8719 val_uar=0.8730 lr=9.93e-05
[04:29:12] INFO   ep9: train_loss=0.9189 val_acc=0.8790 val_f1=0.8776 val_uar=0.8790 lr=9.87e-05
[04:29:20] INFO   ep10: train_loss=0.9060 val_acc=0.8770 val_f1=0.8738 val_uar=0.8770 lr=9.80e-05
[04:29:29] INFO   ep11: train_loss=0.8983 val_acc=0.8800 val_f1=0.8791 val_uar=0.8800 lr=9.71e-05
[04:29:37] INFO   ep12: train_loss=0.8943 val_acc=0.8880 val_f1=0.8836 val_uar=0.8880 lr=9.61e-05
[04:29:46] INFO   ep13: train_loss=0.8892 val_acc=0.8800 val_f1=0.8782 val_uar=0.8800 lr=9.49e-05
[04:29:55] INFO   ep14: train_loss=0.8850 val_acc=0.8850 val_f1=0.8829 val_uar=0.8850 lr=9.35e-05
[04:30:03] INFO   ep15: train_loss=0.8820 val_acc=0.8910 val_f1=0.8890 val_uar=0.8910 lr=9.21e-05
[04:30:12] INFO   ep16: train_loss=0.8836 val_acc=0.8780 val_f1=0.8752 val_uar=0.8780 lr=9.05e-05
[04:30:21] INFO   ep17: train_loss=0.8799 val_acc=0.8740 val_f1=0.8703 val_uar=0.8740 lr=8.87e-05
[04:30:30] INFO   ep18: train_loss=0.8785 val_acc=0.8790 val_f1=0.8760 val_uar=0.8790 lr=8.68e-05
[04:30:38] INFO   ep19: train_loss=0.8756 val_acc=0.8850 val_f1=0.8825 val_uar=0.8850 lr=8.48e-05
[04:30:47] INFO   ep20: train_loss=0.8767 val_acc=0.8820 val_f1=0.8783 val_uar=0.8820 lr=8.27e-05
[04:30:56] INFO   ep21: train_loss=0.8757 val_acc=0.8810 val_f1=0.8796 val_uar=0.8810 lr=8.05e-05
[04:31:05] INFO   ep22: train_loss=0.8740 val_acc=0.8800 val_f1=0.8779 val_uar=0.8800 lr=7.82e-05
[04:31:14] INFO   ep23: train_loss=0.8737 val_acc=0.8840 val_f1=0.8818 val_uar=0.8840 lr=7.58e-05
[04:31:23] INFO   ep24: train_loss=0.8719 val_acc=0.8840 val_f1=0.8816 val_uar=0.8840 lr=7.33e-05
[04:31:32] INFO   ep25: train_loss=0.8737 val_acc=0.8810 val_f1=0.8789 val_uar=0.8810 lr=7.08e-05
[04:31:41] INFO   ep26: train_loss=0.8777 val_acc=0.8780 val_f1=0.8754 val_uar=0.8780 lr=6.81e-05
[04:31:50] INFO   ep27: train_loss=0.8707 val_acc=0.8880 val_f1=0.8862 val_uar=0.8880 lr=6.55e-05
[04:31:59] INFO   ep28: train_loss=0.8693 val_acc=0.8660 val_f1=0.8645 val_uar=0.8660 lr=6.27e-05
[04:32:07] INFO   ep29: train_loss=0.8755 val_acc=0.8710 val_f1=0.8679 val_uar=0.8710 lr=5.99e-05
[04:32:16] INFO   ep30: train_loss=0.8749 val_acc=0.8820 val_f1=0.8804 val_uar=0.8820 lr=5.71e-05
[04:32:25] INFO   ep31: train_loss=0.8700 val_acc=0.8840 val_f1=0.8827 val_uar=0.8840 lr=5.43e-05
[04:32:34] INFO   ep32: train_loss=0.8700 val_acc=0.8730 val_f1=0.8694 val_uar=0.8730 lr=5.14e-05
[04:32:43] INFO   ep33: train_loss=0.8705 val_acc=0.8840 val_f1=0.8824 val_uar=0.8840 lr=4.86e-05
[04:32:52] INFO   ep34: train_loss=0.8676 val_acc=0.8810 val_f1=0.8791 val_uar=0.8810 lr=4.57e-05
[04:33:01] INFO   ep35: train_loss=0.8652 val_acc=0.8840 val_f1=0.8819 val_uar=0.8840 lr=4.29e-05
[04:33:10] INFO   ep36: train_loss=0.8632 val_acc=0.8850 val_f1=0.8833 val_uar=0.8850 lr=4.01e-05
[04:33:19] INFO   ep37: train_loss=0.8618 val_acc=0.8840 val_f1=0.8827 val_uar=0.8840 lr=3.73e-05
[04:33:28] INFO   ep38: train_loss=0.8638 val_acc=0.8790 val_f1=0.8769 val_uar=0.8790 lr=3.45e-05
[04:33:37] INFO   ep39: train_loss=0.8617 val_acc=0.8880 val_f1=0.8868 val_uar=0.8880 lr=3.19e-05
[04:33:46] INFO   ep40: train_loss=0.8630 val_acc=0.8810 val_f1=0.8780 val_uar=0.8810 lr=2.92e-05
[04:33:55] INFO   ep41: train_loss=0.8627 val_acc=0.8850 val_f1=0.8821 val_uar=0.8850 lr=2.67e-05
[04:34:04] INFO   ep42: train_loss=0.8605 val_acc=0.8860 val_f1=0.8844 val_uar=0.8860 lr=2.42e-05
[04:34:13] INFO   ep43: train_loss=0.8610 val_acc=0.8860 val_f1=0.8827 val_uar=0.8860 lr=2.18e-05
[04:34:22] INFO   ep44: train_loss=0.8602 val_acc=0.8890 val_f1=0.8870 val_uar=0.8890 lr=1.95e-05
[04:34:31] INFO   ep45: train_loss=0.8593 val_acc=0.8870 val_f1=0.8855 val_uar=0.8870 lr=1.73e-05
[04:34:40] INFO   ep46: train_loss=0.8592 val_acc=0.8920 val_f1=0.8908 val_uar=0.8920 lr=1.52e-05
[04:34:49] INFO   ep47: train_loss=0.8601 val_acc=0.8860 val_f1=0.8844 val_uar=0.8860 lr=1.32e-05
[04:34:58] INFO   ep48: train_loss=0.8600 val_acc=0.8910 val_f1=0.8886 val_uar=0.8910 lr=1.13e-05
[04:35:07] INFO   ep49: train_loss=0.8596 val_acc=0.8880 val_f1=0.8868 val_uar=0.8880 lr=9.55e-06
[04:35:16] INFO   ep50: train_loss=0.8586 val_acc=0.8910 val_f1=0.8900 val_uar=0.8910 lr=7.94e-06
[04:35:25] INFO   ep51: train_loss=0.8587 val_acc=0.8920 val_f1=0.8901 val_uar=0.8920 lr=6.46e-06
[04:35:34] INFO   ep52: train_loss=0.8585 val_acc=0.8920 val_f1=0.8902 val_uar=0.8920 lr=5.13e-06
[04:35:43] INFO   ep53: train_loss=0.8585 val_acc=0.8910 val_f1=0.8891 val_uar=0.8910 lr=3.94e-06
[04:35:52] INFO   ep54: train_loss=0.8581 val_acc=0.8930 val_f1=0.8910 val_uar=0.8930 lr=2.91e-06
[04:36:01] INFO   ep55: train_loss=0.8580 val_acc=0.8920 val_f1=0.8903 val_uar=0.8920 lr=2.03e-06
[04:36:10] INFO   ep56: train_loss=0.8583 val_acc=0.8900 val_f1=0.8883 val_uar=0.8900 lr=1.30e-06
[04:36:19] INFO   ep57: train_loss=0.8579 val_acc=0.8900 val_f1=0.8881 val_uar=0.8900 lr=7.32e-07
[04:36:28] INFO   ep58: train_loss=0.8579 val_acc=0.8900 val_f1=0.8881 val_uar=0.8900 lr=3.26e-07
[04:36:37] INFO   ep59: train_loss=0.8580 val_acc=0.8890 val_f1=0.8873 val_uar=0.8890 lr=8.15e-08
[04:36:46] INFO   ep60: train_loss=0.8578 val_acc=0.8900 val_f1=0.8887 val_uar=0.8900 lr=0.00e+00
[04:36:46] INFO [done] convnext_tiny best_val_acc=0.8930 lr_used=0.0001 ckpt=checkpoints\cub200_convnext_tiny_seed1.pt time=9.3min
[04:36:48] INFO   [E1] eval clean + per colorfulness bin
[04:37:08] INFO   [E2] eval perturbasi warna
[04:42:27] INFO   done convnext_tiny seed1
[04:42:27] INFO ==== cub200 / convnext_tiny / seed2 (recipe=adamw gray=False) ====
[04:42:28] INFO [train] cub200/convnext_tiny/seed2 recipe=adamw opt=adamw lr=0.0001 wd=0.05 grayscale=False epochs=60 device=cuda n_train=4994 n_val=1000 bs=64 accum=1
[04:43:04] INFO   ep1: train_loss=4.7092 val_acc=0.4570 val_f1=0.4250 val_uar=0.4570 lr=4.00e-05
[04:43:13] INFO   ep2: train_loss=2.1223 val_acc=0.7810 val_f1=0.7715 val_uar=0.7810 lr=6.00e-05
[04:43:21] INFO   ep3: train_loss=1.3384 val_acc=0.8190 val_f1=0.8099 val_uar=0.8190 lr=8.00e-05
[04:43:29] INFO   ep4: train_loss=1.1737 val_acc=0.8300 val_f1=0.8257 val_uar=0.8300 lr=1.00e-04
[04:43:38] INFO   ep5: train_loss=1.0885 val_acc=0.8480 val_f1=0.8449 val_uar=0.8480 lr=1.00e-04
[04:43:46] INFO   ep6: train_loss=1.0173 val_acc=0.8350 val_f1=0.8289 val_uar=0.8350 lr=9.99e-05
[04:43:55] INFO   ep7: train_loss=0.9671 val_acc=0.8630 val_f1=0.8606 val_uar=0.8630 lr=9.97e-05
[04:44:04] INFO   ep8: train_loss=0.9440 val_acc=0.8570 val_f1=0.8540 val_uar=0.8570 lr=9.93e-05
[04:44:12] INFO   ep9: train_loss=0.9198 val_acc=0.8650 val_f1=0.8650 val_uar=0.8650 lr=9.87e-05
[04:44:21] INFO   ep10: train_loss=0.9127 val_acc=0.8690 val_f1=0.8674 val_uar=0.8690 lr=9.80e-05
[04:44:29] INFO   ep11: train_loss=0.8980 val_acc=0.8820 val_f1=0.8801 val_uar=0.8820 lr=9.71e-05
[04:44:38] INFO   ep12: train_loss=0.8965 val_acc=0.8670 val_f1=0.8653 val_uar=0.8670 lr=9.61e-05
[04:44:46] INFO   ep13: train_loss=0.8907 val_acc=0.8770 val_f1=0.8742 val_uar=0.8770 lr=9.49e-05
[04:44:55] INFO   ep14: train_loss=0.8878 val_acc=0.8820 val_f1=0.8799 val_uar=0.8820 lr=9.35e-05
[04:45:04] INFO   ep15: train_loss=0.8867 val_acc=0.8800 val_f1=0.8766 val_uar=0.8800 lr=9.21e-05
[04:45:13] INFO   ep16: train_loss=0.8831 val_acc=0.8730 val_f1=0.8706 val_uar=0.8730 lr=9.05e-05
[04:45:22] INFO   ep17: train_loss=0.8790 val_acc=0.8650 val_f1=0.8627 val_uar=0.8650 lr=8.87e-05
[04:45:30] INFO   ep18: train_loss=0.8784 val_acc=0.8750 val_f1=0.8720 val_uar=0.8750 lr=8.68e-05
[04:45:39] INFO   ep19: train_loss=0.8801 val_acc=0.8720 val_f1=0.8703 val_uar=0.8720 lr=8.48e-05
[04:45:48] INFO   ep20: train_loss=0.8880 val_acc=0.8830 val_f1=0.8821 val_uar=0.8830 lr=8.27e-05
[04:45:57] INFO   ep21: train_loss=0.8797 val_acc=0.8810 val_f1=0.8791 val_uar=0.8810 lr=8.05e-05
[04:46:06] INFO   ep22: train_loss=0.8800 val_acc=0.8720 val_f1=0.8708 val_uar=0.8720 lr=7.82e-05
[04:46:15] INFO   ep23: train_loss=0.8780 val_acc=0.8740 val_f1=0.8691 val_uar=0.8740 lr=7.58e-05
[04:46:24] INFO   ep24: train_loss=0.8823 val_acc=0.8730 val_f1=0.8735 val_uar=0.8730 lr=7.33e-05
[04:46:32] INFO   ep25: train_loss=0.8977 val_acc=0.8470 val_f1=0.8474 val_uar=0.8470 lr=7.08e-05
[04:46:41] INFO   ep26: train_loss=0.9009 val_acc=0.8560 val_f1=0.8547 val_uar=0.8560 lr=6.81e-05
[04:46:50] INFO   ep27: train_loss=0.8888 val_acc=0.8700 val_f1=0.8678 val_uar=0.8700 lr=6.55e-05
[04:46:59] INFO   ep28: train_loss=0.8767 val_acc=0.8680 val_f1=0.8666 val_uar=0.8680 lr=6.27e-05
[04:47:08] INFO   ep29: train_loss=0.8748 val_acc=0.8590 val_f1=0.8566 val_uar=0.8590 lr=5.99e-05
[04:47:17] INFO   ep30: train_loss=0.8736 val_acc=0.8670 val_f1=0.8649 val_uar=0.8670 lr=5.71e-05
[04:47:26] INFO   ep31: train_loss=0.8679 val_acc=0.8770 val_f1=0.8753 val_uar=0.8770 lr=5.43e-05
[04:47:35] INFO   ep32: train_loss=0.8677 val_acc=0.8810 val_f1=0.8797 val_uar=0.8810 lr=5.14e-05
[04:47:44] INFO   ep33: train_loss=0.8650 val_acc=0.8750 val_f1=0.8736 val_uar=0.8750 lr=4.86e-05
[04:47:52] INFO   ep34: train_loss=0.8662 val_acc=0.8700 val_f1=0.8664 val_uar=0.8700 lr=4.57e-05
[04:48:01] INFO   ep35: train_loss=0.8668 val_acc=0.8770 val_f1=0.8751 val_uar=0.8770 lr=4.29e-05
[04:48:10] INFO   ep36: train_loss=0.8651 val_acc=0.8660 val_f1=0.8613 val_uar=0.8660 lr=4.01e-05
[04:48:19] INFO   ep37: train_loss=0.8640 val_acc=0.8750 val_f1=0.8733 val_uar=0.8750 lr=3.73e-05
[04:48:28] INFO   ep38: train_loss=0.8627 val_acc=0.8780 val_f1=0.8762 val_uar=0.8780 lr=3.45e-05
[04:48:37] INFO   ep39: train_loss=0.8626 val_acc=0.8800 val_f1=0.8782 val_uar=0.8800 lr=3.19e-05
[04:48:46] INFO   ep40: train_loss=0.8610 val_acc=0.8740 val_f1=0.8711 val_uar=0.8740 lr=2.92e-05
[04:48:55] INFO   ep41: train_loss=0.8613 val_acc=0.8780 val_f1=0.8756 val_uar=0.8780 lr=2.67e-05
[04:49:04] INFO   ep42: train_loss=0.8602 val_acc=0.8790 val_f1=0.8764 val_uar=0.8790 lr=2.42e-05
[04:49:13] INFO   ep43: train_loss=0.8598 val_acc=0.8810 val_f1=0.8798 val_uar=0.8810 lr=2.18e-05
[04:49:22] INFO   ep44: train_loss=0.8594 val_acc=0.8800 val_f1=0.8774 val_uar=0.8800 lr=1.95e-05
[04:49:31] INFO   ep45: train_loss=0.8601 val_acc=0.8780 val_f1=0.8754 val_uar=0.8780 lr=1.73e-05
[04:49:40] INFO   ep46: train_loss=0.8592 val_acc=0.8800 val_f1=0.8779 val_uar=0.8800 lr=1.52e-05
[04:49:48] INFO   ep47: train_loss=0.8591 val_acc=0.8780 val_f1=0.8763 val_uar=0.8780 lr=1.32e-05
[04:49:57] INFO   ep48: train_loss=0.8590 val_acc=0.8800 val_f1=0.8772 val_uar=0.8800 lr=1.13e-05
[04:50:06] INFO   ep49: train_loss=0.8588 val_acc=0.8800 val_f1=0.8777 val_uar=0.8800 lr=9.55e-06
[04:50:15] INFO   ep50: train_loss=0.8585 val_acc=0.8790 val_f1=0.8766 val_uar=0.8790 lr=7.94e-06
[04:50:24] INFO   ep51: train_loss=0.8587 val_acc=0.8810 val_f1=0.8786 val_uar=0.8810 lr=6.46e-06
[04:50:33] INFO   ep52: train_loss=0.8581 val_acc=0.8800 val_f1=0.8777 val_uar=0.8800 lr=5.13e-06
[04:50:42] INFO   ep53: train_loss=0.8588 val_acc=0.8820 val_f1=0.8802 val_uar=0.8820 lr=3.94e-06
[04:50:51] INFO   ep54: train_loss=0.8581 val_acc=0.8820 val_f1=0.8802 val_uar=0.8820 lr=2.91e-06
[04:51:00] INFO   ep55: train_loss=0.8591 val_acc=0.8810 val_f1=0.8791 val_uar=0.8810 lr=2.03e-06
[04:51:09] INFO   ep56: train_loss=0.8579 val_acc=0.8820 val_f1=0.8805 val_uar=0.8820 lr=1.30e-06
[04:51:18] INFO   ep57: train_loss=0.8585 val_acc=0.8820 val_f1=0.8804 val_uar=0.8820 lr=7.32e-07
[04:51:27] INFO   ep58: train_loss=0.8579 val_acc=0.8810 val_f1=0.8795 val_uar=0.8810 lr=3.26e-07
[04:51:36] INFO   ep59: train_loss=0.8587 val_acc=0.8810 val_f1=0.8795 val_uar=0.8810 lr=8.15e-08
[04:51:45] INFO   ep60: train_loss=0.8587 val_acc=0.8810 val_f1=0.8795 val_uar=0.8810 lr=0.00e+00
[04:51:45] INFO [done] convnext_tiny best_val_acc=0.8830 lr_used=0.0001 ckpt=checkpoints\cub200_convnext_tiny_seed2.pt time=9.3min
[04:51:46] INFO   [E1] eval clean + per colorfulness bin
[04:52:06] INFO   [E2] eval perturbasi warna
[04:57:21] INFO   done convnext_tiny seed2
[04:57:21] INFO ==== cub200 / convnext_tiny / seed3 (recipe=adamw gray=False) ====
[04:57:22] INFO [train] cub200/convnext_tiny/seed3 recipe=adamw opt=adamw lr=0.0001 wd=0.05 grayscale=False epochs=60 device=cuda n_train=4994 n_val=1000 bs=64 accum=1
[04:57:58] INFO   ep1: train_loss=4.6117 val_acc=0.5120 val_f1=0.4771 val_uar=0.5120 lr=4.00e-05
[04:58:06] INFO   ep2: train_loss=1.9860 val_acc=0.7950 val_f1=0.7817 val_uar=0.7950 lr=6.00e-05
[04:58:14] INFO   ep3: train_loss=1.3345 val_acc=0.8350 val_f1=0.8262 val_uar=0.8350 lr=8.00e-05
[04:58:23] INFO   ep4: train_loss=1.1680 val_acc=0.8360 val_f1=0.8321 val_uar=0.8360 lr=1.00e-04
[04:58:31] INFO   ep5: train_loss=1.0856 val_acc=0.8040 val_f1=0.7990 val_uar=0.8040 lr=1.00e-04
[04:58:39] INFO   ep6: train_loss=1.0309 val_acc=0.8410 val_f1=0.8363 val_uar=0.8410 lr=9.99e-05
[04:58:48] INFO   ep7: train_loss=0.9727 val_acc=0.8640 val_f1=0.8610 val_uar=0.8640 lr=9.97e-05
[04:58:56] INFO   ep8: train_loss=0.9448 val_acc=0.8660 val_f1=0.8636 val_uar=0.8660 lr=9.93e-05
[04:59:05] INFO   ep9: train_loss=0.9214 val_acc=0.8770 val_f1=0.8739 val_uar=0.8770 lr=9.87e-05
[04:59:13] INFO   ep10: train_loss=0.9094 val_acc=0.8700 val_f1=0.8689 val_uar=0.8700 lr=9.80e-05
[04:59:22] INFO   ep11: train_loss=0.9029 val_acc=0.8840 val_f1=0.8811 val_uar=0.8840 lr=9.71e-05
[04:59:30] INFO   ep12: train_loss=0.8966 val_acc=0.8780 val_f1=0.8758 val_uar=0.8780 lr=9.61e-05
[04:59:39] INFO   ep13: train_loss=0.8914 val_acc=0.8820 val_f1=0.8806 val_uar=0.8820 lr=9.49e-05
[04:59:47] INFO   ep14: train_loss=0.8865 val_acc=0.8860 val_f1=0.8828 val_uar=0.8860 lr=9.35e-05
[04:59:56] INFO   ep15: train_loss=0.8884 val_acc=0.8810 val_f1=0.8784 val_uar=0.8810 lr=9.21e-05
[05:00:04] INFO   ep16: train_loss=0.8849 val_acc=0.8780 val_f1=0.8778 val_uar=0.8780 lr=9.05e-05
[05:00:13] INFO   ep17: train_loss=0.8868 val_acc=0.8840 val_f1=0.8841 val_uar=0.8840 lr=8.87e-05
[05:00:22] INFO   ep18: train_loss=0.8872 val_acc=0.8810 val_f1=0.8785 val_uar=0.8810 lr=8.68e-05
[05:00:31] INFO   ep19: train_loss=0.8813 val_acc=0.8820 val_f1=0.8799 val_uar=0.8820 lr=8.48e-05
[05:00:39] INFO   ep20: train_loss=0.8810 val_acc=0.8840 val_f1=0.8817 val_uar=0.8840 lr=8.27e-05
[05:00:48] INFO   ep21: train_loss=0.8866 val_acc=0.8880 val_f1=0.8859 val_uar=0.8880 lr=8.05e-05
[05:00:57] INFO   ep22: train_loss=0.8806 val_acc=0.8760 val_f1=0.8715 val_uar=0.8760 lr=7.82e-05
[05:01:06] INFO   ep23: train_loss=0.8772 val_acc=0.8880 val_f1=0.8876 val_uar=0.8880 lr=7.58e-05
[05:01:15] INFO   ep24: train_loss=0.8745 val_acc=0.8780 val_f1=0.8773 val_uar=0.8780 lr=7.33e-05
[05:01:23] INFO   ep25: train_loss=0.8741 val_acc=0.8800 val_f1=0.8784 val_uar=0.8800 lr=7.08e-05
[05:01:32] INFO   ep26: train_loss=0.8715 val_acc=0.8810 val_f1=0.8795 val_uar=0.8810 lr=6.81e-05
[05:01:41] INFO   ep27: train_loss=0.8701 val_acc=0.8880 val_f1=0.8873 val_uar=0.8880 lr=6.55e-05
[05:01:50] INFO   ep28: train_loss=0.8683 val_acc=0.8930 val_f1=0.8920 val_uar=0.8930 lr=6.27e-05
[05:01:59] INFO   ep29: train_loss=0.8664 val_acc=0.8860 val_f1=0.8857 val_uar=0.8860 lr=5.99e-05
[05:02:08] INFO   ep30: train_loss=0.8660 val_acc=0.8840 val_f1=0.8825 val_uar=0.8840 lr=5.71e-05
[05:02:16] INFO   ep31: train_loss=0.8657 val_acc=0.8850 val_f1=0.8837 val_uar=0.8850 lr=5.43e-05
[05:02:25] INFO   ep32: train_loss=0.8653 val_acc=0.8870 val_f1=0.8855 val_uar=0.8870 lr=5.14e-05
[05:02:34] INFO   ep33: train_loss=0.8661 val_acc=0.8880 val_f1=0.8866 val_uar=0.8880 lr=4.86e-05
[05:02:43] INFO   ep34: train_loss=0.8657 val_acc=0.8860 val_f1=0.8852 val_uar=0.8860 lr=4.57e-05
[05:02:52] INFO   ep35: train_loss=0.8634 val_acc=0.8860 val_f1=0.8856 val_uar=0.8860 lr=4.29e-05
[05:03:01] INFO   ep36: train_loss=0.8633 val_acc=0.8880 val_f1=0.8878 val_uar=0.8880 lr=4.01e-05
[05:03:10] INFO   ep37: train_loss=0.8629 val_acc=0.8880 val_f1=0.8873 val_uar=0.8880 lr=3.73e-05
[05:03:19] INFO   ep38: train_loss=0.8607 val_acc=0.8930 val_f1=0.8924 val_uar=0.8930 lr=3.45e-05
[05:03:27] INFO   ep39: train_loss=0.8606 val_acc=0.8920 val_f1=0.8915 val_uar=0.8920 lr=3.19e-05
[05:03:36] INFO   ep40: train_loss=0.8609 val_acc=0.8860 val_f1=0.8854 val_uar=0.8860 lr=2.92e-05
[05:03:45] INFO   ep41: train_loss=0.8600 val_acc=0.8900 val_f1=0.8889 val_uar=0.8900 lr=2.67e-05
[05:03:54] INFO   ep42: train_loss=0.8600 val_acc=0.8850 val_f1=0.8840 val_uar=0.8850 lr=2.42e-05
[05:04:03] INFO   ep43: train_loss=0.8597 val_acc=0.8920 val_f1=0.8908 val_uar=0.8920 lr=2.18e-05
[05:04:12] INFO   ep44: train_loss=0.8592 val_acc=0.8930 val_f1=0.8916 val_uar=0.8930 lr=1.95e-05
[05:04:21] INFO   ep45: train_loss=0.8590 val_acc=0.8900 val_f1=0.8886 val_uar=0.8900 lr=1.73e-05
[05:04:30] INFO   ep46: train_loss=0.8590 val_acc=0.8880 val_f1=0.8870 val_uar=0.8880 lr=1.52e-05
[05:04:39] INFO   ep47: train_loss=0.8589 val_acc=0.8920 val_f1=0.8912 val_uar=0.8920 lr=1.32e-05
[05:04:47] INFO   ep48: train_loss=0.8594 val_acc=0.8930 val_f1=0.8923 val_uar=0.8930 lr=1.13e-05
[05:04:56] INFO   ep49: train_loss=0.8583 val_acc=0.8930 val_f1=0.8920 val_uar=0.8930 lr=9.55e-06
[05:05:05] INFO   ep50: train_loss=0.8583 val_acc=0.8880 val_f1=0.8870 val_uar=0.8880 lr=7.94e-06
[05:05:14] INFO   ep51: train_loss=0.8588 val_acc=0.8910 val_f1=0.8903 val_uar=0.8910 lr=6.46e-06
[05:05:23] INFO   ep52: train_loss=0.8580 val_acc=0.8910 val_f1=0.8898 val_uar=0.8910 lr=5.13e-06
[05:05:32] INFO   ep53: train_loss=0.8578 val_acc=0.8940 val_f1=0.8931 val_uar=0.8940 lr=3.94e-06
[05:05:41] INFO   ep54: train_loss=0.8577 val_acc=0.8930 val_f1=0.8921 val_uar=0.8930 lr=2.91e-06
[05:05:50] INFO   ep55: train_loss=0.8585 val_acc=0.8850 val_f1=0.8833 val_uar=0.8850 lr=2.03e-06
[05:05:59] INFO   ep56: train_loss=0.8580 val_acc=0.8870 val_f1=0.8858 val_uar=0.8870 lr=1.30e-06
[05:06:08] INFO   ep57: train_loss=0.8578 val_acc=0.8880 val_f1=0.8869 val_uar=0.8880 lr=7.32e-07
[05:06:17] INFO   ep58: train_loss=0.8580 val_acc=0.8880 val_f1=0.8870 val_uar=0.8880 lr=3.26e-07
[05:06:26] INFO   ep59: train_loss=0.8578 val_acc=0.8880 val_f1=0.8870 val_uar=0.8880 lr=8.15e-08
[05:06:34] INFO   ep60: train_loss=0.8582 val_acc=0.8880 val_f1=0.8870 val_uar=0.8880 lr=0.00e+00
[05:06:34] INFO [done] convnext_tiny best_val_acc=0.8940 lr_used=0.0001 ckpt=checkpoints\cub200_convnext_tiny_seed3.pt time=9.2min
[05:06:36] INFO   [E1] eval clean + per colorfulness bin
[05:06:55] INFO   [E2] eval perturbasi warna
[05:12:11] INFO   done convnext_tiny seed3
[05:12:11] INFO ==== cub200 / convnext_tiny / seed4 (recipe=adamw gray=False) ====
[05:12:12] INFO [train] cub200/convnext_tiny/seed4 recipe=adamw opt=adamw lr=0.0001 wd=0.05 grayscale=False epochs=60 device=cuda n_train=4994 n_val=1000 bs=64 accum=1
[05:12:48] INFO   ep1: train_loss=4.6898 val_acc=0.4630 val_f1=0.4175 val_uar=0.4630 lr=4.00e-05
[05:12:57] INFO   ep2: train_loss=2.0568 val_acc=0.8040 val_f1=0.7904 val_uar=0.8040 lr=6.00e-05
[05:13:05] INFO   ep3: train_loss=1.3257 val_acc=0.8240 val_f1=0.8161 val_uar=0.8240 lr=8.00e-05
[05:13:13] INFO   ep4: train_loss=1.1868 val_acc=0.8400 val_f1=0.8360 val_uar=0.8400 lr=1.00e-04
[05:13:22] INFO   ep5: train_loss=1.0991 val_acc=0.8440 val_f1=0.8382 val_uar=0.8440 lr=1.00e-04
[05:13:30] INFO   ep6: train_loss=1.0175 val_acc=0.8460 val_f1=0.8414 val_uar=0.8460 lr=9.99e-05
[05:13:39] INFO   ep7: train_loss=0.9699 val_acc=0.8630 val_f1=0.8604 val_uar=0.8630 lr=9.97e-05
[05:13:47] INFO   ep8: train_loss=0.9409 val_acc=0.8680 val_f1=0.8680 val_uar=0.8680 lr=9.93e-05
[05:13:56] INFO   ep9: train_loss=0.9193 val_acc=0.8770 val_f1=0.8742 val_uar=0.8770 lr=9.87e-05
[05:14:05] INFO   ep10: train_loss=0.9115 val_acc=0.8820 val_f1=0.8825 val_uar=0.8820 lr=9.80e-05
[05:14:13] INFO   ep11: train_loss=0.9004 val_acc=0.8840 val_f1=0.8822 val_uar=0.8840 lr=9.71e-05
[05:14:22] INFO   ep12: train_loss=0.8969 val_acc=0.8890 val_f1=0.8881 val_uar=0.8890 lr=9.61e-05
[05:14:30] INFO   ep13: train_loss=0.8918 val_acc=0.8920 val_f1=0.8905 val_uar=0.8920 lr=9.49e-05
[05:14:39] INFO   ep14: train_loss=0.8876 val_acc=0.8900 val_f1=0.8885 val_uar=0.8900 lr=9.35e-05
[05:14:48] INFO   ep15: train_loss=0.8869 val_acc=0.8860 val_f1=0.8832 val_uar=0.8860 lr=9.21e-05
[05:14:56] INFO   ep16: train_loss=0.8830 val_acc=0.8820 val_f1=0.8808 val_uar=0.8820 lr=9.05e-05
[05:15:05] INFO   ep17: train_loss=0.8870 val_acc=0.8890 val_f1=0.8876 val_uar=0.8890 lr=8.87e-05
[05:15:14] INFO   ep18: train_loss=0.8831 val_acc=0.8820 val_f1=0.8805 val_uar=0.8820 lr=8.68e-05
[05:15:23] INFO   ep19: train_loss=0.8795 val_acc=0.8820 val_f1=0.8806 val_uar=0.8820 lr=8.48e-05
[05:15:31] INFO   ep20: train_loss=0.8763 val_acc=0.8890 val_f1=0.8874 val_uar=0.8890 lr=8.27e-05
[05:15:40] INFO   ep21: train_loss=0.8723 val_acc=0.8900 val_f1=0.8887 val_uar=0.8900 lr=8.05e-05
[05:15:49] INFO   ep22: train_loss=0.8704 val_acc=0.8900 val_f1=0.8883 val_uar=0.8900 lr=7.82e-05
[05:15:58] INFO   ep23: train_loss=0.8708 val_acc=0.8860 val_f1=0.8840 val_uar=0.8860 lr=7.58e-05
[05:16:07] INFO   ep24: train_loss=0.8754 val_acc=0.8710 val_f1=0.8676 val_uar=0.8710 lr=7.33e-05
[05:16:16] INFO   ep25: train_loss=0.8802 val_acc=0.8780 val_f1=0.8765 val_uar=0.8780 lr=7.08e-05
[05:16:24] INFO   ep26: train_loss=0.8727 val_acc=0.8930 val_f1=0.8921 val_uar=0.8930 lr=6.81e-05
[05:16:33] INFO   ep27: train_loss=0.8691 val_acc=0.8890 val_f1=0.8872 val_uar=0.8890 lr=6.55e-05
[05:16:42] INFO   ep28: train_loss=0.8682 val_acc=0.8890 val_f1=0.8855 val_uar=0.8890 lr=6.27e-05
[05:16:51] INFO   ep29: train_loss=0.8681 val_acc=0.8860 val_f1=0.8850 val_uar=0.8860 lr=5.99e-05
[05:17:00] INFO   ep30: train_loss=0.8653 val_acc=0.8890 val_f1=0.8881 val_uar=0.8890 lr=5.71e-05
[05:17:09] INFO   ep31: train_loss=0.8666 val_acc=0.8890 val_f1=0.8880 val_uar=0.8890 lr=5.43e-05
[05:17:18] INFO   ep32: train_loss=0.8672 val_acc=0.8920 val_f1=0.8910 val_uar=0.8920 lr=5.14e-05
[05:17:27] INFO   ep33: train_loss=0.8652 val_acc=0.8880 val_f1=0.8860 val_uar=0.8880 lr=4.86e-05
[05:17:36] INFO   ep34: train_loss=0.8629 val_acc=0.8910 val_f1=0.8897 val_uar=0.8910 lr=4.57e-05
[05:17:45] INFO   ep35: train_loss=0.8622 val_acc=0.8870 val_f1=0.8853 val_uar=0.8870 lr=4.29e-05
[05:17:54] INFO   ep36: train_loss=0.8630 val_acc=0.8900 val_f1=0.8885 val_uar=0.8900 lr=4.01e-05
[05:18:03] INFO   ep37: train_loss=0.8621 val_acc=0.8900 val_f1=0.8878 val_uar=0.8900 lr=3.73e-05
[05:18:12] INFO   ep38: train_loss=0.8619 val_acc=0.8830 val_f1=0.8817 val_uar=0.8830 lr=3.45e-05
[05:18:20] INFO   ep39: train_loss=0.8613 val_acc=0.8880 val_f1=0.8862 val_uar=0.8880 lr=3.19e-05
[05:18:29] INFO   ep40: train_loss=0.8604 val_acc=0.8910 val_f1=0.8893 val_uar=0.8910 lr=2.92e-05
[05:18:38] INFO   ep41: train_loss=0.8600 val_acc=0.8890 val_f1=0.8878 val_uar=0.8890 lr=2.67e-05
[05:18:47] INFO   ep42: train_loss=0.8611 val_acc=0.8920 val_f1=0.8904 val_uar=0.8920 lr=2.42e-05
[05:18:56] INFO   ep43: train_loss=0.8599 val_acc=0.8880 val_f1=0.8873 val_uar=0.8880 lr=2.18e-05
[05:19:05] INFO   ep44: train_loss=0.8598 val_acc=0.8900 val_f1=0.8889 val_uar=0.8900 lr=1.95e-05
[05:19:14] INFO   ep45: train_loss=0.8594 val_acc=0.8890 val_f1=0.8881 val_uar=0.8890 lr=1.73e-05
[05:19:23] INFO   ep46: train_loss=0.8601 val_acc=0.8930 val_f1=0.8923 val_uar=0.8930 lr=1.52e-05
[05:19:32] INFO   ep47: train_loss=0.8593 val_acc=0.8870 val_f1=0.8860 val_uar=0.8870 lr=1.32e-05
[05:19:41] INFO   ep48: train_loss=0.8588 val_acc=0.8890 val_f1=0.8877 val_uar=0.8890 lr=1.13e-05
[05:19:50] INFO   ep49: train_loss=0.8592 val_acc=0.8890 val_f1=0.8872 val_uar=0.8890 lr=9.55e-06
[05:19:59] INFO   ep50: train_loss=0.8582 val_acc=0.8940 val_f1=0.8929 val_uar=0.8940 lr=7.94e-06
[05:20:08] INFO   ep51: train_loss=0.8581 val_acc=0.8920 val_f1=0.8908 val_uar=0.8920 lr=6.46e-06
[05:20:17] INFO   ep52: train_loss=0.8583 val_acc=0.8920 val_f1=0.8908 val_uar=0.8920 lr=5.13e-06
[05:20:26] INFO   ep53: train_loss=0.8580 val_acc=0.8930 val_f1=0.8917 val_uar=0.8930 lr=3.94e-06
[05:20:35] INFO   ep54: train_loss=0.8580 val_acc=0.8930 val_f1=0.8918 val_uar=0.8930 lr=2.91e-06
[05:20:44] INFO   ep55: train_loss=0.8577 val_acc=0.8930 val_f1=0.8918 val_uar=0.8930 lr=2.03e-06
[05:20:53] INFO   ep56: train_loss=0.8576 val_acc=0.8920 val_f1=0.8908 val_uar=0.8920 lr=1.30e-06
[05:21:02] INFO   ep57: train_loss=0.8577 val_acc=0.8920 val_f1=0.8908 val_uar=0.8920 lr=7.32e-07
[05:21:11] INFO   ep58: train_loss=0.8578 val_acc=0.8930 val_f1=0.8921 val_uar=0.8930 lr=3.26e-07
[05:21:20] INFO   ep59: train_loss=0.8584 val_acc=0.8930 val_f1=0.8921 val_uar=0.8930 lr=8.15e-08
[05:21:29] INFO   ep60: train_loss=0.8584 val_acc=0.8930 val_f1=0.8921 val_uar=0.8930 lr=0.00e+00
[05:21:29] INFO [done] convnext_tiny best_val_acc=0.8940 lr_used=0.0001 ckpt=checkpoints\cub200_convnext_tiny_seed4.pt time=9.3min
[05:21:30] INFO   [E1] eval clean + per colorfulness bin
[05:21:50] INFO   [E2] eval perturbasi warna
[05:27:07] INFO   done convnext_tiny seed4
[05:27:07] INFO ==== cub200 / vit_small / seed0 (recipe=adamw gray=False) ====
[05:27:08] INFO [train] cub200/vit_small/seed0 recipe=adamw opt=adamw lr=0.0001 wd=0.05 grayscale=False epochs=60 device=cuda n_train=4994 n_val=1000 bs=64 accum=1
[05:27:42] INFO   ep1: train_loss=5.2862 val_acc=0.0780 val_f1=0.0576 val_uar=0.0780 lr=4.00e-05
[05:27:48] INFO   ep2: train_loss=3.7847 val_acc=0.5170 val_f1=0.4929 val_uar=0.5170 lr=6.00e-05
[05:27:55] INFO   ep3: train_loss=2.2619 val_acc=0.7330 val_f1=0.7187 val_uar=0.7330 lr=8.00e-05
[05:28:01] INFO   ep4: train_loss=1.5689 val_acc=0.7800 val_f1=0.7705 val_uar=0.7800 lr=1.00e-04
[05:28:08] INFO   ep5: train_loss=1.2965 val_acc=0.8100 val_f1=0.8046 val_uar=0.8100 lr=1.00e-04
[05:28:14] INFO   ep6: train_loss=1.1337 val_acc=0.8100 val_f1=0.8027 val_uar=0.8100 lr=9.99e-05
[05:28:20] INFO   ep7: train_loss=1.0433 val_acc=0.8300 val_f1=0.8282 val_uar=0.8300 lr=9.97e-05
[05:28:27] INFO   ep8: train_loss=0.9978 val_acc=0.8230 val_f1=0.8173 val_uar=0.8230 lr=9.93e-05
[05:28:33] INFO   ep9: train_loss=0.9684 val_acc=0.8300 val_f1=0.8291 val_uar=0.8300 lr=9.87e-05
[05:28:40] INFO   ep10: train_loss=0.9479 val_acc=0.8280 val_f1=0.8252 val_uar=0.8280 lr=9.80e-05
[05:28:46] INFO   ep11: train_loss=0.9378 val_acc=0.8380 val_f1=0.8337 val_uar=0.8380 lr=9.71e-05
[05:28:52] INFO   ep12: train_loss=0.9301 val_acc=0.8410 val_f1=0.8385 val_uar=0.8410 lr=9.61e-05
[05:28:59] INFO   ep13: train_loss=0.9236 val_acc=0.8350 val_f1=0.8330 val_uar=0.8350 lr=9.49e-05
[05:29:05] INFO   ep14: train_loss=0.9185 val_acc=0.8390 val_f1=0.8362 val_uar=0.8390 lr=9.35e-05
[05:29:12] INFO   ep15: train_loss=0.9121 val_acc=0.8270 val_f1=0.8234 val_uar=0.8270 lr=9.21e-05
[05:29:18] INFO   ep16: train_loss=0.9098 val_acc=0.8410 val_f1=0.8361 val_uar=0.8410 lr=9.05e-05
[05:29:24] INFO   ep17: train_loss=0.9072 val_acc=0.8300 val_f1=0.8261 val_uar=0.8300 lr=8.87e-05
[05:29:31] INFO   ep18: train_loss=0.9022 val_acc=0.8400 val_f1=0.8364 val_uar=0.8400 lr=8.68e-05
[05:29:37] INFO   ep19: train_loss=0.8987 val_acc=0.8520 val_f1=0.8489 val_uar=0.8520 lr=8.48e-05
[05:29:44] INFO   ep20: train_loss=0.8987 val_acc=0.8380 val_f1=0.8349 val_uar=0.8380 lr=8.27e-05
[05:29:50] INFO   ep21: train_loss=0.8946 val_acc=0.8500 val_f1=0.8477 val_uar=0.8500 lr=8.05e-05
[05:29:57] INFO   ep22: train_loss=0.8940 val_acc=0.8400 val_f1=0.8380 val_uar=0.8400 lr=7.82e-05
[05:30:04] INFO   ep23: train_loss=0.8934 val_acc=0.8490 val_f1=0.8479 val_uar=0.8490 lr=7.58e-05
[05:30:10] INFO   ep24: train_loss=0.8922 val_acc=0.8490 val_f1=0.8461 val_uar=0.8490 lr=7.33e-05
[05:30:17] INFO   ep25: train_loss=0.8898 val_acc=0.8500 val_f1=0.8455 val_uar=0.8500 lr=7.08e-05
[05:30:23] INFO   ep26: train_loss=0.8872 val_acc=0.8550 val_f1=0.8529 val_uar=0.8550 lr=6.81e-05
[05:30:30] INFO   ep27: train_loss=0.8870 val_acc=0.8460 val_f1=0.8425 val_uar=0.8460 lr=6.55e-05
[05:30:37] INFO   ep28: train_loss=0.8855 val_acc=0.8480 val_f1=0.8449 val_uar=0.8480 lr=6.27e-05
[05:30:43] INFO   ep29: train_loss=0.8841 val_acc=0.8500 val_f1=0.8473 val_uar=0.8500 lr=5.99e-05
[05:30:50] INFO   ep30: train_loss=0.8816 val_acc=0.8470 val_f1=0.8436 val_uar=0.8470 lr=5.71e-05
[05:30:57] INFO   ep31: train_loss=0.8810 val_acc=0.8540 val_f1=0.8510 val_uar=0.8540 lr=5.43e-05
[05:31:03] INFO   ep32: train_loss=0.8800 val_acc=0.8510 val_f1=0.8473 val_uar=0.8510 lr=5.14e-05
[05:31:10] INFO   ep33: train_loss=0.8787 val_acc=0.8490 val_f1=0.8456 val_uar=0.8490 lr=4.86e-05
[05:31:17] INFO   ep34: train_loss=0.8776 val_acc=0.8520 val_f1=0.8498 val_uar=0.8520 lr=4.57e-05
[05:31:23] INFO   ep35: train_loss=0.8773 val_acc=0.8450 val_f1=0.8419 val_uar=0.8450 lr=4.29e-05
[05:31:30] INFO   ep36: train_loss=0.8766 val_acc=0.8550 val_f1=0.8516 val_uar=0.8550 lr=4.01e-05
[05:31:37] INFO   ep37: train_loss=0.8752 val_acc=0.8520 val_f1=0.8486 val_uar=0.8520 lr=3.73e-05
[05:31:44] INFO   ep38: train_loss=0.8741 val_acc=0.8560 val_f1=0.8527 val_uar=0.8560 lr=3.45e-05
[05:31:50] INFO   ep39: train_loss=0.8740 val_acc=0.8580 val_f1=0.8533 val_uar=0.8580 lr=3.19e-05
[05:31:57] INFO   ep40: train_loss=0.8742 val_acc=0.8490 val_f1=0.8442 val_uar=0.8490 lr=2.92e-05
[05:32:04] INFO   ep41: train_loss=0.8735 val_acc=0.8530 val_f1=0.8506 val_uar=0.8530 lr=2.67e-05
[05:32:11] INFO   ep42: train_loss=0.8727 val_acc=0.8580 val_f1=0.8547 val_uar=0.8580 lr=2.42e-05
[05:32:17] INFO   ep43: train_loss=0.8728 val_acc=0.8490 val_f1=0.8462 val_uar=0.8490 lr=2.18e-05
[05:32:24] INFO   ep44: train_loss=0.8719 val_acc=0.8600 val_f1=0.8564 val_uar=0.8600 lr=1.95e-05
[05:32:31] INFO   ep45: train_loss=0.8711 val_acc=0.8560 val_f1=0.8527 val_uar=0.8560 lr=1.73e-05
[05:32:38] INFO   ep46: train_loss=0.8718 val_acc=0.8600 val_f1=0.8573 val_uar=0.8600 lr=1.52e-05
[05:32:44] INFO   ep47: train_loss=0.8711 val_acc=0.8610 val_f1=0.8579 val_uar=0.8610 lr=1.32e-05
[05:32:51] INFO   ep48: train_loss=0.8706 val_acc=0.8590 val_f1=0.8556 val_uar=0.8590 lr=1.13e-05
[05:32:58] INFO   ep49: train_loss=0.8698 val_acc=0.8590 val_f1=0.8555 val_uar=0.8590 lr=9.55e-06
[05:33:05] INFO   ep50: train_loss=0.8696 val_acc=0.8650 val_f1=0.8609 val_uar=0.8650 lr=7.94e-06
[05:33:11] INFO   ep51: train_loss=0.8706 val_acc=0.8620 val_f1=0.8578 val_uar=0.8620 lr=6.46e-06
[05:33:18] INFO   ep52: train_loss=0.8695 val_acc=0.8640 val_f1=0.8600 val_uar=0.8640 lr=5.13e-06
[05:33:25] INFO   ep53: train_loss=0.8689 val_acc=0.8620 val_f1=0.8581 val_uar=0.8620 lr=3.94e-06
[05:33:32] INFO   ep54: train_loss=0.8689 val_acc=0.8610 val_f1=0.8585 val_uar=0.8610 lr=2.91e-06
[05:33:38] INFO   ep55: train_loss=0.8689 val_acc=0.8580 val_f1=0.8555 val_uar=0.8580 lr=2.03e-06
[05:33:45] INFO   ep56: train_loss=0.8698 val_acc=0.8590 val_f1=0.8567 val_uar=0.8590 lr=1.30e-06
[05:33:52] INFO   ep57: train_loss=0.8688 val_acc=0.8590 val_f1=0.8564 val_uar=0.8590 lr=7.32e-07
[05:33:58] INFO   ep58: train_loss=0.8688 val_acc=0.8600 val_f1=0.8573 val_uar=0.8600 lr=3.26e-07
[05:34:05] INFO   ep59: train_loss=0.8686 val_acc=0.8600 val_f1=0.8573 val_uar=0.8600 lr=8.15e-08
[05:34:12] INFO   ep60: train_loss=0.8688 val_acc=0.8590 val_f1=0.8565 val_uar=0.8590 lr=0.00e+00
[05:34:12] INFO [done] vit_small best_val_acc=0.8650 lr_used=0.0001 ckpt=checkpoints\cub200_vit_small_seed0.pt time=7.1min
[05:34:13] INFO   [E1] eval clean + per colorfulness bin
[05:34:33] INFO   [E2] eval perturbasi warna
[05:39:43] INFO   done vit_small seed0
[05:39:43] INFO ==== cub200 / vit_small / seed1 (recipe=adamw gray=False) ====
[05:39:44] INFO [train] cub200/vit_small/seed1 recipe=adamw opt=adamw lr=0.0001 wd=0.05 grayscale=False epochs=60 device=cuda n_train=4994 n_val=1000 bs=64 accum=1
[05:40:18] INFO   ep1: train_loss=5.1866 val_acc=0.1150 val_f1=0.0886 val_uar=0.1150 lr=4.00e-05
[05:40:24] INFO   ep2: train_loss=3.6931 val_acc=0.5490 val_f1=0.5102 val_uar=0.5490 lr=6.00e-05
[05:40:30] INFO   ep3: train_loss=2.2248 val_acc=0.7310 val_f1=0.7193 val_uar=0.7310 lr=8.00e-05
[05:40:37] INFO   ep4: train_loss=1.5500 val_acc=0.7880 val_f1=0.7752 val_uar=0.7880 lr=1.00e-04
[05:40:43] INFO   ep5: train_loss=1.2889 val_acc=0.8150 val_f1=0.8110 val_uar=0.8150 lr=1.00e-04
[05:40:50] INFO   ep6: train_loss=1.1348 val_acc=0.8300 val_f1=0.8239 val_uar=0.8300 lr=9.99e-05
[05:40:56] INFO   ep7: train_loss=1.0424 val_acc=0.8270 val_f1=0.8217 val_uar=0.8270 lr=9.97e-05
[05:41:02] INFO   ep8: train_loss=0.9892 val_acc=0.8380 val_f1=0.8352 val_uar=0.8380 lr=9.93e-05
[05:41:09] INFO   ep9: train_loss=0.9661 val_acc=0.8260 val_f1=0.8237 val_uar=0.8260 lr=9.87e-05
[05:41:15] INFO   ep10: train_loss=0.9467 val_acc=0.8420 val_f1=0.8393 val_uar=0.8420 lr=9.80e-05
[05:41:22] INFO   ep11: train_loss=0.9368 val_acc=0.8340 val_f1=0.8312 val_uar=0.8340 lr=9.71e-05
[05:41:28] INFO   ep12: train_loss=0.9282 val_acc=0.8310 val_f1=0.8268 val_uar=0.8310 lr=9.61e-05
[05:41:34] INFO   ep13: train_loss=0.9202 val_acc=0.8400 val_f1=0.8379 val_uar=0.8400 lr=9.49e-05
[05:41:41] INFO   ep14: train_loss=0.9189 val_acc=0.8380 val_f1=0.8333 val_uar=0.8380 lr=9.35e-05
[05:41:47] INFO   ep15: train_loss=0.9139 val_acc=0.8380 val_f1=0.8358 val_uar=0.8380 lr=9.21e-05
[05:41:54] INFO   ep16: train_loss=0.9091 val_acc=0.8450 val_f1=0.8416 val_uar=0.8450 lr=9.05e-05
[05:42:00] INFO   ep17: train_loss=0.9056 val_acc=0.8470 val_f1=0.8454 val_uar=0.8470 lr=8.87e-05
[05:42:07] INFO   ep18: train_loss=0.9031 val_acc=0.8520 val_f1=0.8517 val_uar=0.8520 lr=8.68e-05
[05:42:13] INFO   ep19: train_loss=0.9026 val_acc=0.8550 val_f1=0.8521 val_uar=0.8550 lr=8.48e-05
[05:42:20] INFO   ep20: train_loss=0.9009 val_acc=0.8540 val_f1=0.8505 val_uar=0.8540 lr=8.27e-05
[05:42:26] INFO   ep21: train_loss=0.8980 val_acc=0.8470 val_f1=0.8434 val_uar=0.8470 lr=8.05e-05
[05:42:33] INFO   ep22: train_loss=0.8943 val_acc=0.8320 val_f1=0.8280 val_uar=0.8320 lr=7.82e-05
[05:42:39] INFO   ep23: train_loss=0.8919 val_acc=0.8500 val_f1=0.8469 val_uar=0.8500 lr=7.58e-05
[05:42:46] INFO   ep24: train_loss=0.8904 val_acc=0.8570 val_f1=0.8540 val_uar=0.8570 lr=7.33e-05
[05:42:52] INFO   ep25: train_loss=0.8890 val_acc=0.8560 val_f1=0.8540 val_uar=0.8560 lr=7.08e-05
[05:42:59] INFO   ep26: train_loss=0.8878 val_acc=0.8600 val_f1=0.8569 val_uar=0.8600 lr=6.81e-05
[05:43:06] INFO   ep27: train_loss=0.8857 val_acc=0.8530 val_f1=0.8501 val_uar=0.8530 lr=6.55e-05
[05:43:12] INFO   ep28: train_loss=0.8841 val_acc=0.8580 val_f1=0.8562 val_uar=0.8580 lr=6.27e-05
[05:43:19] INFO   ep29: train_loss=0.8833 val_acc=0.8550 val_f1=0.8512 val_uar=0.8550 lr=5.99e-05
[05:43:26] INFO   ep30: train_loss=0.8812 val_acc=0.8560 val_f1=0.8535 val_uar=0.8560 lr=5.71e-05
[05:43:32] INFO   ep31: train_loss=0.8817 val_acc=0.8550 val_f1=0.8515 val_uar=0.8550 lr=5.43e-05
[05:43:39] INFO   ep32: train_loss=0.8805 val_acc=0.8530 val_f1=0.8494 val_uar=0.8530 lr=5.14e-05
[05:43:46] INFO   ep33: train_loss=0.8791 val_acc=0.8590 val_f1=0.8534 val_uar=0.8590 lr=4.86e-05
[05:43:52] INFO   ep34: train_loss=0.8789 val_acc=0.8570 val_f1=0.8523 val_uar=0.8570 lr=4.57e-05
[05:43:59] INFO   ep35: train_loss=0.8773 val_acc=0.8580 val_f1=0.8556 val_uar=0.8580 lr=4.29e-05
[05:44:06] INFO   ep36: train_loss=0.8768 val_acc=0.8540 val_f1=0.8499 val_uar=0.8540 lr=4.01e-05
[05:44:12] INFO   ep37: train_loss=0.8765 val_acc=0.8540 val_f1=0.8497 val_uar=0.8540 lr=3.73e-05
[05:44:19] INFO   ep38: train_loss=0.8748 val_acc=0.8550 val_f1=0.8529 val_uar=0.8550 lr=3.45e-05
[05:44:26] INFO   ep39: train_loss=0.8747 val_acc=0.8580 val_f1=0.8547 val_uar=0.8580 lr=3.19e-05
[05:44:32] INFO   ep40: train_loss=0.8740 val_acc=0.8580 val_f1=0.8547 val_uar=0.8580 lr=2.92e-05
[05:44:39] INFO   ep41: train_loss=0.8732 val_acc=0.8600 val_f1=0.8564 val_uar=0.8600 lr=2.67e-05
[05:44:46] INFO   ep42: train_loss=0.8727 val_acc=0.8570 val_f1=0.8542 val_uar=0.8570 lr=2.42e-05
[05:44:52] INFO   ep43: train_loss=0.8725 val_acc=0.8550 val_f1=0.8522 val_uar=0.8550 lr=2.18e-05
[05:44:59] INFO   ep44: train_loss=0.8714 val_acc=0.8580 val_f1=0.8539 val_uar=0.8580 lr=1.95e-05
[05:45:06] INFO   ep45: train_loss=0.8716 val_acc=0.8580 val_f1=0.8536 val_uar=0.8580 lr=1.73e-05
[05:45:12] INFO   ep46: train_loss=0.8713 val_acc=0.8630 val_f1=0.8593 val_uar=0.8630 lr=1.52e-05
[05:45:19] INFO   ep47: train_loss=0.8708 val_acc=0.8640 val_f1=0.8606 val_uar=0.8640 lr=1.32e-05
[05:45:26] INFO   ep48: train_loss=0.8708 val_acc=0.8670 val_f1=0.8626 val_uar=0.8670 lr=1.13e-05
[05:45:33] INFO   ep49: train_loss=0.8700 val_acc=0.8660 val_f1=0.8630 val_uar=0.8660 lr=9.55e-06
[05:45:39] INFO   ep50: train_loss=0.8699 val_acc=0.8660 val_f1=0.8620 val_uar=0.8660 lr=7.94e-06
[05:45:46] INFO   ep51: train_loss=0.8694 val_acc=0.8660 val_f1=0.8624 val_uar=0.8660 lr=6.46e-06
[05:45:53] INFO   ep52: train_loss=0.8705 val_acc=0.8640 val_f1=0.8600 val_uar=0.8640 lr=5.13e-06
[05:45:59] INFO   ep53: train_loss=0.8693 val_acc=0.8660 val_f1=0.8621 val_uar=0.8660 lr=3.94e-06
[05:46:06] INFO   ep54: train_loss=0.8693 val_acc=0.8680 val_f1=0.8638 val_uar=0.8680 lr=2.91e-06
[05:46:13] INFO   ep55: train_loss=0.8698 val_acc=0.8680 val_f1=0.8638 val_uar=0.8680 lr=2.03e-06
[05:46:20] INFO   ep56: train_loss=0.8694 val_acc=0.8690 val_f1=0.8647 val_uar=0.8690 lr=1.30e-06
[05:46:26] INFO   ep57: train_loss=0.8692 val_acc=0.8670 val_f1=0.8632 val_uar=0.8670 lr=7.32e-07
[05:46:33] INFO   ep58: train_loss=0.8688 val_acc=0.8670 val_f1=0.8633 val_uar=0.8670 lr=3.26e-07
[05:46:40] INFO   ep59: train_loss=0.8697 val_acc=0.8680 val_f1=0.8643 val_uar=0.8680 lr=8.15e-08
[05:46:47] INFO   ep60: train_loss=0.8687 val_acc=0.8680 val_f1=0.8643 val_uar=0.8680 lr=0.00e+00
[05:46:47] INFO [done] vit_small best_val_acc=0.8690 lr_used=0.0001 ckpt=checkpoints\cub200_vit_small_seed1.pt time=7.1min
[05:46:48] INFO   [E1] eval clean + per colorfulness bin
[05:47:07] INFO   [E2] eval perturbasi warna
[05:52:18] INFO   done vit_small seed1
[05:52:18] INFO ==== cub200 / vit_small / seed2 (recipe=adamw gray=False) ====
[05:52:19] INFO [train] cub200/vit_small/seed2 recipe=adamw opt=adamw lr=0.0001 wd=0.05 grayscale=False epochs=60 device=cuda n_train=4994 n_val=1000 bs=64 accum=1
[05:52:53] INFO   ep1: train_loss=5.1990 val_acc=0.1070 val_f1=0.0899 val_uar=0.1070 lr=4.00e-05
[05:52:59] INFO   ep2: train_loss=3.6735 val_acc=0.5530 val_f1=0.5196 val_uar=0.5530 lr=6.00e-05
[05:53:06] INFO   ep3: train_loss=2.2099 val_acc=0.7460 val_f1=0.7402 val_uar=0.7460 lr=8.00e-05
[05:53:12] INFO   ep4: train_loss=1.5586 val_acc=0.7940 val_f1=0.7848 val_uar=0.7940 lr=1.00e-04
[05:53:18] INFO   ep5: train_loss=1.2936 val_acc=0.8100 val_f1=0.8040 val_uar=0.8100 lr=1.00e-04
[05:53:25] INFO   ep6: train_loss=1.1341 val_acc=0.8270 val_f1=0.8221 val_uar=0.8270 lr=9.99e-05
[05:53:31] INFO   ep7: train_loss=1.0415 val_acc=0.8240 val_f1=0.8201 val_uar=0.8240 lr=9.97e-05
[05:53:38] INFO   ep8: train_loss=0.9940 val_acc=0.8260 val_f1=0.8214 val_uar=0.8260 lr=9.93e-05
[05:53:44] INFO   ep9: train_loss=0.9712 val_acc=0.8480 val_f1=0.8449 val_uar=0.8480 lr=9.87e-05
[05:53:50] INFO   ep10: train_loss=0.9484 val_acc=0.8420 val_f1=0.8369 val_uar=0.8420 lr=9.80e-05
[05:53:57] INFO   ep11: train_loss=0.9361 val_acc=0.8450 val_f1=0.8410 val_uar=0.8450 lr=9.71e-05
[05:54:03] INFO   ep12: train_loss=0.9266 val_acc=0.8320 val_f1=0.8283 val_uar=0.8320 lr=9.61e-05
[05:54:09] INFO   ep13: train_loss=0.9211 val_acc=0.8460 val_f1=0.8436 val_uar=0.8460 lr=9.49e-05
[05:54:16] INFO   ep14: train_loss=0.9173 val_acc=0.8390 val_f1=0.8368 val_uar=0.8390 lr=9.35e-05
[05:54:22] INFO   ep15: train_loss=0.9179 val_acc=0.8420 val_f1=0.8391 val_uar=0.8420 lr=9.21e-05
[05:54:29] INFO   ep16: train_loss=0.9108 val_acc=0.8470 val_f1=0.8445 val_uar=0.8470 lr=9.05e-05
[05:54:35] INFO   ep17: train_loss=0.9063 val_acc=0.8450 val_f1=0.8422 val_uar=0.8450 lr=8.87e-05
[05:54:42] INFO   ep18: train_loss=0.9006 val_acc=0.8440 val_f1=0.8418 val_uar=0.8440 lr=8.68e-05
[05:54:48] INFO   ep19: train_loss=0.8995 val_acc=0.8460 val_f1=0.8412 val_uar=0.8460 lr=8.48e-05
[05:54:55] INFO   ep20: train_loss=0.8982 val_acc=0.8430 val_f1=0.8402 val_uar=0.8430 lr=8.27e-05
[05:55:01] INFO   ep21: train_loss=0.8948 val_acc=0.8420 val_f1=0.8396 val_uar=0.8420 lr=8.05e-05
[05:55:08] INFO   ep22: train_loss=0.8927 val_acc=0.8480 val_f1=0.8436 val_uar=0.8480 lr=7.82e-05
[05:55:14] INFO   ep23: train_loss=0.8952 val_acc=0.8340 val_f1=0.8301 val_uar=0.8340 lr=7.58e-05
[05:55:21] INFO   ep24: train_loss=0.8936 val_acc=0.8350 val_f1=0.8315 val_uar=0.8350 lr=7.33e-05
[05:55:27] INFO   ep25: train_loss=0.8939 val_acc=0.8320 val_f1=0.8272 val_uar=0.8320 lr=7.08e-05
[05:55:34] INFO   ep26: train_loss=0.8973 val_acc=0.8380 val_f1=0.8358 val_uar=0.8380 lr=6.81e-05
[05:55:41] INFO   ep27: train_loss=0.8894 val_acc=0.8480 val_f1=0.8456 val_uar=0.8480 lr=6.55e-05
[05:55:47] INFO   ep28: train_loss=0.8863 val_acc=0.8440 val_f1=0.8411 val_uar=0.8440 lr=6.27e-05
[05:55:54] INFO   ep29: train_loss=0.8852 val_acc=0.8450 val_f1=0.8425 val_uar=0.8450 lr=5.99e-05
[05:56:00] INFO   ep30: train_loss=0.8831 val_acc=0.8350 val_f1=0.8312 val_uar=0.8350 lr=5.71e-05
[05:56:07] INFO   ep31: train_loss=0.8819 val_acc=0.8470 val_f1=0.8455 val_uar=0.8470 lr=5.43e-05
[05:56:14] INFO   ep32: train_loss=0.8793 val_acc=0.8550 val_f1=0.8523 val_uar=0.8550 lr=5.14e-05
[05:56:20] INFO   ep33: train_loss=0.8785 val_acc=0.8430 val_f1=0.8389 val_uar=0.8430 lr=4.86e-05
[05:56:27] INFO   ep34: train_loss=0.8768 val_acc=0.8460 val_f1=0.8430 val_uar=0.8460 lr=4.57e-05
[05:56:34] INFO   ep35: train_loss=0.8774 val_acc=0.8390 val_f1=0.8353 val_uar=0.8390 lr=4.29e-05
[05:56:41] INFO   ep36: train_loss=0.8767 val_acc=0.8440 val_f1=0.8405 val_uar=0.8440 lr=4.01e-05
[05:56:47] INFO   ep37: train_loss=0.8760 val_acc=0.8480 val_f1=0.8439 val_uar=0.8480 lr=3.73e-05
[05:56:54] INFO   ep38: train_loss=0.8750 val_acc=0.8400 val_f1=0.8366 val_uar=0.8400 lr=3.45e-05
[05:57:01] INFO   ep39: train_loss=0.8741 val_acc=0.8440 val_f1=0.8407 val_uar=0.8440 lr=3.19e-05
[05:57:07] INFO   ep40: train_loss=0.8729 val_acc=0.8410 val_f1=0.8365 val_uar=0.8410 lr=2.92e-05
[05:57:14] INFO   ep41: train_loss=0.8722 val_acc=0.8460 val_f1=0.8413 val_uar=0.8460 lr=2.67e-05
[05:57:21] INFO   ep42: train_loss=0.8720 val_acc=0.8450 val_f1=0.8404 val_uar=0.8450 lr=2.42e-05
[05:57:27] INFO   ep43: train_loss=0.8725 val_acc=0.8460 val_f1=0.8413 val_uar=0.8460 lr=2.18e-05
[05:57:34] INFO   ep44: train_loss=0.8712 val_acc=0.8440 val_f1=0.8393 val_uar=0.8440 lr=1.95e-05
[05:57:41] INFO   ep45: train_loss=0.8708 val_acc=0.8480 val_f1=0.8429 val_uar=0.8480 lr=1.73e-05
[05:57:47] INFO   ep46: train_loss=0.8709 val_acc=0.8410 val_f1=0.8363 val_uar=0.8410 lr=1.52e-05
[05:57:54] INFO   ep47: train_loss=0.8704 val_acc=0.8420 val_f1=0.8376 val_uar=0.8420 lr=1.32e-05
[05:58:01] INFO   ep48: train_loss=0.8697 val_acc=0.8470 val_f1=0.8430 val_uar=0.8470 lr=1.13e-05
[05:58:07] INFO   ep49: train_loss=0.8696 val_acc=0.8450 val_f1=0.8399 val_uar=0.8450 lr=9.55e-06
[05:58:14] INFO   ep50: train_loss=0.8697 val_acc=0.8460 val_f1=0.8418 val_uar=0.8460 lr=7.94e-06
[05:58:21] INFO   ep51: train_loss=0.8693 val_acc=0.8490 val_f1=0.8441 val_uar=0.8490 lr=6.46e-06
[05:58:28] INFO   ep52: train_loss=0.8694 val_acc=0.8470 val_f1=0.8419 val_uar=0.8470 lr=5.13e-06
[05:58:34] INFO   ep53: train_loss=0.8689 val_acc=0.8480 val_f1=0.8439 val_uar=0.8480 lr=3.94e-06
[05:58:41] INFO   ep54: train_loss=0.8692 val_acc=0.8480 val_f1=0.8437 val_uar=0.8480 lr=2.91e-06
[05:58:48] INFO   ep55: train_loss=0.8691 val_acc=0.8460 val_f1=0.8418 val_uar=0.8460 lr=2.03e-06
[05:58:54] INFO   ep56: train_loss=0.8687 val_acc=0.8470 val_f1=0.8429 val_uar=0.8470 lr=1.30e-06
[05:59:01] INFO   ep57: train_loss=0.8682 val_acc=0.8460 val_f1=0.8416 val_uar=0.8460 lr=7.32e-07
[05:59:08] INFO   ep58: train_loss=0.8692 val_acc=0.8460 val_f1=0.8416 val_uar=0.8460 lr=3.26e-07
[05:59:15] INFO   ep59: train_loss=0.8683 val_acc=0.8460 val_f1=0.8416 val_uar=0.8460 lr=8.15e-08
[05:59:21] INFO   ep60: train_loss=0.8693 val_acc=0.8460 val_f1=0.8416 val_uar=0.8460 lr=0.00e+00
[05:59:21] INFO [done] vit_small best_val_acc=0.8550 lr_used=0.0001 ckpt=checkpoints\cub200_vit_small_seed2.pt time=7.0min
[05:59:23] INFO   [E1] eval clean + per colorfulness bin
[05:59:42] INFO   [E2] eval perturbasi warna
[06:05:02] INFO   done vit_small seed2
[06:05:02] INFO ==== cub200 / vit_small / seed3 (recipe=adamw gray=False) ====
[06:05:03] INFO [train] cub200/vit_small/seed3 recipe=adamw opt=adamw lr=0.0001 wd=0.05 grayscale=False epochs=60 device=cuda n_train=4994 n_val=1000 bs=64 accum=1
[06:05:38] INFO   ep1: train_loss=5.2314 val_acc=0.0870 val_f1=0.0710 val_uar=0.0870 lr=4.00e-05
[06:05:45] INFO   ep2: train_loss=3.7106 val_acc=0.5270 val_f1=0.4931 val_uar=0.5270 lr=6.00e-05
[06:05:51] INFO   ep3: train_loss=2.2139 val_acc=0.7350 val_f1=0.7162 val_uar=0.7350 lr=8.00e-05
[06:05:58] INFO   ep4: train_loss=1.5471 val_acc=0.7910 val_f1=0.7846 val_uar=0.7910 lr=1.00e-04
[06:06:04] INFO   ep5: train_loss=1.2840 val_acc=0.8040 val_f1=0.7950 val_uar=0.8040 lr=1.00e-04
[06:06:11] INFO   ep6: train_loss=1.1307 val_acc=0.8030 val_f1=0.7921 val_uar=0.8030 lr=9.99e-05
[06:06:17] INFO   ep7: train_loss=1.0516 val_acc=0.8230 val_f1=0.8153 val_uar=0.8230 lr=9.97e-05
[06:06:24] INFO   ep8: train_loss=0.9953 val_acc=0.8360 val_f1=0.8305 val_uar=0.8360 lr=9.93e-05
[06:06:30] INFO   ep9: train_loss=0.9649 val_acc=0.8390 val_f1=0.8366 val_uar=0.8390 lr=9.87e-05
[06:06:37] INFO   ep10: train_loss=0.9473 val_acc=0.8300 val_f1=0.8262 val_uar=0.8300 lr=9.80e-05
[06:06:43] INFO   ep11: train_loss=0.9392 val_acc=0.8470 val_f1=0.8449 val_uar=0.8470 lr=9.71e-05
[06:06:50] INFO   ep12: train_loss=0.9303 val_acc=0.8370 val_f1=0.8352 val_uar=0.8370 lr=9.61e-05
[06:06:56] INFO   ep13: train_loss=0.9214 val_acc=0.8460 val_f1=0.8444 val_uar=0.8460 lr=9.49e-05
[06:07:03] INFO   ep14: train_loss=0.9172 val_acc=0.8460 val_f1=0.8441 val_uar=0.8460 lr=9.35e-05
[06:07:09] INFO   ep15: train_loss=0.9167 val_acc=0.8420 val_f1=0.8385 val_uar=0.8420 lr=9.21e-05
[06:07:16] INFO   ep16: train_loss=0.9112 val_acc=0.8440 val_f1=0.8405 val_uar=0.8440 lr=9.05e-05
[06:07:22] INFO   ep17: train_loss=0.9079 val_acc=0.8450 val_f1=0.8439 val_uar=0.8450 lr=8.87e-05
[06:07:28] INFO   ep18: train_loss=0.9034 val_acc=0.8370 val_f1=0.8351 val_uar=0.8370 lr=8.68e-05
[06:07:35] INFO   ep19: train_loss=0.9006 val_acc=0.8450 val_f1=0.8426 val_uar=0.8450 lr=8.48e-05
[06:07:41] INFO   ep20: train_loss=0.8974 val_acc=0.8510 val_f1=0.8498 val_uar=0.8510 lr=8.27e-05
[06:07:48] INFO   ep21: train_loss=0.8947 val_acc=0.8420 val_f1=0.8384 val_uar=0.8420 lr=8.05e-05
[06:07:54] INFO   ep22: train_loss=0.8959 val_acc=0.8480 val_f1=0.8459 val_uar=0.8480 lr=7.82e-05
[06:08:01] INFO   ep23: train_loss=0.8929 val_acc=0.8450 val_f1=0.8420 val_uar=0.8450 lr=7.58e-05
[06:08:08] INFO   ep24: train_loss=0.8915 val_acc=0.8560 val_f1=0.8517 val_uar=0.8560 lr=7.33e-05
[06:08:14] INFO   ep25: train_loss=0.8889 val_acc=0.8460 val_f1=0.8443 val_uar=0.8460 lr=7.08e-05
[06:08:21] INFO   ep26: train_loss=0.8888 val_acc=0.8490 val_f1=0.8474 val_uar=0.8490 lr=6.81e-05
[06:08:27] INFO   ep27: train_loss=0.8862 val_acc=0.8480 val_f1=0.8459 val_uar=0.8480 lr=6.55e-05
[06:08:34] INFO   ep28: train_loss=0.8842 val_acc=0.8590 val_f1=0.8576 val_uar=0.8590 lr=6.27e-05
[06:08:41] INFO   ep29: train_loss=0.8911 val_acc=0.8380 val_f1=0.8350 val_uar=0.8380 lr=5.99e-05
[06:08:47] INFO   ep30: train_loss=0.8887 val_acc=0.8470 val_f1=0.8437 val_uar=0.8470 lr=5.71e-05
[06:08:54] INFO   ep31: train_loss=0.8849 val_acc=0.8490 val_f1=0.8473 val_uar=0.8490 lr=5.43e-05
[06:09:00] INFO   ep32: train_loss=0.8821 val_acc=0.8500 val_f1=0.8489 val_uar=0.8500 lr=5.14e-05
[06:09:07] INFO   ep33: train_loss=0.8796 val_acc=0.8550 val_f1=0.8519 val_uar=0.8550 lr=4.86e-05
[06:09:13] INFO   ep34: train_loss=0.8779 val_acc=0.8500 val_f1=0.8459 val_uar=0.8500 lr=4.57e-05
[06:09:20] INFO   ep35: train_loss=0.8784 val_acc=0.8490 val_f1=0.8463 val_uar=0.8490 lr=4.29e-05
[06:09:26] INFO   ep36: train_loss=0.8765 val_acc=0.8580 val_f1=0.8547 val_uar=0.8580 lr=4.01e-05
[06:09:33] INFO   ep37: train_loss=0.8758 val_acc=0.8590 val_f1=0.8550 val_uar=0.8590 lr=3.73e-05
[06:09:40] INFO   ep38: train_loss=0.8749 val_acc=0.8640 val_f1=0.8622 val_uar=0.8640 lr=3.45e-05
[06:09:46] INFO   ep39: train_loss=0.8749 val_acc=0.8570 val_f1=0.8544 val_uar=0.8570 lr=3.19e-05
[06:09:53] INFO   ep40: train_loss=0.8736 val_acc=0.8490 val_f1=0.8469 val_uar=0.8490 lr=2.92e-05
[06:10:00] INFO   ep41: train_loss=0.8732 val_acc=0.8550 val_f1=0.8515 val_uar=0.8550 lr=2.67e-05
[06:10:06] INFO   ep42: train_loss=0.8744 val_acc=0.8550 val_f1=0.8509 val_uar=0.8550 lr=2.42e-05
[06:10:13] INFO   ep43: train_loss=0.8731 val_acc=0.8560 val_f1=0.8532 val_uar=0.8560 lr=2.18e-05
[06:10:19] INFO   ep44: train_loss=0.8725 val_acc=0.8530 val_f1=0.8491 val_uar=0.8530 lr=1.95e-05
[06:10:26] INFO   ep45: train_loss=0.8713 val_acc=0.8550 val_f1=0.8515 val_uar=0.8550 lr=1.73e-05
[06:10:33] INFO   ep46: train_loss=0.8725 val_acc=0.8610 val_f1=0.8584 val_uar=0.8610 lr=1.52e-05
[06:10:39] INFO   ep47: train_loss=0.8710 val_acc=0.8560 val_f1=0.8529 val_uar=0.8560 lr=1.32e-05
[06:10:46] INFO   ep48: train_loss=0.8710 val_acc=0.8540 val_f1=0.8514 val_uar=0.8540 lr=1.13e-05
[06:10:52] INFO   ep49: train_loss=0.8709 val_acc=0.8520 val_f1=0.8488 val_uar=0.8520 lr=9.55e-06
[06:10:59] INFO   ep50: train_loss=0.8707 val_acc=0.8620 val_f1=0.8585 val_uar=0.8620 lr=7.94e-06
[06:11:06] INFO   ep51: train_loss=0.8700 val_acc=0.8630 val_f1=0.8603 val_uar=0.8630 lr=6.46e-06
[06:11:12] INFO   ep52: train_loss=0.8701 val_acc=0.8540 val_f1=0.8510 val_uar=0.8540 lr=5.13e-06
[06:11:19] INFO   ep53: train_loss=0.8692 val_acc=0.8580 val_f1=0.8550 val_uar=0.8580 lr=3.94e-06
[06:11:25] INFO   ep54: train_loss=0.8691 val_acc=0.8580 val_f1=0.8550 val_uar=0.8580 lr=2.91e-06
[06:11:32] INFO   ep55: train_loss=0.8690 val_acc=0.8580 val_f1=0.8553 val_uar=0.8580 lr=2.03e-06
[06:11:39] INFO   ep56: train_loss=0.8692 val_acc=0.8590 val_f1=0.8560 val_uar=0.8590 lr=1.30e-06
[06:11:45] INFO   ep57: train_loss=0.8695 val_acc=0.8590 val_f1=0.8559 val_uar=0.8590 lr=7.32e-07
[06:11:52] INFO   ep58: train_loss=0.8699 val_acc=0.8600 val_f1=0.8572 val_uar=0.8600 lr=3.26e-07
[06:11:59] INFO   ep59: train_loss=0.8689 val_acc=0.8600 val_f1=0.8572 val_uar=0.8600 lr=8.15e-08
[06:12:05] INFO   ep60: train_loss=0.8693 val_acc=0.8600 val_f1=0.8572 val_uar=0.8600 lr=0.00e+00
[06:12:05] INFO [done] vit_small best_val_acc=0.8640 lr_used=0.0001 ckpt=checkpoints\cub200_vit_small_seed3.pt time=7.0min
[06:12:07] INFO   [E1] eval clean + per colorfulness bin
[06:12:26] INFO   [E2] eval perturbasi warna
[06:17:40] INFO   done vit_small seed3
[06:17:40] INFO ==== cub200 / vit_small / seed4 (recipe=adamw gray=False) ====
[06:17:41] INFO [train] cub200/vit_small/seed4 recipe=adamw opt=adamw lr=0.0001 wd=0.05 grayscale=False epochs=60 device=cuda n_train=4994 n_val=1000 bs=64 accum=1
[06:18:15] INFO   ep1: train_loss=5.2105 val_acc=0.1210 val_f1=0.0882 val_uar=0.1210 lr=4.00e-05
[06:18:21] INFO   ep2: train_loss=3.6938 val_acc=0.5540 val_f1=0.5205 val_uar=0.5540 lr=6.00e-05
[06:18:27] INFO   ep3: train_loss=2.1928 val_acc=0.7350 val_f1=0.7279 val_uar=0.7350 lr=8.00e-05
[06:18:34] INFO   ep4: train_loss=1.5355 val_acc=0.7830 val_f1=0.7801 val_uar=0.7830 lr=1.00e-04
[06:18:40] INFO   ep5: train_loss=1.2742 val_acc=0.7940 val_f1=0.7876 val_uar=0.7940 lr=1.00e-04
[06:18:46] INFO   ep6: train_loss=1.1199 val_acc=0.8030 val_f1=0.7974 val_uar=0.8030 lr=9.99e-05
[06:18:53] INFO   ep7: train_loss=1.0408 val_acc=0.7990 val_f1=0.7970 val_uar=0.7990 lr=9.97e-05
[06:18:59] INFO   ep8: train_loss=0.9884 val_acc=0.8070 val_f1=0.8039 val_uar=0.8070 lr=9.93e-05
[06:19:06] INFO   ep9: train_loss=0.9639 val_acc=0.8100 val_f1=0.8081 val_uar=0.8100 lr=9.87e-05
[06:19:12] INFO   ep10: train_loss=0.9500 val_acc=0.8210 val_f1=0.8179 val_uar=0.8210 lr=9.80e-05
[06:19:19] INFO   ep11: train_loss=0.9384 val_acc=0.8190 val_f1=0.8150 val_uar=0.8190 lr=9.71e-05
[06:19:25] INFO   ep12: train_loss=0.9271 val_acc=0.8290 val_f1=0.8249 val_uar=0.8290 lr=9.61e-05
[06:19:31] INFO   ep13: train_loss=0.9218 val_acc=0.8290 val_f1=0.8246 val_uar=0.8290 lr=9.49e-05
[06:19:38] INFO   ep14: train_loss=0.9210 val_acc=0.8200 val_f1=0.8149 val_uar=0.8200 lr=9.35e-05
[06:19:44] INFO   ep15: train_loss=0.9144 val_acc=0.8260 val_f1=0.8243 val_uar=0.8260 lr=9.21e-05
[06:19:50] INFO   ep16: train_loss=0.9091 val_acc=0.8330 val_f1=0.8310 val_uar=0.8330 lr=9.05e-05
[06:19:57] INFO   ep17: train_loss=0.9079 val_acc=0.8300 val_f1=0.8268 val_uar=0.8300 lr=8.87e-05
[06:20:03] INFO   ep18: train_loss=0.9062 val_acc=0.8340 val_f1=0.8320 val_uar=0.8340 lr=8.68e-05
[06:20:10] INFO   ep19: train_loss=0.9014 val_acc=0.8370 val_f1=0.8353 val_uar=0.8370 lr=8.48e-05
[06:20:16] INFO   ep20: train_loss=0.9002 val_acc=0.8460 val_f1=0.8429 val_uar=0.8460 lr=8.27e-05
[06:20:23] INFO   ep21: train_loss=0.8985 val_acc=0.8280 val_f1=0.8242 val_uar=0.8280 lr=8.05e-05
[06:20:29] INFO   ep22: train_loss=0.8961 val_acc=0.8370 val_f1=0.8336 val_uar=0.8370 lr=7.82e-05
[06:20:36] INFO   ep23: train_loss=0.8929 val_acc=0.8310 val_f1=0.8282 val_uar=0.8310 lr=7.58e-05
[06:20:42] INFO   ep24: train_loss=0.8919 val_acc=0.8380 val_f1=0.8363 val_uar=0.8380 lr=7.33e-05
[06:20:49] INFO   ep25: train_loss=0.8899 val_acc=0.8430 val_f1=0.8396 val_uar=0.8430 lr=7.08e-05
[06:20:55] INFO   ep26: train_loss=0.8874 val_acc=0.8400 val_f1=0.8357 val_uar=0.8400 lr=6.81e-05
[06:21:02] INFO   ep27: train_loss=0.8858 val_acc=0.8420 val_f1=0.8393 val_uar=0.8420 lr=6.55e-05
[06:21:08] INFO   ep28: train_loss=0.8846 val_acc=0.8390 val_f1=0.8366 val_uar=0.8390 lr=6.27e-05
[06:21:14] INFO   ep29: train_loss=0.8834 val_acc=0.8460 val_f1=0.8428 val_uar=0.8460 lr=5.99e-05
[06:21:21] INFO   ep30: train_loss=0.8823 val_acc=0.8340 val_f1=0.8306 val_uar=0.8340 lr=5.71e-05
[06:21:27] INFO   ep31: train_loss=0.8813 val_acc=0.8440 val_f1=0.8426 val_uar=0.8440 lr=5.43e-05
[06:21:34] INFO   ep32: train_loss=0.8804 val_acc=0.8440 val_f1=0.8419 val_uar=0.8440 lr=5.14e-05
[06:21:40] INFO   ep33: train_loss=0.8795 val_acc=0.8410 val_f1=0.8378 val_uar=0.8410 lr=4.86e-05
[06:21:47] INFO   ep34: train_loss=0.8782 val_acc=0.8380 val_f1=0.8337 val_uar=0.8380 lr=4.57e-05
[06:21:53] INFO   ep35: train_loss=0.8776 val_acc=0.8420 val_f1=0.8384 val_uar=0.8420 lr=4.29e-05
[06:22:00] INFO   ep36: train_loss=0.8774 val_acc=0.8380 val_f1=0.8356 val_uar=0.8380 lr=4.01e-05
[06:22:07] INFO   ep37: train_loss=0.8768 val_acc=0.8380 val_f1=0.8360 val_uar=0.8380 lr=3.73e-05
[06:22:13] INFO   ep38: train_loss=0.8750 val_acc=0.8450 val_f1=0.8430 val_uar=0.8450 lr=3.45e-05
[06:22:20] INFO   ep39: train_loss=0.8749 val_acc=0.8450 val_f1=0.8420 val_uar=0.8450 lr=3.19e-05
[06:22:26] INFO   ep40: train_loss=0.8740 val_acc=0.8400 val_f1=0.8371 val_uar=0.8400 lr=2.92e-05
[06:22:33] INFO   ep41: train_loss=0.8751 val_acc=0.8480 val_f1=0.8455 val_uar=0.8480 lr=2.67e-05
[06:22:39] INFO   ep42: train_loss=0.8723 val_acc=0.8430 val_f1=0.8395 val_uar=0.8430 lr=2.42e-05
[06:22:46] INFO   ep43: train_loss=0.8715 val_acc=0.8490 val_f1=0.8457 val_uar=0.8490 lr=2.18e-05
[06:22:53] INFO   ep44: train_loss=0.8717 val_acc=0.8460 val_f1=0.8427 val_uar=0.8460 lr=1.95e-05
[06:22:59] INFO   ep45: train_loss=0.8712 val_acc=0.8460 val_f1=0.8437 val_uar=0.8460 lr=1.73e-05
[06:23:06] INFO   ep46: train_loss=0.8707 val_acc=0.8500 val_f1=0.8472 val_uar=0.8500 lr=1.52e-05
[06:23:12] INFO   ep47: train_loss=0.8707 val_acc=0.8480 val_f1=0.8449 val_uar=0.8480 lr=1.32e-05
[06:23:19] INFO   ep48: train_loss=0.8720 val_acc=0.8480 val_f1=0.8457 val_uar=0.8480 lr=1.13e-05
[06:23:26] INFO   ep49: train_loss=0.8701 val_acc=0.8470 val_f1=0.8439 val_uar=0.8470 lr=9.55e-06
[06:23:32] INFO   ep50: train_loss=0.8706 val_acc=0.8470 val_f1=0.8447 val_uar=0.8470 lr=7.94e-06
[06:23:39] INFO   ep51: train_loss=0.8699 val_acc=0.8460 val_f1=0.8426 val_uar=0.8460 lr=6.46e-06
[06:23:45] INFO   ep52: train_loss=0.8695 val_acc=0.8470 val_f1=0.8443 val_uar=0.8470 lr=5.13e-06
[06:23:52] INFO   ep53: train_loss=0.8698 val_acc=0.8490 val_f1=0.8465 val_uar=0.8490 lr=3.94e-06
[06:23:59] INFO   ep54: train_loss=0.8695 val_acc=0.8480 val_f1=0.8452 val_uar=0.8480 lr=2.91e-06
[06:24:05] INFO   ep55: train_loss=0.8690 val_acc=0.8480 val_f1=0.8455 val_uar=0.8480 lr=2.03e-06
[06:24:12] INFO   ep56: train_loss=0.8689 val_acc=0.8460 val_f1=0.8430 val_uar=0.8460 lr=1.30e-06
[06:24:18] INFO   ep57: train_loss=0.8689 val_acc=0.8490 val_f1=0.8460 val_uar=0.8490 lr=7.32e-07
[06:24:25] INFO   ep58: train_loss=0.8692 val_acc=0.8490 val_f1=0.8461 val_uar=0.8490 lr=3.26e-07
[06:24:32] INFO   ep59: train_loss=0.8690 val_acc=0.8480 val_f1=0.8451 val_uar=0.8480 lr=8.15e-08
[06:24:38] INFO   ep60: train_loss=0.8695 val_acc=0.8480 val_f1=0.8451 val_uar=0.8480 lr=0.00e+00
[06:24:38] INFO [done] vit_small best_val_acc=0.8500 lr_used=0.0001 ckpt=checkpoints\cub200_vit_small_seed4.pt time=7.0min
[06:24:40] INFO   [E1] eval clean + per colorfulness bin
[06:24:59] INFO   [E2] eval perturbasi warna
[06:30:10] INFO   done vit_small seed4
[06:30:10] INFO ==== cub200 / swin_tiny / seed0 (recipe=adamw gray=False) ====
[06:30:11] INFO [train] cub200/swin_tiny/seed0 recipe=adamw opt=adamw lr=0.0001 wd=0.05 grayscale=False epochs=60 device=cuda n_train=4994 n_val=1000 bs=64 accum=1
[06:30:49] INFO   ep1: train_loss=5.2443 val_acc=0.0620 val_f1=0.0432 val_uar=0.0620 lr=4.00e-05
[06:30:59] INFO   ep2: train_loss=4.0510 val_acc=0.5110 val_f1=0.4866 val_uar=0.5110 lr=6.00e-05
[06:31:09] INFO   ep3: train_loss=2.3740 val_acc=0.7200 val_f1=0.7112 val_uar=0.7200 lr=8.00e-05
[06:31:19] INFO   ep4: train_loss=1.7882 val_acc=0.7740 val_f1=0.7693 val_uar=0.7740 lr=1.00e-04
[06:31:29] INFO   ep5: train_loss=1.5187 val_acc=0.7820 val_f1=0.7762 val_uar=0.7820 lr=1.00e-04
[06:31:39] INFO   ep6: train_loss=1.3510 val_acc=0.8170 val_f1=0.8116 val_uar=0.8170 lr=9.99e-05
[06:31:49] INFO   ep7: train_loss=1.2410 val_acc=0.8170 val_f1=0.8134 val_uar=0.8170 lr=9.97e-05
[06:32:00] INFO   ep8: train_loss=1.1735 val_acc=0.8200 val_f1=0.8179 val_uar=0.8200 lr=9.93e-05
[06:32:10] INFO   ep9: train_loss=1.1167 val_acc=0.8360 val_f1=0.8327 val_uar=0.8360 lr=9.87e-05
[06:32:20] INFO   ep10: train_loss=1.0906 val_acc=0.8200 val_f1=0.8193 val_uar=0.8200 lr=9.80e-05
[06:32:31] INFO   ep11: train_loss=1.0665 val_acc=0.8260 val_f1=0.8234 val_uar=0.8260 lr=9.71e-05
[06:32:41] INFO   ep12: train_loss=1.0357 val_acc=0.8500 val_f1=0.8457 val_uar=0.8500 lr=9.61e-05
[06:32:51] INFO   ep13: train_loss=1.0381 val_acc=0.8440 val_f1=0.8415 val_uar=0.8440 lr=9.49e-05
[06:33:02] INFO   ep14: train_loss=1.0214 val_acc=0.8370 val_f1=0.8321 val_uar=0.8370 lr=9.35e-05
[06:33:12] INFO   ep15: train_loss=0.9984 val_acc=0.8400 val_f1=0.8355 val_uar=0.8400 lr=9.21e-05
[06:33:22] INFO   ep16: train_loss=0.9979 val_acc=0.8400 val_f1=0.8358 val_uar=0.8400 lr=9.05e-05
[06:33:33] INFO   ep17: train_loss=0.9871 val_acc=0.8400 val_f1=0.8361 val_uar=0.8400 lr=8.87e-05
[06:33:43] INFO   ep18: train_loss=0.9858 val_acc=0.8560 val_f1=0.8528 val_uar=0.8560 lr=8.68e-05
[06:33:54] INFO   ep19: train_loss=0.9778 val_acc=0.8410 val_f1=0.8367 val_uar=0.8410 lr=8.48e-05
[06:34:04] INFO   ep20: train_loss=0.9717 val_acc=0.8510 val_f1=0.8490 val_uar=0.8510 lr=8.27e-05
[06:34:15] INFO   ep21: train_loss=0.9672 val_acc=0.8530 val_f1=0.8515 val_uar=0.8530 lr=8.05e-05
[06:34:25] INFO   ep22: train_loss=0.9516 val_acc=0.8590 val_f1=0.8572 val_uar=0.8590 lr=7.82e-05
[06:34:36] INFO   ep23: train_loss=0.9559 val_acc=0.8530 val_f1=0.8511 val_uar=0.8530 lr=7.58e-05
[06:34:46] INFO   ep24: train_loss=0.9512 val_acc=0.8510 val_f1=0.8493 val_uar=0.8510 lr=7.33e-05
[06:34:57] INFO   ep25: train_loss=0.9433 val_acc=0.8530 val_f1=0.8501 val_uar=0.8530 lr=7.08e-05
[06:35:08] INFO   ep26: train_loss=0.9460 val_acc=0.8460 val_f1=0.8427 val_uar=0.8460 lr=6.81e-05
[06:35:18] INFO   ep27: train_loss=0.9440 val_acc=0.8530 val_f1=0.8526 val_uar=0.8530 lr=6.55e-05
[06:35:29] INFO   ep28: train_loss=0.9388 val_acc=0.8560 val_f1=0.8514 val_uar=0.8560 lr=6.27e-05
[06:35:39] INFO   ep29: train_loss=0.9338 val_acc=0.8550 val_f1=0.8526 val_uar=0.8550 lr=5.99e-05
[06:35:50] INFO   ep30: train_loss=0.9329 val_acc=0.8500 val_f1=0.8477 val_uar=0.8500 lr=5.71e-05
[06:36:00] INFO   ep31: train_loss=0.9309 val_acc=0.8480 val_f1=0.8427 val_uar=0.8480 lr=5.43e-05
[06:36:11] INFO   ep32: train_loss=0.9261 val_acc=0.8580 val_f1=0.8554 val_uar=0.8580 lr=5.14e-05
[06:36:22] INFO   ep33: train_loss=0.9226 val_acc=0.8620 val_f1=0.8585 val_uar=0.8620 lr=4.86e-05
[06:36:33] INFO   ep34: train_loss=0.9216 val_acc=0.8550 val_f1=0.8520 val_uar=0.8550 lr=4.57e-05
[06:36:44] INFO   ep35: train_loss=0.9152 val_acc=0.8510 val_f1=0.8476 val_uar=0.8510 lr=4.29e-05
[06:36:54] INFO   ep36: train_loss=0.9200 val_acc=0.8570 val_f1=0.8541 val_uar=0.8570 lr=4.01e-05
[06:37:05] INFO   ep37: train_loss=0.9197 val_acc=0.8580 val_f1=0.8532 val_uar=0.8580 lr=3.73e-05
[06:37:16] INFO   ep38: train_loss=0.9110 val_acc=0.8620 val_f1=0.8583 val_uar=0.8620 lr=3.45e-05
[06:37:26] INFO   ep39: train_loss=0.9084 val_acc=0.8630 val_f1=0.8581 val_uar=0.8630 lr=3.19e-05
[06:37:37] INFO   ep40: train_loss=0.9140 val_acc=0.8540 val_f1=0.8507 val_uar=0.8540 lr=2.92e-05
[06:37:48] INFO   ep41: train_loss=0.9032 val_acc=0.8680 val_f1=0.8658 val_uar=0.8680 lr=2.67e-05
[06:37:59] INFO   ep42: train_loss=0.9040 val_acc=0.8540 val_f1=0.8514 val_uar=0.8540 lr=2.42e-05
[06:38:09] INFO   ep43: train_loss=0.9038 val_acc=0.8630 val_f1=0.8612 val_uar=0.8630 lr=2.18e-05
[06:38:20] INFO   ep44: train_loss=0.9067 val_acc=0.8570 val_f1=0.8538 val_uar=0.8570 lr=1.95e-05
[06:38:31] INFO   ep45: train_loss=0.9027 val_acc=0.8590 val_f1=0.8555 val_uar=0.8590 lr=1.73e-05
[06:38:42] INFO   ep46: train_loss=0.9065 val_acc=0.8630 val_f1=0.8603 val_uar=0.8630 lr=1.52e-05
[06:38:52] INFO   ep47: train_loss=0.9039 val_acc=0.8540 val_f1=0.8504 val_uar=0.8540 lr=1.32e-05
[06:39:03] INFO   ep48: train_loss=0.8998 val_acc=0.8580 val_f1=0.8547 val_uar=0.8580 lr=1.13e-05
[06:39:14] INFO   ep49: train_loss=0.9015 val_acc=0.8580 val_f1=0.8554 val_uar=0.8580 lr=9.55e-06
[06:39:24] INFO   ep50: train_loss=0.9020 val_acc=0.8600 val_f1=0.8573 val_uar=0.8600 lr=7.94e-06
[06:39:35] INFO   ep51: train_loss=0.8980 val_acc=0.8620 val_f1=0.8595 val_uar=0.8620 lr=6.46e-06
[06:39:46] INFO   ep52: train_loss=0.9009 val_acc=0.8600 val_f1=0.8570 val_uar=0.8600 lr=5.13e-06
[06:39:57] INFO   ep53: train_loss=0.8969 val_acc=0.8620 val_f1=0.8596 val_uar=0.8620 lr=3.94e-06
[06:40:07] INFO   ep54: train_loss=0.9034 val_acc=0.8630 val_f1=0.8606 val_uar=0.8630 lr=2.91e-06
[06:40:18] INFO   ep55: train_loss=0.9011 val_acc=0.8680 val_f1=0.8654 val_uar=0.8680 lr=2.03e-06
[06:40:29] INFO   ep56: train_loss=0.8985 val_acc=0.8670 val_f1=0.8643 val_uar=0.8670 lr=1.30e-06
[06:40:39] INFO   ep57: train_loss=0.8957 val_acc=0.8650 val_f1=0.8624 val_uar=0.8650 lr=7.32e-07
[06:40:50] INFO   ep58: train_loss=0.9002 val_acc=0.8640 val_f1=0.8613 val_uar=0.8640 lr=3.26e-07
[06:41:01] INFO   ep59: train_loss=0.8957 val_acc=0.8650 val_f1=0.8624 val_uar=0.8650 lr=8.15e-08
[06:41:11] INFO   ep60: train_loss=0.8965 val_acc=0.8650 val_f1=0.8624 val_uar=0.8650 lr=0.00e+00
[06:41:11] INFO [done] swin_tiny best_val_acc=0.8680 lr_used=0.0001 ckpt=checkpoints\cub200_swin_tiny_seed0.pt time=11.0min
[06:41:13] INFO   [E1] eval clean + per colorfulness bin
[06:41:33] INFO   [E2] eval perturbasi warna
[06:47:07] INFO   done swin_tiny seed0
[06:47:07] INFO ==== cub200 / swin_tiny / seed1 (recipe=adamw gray=False) ====
[06:47:07] INFO [train] cub200/swin_tiny/seed1 recipe=adamw opt=adamw lr=0.0001 wd=0.05 grayscale=False epochs=60 device=cuda n_train=4994 n_val=1000 bs=64 accum=1
[06:47:45] INFO   ep1: train_loss=5.2232 val_acc=0.0610 val_f1=0.0409 val_uar=0.0610 lr=4.00e-05
[06:47:55] INFO   ep2: train_loss=3.9753 val_acc=0.5130 val_f1=0.4787 val_uar=0.5130 lr=6.00e-05
[06:48:05] INFO   ep3: train_loss=2.3722 val_acc=0.7390 val_f1=0.7243 val_uar=0.7390 lr=8.00e-05
[06:48:16] INFO   ep4: train_loss=1.7458 val_acc=0.7870 val_f1=0.7776 val_uar=0.7870 lr=1.00e-04
[06:48:26] INFO   ep5: train_loss=1.5190 val_acc=0.7940 val_f1=0.7879 val_uar=0.7940 lr=1.00e-04
[06:48:36] INFO   ep6: train_loss=1.3355 val_acc=0.8090 val_f1=0.8033 val_uar=0.8090 lr=9.99e-05
[06:48:46] INFO   ep7: train_loss=1.2401 val_acc=0.8230 val_f1=0.8213 val_uar=0.8230 lr=9.97e-05
[06:48:56] INFO   ep8: train_loss=1.1649 val_acc=0.8350 val_f1=0.8326 val_uar=0.8350 lr=9.93e-05
[06:49:07] INFO   ep9: train_loss=1.1284 val_acc=0.8300 val_f1=0.8258 val_uar=0.8300 lr=9.87e-05
[06:49:17] INFO   ep10: train_loss=1.0932 val_acc=0.8300 val_f1=0.8275 val_uar=0.8300 lr=9.80e-05
[06:49:27] INFO   ep11: train_loss=1.0618 val_acc=0.8290 val_f1=0.8263 val_uar=0.8290 lr=9.71e-05
[06:49:37] INFO   ep12: train_loss=1.0544 val_acc=0.8290 val_f1=0.8250 val_uar=0.8290 lr=9.61e-05
[06:49:48] INFO   ep13: train_loss=1.0399 val_acc=0.8410 val_f1=0.8391 val_uar=0.8410 lr=9.49e-05
[06:49:58] INFO   ep14: train_loss=1.0216 val_acc=0.8380 val_f1=0.8360 val_uar=0.8380 lr=9.35e-05
[06:50:08] INFO   ep15: train_loss=1.0031 val_acc=0.8380 val_f1=0.8333 val_uar=0.8380 lr=9.21e-05
[06:50:19] INFO   ep16: train_loss=0.9979 val_acc=0.8270 val_f1=0.8244 val_uar=0.8270 lr=9.05e-05
[06:50:29] INFO   ep17: train_loss=0.9973 val_acc=0.8430 val_f1=0.8403 val_uar=0.8430 lr=8.87e-05
[06:50:40] INFO   ep18: train_loss=0.9882 val_acc=0.8450 val_f1=0.8419 val_uar=0.8450 lr=8.68e-05
[06:50:50] INFO   ep19: train_loss=0.9759 val_acc=0.8440 val_f1=0.8418 val_uar=0.8440 lr=8.48e-05
[06:51:01] INFO   ep20: train_loss=0.9699 val_acc=0.8310 val_f1=0.8258 val_uar=0.8310 lr=8.27e-05
[06:51:11] INFO   ep21: train_loss=0.9741 val_acc=0.8420 val_f1=0.8388 val_uar=0.8420 lr=8.05e-05
[06:51:22] INFO   ep22: train_loss=0.9671 val_acc=0.8470 val_f1=0.8459 val_uar=0.8470 lr=7.82e-05
[06:51:32] INFO   ep23: train_loss=0.9593 val_acc=0.8530 val_f1=0.8493 val_uar=0.8530 lr=7.58e-05
[06:51:43] INFO   ep24: train_loss=0.9515 val_acc=0.8420 val_f1=0.8397 val_uar=0.8420 lr=7.33e-05
[06:51:53] INFO   ep25: train_loss=0.9536 val_acc=0.8430 val_f1=0.8398 val_uar=0.8430 lr=7.08e-05
[06:52:04] INFO   ep26: train_loss=0.9517 val_acc=0.8490 val_f1=0.8455 val_uar=0.8490 lr=6.81e-05
[06:52:14] INFO   ep27: train_loss=0.9446 val_acc=0.8490 val_f1=0.8452 val_uar=0.8490 lr=6.55e-05
[06:52:25] INFO   ep28: train_loss=0.9410 val_acc=0.8460 val_f1=0.8419 val_uar=0.8460 lr=6.27e-05
[06:52:36] INFO   ep29: train_loss=0.9325 val_acc=0.8380 val_f1=0.8344 val_uar=0.8380 lr=5.99e-05
[06:52:46] INFO   ep30: train_loss=0.9298 val_acc=0.8480 val_f1=0.8462 val_uar=0.8480 lr=5.71e-05
[06:52:57] INFO   ep31: train_loss=0.9309 val_acc=0.8510 val_f1=0.8500 val_uar=0.8510 lr=5.43e-05
[06:53:08] INFO   ep32: train_loss=0.9257 val_acc=0.8450 val_f1=0.8425 val_uar=0.8450 lr=5.14e-05
[06:53:18] INFO   ep33: train_loss=0.9214 val_acc=0.8550 val_f1=0.8513 val_uar=0.8550 lr=4.86e-05
[06:53:29] INFO   ep34: train_loss=0.9242 val_acc=0.8510 val_f1=0.8479 val_uar=0.8510 lr=4.57e-05
[06:53:40] INFO   ep35: train_loss=0.9171 val_acc=0.8590 val_f1=0.8555 val_uar=0.8590 lr=4.29e-05
[06:53:51] INFO   ep36: train_loss=0.9160 val_acc=0.8500 val_f1=0.8468 val_uar=0.8500 lr=4.01e-05
[06:54:01] INFO   ep37: train_loss=0.9154 val_acc=0.8500 val_f1=0.8480 val_uar=0.8500 lr=3.73e-05
[06:54:12] INFO   ep38: train_loss=0.9126 val_acc=0.8470 val_f1=0.8451 val_uar=0.8470 lr=3.45e-05
[06:54:23] INFO   ep39: train_loss=0.9101 val_acc=0.8560 val_f1=0.8542 val_uar=0.8560 lr=3.19e-05
[06:54:33] INFO   ep40: train_loss=0.9106 val_acc=0.8510 val_f1=0.8483 val_uar=0.8510 lr=2.92e-05
[06:54:44] INFO   ep41: train_loss=0.9065 val_acc=0.8510 val_f1=0.8501 val_uar=0.8510 lr=2.67e-05
[06:54:55] INFO   ep42: train_loss=0.9095 val_acc=0.8470 val_f1=0.8443 val_uar=0.8470 lr=2.42e-05
[06:55:05] INFO   ep43: train_loss=0.9088 val_acc=0.8440 val_f1=0.8415 val_uar=0.8440 lr=2.18e-05
[06:55:16] INFO   ep44: train_loss=0.9065 val_acc=0.8440 val_f1=0.8413 val_uar=0.8440 lr=1.95e-05
[06:55:26] INFO   ep45: train_loss=0.9029 val_acc=0.8460 val_f1=0.8432 val_uar=0.8460 lr=1.73e-05
[06:55:37] INFO   ep46: train_loss=0.9013 val_acc=0.8480 val_f1=0.8461 val_uar=0.8480 lr=1.52e-05
[06:55:48] INFO   ep47: train_loss=0.9033 val_acc=0.8490 val_f1=0.8457 val_uar=0.8490 lr=1.32e-05
[06:55:58] INFO   ep48: train_loss=0.8981 val_acc=0.8500 val_f1=0.8474 val_uar=0.8500 lr=1.13e-05
[06:56:09] INFO   ep49: train_loss=0.8980 val_acc=0.8500 val_f1=0.8469 val_uar=0.8500 lr=9.55e-06
[06:56:20] INFO   ep50: train_loss=0.8991 val_acc=0.8510 val_f1=0.8484 val_uar=0.8510 lr=7.94e-06
[06:56:30] INFO   ep51: train_loss=0.9014 val_acc=0.8510 val_f1=0.8480 val_uar=0.8510 lr=6.46e-06
[06:56:41] INFO   ep52: train_loss=0.8969 val_acc=0.8490 val_f1=0.8458 val_uar=0.8490 lr=5.13e-06
[06:56:51] INFO   ep53: train_loss=0.8974 val_acc=0.8510 val_f1=0.8481 val_uar=0.8510 lr=3.94e-06
[06:57:02] INFO   ep54: train_loss=0.9011 val_acc=0.8460 val_f1=0.8428 val_uar=0.8460 lr=2.91e-06
[06:57:13] INFO   ep55: train_loss=0.8965 val_acc=0.8480 val_f1=0.8453 val_uar=0.8480 lr=2.03e-06
[06:57:23] INFO   ep56: train_loss=0.8966 val_acc=0.8470 val_f1=0.8444 val_uar=0.8470 lr=1.30e-06
[06:57:34] INFO   ep57: train_loss=0.8957 val_acc=0.8470 val_f1=0.8444 val_uar=0.8470 lr=7.32e-07
[06:57:45] INFO   ep58: train_loss=0.8982 val_acc=0.8470 val_f1=0.8446 val_uar=0.8470 lr=3.26e-07
[06:57:55] INFO   ep59: train_loss=0.8973 val_acc=0.8480 val_f1=0.8454 val_uar=0.8480 lr=8.15e-08
[06:58:06] INFO   ep60: train_loss=0.8956 val_acc=0.8480 val_f1=0.8454 val_uar=0.8480 lr=0.00e+00
[06:58:06] INFO [done] swin_tiny best_val_acc=0.8590 lr_used=0.0001 ckpt=checkpoints\cub200_swin_tiny_seed1.pt time=11.0min
[06:58:08] INFO   [E1] eval clean + per colorfulness bin
[06:58:28] INFO   [E2] eval perturbasi warna
[07:04:02] INFO   done swin_tiny seed1
[07:04:02] INFO ==== cub200 / swin_tiny / seed2 (recipe=adamw gray=False) ====
[07:04:02] INFO [train] cub200/swin_tiny/seed2 recipe=adamw opt=adamw lr=0.0001 wd=0.05 grayscale=False epochs=60 device=cuda n_train=4994 n_val=1000 bs=64 accum=1
[07:04:40] INFO   ep1: train_loss=5.1961 val_acc=0.0900 val_f1=0.0680 val_uar=0.0900 lr=4.00e-05
[07:04:50] INFO   ep2: train_loss=3.9171 val_acc=0.5030 val_f1=0.4700 val_uar=0.5030 lr=6.00e-05
[07:05:00] INFO   ep3: train_loss=2.3972 val_acc=0.7150 val_f1=0.7016 val_uar=0.7150 lr=8.00e-05
[07:05:11] INFO   ep4: train_loss=1.7866 val_acc=0.7700 val_f1=0.7660 val_uar=0.7700 lr=1.00e-04
[07:05:21] INFO   ep5: train_loss=1.5125 val_acc=0.7890 val_f1=0.7863 val_uar=0.7890 lr=1.00e-04
[07:05:31] INFO   ep6: train_loss=1.3301 val_acc=0.7860 val_f1=0.7795 val_uar=0.7860 lr=9.99e-05
[07:05:41] INFO   ep7: train_loss=1.2406 val_acc=0.8120 val_f1=0.8107 val_uar=0.8120 lr=9.97e-05
[07:05:52] INFO   ep8: train_loss=1.1657 val_acc=0.8060 val_f1=0.7965 val_uar=0.8060 lr=9.93e-05
[07:06:02] INFO   ep9: train_loss=1.1305 val_acc=0.8290 val_f1=0.8256 val_uar=0.8290 lr=9.87e-05
[07:06:12] INFO   ep10: train_loss=1.0814 val_acc=0.8120 val_f1=0.8108 val_uar=0.8120 lr=9.80e-05
[07:06:22] INFO   ep11: train_loss=1.0665 val_acc=0.8230 val_f1=0.8209 val_uar=0.8230 lr=9.71e-05
[07:06:32] INFO   ep12: train_loss=1.0435 val_acc=0.8210 val_f1=0.8166 val_uar=0.8210 lr=9.61e-05
[07:06:43] INFO   ep13: train_loss=1.0373 val_acc=0.8280 val_f1=0.8258 val_uar=0.8280 lr=9.49e-05
[07:06:53] INFO   ep14: train_loss=1.0154 val_acc=0.8370 val_f1=0.8343 val_uar=0.8370 lr=9.35e-05
[07:07:04] INFO   ep15: train_loss=1.0146 val_acc=0.8370 val_f1=0.8341 val_uar=0.8370 lr=9.21e-05
[07:07:14] INFO   ep16: train_loss=0.9984 val_acc=0.8260 val_f1=0.8232 val_uar=0.8260 lr=9.05e-05
[07:07:25] INFO   ep17: train_loss=0.9873 val_acc=0.8400 val_f1=0.8368 val_uar=0.8400 lr=8.87e-05
[07:07:35] INFO   ep18: train_loss=0.9884 val_acc=0.8340 val_f1=0.8311 val_uar=0.8340 lr=8.68e-05
[07:07:46] INFO   ep19: train_loss=0.9752 val_acc=0.8390 val_f1=0.8368 val_uar=0.8390 lr=8.48e-05
[07:07:56] INFO   ep20: train_loss=0.9755 val_acc=0.8400 val_f1=0.8378 val_uar=0.8400 lr=8.27e-05
[07:08:07] INFO   ep21: train_loss=0.9642 val_acc=0.8470 val_f1=0.8441 val_uar=0.8470 lr=8.05e-05
[07:08:17] INFO   ep22: train_loss=0.9609 val_acc=0.8430 val_f1=0.8422 val_uar=0.8430 lr=7.82e-05
[07:08:28] INFO   ep23: train_loss=0.9592 val_acc=0.8470 val_f1=0.8453 val_uar=0.8470 lr=7.58e-05
[07:08:39] INFO   ep24: train_loss=0.9561 val_acc=0.8530 val_f1=0.8513 val_uar=0.8530 lr=7.33e-05
[07:08:49] INFO   ep25: train_loss=0.9519 val_acc=0.8370 val_f1=0.8337 val_uar=0.8370 lr=7.08e-05
[07:09:00] INFO   ep26: train_loss=0.9484 val_acc=0.8440 val_f1=0.8406 val_uar=0.8440 lr=6.81e-05
[07:09:11] INFO   ep27: train_loss=0.9435 val_acc=0.8440 val_f1=0.8432 val_uar=0.8440 lr=6.55e-05
[07:09:21] INFO   ep28: train_loss=0.9410 val_acc=0.8450 val_f1=0.8445 val_uar=0.8450 lr=6.27e-05
[07:09:32] INFO   ep29: train_loss=0.9318 val_acc=0.8380 val_f1=0.8355 val_uar=0.8380 lr=5.99e-05
[07:09:42] INFO   ep30: train_loss=0.9303 val_acc=0.8450 val_f1=0.8423 val_uar=0.8450 lr=5.71e-05
[07:09:53] INFO   ep31: train_loss=0.9289 val_acc=0.8520 val_f1=0.8491 val_uar=0.8520 lr=5.43e-05
[07:10:04] INFO   ep32: train_loss=0.9288 val_acc=0.8530 val_f1=0.8508 val_uar=0.8530 lr=5.14e-05
[07:10:15] INFO   ep33: train_loss=0.9286 val_acc=0.8480 val_f1=0.8451 val_uar=0.8480 lr=4.86e-05
[07:10:25] INFO   ep34: train_loss=0.9238 val_acc=0.8470 val_f1=0.8447 val_uar=0.8470 lr=4.57e-05
[07:10:36] INFO   ep35: train_loss=0.9200 val_acc=0.8400 val_f1=0.8379 val_uar=0.8400 lr=4.29e-05
[07:10:47] INFO   ep36: train_loss=0.9179 val_acc=0.8520 val_f1=0.8499 val_uar=0.8520 lr=4.01e-05
[07:10:57] INFO   ep37: train_loss=0.9147 val_acc=0.8450 val_f1=0.8420 val_uar=0.8450 lr=3.73e-05
[07:11:08] INFO   ep38: train_loss=0.9075 val_acc=0.8420 val_f1=0.8386 val_uar=0.8420 lr=3.45e-05
[07:11:19] INFO   ep39: train_loss=0.9147 val_acc=0.8570 val_f1=0.8551 val_uar=0.8570 lr=3.19e-05
[07:11:30] INFO   ep40: train_loss=0.9114 val_acc=0.8460 val_f1=0.8436 val_uar=0.8460 lr=2.92e-05
[07:11:40] INFO   ep41: train_loss=0.9090 val_acc=0.8520 val_f1=0.8481 val_uar=0.8520 lr=2.67e-05
[07:11:51] INFO   ep42: train_loss=0.9064 val_acc=0.8530 val_f1=0.8500 val_uar=0.8530 lr=2.42e-05
[07:12:02] INFO   ep43: train_loss=0.9039 val_acc=0.8510 val_f1=0.8495 val_uar=0.8510 lr=2.18e-05
[07:12:12] INFO   ep44: train_loss=0.9040 val_acc=0.8540 val_f1=0.8521 val_uar=0.8540 lr=1.95e-05
[07:12:23] INFO   ep45: train_loss=0.9032 val_acc=0.8450 val_f1=0.8428 val_uar=0.8450 lr=1.73e-05
[07:12:34] INFO   ep46: train_loss=0.9033 val_acc=0.8480 val_f1=0.8470 val_uar=0.8480 lr=1.52e-05
[07:12:45] INFO   ep47: train_loss=0.8986 val_acc=0.8430 val_f1=0.8417 val_uar=0.8430 lr=1.32e-05
[07:12:56] INFO   ep48: train_loss=0.9031 val_acc=0.8490 val_f1=0.8466 val_uar=0.8490 lr=1.13e-05
[07:13:06] INFO   ep49: train_loss=0.8960 val_acc=0.8500 val_f1=0.8484 val_uar=0.8500 lr=9.55e-06
[07:13:17] INFO   ep50: train_loss=0.8980 val_acc=0.8560 val_f1=0.8540 val_uar=0.8560 lr=7.94e-06
[07:13:28] INFO   ep51: train_loss=0.8975 val_acc=0.8530 val_f1=0.8506 val_uar=0.8530 lr=6.46e-06
[07:13:39] INFO   ep52: train_loss=0.8972 val_acc=0.8520 val_f1=0.8496 val_uar=0.8520 lr=5.13e-06
[07:13:49] INFO   ep53: train_loss=0.8982 val_acc=0.8530 val_f1=0.8506 val_uar=0.8530 lr=3.94e-06
[07:14:00] INFO   ep54: train_loss=0.8956 val_acc=0.8540 val_f1=0.8520 val_uar=0.8540 lr=2.91e-06
[07:14:11] INFO   ep55: train_loss=0.9003 val_acc=0.8540 val_f1=0.8518 val_uar=0.8540 lr=2.03e-06
[07:14:21] INFO   ep56: train_loss=0.8959 val_acc=0.8520 val_f1=0.8505 val_uar=0.8520 lr=1.30e-06
[07:14:32] INFO   ep57: train_loss=0.8961 val_acc=0.8540 val_f1=0.8523 val_uar=0.8540 lr=7.32e-07
[07:14:43] INFO   ep58: train_loss=0.8969 val_acc=0.8520 val_f1=0.8500 val_uar=0.8520 lr=3.26e-07
[07:14:54] INFO   ep59: train_loss=0.8958 val_acc=0.8530 val_f1=0.8512 val_uar=0.8530 lr=8.15e-08
[07:15:04] INFO   ep60: train_loss=0.9011 val_acc=0.8530 val_f1=0.8512 val_uar=0.8530 lr=0.00e+00
[07:15:04] INFO [done] swin_tiny best_val_acc=0.8570 lr_used=0.0001 ckpt=checkpoints\cub200_swin_tiny_seed2.pt time=11.0min
[07:15:06] INFO   [E1] eval clean + per colorfulness bin
[07:15:26] INFO   [E2] eval perturbasi warna
[07:21:00] INFO   done swin_tiny seed2
[07:21:00] INFO ==== cub200 / swin_tiny / seed3 (recipe=adamw gray=False) ====
[07:21:00] INFO [train] cub200/swin_tiny/seed3 recipe=adamw opt=adamw lr=0.0001 wd=0.05 grayscale=False epochs=60 device=cuda n_train=4994 n_val=1000 bs=64 accum=1
[07:21:38] INFO   ep1: train_loss=5.2209 val_acc=0.0610 val_f1=0.0486 val_uar=0.0610 lr=4.00e-05
[07:21:48] INFO   ep2: train_loss=3.9914 val_acc=0.4920 val_f1=0.4546 val_uar=0.4920 lr=6.00e-05
[07:21:58] INFO   ep3: train_loss=2.3983 val_acc=0.7190 val_f1=0.7087 val_uar=0.7190 lr=8.00e-05
[07:22:09] INFO   ep4: train_loss=1.7907 val_acc=0.7660 val_f1=0.7588 val_uar=0.7660 lr=1.00e-04
[07:22:19] INFO   ep5: train_loss=1.5402 val_acc=0.7710 val_f1=0.7642 val_uar=0.7710 lr=1.00e-04
[07:22:29] INFO   ep6: train_loss=1.3571 val_acc=0.7960 val_f1=0.7911 val_uar=0.7960 lr=9.99e-05
[07:22:39] INFO   ep7: train_loss=1.2572 val_acc=0.8030 val_f1=0.7997 val_uar=0.8030 lr=9.97e-05
[07:22:49] INFO   ep8: train_loss=1.1789 val_acc=0.8260 val_f1=0.8246 val_uar=0.8260 lr=9.93e-05
[07:23:00] INFO   ep9: train_loss=1.1366 val_acc=0.8110 val_f1=0.8071 val_uar=0.8110 lr=9.87e-05
[07:23:10] INFO   ep10: train_loss=1.0953 val_acc=0.8340 val_f1=0.8311 val_uar=0.8340 lr=9.80e-05
[07:23:21] INFO   ep11: train_loss=1.0647 val_acc=0.8280 val_f1=0.8256 val_uar=0.8280 lr=9.71e-05
[07:23:31] INFO   ep12: train_loss=1.0474 val_acc=0.8260 val_f1=0.8222 val_uar=0.8260 lr=9.61e-05
[07:23:41] INFO   ep13: train_loss=1.0397 val_acc=0.8290 val_f1=0.8254 val_uar=0.8290 lr=9.49e-05
[07:23:51] INFO   ep14: train_loss=1.0250 val_acc=0.8310 val_f1=0.8302 val_uar=0.8310 lr=9.35e-05
[07:24:02] INFO   ep15: train_loss=1.0154 val_acc=0.8320 val_f1=0.8293 val_uar=0.8320 lr=9.21e-05
[07:24:12] INFO   ep16: train_loss=1.0073 val_acc=0.8410 val_f1=0.8389 val_uar=0.8410 lr=9.05e-05
[07:24:23] INFO   ep17: train_loss=0.9989 val_acc=0.8410 val_f1=0.8384 val_uar=0.8410 lr=8.87e-05
[07:24:33] INFO   ep18: train_loss=0.9835 val_acc=0.8390 val_f1=0.8359 val_uar=0.8390 lr=8.68e-05
[07:24:44] INFO   ep19: train_loss=0.9773 val_acc=0.8450 val_f1=0.8415 val_uar=0.8450 lr=8.48e-05
[07:24:54] INFO   ep20: train_loss=0.9795 val_acc=0.8380 val_f1=0.8363 val_uar=0.8380 lr=8.27e-05
[07:25:05] INFO   ep21: train_loss=0.9683 val_acc=0.8410 val_f1=0.8370 val_uar=0.8410 lr=8.05e-05
[07:25:15] INFO   ep22: train_loss=0.9637 val_acc=0.8510 val_f1=0.8475 val_uar=0.8510 lr=7.82e-05
[07:25:26] INFO   ep23: train_loss=0.9560 val_acc=0.8500 val_f1=0.8469 val_uar=0.8500 lr=7.58e-05
[07:25:36] INFO   ep24: train_loss=0.9529 val_acc=0.8550 val_f1=0.8513 val_uar=0.8550 lr=7.33e-05
[07:25:47] INFO   ep25: train_loss=0.9495 val_acc=0.8490 val_f1=0.8458 val_uar=0.8490 lr=7.08e-05
[07:25:58] INFO   ep26: train_loss=0.9407 val_acc=0.8540 val_f1=0.8515 val_uar=0.8540 lr=6.81e-05
[07:26:08] INFO   ep27: train_loss=0.9428 val_acc=0.8510 val_f1=0.8475 val_uar=0.8510 lr=6.55e-05
[07:26:19] INFO   ep28: train_loss=0.9367 val_acc=0.8460 val_f1=0.8447 val_uar=0.8460 lr=6.27e-05
[07:26:30] INFO   ep29: train_loss=0.9385 val_acc=0.8490 val_f1=0.8471 val_uar=0.8490 lr=5.99e-05
[07:26:40] INFO   ep30: train_loss=0.9289 val_acc=0.8540 val_f1=0.8497 val_uar=0.8540 lr=5.71e-05
[07:26:51] INFO   ep31: train_loss=0.9242 val_acc=0.8560 val_f1=0.8533 val_uar=0.8560 lr=5.43e-05
[07:27:01] INFO   ep32: train_loss=0.9234 val_acc=0.8490 val_f1=0.8460 val_uar=0.8490 lr=5.14e-05
[07:27:12] INFO   ep33: train_loss=0.9210 val_acc=0.8560 val_f1=0.8534 val_uar=0.8560 lr=4.86e-05
[07:27:23] INFO   ep34: train_loss=0.9199 val_acc=0.8560 val_f1=0.8540 val_uar=0.8560 lr=4.57e-05
[07:27:33] INFO   ep35: train_loss=0.9154 val_acc=0.8520 val_f1=0.8493 val_uar=0.8520 lr=4.29e-05
[07:27:44] INFO   ep36: train_loss=0.9211 val_acc=0.8560 val_f1=0.8538 val_uar=0.8560 lr=4.01e-05
[07:27:54] INFO   ep37: train_loss=0.9177 val_acc=0.8570 val_f1=0.8548 val_uar=0.8570 lr=3.73e-05
[07:28:05] INFO   ep38: train_loss=0.9172 val_acc=0.8540 val_f1=0.8517 val_uar=0.8540 lr=3.45e-05
[07:28:16] INFO   ep39: train_loss=0.9125 val_acc=0.8520 val_f1=0.8501 val_uar=0.8520 lr=3.19e-05
[07:28:26] INFO   ep40: train_loss=0.9122 val_acc=0.8550 val_f1=0.8530 val_uar=0.8550 lr=2.92e-05
[07:28:37] INFO   ep41: train_loss=0.9114 val_acc=0.8610 val_f1=0.8595 val_uar=0.8610 lr=2.67e-05
[07:28:47] INFO   ep42: train_loss=0.9100 val_acc=0.8570 val_f1=0.8541 val_uar=0.8570 lr=2.42e-05
[07:28:58] INFO   ep43: train_loss=0.9063 val_acc=0.8590 val_f1=0.8559 val_uar=0.8590 lr=2.18e-05
[07:29:09] INFO   ep44: train_loss=0.9050 val_acc=0.8580 val_f1=0.8542 val_uar=0.8580 lr=1.95e-05
[07:29:19] INFO   ep45: train_loss=0.9042 val_acc=0.8590 val_f1=0.8565 val_uar=0.8590 lr=1.73e-05
[07:29:30] INFO   ep46: train_loss=0.9027 val_acc=0.8600 val_f1=0.8582 val_uar=0.8600 lr=1.52e-05
[07:29:40] INFO   ep47: train_loss=0.9000 val_acc=0.8620 val_f1=0.8599 val_uar=0.8620 lr=1.32e-05
[07:29:51] INFO   ep48: train_loss=0.8958 val_acc=0.8590 val_f1=0.8573 val_uar=0.8590 lr=1.13e-05
[07:30:02] INFO   ep49: train_loss=0.9032 val_acc=0.8520 val_f1=0.8487 val_uar=0.8520 lr=9.55e-06
[07:30:12] INFO   ep50: train_loss=0.9009 val_acc=0.8570 val_f1=0.8549 val_uar=0.8570 lr=7.94e-06
[07:30:23] INFO   ep51: train_loss=0.8987 val_acc=0.8600 val_f1=0.8579 val_uar=0.8600 lr=6.46e-06
[07:30:34] INFO   ep52: train_loss=0.8993 val_acc=0.8590 val_f1=0.8572 val_uar=0.8590 lr=5.13e-06
[07:30:44] INFO   ep53: train_loss=0.8998 val_acc=0.8590 val_f1=0.8568 val_uar=0.8590 lr=3.94e-06
[07:30:55] INFO   ep54: train_loss=0.8953 val_acc=0.8590 val_f1=0.8567 val_uar=0.8590 lr=2.91e-06
[07:31:06] INFO   ep55: train_loss=0.8973 val_acc=0.8620 val_f1=0.8600 val_uar=0.8620 lr=2.03e-06
[07:31:16] INFO   ep56: train_loss=0.8964 val_acc=0.8630 val_f1=0.8609 val_uar=0.8630 lr=1.30e-06
[07:31:27] INFO   ep57: train_loss=0.8942 val_acc=0.8620 val_f1=0.8600 val_uar=0.8620 lr=7.32e-07
[07:31:38] INFO   ep58: train_loss=0.8951 val_acc=0.8610 val_f1=0.8591 val_uar=0.8610 lr=3.26e-07
[07:31:49] INFO   ep59: train_loss=0.8978 val_acc=0.8610 val_f1=0.8591 val_uar=0.8610 lr=8.15e-08
[07:31:59] INFO   ep60: train_loss=0.8988 val_acc=0.8610 val_f1=0.8591 val_uar=0.8610 lr=0.00e+00
[07:31:59] INFO [done] swin_tiny best_val_acc=0.8630 lr_used=0.0001 ckpt=checkpoints\cub200_swin_tiny_seed3.pt time=11.0min
[07:32:01] INFO   [E1] eval clean + per colorfulness bin
[07:32:21] INFO   [E2] eval perturbasi warna
[07:38:00] INFO   done swin_tiny seed3
[07:38:00] INFO ==== cub200 / swin_tiny / seed4 (recipe=adamw gray=False) ====
[07:38:00] INFO [train] cub200/swin_tiny/seed4 recipe=adamw opt=adamw lr=0.0001 wd=0.05 grayscale=False epochs=60 device=cuda n_train=4994 n_val=1000 bs=64 accum=1
[07:38:38] INFO   ep1: train_loss=5.2259 val_acc=0.0530 val_f1=0.0403 val_uar=0.0530 lr=4.00e-05
[07:38:48] INFO   ep2: train_loss=4.0538 val_acc=0.4720 val_f1=0.4458 val_uar=0.4720 lr=6.00e-05
[07:38:58] INFO   ep3: train_loss=2.4577 val_acc=0.7230 val_f1=0.7085 val_uar=0.7230 lr=8.00e-05
[07:39:08] INFO   ep4: train_loss=1.8042 val_acc=0.7560 val_f1=0.7449 val_uar=0.7560 lr=1.00e-04
[07:39:19] INFO   ep5: train_loss=1.5326 val_acc=0.7790 val_f1=0.7681 val_uar=0.7790 lr=1.00e-04
[07:39:29] INFO   ep6: train_loss=1.3415 val_acc=0.8060 val_f1=0.8006 val_uar=0.8060 lr=9.99e-05
[07:39:39] INFO   ep7: train_loss=1.2457 val_acc=0.7900 val_f1=0.7846 val_uar=0.7900 lr=9.97e-05
[07:39:50] INFO   ep8: train_loss=1.1656 val_acc=0.8060 val_f1=0.7995 val_uar=0.8060 lr=9.93e-05
[07:40:00] INFO   ep9: train_loss=1.1242 val_acc=0.8260 val_f1=0.8208 val_uar=0.8260 lr=9.87e-05
[07:40:10] INFO   ep10: train_loss=1.0907 val_acc=0.8190 val_f1=0.8161 val_uar=0.8190 lr=9.80e-05
[07:40:20] INFO   ep11: train_loss=1.0610 val_acc=0.8320 val_f1=0.8276 val_uar=0.8320 lr=9.71e-05
[07:40:31] INFO   ep12: train_loss=1.0389 val_acc=0.8090 val_f1=0.8060 val_uar=0.8090 lr=9.61e-05
[07:40:41] INFO   ep13: train_loss=1.0422 val_acc=0.8280 val_f1=0.8237 val_uar=0.8280 lr=9.49e-05
[07:40:51] INFO   ep14: train_loss=1.0106 val_acc=0.8230 val_f1=0.8189 val_uar=0.8230 lr=9.35e-05
[07:41:02] INFO   ep15: train_loss=1.0085 val_acc=0.8430 val_f1=0.8388 val_uar=0.8430 lr=9.21e-05
[07:41:12] INFO   ep16: train_loss=0.9983 val_acc=0.8320 val_f1=0.8271 val_uar=0.8320 lr=9.05e-05
[07:41:23] INFO   ep17: train_loss=0.9937 val_acc=0.8380 val_f1=0.8330 val_uar=0.8380 lr=8.87e-05
[07:41:33] INFO   ep18: train_loss=0.9798 val_acc=0.8400 val_f1=0.8370 val_uar=0.8400 lr=8.68e-05
[07:41:44] INFO   ep19: train_loss=0.9775 val_acc=0.8440 val_f1=0.8393 val_uar=0.8440 lr=8.48e-05
[07:41:54] INFO   ep20: train_loss=0.9701 val_acc=0.8430 val_f1=0.8381 val_uar=0.8430 lr=8.27e-05
[07:42:05] INFO   ep21: train_loss=0.9700 val_acc=0.8380 val_f1=0.8340 val_uar=0.8380 lr=8.05e-05
[07:42:16] INFO   ep22: train_loss=0.9572 val_acc=0.8350 val_f1=0.8321 val_uar=0.8350 lr=7.82e-05
[07:42:26] INFO   ep23: train_loss=0.9534 val_acc=0.8390 val_f1=0.8349 val_uar=0.8390 lr=7.58e-05
[07:42:37] INFO   ep24: train_loss=0.9538 val_acc=0.8340 val_f1=0.8305 val_uar=0.8340 lr=7.33e-05
[07:42:47] INFO   ep25: train_loss=0.9536 val_acc=0.8440 val_f1=0.8407 val_uar=0.8440 lr=7.08e-05
[07:42:58] INFO   ep26: train_loss=0.9450 val_acc=0.8490 val_f1=0.8469 val_uar=0.8490 lr=6.81e-05
[07:43:08] INFO   ep27: train_loss=0.9393 val_acc=0.8410 val_f1=0.8394 val_uar=0.8410 lr=6.55e-05
[07:43:19] INFO   ep28: train_loss=0.9374 val_acc=0.8380 val_f1=0.8343 val_uar=0.8380 lr=6.27e-05
[07:43:30] INFO   ep29: train_loss=0.9360 val_acc=0.8430 val_f1=0.8392 val_uar=0.8430 lr=5.99e-05
[07:43:40] INFO   ep30: train_loss=0.9349 val_acc=0.8350 val_f1=0.8309 val_uar=0.8350 lr=5.71e-05
[07:43:51] INFO   ep31: train_loss=0.9246 val_acc=0.8360 val_f1=0.8335 val_uar=0.8360 lr=5.43e-05
[07:44:02] INFO   ep32: train_loss=0.9262 val_acc=0.8410 val_f1=0.8377 val_uar=0.8410 lr=5.14e-05
[07:44:12] INFO   ep33: train_loss=0.9239 val_acc=0.8470 val_f1=0.8445 val_uar=0.8470 lr=4.86e-05
[07:44:23] INFO   ep34: train_loss=0.9185 val_acc=0.8440 val_f1=0.8405 val_uar=0.8440 lr=4.57e-05
[07:44:33] INFO   ep35: train_loss=0.9181 val_acc=0.8440 val_f1=0.8424 val_uar=0.8440 lr=4.29e-05
[07:44:44] INFO   ep36: train_loss=0.9173 val_acc=0.8380 val_f1=0.8345 val_uar=0.8380 lr=4.01e-05
[07:44:55] INFO   ep37: train_loss=0.9149 val_acc=0.8440 val_f1=0.8403 val_uar=0.8440 lr=3.73e-05
[07:45:05] INFO   ep38: train_loss=0.9161 val_acc=0.8470 val_f1=0.8439 val_uar=0.8470 lr=3.45e-05
[07:45:16] INFO   ep39: train_loss=0.9095 val_acc=0.8450 val_f1=0.8410 val_uar=0.8450 lr=3.19e-05
[07:45:26] INFO   ep40: train_loss=0.9078 val_acc=0.8450 val_f1=0.8430 val_uar=0.8450 lr=2.92e-05
[07:45:37] INFO   ep41: train_loss=0.9059 val_acc=0.8510 val_f1=0.8499 val_uar=0.8510 lr=2.67e-05
[07:45:48] INFO   ep42: train_loss=0.9022 val_acc=0.8510 val_f1=0.8483 val_uar=0.8510 lr=2.42e-05
[07:45:58] INFO   ep43: train_loss=0.9023 val_acc=0.8520 val_f1=0.8491 val_uar=0.8520 lr=2.18e-05
[07:46:09] INFO   ep44: train_loss=0.9060 val_acc=0.8460 val_f1=0.8426 val_uar=0.8460 lr=1.95e-05
[07:46:20] INFO   ep45: train_loss=0.9003 val_acc=0.8500 val_f1=0.8466 val_uar=0.8500 lr=1.73e-05
[07:46:31] INFO   ep46: train_loss=0.9028 val_acc=0.8490 val_f1=0.8461 val_uar=0.8490 lr=1.52e-05
[07:46:41] INFO   ep47: train_loss=0.8996 val_acc=0.8510 val_f1=0.8484 val_uar=0.8510 lr=1.32e-05
[07:46:52] INFO   ep48: train_loss=0.9000 val_acc=0.8450 val_f1=0.8421 val_uar=0.8450 lr=1.13e-05
[07:47:02] INFO   ep49: train_loss=0.8971 val_acc=0.8470 val_f1=0.8439 val_uar=0.8470 lr=9.55e-06
[07:47:13] INFO   ep50: train_loss=0.8980 val_acc=0.8490 val_f1=0.8462 val_uar=0.8490 lr=7.94e-06
[07:47:24] INFO   ep51: train_loss=0.8985 val_acc=0.8550 val_f1=0.8523 val_uar=0.8550 lr=6.46e-06
[07:47:35] INFO   ep52: train_loss=0.8997 val_acc=0.8500 val_f1=0.8477 val_uar=0.8500 lr=5.13e-06
[07:47:45] INFO   ep53: train_loss=0.8959 val_acc=0.8520 val_f1=0.8493 val_uar=0.8520 lr=3.94e-06
[07:47:56] INFO   ep54: train_loss=0.8947 val_acc=0.8510 val_f1=0.8485 val_uar=0.8510 lr=2.91e-06
[07:48:06] INFO   ep55: train_loss=0.8962 val_acc=0.8530 val_f1=0.8505 val_uar=0.8530 lr=2.03e-06
[07:48:17] INFO   ep56: train_loss=0.9000 val_acc=0.8540 val_f1=0.8511 val_uar=0.8540 lr=1.30e-06
[07:48:28] INFO   ep57: train_loss=0.8955 val_acc=0.8530 val_f1=0.8501 val_uar=0.8530 lr=7.32e-07
[07:48:39] INFO   ep58: train_loss=0.8950 val_acc=0.8540 val_f1=0.8513 val_uar=0.8540 lr=3.26e-07
[07:48:49] INFO   ep59: train_loss=0.8987 val_acc=0.8530 val_f1=0.8501 val_uar=0.8530 lr=8.15e-08
[07:49:00] INFO   ep60: train_loss=0.8975 val_acc=0.8530 val_f1=0.8501 val_uar=0.8530 lr=0.00e+00
[07:49:00] INFO [done] swin_tiny best_val_acc=0.8550 lr_used=0.0001 ckpt=checkpoints\cub200_swin_tiny_seed4.pt time=11.0min
[07:49:02] INFO   [E1] eval clean + per colorfulness bin
[07:49:22] INFO   [E2] eval perturbasi warna
[07:54:55] INFO   done swin_tiny seed4
[07:54:55] INFO ALL DONE
[18:52:01] INFO dataset=cub200 models=['convnext_tiny_in1k'] seeds=[0, 1, 2, 3, 4] epochs=None recipe=adamw
[18:52:01] INFO ==== cub200 / convnext_tiny_in1k / seed0 (recipe=adamw gray=False) ====
[18:52:18] INFO [train] cub200/convnext_tiny_in1k/seed0 recipe=adamw opt=adamw lr=0.0001 wd=0.05 grayscale=False epochs=60 device=cuda n_train=4994 n_val=1000 bs=64 accum=1
[18:52:52] INFO   ep1: train_loss=5.2758 val_acc=0.0260 val_f1=0.0182 val_uar=0.0260 lr=4.00e-05
[18:53:01] INFO   ep2: train_loss=5.1157 val_acc=0.2030 val_f1=0.1553 val_uar=0.2030 lr=6.00e-05
[18:53:10] INFO   ep3: train_loss=4.5960 val_acc=0.4300 val_f1=0.3937 val_uar=0.4300 lr=8.00e-05
[18:53:20] INFO   ep4: train_loss=3.6550 val_acc=0.6250 val_f1=0.5993 val_uar=0.6250 lr=1.00e-04
[18:53:29] INFO   ep5: train_loss=2.7219 val_acc=0.7240 val_f1=0.7075 val_uar=0.7240 lr=1.00e-04
[18:53:38] INFO   ep6: train_loss=2.0011 val_acc=0.7760 val_f1=0.7692 val_uar=0.7760 lr=9.99e-05
[18:53:48] INFO   ep7: train_loss=1.5819 val_acc=0.8130 val_f1=0.8090 val_uar=0.8130 lr=9.97e-05
[18:53:57] INFO   ep8: train_loss=1.3320 val_acc=0.8200 val_f1=0.8144 val_uar=0.8200 lr=9.93e-05
[18:54:06] INFO   ep9: train_loss=1.1777 val_acc=0.8290 val_f1=0.8253 val_uar=0.8290 lr=9.87e-05
[18:54:16] INFO   ep10: train_loss=1.0798 val_acc=0.8340 val_f1=0.8318 val_uar=0.8340 lr=9.80e-05
[18:54:25] INFO   ep11: train_loss=1.0167 val_acc=0.8260 val_f1=0.8224 val_uar=0.8260 lr=9.71e-05
[18:54:34] INFO   ep12: train_loss=0.9780 val_acc=0.8400 val_f1=0.8363 val_uar=0.8400 lr=9.61e-05
[18:54:44] INFO   ep13: train_loss=0.9499 val_acc=0.8260 val_f1=0.8224 val_uar=0.8260 lr=9.49e-05
[18:54:53] INFO   ep14: train_loss=0.9281 val_acc=0.8390 val_f1=0.8365 val_uar=0.8390 lr=9.35e-05
[18:55:03] INFO   ep15: train_loss=0.9168 val_acc=0.8310 val_f1=0.8280 val_uar=0.8310 lr=9.21e-05
[18:55:12] INFO   ep16: train_loss=0.9050 val_acc=0.8410 val_f1=0.8372 val_uar=0.8410 lr=9.05e-05
[18:55:21] INFO   ep17: train_loss=0.9017 val_acc=0.8370 val_f1=0.8342 val_uar=0.8370 lr=8.87e-05
[18:55:31] INFO   ep18: train_loss=0.8966 val_acc=0.8360 val_f1=0.8317 val_uar=0.8360 lr=8.68e-05
[18:55:40] INFO   ep19: train_loss=0.8938 val_acc=0.8340 val_f1=0.8298 val_uar=0.8340 lr=8.48e-05
[18:55:49] INFO   ep20: train_loss=0.8878 val_acc=0.8330 val_f1=0.8296 val_uar=0.8330 lr=8.27e-05
[18:55:58] INFO   ep21: train_loss=0.8849 val_acc=0.8390 val_f1=0.8361 val_uar=0.8390 lr=8.05e-05
[18:56:07] INFO   ep22: train_loss=0.8851 val_acc=0.8390 val_f1=0.8357 val_uar=0.8390 lr=7.82e-05
[18:56:17] INFO   ep23: train_loss=0.8838 val_acc=0.8280 val_f1=0.8246 val_uar=0.8280 lr=7.58e-05
[18:56:26] INFO   ep24: train_loss=0.8794 val_acc=0.8340 val_f1=0.8309 val_uar=0.8340 lr=7.33e-05
[18:56:35] INFO   ep25: train_loss=0.8789 val_acc=0.8360 val_f1=0.8323 val_uar=0.8360 lr=7.08e-05
[18:56:44] INFO   ep26: train_loss=0.8779 val_acc=0.8360 val_f1=0.8331 val_uar=0.8360 lr=6.81e-05
[18:56:53] INFO   ep27: train_loss=0.8758 val_acc=0.8300 val_f1=0.8260 val_uar=0.8300 lr=6.55e-05
[18:57:03] INFO   ep28: train_loss=0.8737 val_acc=0.8380 val_f1=0.8340 val_uar=0.8380 lr=6.27e-05
[18:57:12] INFO   ep29: train_loss=0.8728 val_acc=0.8360 val_f1=0.8322 val_uar=0.8360 lr=5.99e-05
[18:57:21] INFO   ep30: train_loss=0.8718 val_acc=0.8340 val_f1=0.8308 val_uar=0.8340 lr=5.71e-05
[18:57:31] INFO   ep31: train_loss=0.8732 val_acc=0.8330 val_f1=0.8290 val_uar=0.8330 lr=5.43e-05
[18:57:40] INFO   ep32: train_loss=0.8726 val_acc=0.8350 val_f1=0.8318 val_uar=0.8350 lr=5.14e-05
[18:57:49] INFO   ep33: train_loss=0.8704 val_acc=0.8360 val_f1=0.8312 val_uar=0.8360 lr=4.86e-05
[18:57:59] INFO   ep34: train_loss=0.8715 val_acc=0.8300 val_f1=0.8250 val_uar=0.8300 lr=4.57e-05
[18:58:08] INFO   ep35: train_loss=0.8705 val_acc=0.8350 val_f1=0.8316 val_uar=0.8350 lr=4.29e-05
[18:58:17] INFO   ep36: train_loss=0.8694 val_acc=0.8400 val_f1=0.8360 val_uar=0.8400 lr=4.01e-05
[18:58:27] INFO   ep37: train_loss=0.8683 val_acc=0.8320 val_f1=0.8280 val_uar=0.8320 lr=3.73e-05
[18:58:36] INFO   ep38: train_loss=0.8673 val_acc=0.8410 val_f1=0.8368 val_uar=0.8410 lr=3.45e-05
[18:58:46] INFO   ep39: train_loss=0.8671 val_acc=0.8350 val_f1=0.8297 val_uar=0.8350 lr=3.19e-05
[18:58:55] INFO   ep40: train_loss=0.8689 val_acc=0.8310 val_f1=0.8255 val_uar=0.8310 lr=2.92e-05
[18:59:05] INFO   ep41: train_loss=0.8671 val_acc=0.8360 val_f1=0.8321 val_uar=0.8360 lr=2.67e-05
[18:59:14] INFO   ep42: train_loss=0.8668 val_acc=0.8360 val_f1=0.8324 val_uar=0.8360 lr=2.42e-05
[18:59:24] INFO   ep43: train_loss=0.8667 val_acc=0.8340 val_f1=0.8304 val_uar=0.8340 lr=2.18e-05
[18:59:33] INFO   ep44: train_loss=0.8660 val_acc=0.8350 val_f1=0.8307 val_uar=0.8350 lr=1.95e-05
[18:59:42] INFO   ep45: train_loss=0.8654 val_acc=0.8410 val_f1=0.8378 val_uar=0.8410 lr=1.73e-05
[18:59:51] INFO   ep46: train_loss=0.8659 val_acc=0.8350 val_f1=0.8308 val_uar=0.8350 lr=1.52e-05
[19:00:00] INFO   ep47: train_loss=0.8654 val_acc=0.8360 val_f1=0.8319 val_uar=0.8360 lr=1.32e-05
[19:00:10] INFO   ep48: train_loss=0.8654 val_acc=0.8360 val_f1=0.8323 val_uar=0.8360 lr=1.13e-05
[19:00:19] INFO   ep49: train_loss=0.8673 val_acc=0.8380 val_f1=0.8344 val_uar=0.8380 lr=9.55e-06
[19:00:28] INFO   ep50: train_loss=0.8656 val_acc=0.8330 val_f1=0.8282 val_uar=0.8330 lr=7.94e-06
[19:00:38] INFO   ep51: train_loss=0.8650 val_acc=0.8320 val_f1=0.8283 val_uar=0.8320 lr=6.46e-06
[19:00:47] INFO   ep52: train_loss=0.8651 val_acc=0.8330 val_f1=0.8300 val_uar=0.8330 lr=5.13e-06
[19:00:56] INFO   ep53: train_loss=0.8650 val_acc=0.8330 val_f1=0.8300 val_uar=0.8330 lr=3.94e-06
[19:01:05] INFO   ep54: train_loss=0.8645 val_acc=0.8330 val_f1=0.8290 val_uar=0.8330 lr=2.91e-06
[19:01:15] INFO   ep55: train_loss=0.8640 val_acc=0.8330 val_f1=0.8290 val_uar=0.8330 lr=2.03e-06
[19:01:26] INFO   ep56: train_loss=0.8651 val_acc=0.8340 val_f1=0.8297 val_uar=0.8340 lr=1.30e-06
[19:01:35] INFO   ep57: train_loss=0.8647 val_acc=0.8350 val_f1=0.8310 val_uar=0.8350 lr=7.32e-07
[19:01:45] INFO   ep58: train_loss=0.8646 val_acc=0.8350 val_f1=0.8309 val_uar=0.8350 lr=3.26e-07
[19:01:55] INFO   ep59: train_loss=0.8645 val_acc=0.8350 val_f1=0.8306 val_uar=0.8350 lr=8.15e-08
[19:02:05] INFO   ep60: train_loss=0.8643 val_acc=0.8360 val_f1=0.8319 val_uar=0.8360 lr=0.00e+00
[19:02:05] INFO [done] convnext_tiny_in1k best_val_acc=0.8410 lr_used=0.0001 ckpt=checkpoints\cub200_convnext_tiny_in1k_seed0.pt time=10.1min
[19:02:07] INFO   [E1] eval clean + per colorfulness bin
[19:02:28] INFO   [E2] eval perturbasi warna
[19:06:54] INFO   done convnext_tiny_in1k seed0
[19:06:54] INFO ==== cub200 / convnext_tiny_in1k / seed1 (recipe=adamw gray=False) ====
[19:06:54] INFO [train] cub200/convnext_tiny_in1k/seed1 recipe=adamw opt=adamw lr=0.0001 wd=0.05 grayscale=False epochs=60 device=cuda n_train=4994 n_val=1000 bs=64 accum=1
[19:07:18] INFO   ep1: train_loss=5.2712 val_acc=0.0210 val_f1=0.0128 val_uar=0.0210 lr=4.00e-05
[19:07:27] INFO   ep2: train_loss=5.1086 val_acc=0.1940 val_f1=0.1551 val_uar=0.1940 lr=6.00e-05
[19:07:35] INFO   ep3: train_loss=4.5903 val_acc=0.4230 val_f1=0.3875 val_uar=0.4230 lr=8.00e-05
[19:07:44] INFO   ep4: train_loss=3.6571 val_acc=0.6320 val_f1=0.6025 val_uar=0.6320 lr=1.00e-04
[19:07:53] INFO   ep5: train_loss=2.7221 val_acc=0.7210 val_f1=0.7016 val_uar=0.7210 lr=1.00e-04
[19:08:02] INFO   ep6: train_loss=2.0159 val_acc=0.7810 val_f1=0.7706 val_uar=0.7810 lr=9.99e-05
[19:08:11] INFO   ep7: train_loss=1.5932 val_acc=0.7970 val_f1=0.7882 val_uar=0.7970 lr=9.97e-05
[19:08:20] INFO   ep8: train_loss=1.3468 val_acc=0.8350 val_f1=0.8299 val_uar=0.8350 lr=9.93e-05
[19:08:29] INFO   ep9: train_loss=1.1908 val_acc=0.8290 val_f1=0.8213 val_uar=0.8290 lr=9.87e-05
[19:08:38] INFO   ep10: train_loss=1.0914 val_acc=0.8330 val_f1=0.8287 val_uar=0.8330 lr=9.80e-05
[19:08:47] INFO   ep11: train_loss=1.0243 val_acc=0.8260 val_f1=0.8200 val_uar=0.8260 lr=9.71e-05
[19:08:57] INFO   ep12: train_loss=0.9789 val_acc=0.8470 val_f1=0.8431 val_uar=0.8470 lr=9.61e-05
[19:09:06] INFO   ep13: train_loss=0.9502 val_acc=0.8360 val_f1=0.8328 val_uar=0.8360 lr=9.49e-05
[19:09:15] INFO   ep14: train_loss=0.9320 val_acc=0.8410 val_f1=0.8381 val_uar=0.8410 lr=9.35e-05
[19:09:24] INFO   ep15: train_loss=0.9175 val_acc=0.8370 val_f1=0.8315 val_uar=0.8370 lr=9.21e-05
[19:09:33] INFO   ep16: train_loss=0.9109 val_acc=0.8430 val_f1=0.8387 val_uar=0.8430 lr=9.05e-05
[19:09:42] INFO   ep17: train_loss=0.9046 val_acc=0.8340 val_f1=0.8298 val_uar=0.8340 lr=8.87e-05
[19:09:51] INFO   ep18: train_loss=0.8961 val_acc=0.8390 val_f1=0.8356 val_uar=0.8390 lr=8.68e-05
[19:10:00] INFO   ep19: train_loss=0.8938 val_acc=0.8450 val_f1=0.8413 val_uar=0.8450 lr=8.48e-05
[19:10:09] INFO   ep20: train_loss=0.8904 val_acc=0.8360 val_f1=0.8328 val_uar=0.8360 lr=8.27e-05
[19:10:18] INFO   ep21: train_loss=0.8864 val_acc=0.8370 val_f1=0.8323 val_uar=0.8370 lr=8.05e-05
[19:10:27] INFO   ep22: train_loss=0.8850 val_acc=0.8390 val_f1=0.8358 val_uar=0.8390 lr=7.82e-05
[19:10:37] INFO   ep23: train_loss=0.8836 val_acc=0.8440 val_f1=0.8412 val_uar=0.8440 lr=7.58e-05
[19:10:46] INFO   ep24: train_loss=0.8805 val_acc=0.8380 val_f1=0.8352 val_uar=0.8380 lr=7.33e-05
[19:10:55] INFO   ep25: train_loss=0.8817 val_acc=0.8390 val_f1=0.8367 val_uar=0.8390 lr=7.08e-05
[19:11:05] INFO   ep26: train_loss=0.8798 val_acc=0.8410 val_f1=0.8391 val_uar=0.8410 lr=6.81e-05
[19:11:14] INFO   ep27: train_loss=0.8774 val_acc=0.8370 val_f1=0.8347 val_uar=0.8370 lr=6.55e-05
[19:11:23] INFO   ep28: train_loss=0.8767 val_acc=0.8400 val_f1=0.8372 val_uar=0.8400 lr=6.27e-05
[19:11:33] INFO   ep29: train_loss=0.8760 val_acc=0.8420 val_f1=0.8402 val_uar=0.8420 lr=5.99e-05
[19:11:42] INFO   ep30: train_loss=0.8737 val_acc=0.8430 val_f1=0.8413 val_uar=0.8430 lr=5.71e-05
[19:11:51] INFO   ep31: train_loss=0.8727 val_acc=0.8430 val_f1=0.8410 val_uar=0.8430 lr=5.43e-05
[19:12:00] INFO   ep32: train_loss=0.8709 val_acc=0.8420 val_f1=0.8403 val_uar=0.8420 lr=5.14e-05
[19:12:09] INFO   ep33: train_loss=0.8732 val_acc=0.8370 val_f1=0.8339 val_uar=0.8370 lr=4.86e-05
[19:12:19] INFO   ep34: train_loss=0.8715 val_acc=0.8360 val_f1=0.8344 val_uar=0.8360 lr=4.57e-05
[19:12:29] INFO   ep35: train_loss=0.8700 val_acc=0.8360 val_f1=0.8314 val_uar=0.8360 lr=4.29e-05
[19:12:39] INFO   ep36: train_loss=0.8698 val_acc=0.8360 val_f1=0.8336 val_uar=0.8360 lr=4.01e-05
[19:12:50] INFO   ep37: train_loss=0.8690 val_acc=0.8400 val_f1=0.8379 val_uar=0.8400 lr=3.73e-05
[19:13:00] INFO   ep38: train_loss=0.8684 val_acc=0.8350 val_f1=0.8331 val_uar=0.8350 lr=3.45e-05
[19:13:09] INFO   ep39: train_loss=0.8685 val_acc=0.8370 val_f1=0.8344 val_uar=0.8370 lr=3.19e-05
[19:13:19] INFO   ep40: train_loss=0.8670 val_acc=0.8380 val_f1=0.8357 val_uar=0.8380 lr=2.92e-05
[19:13:28] INFO   ep41: train_loss=0.8679 val_acc=0.8370 val_f1=0.8348 val_uar=0.8370 lr=2.67e-05
[19:13:40] INFO   ep42: train_loss=0.8682 val_acc=0.8390 val_f1=0.8362 val_uar=0.8390 lr=2.42e-05
[19:13:51] INFO   ep43: train_loss=0.8676 val_acc=0.8370 val_f1=0.8341 val_uar=0.8370 lr=2.18e-05
[19:14:00] INFO   ep44: train_loss=0.8661 val_acc=0.8410 val_f1=0.8379 val_uar=0.8410 lr=1.95e-05
[19:14:10] INFO   ep45: train_loss=0.8673 val_acc=0.8360 val_f1=0.8335 val_uar=0.8360 lr=1.73e-05
[19:14:19] INFO   ep46: train_loss=0.8665 val_acc=0.8390 val_f1=0.8372 val_uar=0.8390 lr=1.52e-05
[19:14:28] INFO   ep47: train_loss=0.8652 val_acc=0.8430 val_f1=0.8416 val_uar=0.8430 lr=1.32e-05
[19:14:37] INFO   ep48: train_loss=0.8654 val_acc=0.8440 val_f1=0.8424 val_uar=0.8440 lr=1.13e-05
[19:14:46] INFO   ep49: train_loss=0.8648 val_acc=0.8400 val_f1=0.8379 val_uar=0.8400 lr=9.55e-06
[19:14:56] INFO   ep50: train_loss=0.8652 val_acc=0.8420 val_f1=0.8394 val_uar=0.8420 lr=7.94e-06
[19:15:06] INFO   ep51: train_loss=0.8647 val_acc=0.8410 val_f1=0.8388 val_uar=0.8410 lr=6.46e-06
[19:15:17] INFO   ep52: train_loss=0.8648 val_acc=0.8400 val_f1=0.8383 val_uar=0.8400 lr=5.13e-06
[19:15:28] INFO   ep53: train_loss=0.8641 val_acc=0.8420 val_f1=0.8404 val_uar=0.8420 lr=3.94e-06
[19:15:40] INFO   ep54: train_loss=0.8641 val_acc=0.8410 val_f1=0.8394 val_uar=0.8410 lr=2.91e-06
[19:15:52] INFO   ep55: train_loss=0.8642 val_acc=0.8410 val_f1=0.8394 val_uar=0.8410 lr=2.03e-06
[19:16:03] INFO   ep56: train_loss=0.8649 val_acc=0.8420 val_f1=0.8400 val_uar=0.8420 lr=1.30e-06
[19:16:14] INFO   ep57: train_loss=0.8647 val_acc=0.8420 val_f1=0.8407 val_uar=0.8420 lr=7.32e-07
[19:16:24] INFO   ep58: train_loss=0.8644 val_acc=0.8420 val_f1=0.8407 val_uar=0.8420 lr=3.26e-07
[19:16:33] INFO   ep59: train_loss=0.8644 val_acc=0.8420 val_f1=0.8405 val_uar=0.8420 lr=8.15e-08
[19:16:44] INFO   ep60: train_loss=0.8645 val_acc=0.8420 val_f1=0.8403 val_uar=0.8420 lr=0.00e+00
[19:16:44] INFO [done] convnext_tiny_in1k best_val_acc=0.8470 lr_used=0.0001 ckpt=checkpoints\cub200_convnext_tiny_in1k_seed1.pt time=9.8min
[19:16:46] INFO   [E1] eval clean + per colorfulness bin
[19:17:06] INFO   [E2] eval perturbasi warna
[19:21:33] INFO   done convnext_tiny_in1k seed1
[19:21:33] INFO ==== cub200 / convnext_tiny_in1k / seed2 (recipe=adamw gray=False) ====
[19:21:33] INFO [train] cub200/convnext_tiny_in1k/seed2 recipe=adamw opt=adamw lr=0.0001 wd=0.05 grayscale=False epochs=60 device=cuda n_train=4994 n_val=1000 bs=64 accum=1
[19:21:57] INFO   ep1: train_loss=5.2784 val_acc=0.0180 val_f1=0.0088 val_uar=0.0180 lr=4.00e-05
[19:22:06] INFO   ep2: train_loss=5.1415 val_acc=0.1750 val_f1=0.1424 val_uar=0.1750 lr=6.00e-05
[19:22:15] INFO   ep3: train_loss=4.6775 val_acc=0.3950 val_f1=0.3630 val_uar=0.3950 lr=8.00e-05
[19:22:24] INFO   ep4: train_loss=3.7531 val_acc=0.6260 val_f1=0.6045 val_uar=0.6260 lr=1.00e-04
[19:22:33] INFO   ep5: train_loss=2.7685 val_acc=0.7420 val_f1=0.7284 val_uar=0.7420 lr=1.00e-04
[19:22:42] INFO   ep6: train_loss=2.0330 val_acc=0.8000 val_f1=0.7925 val_uar=0.8000 lr=9.99e-05
[19:22:51] INFO   ep7: train_loss=1.5922 val_acc=0.8110 val_f1=0.8068 val_uar=0.8110 lr=9.97e-05
[19:23:00] INFO   ep8: train_loss=1.3331 val_acc=0.8170 val_f1=0.8118 val_uar=0.8170 lr=9.93e-05
[19:23:09] INFO   ep9: train_loss=1.1849 val_acc=0.8260 val_f1=0.8213 val_uar=0.8260 lr=9.87e-05
[19:23:19] INFO   ep10: train_loss=1.0838 val_acc=0.8300 val_f1=0.8232 val_uar=0.8300 lr=9.80e-05
[19:23:28] INFO   ep11: train_loss=1.0204 val_acc=0.8320 val_f1=0.8276 val_uar=0.8320 lr=9.71e-05
[19:23:37] INFO   ep12: train_loss=0.9741 val_acc=0.8260 val_f1=0.8235 val_uar=0.8260 lr=9.61e-05
[19:23:46] INFO   ep13: train_loss=0.9467 val_acc=0.8430 val_f1=0.8389 val_uar=0.8430 lr=9.49e-05
[19:23:56] INFO   ep14: train_loss=0.9305 val_acc=0.8330 val_f1=0.8304 val_uar=0.8330 lr=9.35e-05
[19:24:05] INFO   ep15: train_loss=0.9190 val_acc=0.8270 val_f1=0.8235 val_uar=0.8270 lr=9.21e-05
[19:24:14] INFO   ep16: train_loss=0.9080 val_acc=0.8250 val_f1=0.8228 val_uar=0.8250 lr=9.05e-05
[19:24:23] INFO   ep17: train_loss=0.9025 val_acc=0.8300 val_f1=0.8268 val_uar=0.8300 lr=8.87e-05
[19:24:32] INFO   ep18: train_loss=0.8971 val_acc=0.8190 val_f1=0.8166 val_uar=0.8190 lr=8.68e-05
[19:24:41] INFO   ep19: train_loss=0.8942 val_acc=0.8300 val_f1=0.8286 val_uar=0.8300 lr=8.48e-05
[19:24:51] INFO   ep20: train_loss=0.8891 val_acc=0.8360 val_f1=0.8338 val_uar=0.8360 lr=8.27e-05
[19:25:00] INFO   ep21: train_loss=0.8852 val_acc=0.8260 val_f1=0.8227 val_uar=0.8260 lr=8.05e-05
[19:25:09] INFO   ep22: train_loss=0.8844 val_acc=0.8300 val_f1=0.8267 val_uar=0.8300 lr=7.82e-05
[19:25:18] INFO   ep23: train_loss=0.8832 val_acc=0.8370 val_f1=0.8328 val_uar=0.8370 lr=7.58e-05
[19:25:27] INFO   ep24: train_loss=0.8813 val_acc=0.8370 val_f1=0.8349 val_uar=0.8370 lr=7.33e-05
[19:25:37] INFO   ep25: train_loss=0.8798 val_acc=0.8370 val_f1=0.8335 val_uar=0.8370 lr=7.08e-05
[19:25:46] INFO   ep26: train_loss=0.8793 val_acc=0.8360 val_f1=0.8329 val_uar=0.8360 lr=6.81e-05
[19:25:55] INFO   ep27: train_loss=0.8772 val_acc=0.8300 val_f1=0.8267 val_uar=0.8300 lr=6.55e-05
[19:26:04] INFO   ep28: train_loss=0.8767 val_acc=0.8380 val_f1=0.8347 val_uar=0.8380 lr=6.27e-05
[19:26:13] INFO   ep29: train_loss=0.8752 val_acc=0.8260 val_f1=0.8212 val_uar=0.8260 lr=5.99e-05
[19:26:22] INFO   ep30: train_loss=0.8733 val_acc=0.8370 val_f1=0.8337 val_uar=0.8370 lr=5.71e-05
[19:26:32] INFO   ep31: train_loss=0.8741 val_acc=0.8350 val_f1=0.8301 val_uar=0.8350 lr=5.43e-05
[19:26:41] INFO   ep32: train_loss=0.8724 val_acc=0.8340 val_f1=0.8317 val_uar=0.8340 lr=5.14e-05
[19:26:50] INFO   ep33: train_loss=0.8706 val_acc=0.8340 val_f1=0.8313 val_uar=0.8340 lr=4.86e-05
[19:26:59] INFO   ep34: train_loss=0.8707 val_acc=0.8290 val_f1=0.8237 val_uar=0.8290 lr=4.57e-05
[19:27:08] INFO   ep35: train_loss=0.8700 val_acc=0.8290 val_f1=0.8246 val_uar=0.8290 lr=4.29e-05
[19:27:17] INFO   ep36: train_loss=0.8711 val_acc=0.8390 val_f1=0.8348 val_uar=0.8390 lr=4.01e-05
[19:27:27] INFO   ep37: train_loss=0.8693 val_acc=0.8420 val_f1=0.8378 val_uar=0.8420 lr=3.73e-05
[19:27:36] INFO   ep38: train_loss=0.8681 val_acc=0.8390 val_f1=0.8363 val_uar=0.8390 lr=3.45e-05
[19:27:45] INFO   ep39: train_loss=0.8692 val_acc=0.8350 val_f1=0.8316 val_uar=0.8350 lr=3.19e-05
[19:27:54] INFO   ep40: train_loss=0.8686 val_acc=0.8340 val_f1=0.8315 val_uar=0.8340 lr=2.92e-05
[19:28:03] INFO   ep41: train_loss=0.8681 val_acc=0.8360 val_f1=0.8330 val_uar=0.8360 lr=2.67e-05
[19:28:13] INFO   ep42: train_loss=0.8666 val_acc=0.8370 val_f1=0.8348 val_uar=0.8370 lr=2.42e-05
[19:28:22] INFO   ep43: train_loss=0.8671 val_acc=0.8400 val_f1=0.8392 val_uar=0.8400 lr=2.18e-05
[19:28:31] INFO   ep44: train_loss=0.8657 val_acc=0.8430 val_f1=0.8407 val_uar=0.8430 lr=1.95e-05
[19:28:40] INFO   ep45: train_loss=0.8650 val_acc=0.8360 val_f1=0.8334 val_uar=0.8360 lr=1.73e-05
[19:28:49] INFO   ep46: train_loss=0.8657 val_acc=0.8350 val_f1=0.8319 val_uar=0.8350 lr=1.52e-05
[19:28:59] INFO   ep47: train_loss=0.8658 val_acc=0.8440 val_f1=0.8423 val_uar=0.8440 lr=1.32e-05
[19:29:08] INFO   ep48: train_loss=0.8663 val_acc=0.8430 val_f1=0.8412 val_uar=0.8430 lr=1.13e-05
[19:29:17] INFO   ep49: train_loss=0.8653 val_acc=0.8420 val_f1=0.8397 val_uar=0.8420 lr=9.55e-06
[19:29:27] INFO   ep50: train_loss=0.8654 val_acc=0.8410 val_f1=0.8393 val_uar=0.8410 lr=7.94e-06
[19:29:36] INFO   ep51: train_loss=0.8646 val_acc=0.8420 val_f1=0.8402 val_uar=0.8420 lr=6.46e-06
[19:29:45] INFO   ep52: train_loss=0.8643 val_acc=0.8390 val_f1=0.8378 val_uar=0.8390 lr=5.13e-06
[19:29:54] INFO   ep53: train_loss=0.8658 val_acc=0.8390 val_f1=0.8376 val_uar=0.8390 lr=3.94e-06
[19:30:03] INFO   ep54: train_loss=0.8642 val_acc=0.8380 val_f1=0.8365 val_uar=0.8380 lr=2.91e-06
[19:30:13] INFO   ep55: train_loss=0.8642 val_acc=0.8390 val_f1=0.8376 val_uar=0.8390 lr=2.03e-06
[19:30:22] INFO   ep56: train_loss=0.8654 val_acc=0.8380 val_f1=0.8360 val_uar=0.8380 lr=1.30e-06
[19:30:31] INFO   ep57: train_loss=0.8640 val_acc=0.8390 val_f1=0.8373 val_uar=0.8390 lr=7.32e-07
[19:30:40] INFO   ep58: train_loss=0.8649 val_acc=0.8380 val_f1=0.8364 val_uar=0.8380 lr=3.26e-07
[19:30:49] INFO   ep59: train_loss=0.8650 val_acc=0.8380 val_f1=0.8363 val_uar=0.8380 lr=8.15e-08
[19:30:59] INFO   ep60: train_loss=0.8640 val_acc=0.8390 val_f1=0.8374 val_uar=0.8390 lr=0.00e+00
[19:30:59] INFO [done] convnext_tiny_in1k best_val_acc=0.8440 lr_used=0.0001 ckpt=checkpoints\cub200_convnext_tiny_in1k_seed2.pt time=9.4min
[19:31:00] INFO   [E1] eval clean + per colorfulness bin
[19:31:17] INFO   [E2] eval perturbasi warna
[19:35:48] INFO   done convnext_tiny_in1k seed2
[19:35:48] INFO ==== cub200 / convnext_tiny_in1k / seed3 (recipe=adamw gray=False) ====
[19:35:48] INFO [train] cub200/convnext_tiny_in1k/seed3 recipe=adamw opt=adamw lr=0.0001 wd=0.05 grayscale=False epochs=60 device=cuda n_train=4994 n_val=1000 bs=64 accum=1
[19:36:13] INFO   ep1: train_loss=5.2824 val_acc=0.0140 val_f1=0.0069 val_uar=0.0140 lr=4.00e-05
[19:36:22] INFO   ep2: train_loss=5.1289 val_acc=0.1690 val_f1=0.1301 val_uar=0.1690 lr=6.00e-05
[19:36:32] INFO   ep3: train_loss=4.6180 val_acc=0.4070 val_f1=0.3584 val_uar=0.4070 lr=8.00e-05
[19:36:41] INFO   ep4: train_loss=3.6892 val_acc=0.6100 val_f1=0.5842 val_uar=0.6100 lr=1.00e-04
[19:36:50] INFO   ep5: train_loss=2.7473 val_acc=0.7130 val_f1=0.6975 val_uar=0.7130 lr=1.00e-04
[19:37:00] INFO   ep6: train_loss=2.0470 val_acc=0.7690 val_f1=0.7579 val_uar=0.7690 lr=9.99e-05
[19:37:09] INFO   ep7: train_loss=1.6110 val_acc=0.8070 val_f1=0.7979 val_uar=0.8070 lr=9.97e-05
[19:37:19] INFO   ep8: train_loss=1.3605 val_acc=0.8120 val_f1=0.8066 val_uar=0.8120 lr=9.93e-05
[19:37:28] INFO   ep9: train_loss=1.2047 val_acc=0.8340 val_f1=0.8318 val_uar=0.8340 lr=9.87e-05
[19:37:37] INFO   ep10: train_loss=1.1024 val_acc=0.8340 val_f1=0.8308 val_uar=0.8340 lr=9.80e-05
[19:37:46] INFO   ep11: train_loss=1.0341 val_acc=0.8290 val_f1=0.8263 val_uar=0.8290 lr=9.71e-05
[19:37:55] INFO   ep12: train_loss=0.9861 val_acc=0.8440 val_f1=0.8420 val_uar=0.8440 lr=9.61e-05
[19:38:04] INFO   ep13: train_loss=0.9531 val_acc=0.8440 val_f1=0.8433 val_uar=0.8440 lr=9.49e-05
[19:38:13] INFO   ep14: train_loss=0.9351 val_acc=0.8540 val_f1=0.8534 val_uar=0.8540 lr=9.35e-05
[19:38:22] INFO   ep15: train_loss=0.9226 val_acc=0.8480 val_f1=0.8467 val_uar=0.8480 lr=9.21e-05
[19:38:31] INFO   ep16: train_loss=0.9122 val_acc=0.8380 val_f1=0.8362 val_uar=0.8380 lr=9.05e-05
[19:38:40] INFO   ep17: train_loss=0.9049 val_acc=0.8420 val_f1=0.8408 val_uar=0.8420 lr=8.87e-05
[19:38:49] INFO   ep18: train_loss=0.8974 val_acc=0.8450 val_f1=0.8433 val_uar=0.8450 lr=8.68e-05
[19:38:58] INFO   ep19: train_loss=0.8941 val_acc=0.8430 val_f1=0.8416 val_uar=0.8430 lr=8.48e-05
[19:39:07] INFO   ep20: train_loss=0.8909 val_acc=0.8430 val_f1=0.8406 val_uar=0.8430 lr=8.27e-05
[19:39:16] INFO   ep21: train_loss=0.8900 val_acc=0.8370 val_f1=0.8353 val_uar=0.8370 lr=8.05e-05
[19:39:25] INFO   ep22: train_loss=0.8864 val_acc=0.8400 val_f1=0.8382 val_uar=0.8400 lr=7.82e-05
[19:39:34] INFO   ep23: train_loss=0.8853 val_acc=0.8440 val_f1=0.8417 val_uar=0.8440 lr=7.58e-05
[19:39:43] INFO   ep24: train_loss=0.8811 val_acc=0.8450 val_f1=0.8427 val_uar=0.8450 lr=7.33e-05
[19:39:52] INFO   ep25: train_loss=0.8803 val_acc=0.8420 val_f1=0.8388 val_uar=0.8420 lr=7.08e-05
[19:40:01] INFO   ep26: train_loss=0.8808 val_acc=0.8460 val_f1=0.8435 val_uar=0.8460 lr=6.81e-05
[19:40:10] INFO   ep27: train_loss=0.8792 val_acc=0.8360 val_f1=0.8321 val_uar=0.8360 lr=6.55e-05
[19:40:19] INFO   ep28: train_loss=0.8772 val_acc=0.8450 val_f1=0.8411 val_uar=0.8450 lr=6.27e-05
[19:40:28] INFO   ep29: train_loss=0.8759 val_acc=0.8430 val_f1=0.8398 val_uar=0.8430 lr=5.99e-05
[19:40:37] INFO   ep30: train_loss=0.8748 val_acc=0.8490 val_f1=0.8460 val_uar=0.8490 lr=5.71e-05
[19:40:46] INFO   ep31: train_loss=0.8740 val_acc=0.8470 val_f1=0.8435 val_uar=0.8470 lr=5.43e-05
[19:40:55] INFO   ep32: train_loss=0.8739 val_acc=0.8470 val_f1=0.8432 val_uar=0.8470 lr=5.14e-05
[19:41:04] INFO   ep33: train_loss=0.8726 val_acc=0.8400 val_f1=0.8379 val_uar=0.8400 lr=4.86e-05
[19:41:13] INFO   ep34: train_loss=0.8703 val_acc=0.8460 val_f1=0.8433 val_uar=0.8460 lr=4.57e-05
[19:41:22] INFO   ep35: train_loss=0.8700 val_acc=0.8520 val_f1=0.8492 val_uar=0.8520 lr=4.29e-05
[19:41:32] INFO   ep36: train_loss=0.8698 val_acc=0.8520 val_f1=0.8490 val_uar=0.8520 lr=4.01e-05
[19:41:42] INFO   ep37: train_loss=0.8707 val_acc=0.8450 val_f1=0.8418 val_uar=0.8450 lr=3.73e-05
[19:41:51] INFO   ep38: train_loss=0.8689 val_acc=0.8550 val_f1=0.8517 val_uar=0.8550 lr=3.45e-05
[19:42:01] INFO   ep39: train_loss=0.8695 val_acc=0.8500 val_f1=0.8472 val_uar=0.8500 lr=3.19e-05
[19:42:11] INFO   ep40: train_loss=0.8694 val_acc=0.8560 val_f1=0.8531 val_uar=0.8560 lr=2.92e-05
[19:42:20] INFO   ep41: train_loss=0.8682 val_acc=0.8520 val_f1=0.8489 val_uar=0.8520 lr=2.67e-05
[19:42:30] INFO   ep42: train_loss=0.8677 val_acc=0.8500 val_f1=0.8463 val_uar=0.8500 lr=2.42e-05
[19:42:39] INFO   ep43: train_loss=0.8684 val_acc=0.8490 val_f1=0.8464 val_uar=0.8490 lr=2.18e-05
[19:42:48] INFO   ep44: train_loss=0.8683 val_acc=0.8530 val_f1=0.8516 val_uar=0.8530 lr=1.95e-05
[19:42:58] INFO   ep45: train_loss=0.8680 val_acc=0.8530 val_f1=0.8500 val_uar=0.8530 lr=1.73e-05
[19:43:07] INFO   ep46: train_loss=0.8681 val_acc=0.8500 val_f1=0.8469 val_uar=0.8500 lr=1.52e-05
[19:43:16] INFO   ep47: train_loss=0.8664 val_acc=0.8520 val_f1=0.8495 val_uar=0.8520 lr=1.32e-05
[19:43:26] INFO   ep48: train_loss=0.8657 val_acc=0.8510 val_f1=0.8478 val_uar=0.8510 lr=1.13e-05
[19:43:35] INFO   ep49: train_loss=0.8655 val_acc=0.8530 val_f1=0.8502 val_uar=0.8530 lr=9.55e-06
[19:43:44] INFO   ep50: train_loss=0.8661 val_acc=0.8510 val_f1=0.8484 val_uar=0.8510 lr=7.94e-06
[19:43:53] INFO   ep51: train_loss=0.8652 val_acc=0.8500 val_f1=0.8471 val_uar=0.8500 lr=6.46e-06
[19:44:03] INFO   ep52: train_loss=0.8653 val_acc=0.8510 val_f1=0.8479 val_uar=0.8510 lr=5.13e-06
[19:44:12] INFO   ep53: train_loss=0.8657 val_acc=0.8520 val_f1=0.8495 val_uar=0.8520 lr=3.94e-06
[19:44:21] INFO   ep54: train_loss=0.8659 val_acc=0.8520 val_f1=0.8496 val_uar=0.8520 lr=2.91e-06
[19:44:30] INFO   ep55: train_loss=0.8647 val_acc=0.8520 val_f1=0.8495 val_uar=0.8520 lr=2.03e-06
[19:44:39] INFO   ep56: train_loss=0.8657 val_acc=0.8530 val_f1=0.8502 val_uar=0.8530 lr=1.30e-06
[19:44:49] INFO   ep57: train_loss=0.8659 val_acc=0.8530 val_f1=0.8502 val_uar=0.8530 lr=7.32e-07
[19:44:58] INFO   ep58: train_loss=0.8651 val_acc=0.8530 val_f1=0.8502 val_uar=0.8530 lr=3.26e-07
[19:45:07] INFO   ep59: train_loss=0.8657 val_acc=0.8530 val_f1=0.8502 val_uar=0.8530 lr=8.15e-08
[19:45:17] INFO   ep60: train_loss=0.8664 val_acc=0.8530 val_f1=0.8502 val_uar=0.8530 lr=0.00e+00
[19:45:17] INFO [done] convnext_tiny_in1k best_val_acc=0.8560 lr_used=0.0001 ckpt=checkpoints\cub200_convnext_tiny_in1k_seed3.pt time=9.5min
[19:45:19] INFO   [E1] eval clean + per colorfulness bin
[19:45:35] INFO   [E2] eval perturbasi warna
[19:50:01] INFO   done convnext_tiny_in1k seed3
[19:50:01] INFO ==== cub200 / convnext_tiny_in1k / seed4 (recipe=adamw gray=False) ====
[19:50:02] INFO [train] cub200/convnext_tiny_in1k/seed4 recipe=adamw opt=adamw lr=0.0001 wd=0.05 grayscale=False epochs=60 device=cuda n_train=4994 n_val=1000 bs=64 accum=1
[19:50:26] INFO   ep1: train_loss=5.2690 val_acc=0.0260 val_f1=0.0171 val_uar=0.0260 lr=4.00e-05
[19:50:35] INFO   ep2: train_loss=5.1257 val_acc=0.1840 val_f1=0.1440 val_uar=0.1840 lr=6.00e-05
[19:50:44] INFO   ep3: train_loss=4.6384 val_acc=0.4250 val_f1=0.3828 val_uar=0.4250 lr=8.00e-05
[19:50:53] INFO   ep4: train_loss=3.7066 val_acc=0.5910 val_f1=0.5629 val_uar=0.5910 lr=1.00e-04
[19:51:02] INFO   ep5: train_loss=2.7599 val_acc=0.7220 val_f1=0.7006 val_uar=0.7220 lr=1.00e-04
[19:51:12] INFO   ep6: train_loss=2.0460 val_acc=0.7660 val_f1=0.7537 val_uar=0.7660 lr=9.99e-05
[19:51:21] INFO   ep7: train_loss=1.6067 val_acc=0.7920 val_f1=0.7826 val_uar=0.7920 lr=9.97e-05
[19:51:31] INFO   ep8: train_loss=1.3487 val_acc=0.8180 val_f1=0.8126 val_uar=0.8180 lr=9.93e-05
[19:51:40] INFO   ep9: train_loss=1.1857 val_acc=0.8300 val_f1=0.8278 val_uar=0.8300 lr=9.87e-05
[19:51:49] INFO   ep10: train_loss=1.0812 val_acc=0.8280 val_f1=0.8245 val_uar=0.8280 lr=9.80e-05
[19:51:58] INFO   ep11: train_loss=1.0214 val_acc=0.8360 val_f1=0.8313 val_uar=0.8360 lr=9.71e-05
[19:52:07] INFO   ep12: train_loss=0.9732 val_acc=0.8270 val_f1=0.8229 val_uar=0.8270 lr=9.61e-05
[19:52:16] INFO   ep13: train_loss=0.9473 val_acc=0.8350 val_f1=0.8318 val_uar=0.8350 lr=9.49e-05
[19:52:25] INFO   ep14: train_loss=0.9279 val_acc=0.8330 val_f1=0.8306 val_uar=0.8330 lr=9.35e-05
[19:52:34] INFO   ep15: train_loss=0.9156 val_acc=0.8380 val_f1=0.8350 val_uar=0.8380 lr=9.21e-05
[19:52:43] INFO   ep16: train_loss=0.9054 val_acc=0.8280 val_f1=0.8257 val_uar=0.8280 lr=9.05e-05
[19:52:52] INFO   ep17: train_loss=0.9006 val_acc=0.8280 val_f1=0.8242 val_uar=0.8280 lr=8.87e-05
[19:53:01] INFO   ep18: train_loss=0.8963 val_acc=0.8350 val_f1=0.8332 val_uar=0.8350 lr=8.68e-05
[19:53:11] INFO   ep19: train_loss=0.8923 val_acc=0.8340 val_f1=0.8307 val_uar=0.8340 lr=8.48e-05
[19:53:20] INFO   ep20: train_loss=0.8871 val_acc=0.8240 val_f1=0.8202 val_uar=0.8240 lr=8.27e-05
[19:53:29] INFO   ep21: train_loss=0.8851 val_acc=0.8360 val_f1=0.8326 val_uar=0.8360 lr=8.05e-05
[19:53:39] INFO   ep22: train_loss=0.8828 val_acc=0.8350 val_f1=0.8318 val_uar=0.8350 lr=7.82e-05
[19:53:48] INFO   ep23: train_loss=0.8843 val_acc=0.8280 val_f1=0.8241 val_uar=0.8280 lr=7.58e-05
[19:53:57] INFO   ep24: train_loss=0.8796 val_acc=0.8370 val_f1=0.8340 val_uar=0.8370 lr=7.33e-05
[19:54:06] INFO   ep25: train_loss=0.8800 val_acc=0.8290 val_f1=0.8258 val_uar=0.8290 lr=7.08e-05
[19:54:15] INFO   ep26: train_loss=0.8778 val_acc=0.8290 val_f1=0.8253 val_uar=0.8290 lr=6.81e-05
[19:54:24] INFO   ep27: train_loss=0.8752 val_acc=0.8290 val_f1=0.8254 val_uar=0.8290 lr=6.55e-05
[19:54:34] INFO   ep28: train_loss=0.8737 val_acc=0.8350 val_f1=0.8309 val_uar=0.8350 lr=6.27e-05
[19:54:43] INFO   ep29: train_loss=0.8733 val_acc=0.8340 val_f1=0.8313 val_uar=0.8340 lr=5.99e-05
[19:54:52] INFO   ep30: train_loss=0.8735 val_acc=0.8340 val_f1=0.8291 val_uar=0.8340 lr=5.71e-05
[19:55:01] INFO   ep31: train_loss=0.8713 val_acc=0.8320 val_f1=0.8285 val_uar=0.8320 lr=5.43e-05
[19:55:10] INFO   ep32: train_loss=0.8700 val_acc=0.8270 val_f1=0.8240 val_uar=0.8270 lr=5.14e-05
[19:55:20] INFO   ep33: train_loss=0.8687 val_acc=0.8330 val_f1=0.8294 val_uar=0.8330 lr=4.86e-05
[19:55:29] INFO   ep34: train_loss=0.8702 val_acc=0.8170 val_f1=0.8134 val_uar=0.8170 lr=4.57e-05
[19:55:39] INFO   ep35: train_loss=0.8702 val_acc=0.8300 val_f1=0.8265 val_uar=0.8300 lr=4.29e-05
[19:55:48] INFO   ep36: train_loss=0.8699 val_acc=0.8250 val_f1=0.8209 val_uar=0.8250 lr=4.01e-05
[19:55:58] INFO   ep37: train_loss=0.8683 val_acc=0.8280 val_f1=0.8236 val_uar=0.8280 lr=3.73e-05
[19:56:07] INFO   ep38: train_loss=0.8676 val_acc=0.8260 val_f1=0.8223 val_uar=0.8260 lr=3.45e-05
[19:56:16] INFO   ep39: train_loss=0.8665 val_acc=0.8310 val_f1=0.8282 val_uar=0.8310 lr=3.19e-05
[19:56:26] INFO   ep40: train_loss=0.8672 val_acc=0.8270 val_f1=0.8226 val_uar=0.8270 lr=2.92e-05
[19:56:35] INFO   ep41: train_loss=0.8676 val_acc=0.8270 val_f1=0.8230 val_uar=0.8270 lr=2.67e-05
[19:56:45] INFO   ep42: train_loss=0.8667 val_acc=0.8340 val_f1=0.8303 val_uar=0.8340 lr=2.42e-05
[19:56:55] INFO   ep43: train_loss=0.8662 val_acc=0.8270 val_f1=0.8239 val_uar=0.8270 lr=2.18e-05
[19:57:04] INFO   ep44: train_loss=0.8665 val_acc=0.8300 val_f1=0.8264 val_uar=0.8300 lr=1.95e-05
[19:57:14] INFO   ep45: train_loss=0.8660 val_acc=0.8350 val_f1=0.8317 val_uar=0.8350 lr=1.73e-05
[19:57:23] INFO   ep46: train_loss=0.8673 val_acc=0.8300 val_f1=0.8263 val_uar=0.8300 lr=1.52e-05
[19:57:33] INFO   ep47: train_loss=0.8661 val_acc=0.8280 val_f1=0.8240 val_uar=0.8280 lr=1.32e-05
[19:57:42] INFO   ep48: train_loss=0.8664 val_acc=0.8300 val_f1=0.8260 val_uar=0.8300 lr=1.13e-05
[19:57:52] INFO   ep49: train_loss=0.8643 val_acc=0.8290 val_f1=0.8250 val_uar=0.8290 lr=9.55e-06
[19:58:01] INFO   ep50: train_loss=0.8651 val_acc=0.8340 val_f1=0.8301 val_uar=0.8340 lr=7.94e-06
[19:58:10] INFO   ep51: train_loss=0.8649 val_acc=0.8340 val_f1=0.8312 val_uar=0.8340 lr=6.46e-06
[19:58:20] INFO   ep52: train_loss=0.8636 val_acc=0.8340 val_f1=0.8300 val_uar=0.8340 lr=5.13e-06
[19:58:29] INFO   ep53: train_loss=0.8650 val_acc=0.8290 val_f1=0.8250 val_uar=0.8290 lr=3.94e-06
[19:58:38] INFO   ep54: train_loss=0.8649 val_acc=0.8340 val_f1=0.8297 val_uar=0.8340 lr=2.91e-06
[19:58:48] INFO   ep55: train_loss=0.8642 val_acc=0.8300 val_f1=0.8256 val_uar=0.8300 lr=2.03e-06
[19:58:57] INFO   ep56: train_loss=0.8647 val_acc=0.8330 val_f1=0.8288 val_uar=0.8330 lr=1.30e-06
[19:59:06] INFO   ep57: train_loss=0.8643 val_acc=0.8330 val_f1=0.8292 val_uar=0.8330 lr=7.32e-07
[19:59:16] INFO   ep58: train_loss=0.8642 val_acc=0.8330 val_f1=0.8290 val_uar=0.8330 lr=3.26e-07
[19:59:25] INFO   ep59: train_loss=0.8641 val_acc=0.8330 val_f1=0.8291 val_uar=0.8330 lr=8.15e-08
[19:59:34] INFO   ep60: train_loss=0.8641 val_acc=0.8330 val_f1=0.8291 val_uar=0.8330 lr=0.00e+00
[19:59:34] INFO [done] convnext_tiny_in1k best_val_acc=0.8380 lr_used=0.0001 ckpt=checkpoints\cub200_convnext_tiny_in1k_seed4.pt time=9.6min
[19:59:36] INFO   [E1] eval clean + per colorfulness bin
[19:59:53] INFO   [E2] eval perturbasi warna
[20:04:29] INFO   done convnext_tiny_in1k seed4
[20:04:29] INFO ALL DONE
[20:04:35] INFO dataset=cub200 models=['vit_small_in1k'] seeds=[0, 1, 2, 3, 4] epochs=None recipe=adamw
[20:04:35] INFO ==== cub200 / vit_small_in1k / seed0 (recipe=adamw gray=False) ====
[20:04:53] INFO [train] cub200/vit_small_in1k/seed0 recipe=adamw opt=adamw lr=0.0001 wd=0.05 grayscale=False epochs=60 device=cuda n_train=4994 n_val=1000 bs=64 accum=1
[20:05:17] INFO   ep1: train_loss=5.1926 val_acc=0.1050 val_f1=0.0824 val_uar=0.1050 lr=4.00e-05
[20:05:25] INFO   ep2: train_loss=3.9835 val_acc=0.4440 val_f1=0.4123 val_uar=0.4440 lr=6.00e-05
[20:05:34] INFO   ep3: train_loss=2.7279 val_acc=0.6570 val_f1=0.6415 val_uar=0.6570 lr=8.00e-05
[20:05:42] INFO   ep4: train_loss=1.9275 val_acc=0.7040 val_f1=0.6932 val_uar=0.7040 lr=1.00e-04
[20:05:51] INFO   ep5: train_loss=1.4793 val_acc=0.7420 val_f1=0.7351 val_uar=0.7420 lr=1.00e-04
[20:05:59] INFO   ep6: train_loss=1.2196 val_acc=0.7550 val_f1=0.7485 val_uar=0.7550 lr=9.99e-05
[20:06:07] INFO   ep7: train_loss=1.0716 val_acc=0.7650 val_f1=0.7603 val_uar=0.7650 lr=9.97e-05
[20:06:16] INFO   ep8: train_loss=1.0027 val_acc=0.7720 val_f1=0.7662 val_uar=0.7720 lr=9.93e-05
[20:06:24] INFO   ep9: train_loss=0.9630 val_acc=0.7740 val_f1=0.7685 val_uar=0.7740 lr=9.87e-05
[20:06:32] INFO   ep10: train_loss=0.9484 val_acc=0.7780 val_f1=0.7737 val_uar=0.7780 lr=9.80e-05
[20:06:40] INFO   ep11: train_loss=0.9337 val_acc=0.7660 val_f1=0.7597 val_uar=0.7660 lr=9.71e-05
[20:06:49] INFO   ep12: train_loss=0.9238 val_acc=0.7780 val_f1=0.7728 val_uar=0.7780 lr=9.61e-05
[20:06:57] INFO   ep13: train_loss=0.9167 val_acc=0.7810 val_f1=0.7741 val_uar=0.7810 lr=9.49e-05
[20:07:05] INFO   ep14: train_loss=0.9177 val_acc=0.7800 val_f1=0.7746 val_uar=0.7800 lr=9.35e-05
[20:07:13] INFO   ep15: train_loss=0.9121 val_acc=0.7860 val_f1=0.7772 val_uar=0.7860 lr=9.21e-05
[20:07:22] INFO   ep16: train_loss=0.9092 val_acc=0.7870 val_f1=0.7798 val_uar=0.7870 lr=9.05e-05
[20:07:30] INFO   ep17: train_loss=0.9066 val_acc=0.7850 val_f1=0.7764 val_uar=0.7850 lr=8.87e-05
[20:07:38] INFO   ep18: train_loss=0.9010 val_acc=0.7930 val_f1=0.7862 val_uar=0.7930 lr=8.68e-05
[20:07:47] INFO   ep19: train_loss=0.8988 val_acc=0.7880 val_f1=0.7805 val_uar=0.7880 lr=8.48e-05
[20:07:55] INFO   ep20: train_loss=0.8975 val_acc=0.7920 val_f1=0.7848 val_uar=0.7920 lr=8.27e-05
[20:08:03] INFO   ep21: train_loss=0.8940 val_acc=0.7930 val_f1=0.7867 val_uar=0.7930 lr=8.05e-05
[20:08:11] INFO   ep22: train_loss=0.8921 val_acc=0.7860 val_f1=0.7821 val_uar=0.7860 lr=7.82e-05
[20:08:20] INFO   ep23: train_loss=0.8933 val_acc=0.7810 val_f1=0.7766 val_uar=0.7810 lr=7.58e-05
[20:08:28] INFO   ep24: train_loss=0.8897 val_acc=0.7880 val_f1=0.7803 val_uar=0.7880 lr=7.33e-05
[20:08:36] INFO   ep25: train_loss=0.8879 val_acc=0.7840 val_f1=0.7767 val_uar=0.7840 lr=7.08e-05
[20:08:45] INFO   ep26: train_loss=0.8871 val_acc=0.7940 val_f1=0.7886 val_uar=0.7940 lr=6.81e-05
[20:08:53] INFO   ep27: train_loss=0.8857 val_acc=0.7900 val_f1=0.7830 val_uar=0.7900 lr=6.55e-05
[20:09:01] INFO   ep28: train_loss=0.8846 val_acc=0.7960 val_f1=0.7912 val_uar=0.7960 lr=6.27e-05
[20:09:09] INFO   ep29: train_loss=0.8846 val_acc=0.7980 val_f1=0.7933 val_uar=0.7980 lr=5.99e-05
[20:09:18] INFO   ep30: train_loss=0.8825 val_acc=0.7940 val_f1=0.7898 val_uar=0.7940 lr=5.71e-05
[20:09:26] INFO   ep31: train_loss=0.8801 val_acc=0.8020 val_f1=0.7968 val_uar=0.8020 lr=5.43e-05
[20:09:34] INFO   ep32: train_loss=0.8798 val_acc=0.7960 val_f1=0.7893 val_uar=0.7960 lr=5.14e-05
[20:09:42] INFO   ep33: train_loss=0.8775 val_acc=0.7980 val_f1=0.7915 val_uar=0.7980 lr=4.86e-05
[20:09:51] INFO   ep34: train_loss=0.8764 val_acc=0.8100 val_f1=0.8036 val_uar=0.8100 lr=4.57e-05
[20:09:59] INFO   ep35: train_loss=0.8772 val_acc=0.8050 val_f1=0.7998 val_uar=0.8050 lr=4.29e-05
[20:10:07] INFO   ep36: train_loss=0.8755 val_acc=0.8110 val_f1=0.8057 val_uar=0.8110 lr=4.01e-05
[20:10:15] INFO   ep37: train_loss=0.8769 val_acc=0.8120 val_f1=0.8064 val_uar=0.8120 lr=3.73e-05
[20:10:23] INFO   ep38: train_loss=0.8744 val_acc=0.8020 val_f1=0.7958 val_uar=0.8020 lr=3.45e-05
[20:10:31] INFO   ep39: train_loss=0.8735 val_acc=0.8040 val_f1=0.7975 val_uar=0.8040 lr=3.19e-05
[20:10:39] INFO   ep40: train_loss=0.8729 val_acc=0.8150 val_f1=0.8077 val_uar=0.8150 lr=2.92e-05
[20:10:47] INFO   ep41: train_loss=0.8724 val_acc=0.8150 val_f1=0.8085 val_uar=0.8150 lr=2.67e-05
[20:10:55] INFO   ep42: train_loss=0.8717 val_acc=0.8160 val_f1=0.8091 val_uar=0.8160 lr=2.42e-05
[20:11:04] INFO   ep43: train_loss=0.8717 val_acc=0.8150 val_f1=0.8088 val_uar=0.8150 lr=2.18e-05
[20:11:12] INFO   ep44: train_loss=0.8709 val_acc=0.8080 val_f1=0.8019 val_uar=0.8080 lr=1.95e-05
[20:11:20] INFO   ep45: train_loss=0.8699 val_acc=0.8150 val_f1=0.8101 val_uar=0.8150 lr=1.73e-05
[20:11:28] INFO   ep46: train_loss=0.8702 val_acc=0.8110 val_f1=0.8062 val_uar=0.8110 lr=1.52e-05
[20:11:36] INFO   ep47: train_loss=0.8692 val_acc=0.8150 val_f1=0.8095 val_uar=0.8150 lr=1.32e-05
[20:11:44] INFO   ep48: train_loss=0.8712 val_acc=0.8050 val_f1=0.7988 val_uar=0.8050 lr=1.13e-05
[20:11:52] INFO   ep49: train_loss=0.8698 val_acc=0.8170 val_f1=0.8104 val_uar=0.8170 lr=9.55e-06
[20:12:00] INFO   ep50: train_loss=0.8687 val_acc=0.8150 val_f1=0.8093 val_uar=0.8150 lr=7.94e-06
[20:12:09] INFO   ep51: train_loss=0.8687 val_acc=0.8120 val_f1=0.8063 val_uar=0.8120 lr=6.46e-06
[20:12:17] INFO   ep52: train_loss=0.8689 val_acc=0.8150 val_f1=0.8093 val_uar=0.8150 lr=5.13e-06
[20:12:25] INFO   ep53: train_loss=0.8687 val_acc=0.8080 val_f1=0.8021 val_uar=0.8080 lr=3.94e-06
[20:12:34] INFO   ep54: train_loss=0.8688 val_acc=0.8060 val_f1=0.8004 val_uar=0.8060 lr=2.91e-06
[20:12:42] INFO   ep55: train_loss=0.8687 val_acc=0.8140 val_f1=0.8084 val_uar=0.8140 lr=2.03e-06
[20:12:50] INFO   ep56: train_loss=0.8680 val_acc=0.8140 val_f1=0.8079 val_uar=0.8140 lr=1.30e-06
[20:12:59] INFO   ep57: train_loss=0.8678 val_acc=0.8130 val_f1=0.8071 val_uar=0.8130 lr=7.32e-07
[20:13:07] INFO   ep58: train_loss=0.8677 val_acc=0.8130 val_f1=0.8071 val_uar=0.8130 lr=3.26e-07
[20:13:16] INFO   ep59: train_loss=0.8681 val_acc=0.8130 val_f1=0.8071 val_uar=0.8130 lr=8.15e-08
[20:13:24] INFO   ep60: train_loss=0.8677 val_acc=0.8130 val_f1=0.8071 val_uar=0.8130 lr=0.00e+00
[20:13:24] INFO [done] vit_small_in1k best_val_acc=0.8170 lr_used=0.0001 ckpt=checkpoints\cub200_vit_small_in1k_seed0.pt time=8.8min
[20:13:26] INFO   [E1] eval clean + per colorfulness bin
[20:13:42] INFO   [E2] eval perturbasi warna
[20:18:16] INFO   done vit_small_in1k seed0
[20:18:16] INFO ==== cub200 / vit_small_in1k / seed1 (recipe=adamw gray=False) ====
[20:18:16] INFO [train] cub200/vit_small_in1k/seed1 recipe=adamw opt=adamw lr=0.0001 wd=0.05 grayscale=False epochs=60 device=cuda n_train=4994 n_val=1000 bs=64 accum=1
[20:18:39] INFO   ep1: train_loss=5.1644 val_acc=0.0750 val_f1=0.0598 val_uar=0.0750 lr=4.00e-05
[20:18:47] INFO   ep2: train_loss=4.0230 val_acc=0.4020 val_f1=0.3579 val_uar=0.4020 lr=6.00e-05
[20:18:56] INFO   ep3: train_loss=2.7730 val_acc=0.6350 val_f1=0.6155 val_uar=0.6350 lr=8.00e-05
[20:19:04] INFO   ep4: train_loss=1.9430 val_acc=0.7040 val_f1=0.6971 val_uar=0.7040 lr=1.00e-04
[20:19:12] INFO   ep5: train_loss=1.4922 val_acc=0.7310 val_f1=0.7259 val_uar=0.7310 lr=1.00e-04
[20:19:21] INFO   ep6: train_loss=1.2231 val_acc=0.7570 val_f1=0.7534 val_uar=0.7570 lr=9.99e-05
[20:19:29] INFO   ep7: train_loss=1.0767 val_acc=0.7680 val_f1=0.7639 val_uar=0.7680 lr=9.97e-05
[20:19:38] INFO   ep8: train_loss=1.0001 val_acc=0.7760 val_f1=0.7704 val_uar=0.7760 lr=9.93e-05
[20:19:46] INFO   ep9: train_loss=0.9595 val_acc=0.7670 val_f1=0.7599 val_uar=0.7670 lr=9.87e-05
[20:19:55] INFO   ep10: train_loss=0.9428 val_acc=0.7640 val_f1=0.7562 val_uar=0.7640 lr=9.80e-05
[20:20:03] INFO   ep11: train_loss=0.9278 val_acc=0.7690 val_f1=0.7630 val_uar=0.7690 lr=9.71e-05
[20:20:12] INFO   ep12: train_loss=0.9216 val_acc=0.7580 val_f1=0.7496 val_uar=0.7580 lr=9.61e-05
[20:20:20] INFO   ep13: train_loss=0.9172 val_acc=0.7840 val_f1=0.7785 val_uar=0.7840 lr=9.49e-05
[20:20:29] INFO   ep14: train_loss=0.9141 val_acc=0.7750 val_f1=0.7663 val_uar=0.7750 lr=9.35e-05
[20:20:37] INFO   ep15: train_loss=0.9107 val_acc=0.7740 val_f1=0.7699 val_uar=0.7740 lr=9.21e-05
[20:20:46] INFO   ep16: train_loss=0.9072 val_acc=0.7600 val_f1=0.7536 val_uar=0.7600 lr=9.05e-05
[20:20:54] INFO   ep17: train_loss=0.9029 val_acc=0.7830 val_f1=0.7762 val_uar=0.7830 lr=8.87e-05
[20:21:03] INFO   ep18: train_loss=0.9013 val_acc=0.7690 val_f1=0.7631 val_uar=0.7690 lr=8.68e-05
[20:21:11] INFO   ep19: train_loss=0.8991 val_acc=0.7790 val_f1=0.7719 val_uar=0.7790 lr=8.48e-05
[20:21:20] INFO   ep20: train_loss=0.8958 val_acc=0.7790 val_f1=0.7722 val_uar=0.7790 lr=8.27e-05
[20:21:29] INFO   ep21: train_loss=0.8935 val_acc=0.7770 val_f1=0.7704 val_uar=0.7770 lr=8.05e-05
[20:21:37] INFO   ep22: train_loss=0.8948 val_acc=0.7750 val_f1=0.7695 val_uar=0.7750 lr=7.82e-05
[20:21:46] INFO   ep23: train_loss=0.8935 val_acc=0.7760 val_f1=0.7732 val_uar=0.7760 lr=7.58e-05
[20:21:54] INFO   ep24: train_loss=0.8942 val_acc=0.7790 val_f1=0.7760 val_uar=0.7790 lr=7.33e-05
[20:22:03] INFO   ep25: train_loss=0.8913 val_acc=0.7720 val_f1=0.7651 val_uar=0.7720 lr=7.08e-05
[20:22:11] INFO   ep26: train_loss=0.8899 val_acc=0.7760 val_f1=0.7701 val_uar=0.7760 lr=6.81e-05
[20:22:20] INFO   ep27: train_loss=0.8884 val_acc=0.7860 val_f1=0.7796 val_uar=0.7860 lr=6.55e-05
[20:22:28] INFO   ep28: train_loss=0.8903 val_acc=0.7790 val_f1=0.7751 val_uar=0.7790 lr=6.27e-05
[20:22:36] INFO   ep29: train_loss=0.8856 val_acc=0.7830 val_f1=0.7770 val_uar=0.7830 lr=5.99e-05
[20:22:44] INFO   ep30: train_loss=0.8896 val_acc=0.7670 val_f1=0.7608 val_uar=0.7670 lr=5.71e-05
[20:22:52] INFO   ep31: train_loss=0.8838 val_acc=0.7870 val_f1=0.7781 val_uar=0.7870 lr=5.43e-05
[20:23:01] INFO   ep32: train_loss=0.8830 val_acc=0.7900 val_f1=0.7834 val_uar=0.7900 lr=5.14e-05
[20:23:09] INFO   ep33: train_loss=0.8821 val_acc=0.7920 val_f1=0.7856 val_uar=0.7920 lr=4.86e-05
[20:23:18] INFO   ep34: train_loss=0.8814 val_acc=0.7800 val_f1=0.7742 val_uar=0.7800 lr=4.57e-05
[20:23:26] INFO   ep35: train_loss=0.8791 val_acc=0.7840 val_f1=0.7762 val_uar=0.7840 lr=4.29e-05
[20:23:35] INFO   ep36: train_loss=0.8764 val_acc=0.7830 val_f1=0.7767 val_uar=0.7830 lr=4.01e-05
[20:23:43] INFO   ep37: train_loss=0.8750 val_acc=0.7900 val_f1=0.7835 val_uar=0.7900 lr=3.73e-05
[20:23:52] INFO   ep38: train_loss=0.8750 val_acc=0.7890 val_f1=0.7823 val_uar=0.7890 lr=3.45e-05
[20:24:01] INFO   ep39: train_loss=0.8739 val_acc=0.7890 val_f1=0.7833 val_uar=0.7890 lr=3.19e-05
[20:24:09] INFO   ep40: train_loss=0.8724 val_acc=0.7960 val_f1=0.7895 val_uar=0.7960 lr=2.92e-05
[20:24:18] INFO   ep41: train_loss=0.8723 val_acc=0.7890 val_f1=0.7828 val_uar=0.7890 lr=2.67e-05
[20:24:26] INFO   ep42: train_loss=0.8716 val_acc=0.7930 val_f1=0.7860 val_uar=0.7930 lr=2.42e-05
[20:24:35] INFO   ep43: train_loss=0.8719 val_acc=0.7940 val_f1=0.7867 val_uar=0.7940 lr=2.18e-05
[20:24:43] INFO   ep44: train_loss=0.8713 val_acc=0.8000 val_f1=0.7928 val_uar=0.8000 lr=1.95e-05
[20:24:51] INFO   ep45: train_loss=0.8712 val_acc=0.8000 val_f1=0.7921 val_uar=0.8000 lr=1.73e-05
[20:25:00] INFO   ep46: train_loss=0.8702 val_acc=0.7990 val_f1=0.7910 val_uar=0.7990 lr=1.52e-05
[20:25:08] INFO   ep47: train_loss=0.8695 val_acc=0.7970 val_f1=0.7901 val_uar=0.7970 lr=1.32e-05
[20:25:17] INFO   ep48: train_loss=0.8697 val_acc=0.7960 val_f1=0.7889 val_uar=0.7960 lr=1.13e-05
[20:25:25] INFO   ep49: train_loss=0.8697 val_acc=0.8020 val_f1=0.7949 val_uar=0.8020 lr=9.55e-06
[20:25:34] INFO   ep50: train_loss=0.8696 val_acc=0.7960 val_f1=0.7890 val_uar=0.7960 lr=7.94e-06
[20:25:42] INFO   ep51: train_loss=0.8690 val_acc=0.7990 val_f1=0.7930 val_uar=0.7990 lr=6.46e-06
[20:25:51] INFO   ep52: train_loss=0.8692 val_acc=0.8000 val_f1=0.7933 val_uar=0.8000 lr=5.13e-06
[20:25:59] INFO   ep53: train_loss=0.8685 val_acc=0.8010 val_f1=0.7949 val_uar=0.8010 lr=3.94e-06
[20:26:08] INFO   ep54: train_loss=0.8684 val_acc=0.8020 val_f1=0.7962 val_uar=0.8020 lr=2.91e-06
[20:26:16] INFO   ep55: train_loss=0.8686 val_acc=0.8010 val_f1=0.7942 val_uar=0.8010 lr=2.03e-06
[20:26:25] INFO   ep56: train_loss=0.8691 val_acc=0.8010 val_f1=0.7939 val_uar=0.8010 lr=1.30e-06
[20:26:33] INFO   ep57: train_loss=0.8689 val_acc=0.8040 val_f1=0.7969 val_uar=0.8040 lr=7.32e-07
[20:26:41] INFO   ep58: train_loss=0.8681 val_acc=0.8030 val_f1=0.7963 val_uar=0.8030 lr=3.26e-07
[20:26:49] INFO   ep59: train_loss=0.8688 val_acc=0.8010 val_f1=0.7937 val_uar=0.8010 lr=8.15e-08
[20:26:58] INFO   ep60: train_loss=0.8686 val_acc=0.8000 val_f1=0.7929 val_uar=0.8000 lr=0.00e+00
[20:26:58] INFO [done] vit_small_in1k best_val_acc=0.8040 lr_used=0.0001 ckpt=checkpoints\cub200_vit_small_in1k_seed1.pt time=8.7min
[20:27:00] INFO   [E1] eval clean + per colorfulness bin
[20:27:17] INFO   [E2] eval perturbasi warna
[20:31:48] INFO   done vit_small_in1k seed1
[20:31:48] INFO ==== cub200 / vit_small_in1k / seed2 (recipe=adamw gray=False) ====
[20:31:49] INFO [train] cub200/vit_small_in1k/seed2 recipe=adamw opt=adamw lr=0.0001 wd=0.05 grayscale=False epochs=60 device=cuda n_train=4994 n_val=1000 bs=64 accum=1
[20:32:12] INFO   ep1: train_loss=5.2041 val_acc=0.0780 val_f1=0.0575 val_uar=0.0780 lr=4.00e-05
[20:32:20] INFO   ep2: train_loss=4.0773 val_acc=0.3810 val_f1=0.3514 val_uar=0.3810 lr=6.00e-05
[20:32:29] INFO   ep3: train_loss=2.8188 val_acc=0.6230 val_f1=0.6111 val_uar=0.6230 lr=8.00e-05
[20:32:37] INFO   ep4: train_loss=1.9685 val_acc=0.7020 val_f1=0.6871 val_uar=0.7020 lr=1.00e-04
[20:32:46] INFO   ep5: train_loss=1.5164 val_acc=0.7350 val_f1=0.7294 val_uar=0.7350 lr=1.00e-04
[20:32:55] INFO   ep6: train_loss=1.2341 val_acc=0.7660 val_f1=0.7605 val_uar=0.7660 lr=9.99e-05
[20:33:03] INFO   ep7: train_loss=1.0761 val_acc=0.7830 val_f1=0.7814 val_uar=0.7830 lr=9.97e-05
[20:33:12] INFO   ep8: train_loss=1.0029 val_acc=0.7650 val_f1=0.7597 val_uar=0.7650 lr=9.93e-05
[20:33:20] INFO   ep9: train_loss=0.9645 val_acc=0.7910 val_f1=0.7856 val_uar=0.7910 lr=9.87e-05
[20:33:29] INFO   ep10: train_loss=0.9403 val_acc=0.7780 val_f1=0.7746 val_uar=0.7780 lr=9.80e-05
[20:33:37] INFO   ep11: train_loss=0.9297 val_acc=0.7860 val_f1=0.7828 val_uar=0.7860 lr=9.71e-05
[20:33:46] INFO   ep12: train_loss=0.9241 val_acc=0.7830 val_f1=0.7776 val_uar=0.7830 lr=9.61e-05
[20:33:54] INFO   ep13: train_loss=0.9166 val_acc=0.7860 val_f1=0.7782 val_uar=0.7860 lr=9.49e-05
[20:34:03] INFO   ep14: train_loss=0.9141 val_acc=0.7830 val_f1=0.7781 val_uar=0.7830 lr=9.35e-05
[20:34:11] INFO   ep15: train_loss=0.9108 val_acc=0.7810 val_f1=0.7762 val_uar=0.7810 lr=9.21e-05
[20:34:20] INFO   ep16: train_loss=0.9050 val_acc=0.7960 val_f1=0.7904 val_uar=0.7960 lr=9.05e-05
[20:34:28] INFO   ep17: train_loss=0.9112 val_acc=0.7890 val_f1=0.7843 val_uar=0.7890 lr=8.87e-05
[20:34:36] INFO   ep18: train_loss=0.9042 val_acc=0.7920 val_f1=0.7876 val_uar=0.7920 lr=8.68e-05
[20:34:45] INFO   ep19: train_loss=0.8995 val_acc=0.7930 val_f1=0.7882 val_uar=0.7930 lr=8.48e-05
[20:34:53] INFO   ep20: train_loss=0.8996 val_acc=0.7880 val_f1=0.7846 val_uar=0.7880 lr=8.27e-05
[20:35:01] INFO   ep21: train_loss=0.8973 val_acc=0.7820 val_f1=0.7782 val_uar=0.7820 lr=8.05e-05
[20:35:09] INFO   ep22: train_loss=0.8940 val_acc=0.7970 val_f1=0.7945 val_uar=0.7970 lr=7.82e-05
[20:35:18] INFO   ep23: train_loss=0.8918 val_acc=0.7970 val_f1=0.7932 val_uar=0.7970 lr=7.58e-05
[20:35:26] INFO   ep24: train_loss=0.8882 val_acc=0.8000 val_f1=0.7960 val_uar=0.8000 lr=7.33e-05
[20:35:35] INFO   ep25: train_loss=0.8903 val_acc=0.7860 val_f1=0.7795 val_uar=0.7860 lr=7.08e-05
[20:35:43] INFO   ep26: train_loss=0.8862 val_acc=0.8010 val_f1=0.7989 val_uar=0.8010 lr=6.81e-05
[20:35:52] INFO   ep27: train_loss=0.8863 val_acc=0.8000 val_f1=0.7948 val_uar=0.8000 lr=6.55e-05
[20:36:00] INFO   ep28: train_loss=0.8843 val_acc=0.7960 val_f1=0.7895 val_uar=0.7960 lr=6.27e-05
[20:36:09] INFO   ep29: train_loss=0.8819 val_acc=0.7970 val_f1=0.7925 val_uar=0.7970 lr=5.99e-05
[20:36:17] INFO   ep30: train_loss=0.8809 val_acc=0.7960 val_f1=0.7907 val_uar=0.7960 lr=5.71e-05
[20:36:26] INFO   ep31: train_loss=0.8817 val_acc=0.7930 val_f1=0.7882 val_uar=0.7930 lr=5.43e-05
[20:36:34] INFO   ep32: train_loss=0.8801 val_acc=0.8010 val_f1=0.7966 val_uar=0.8010 lr=5.14e-05
[20:36:43] INFO   ep33: train_loss=0.8803 val_acc=0.8010 val_f1=0.7989 val_uar=0.8010 lr=4.86e-05
[20:36:52] INFO   ep34: train_loss=0.8776 val_acc=0.8050 val_f1=0.8005 val_uar=0.8050 lr=4.57e-05
[20:37:00] INFO   ep35: train_loss=0.8761 val_acc=0.7980 val_f1=0.7961 val_uar=0.7980 lr=4.29e-05
[20:37:08] INFO   ep36: train_loss=0.8764 val_acc=0.8060 val_f1=0.8042 val_uar=0.8060 lr=4.01e-05
[20:37:15] INFO   ep37: train_loss=0.8750 val_acc=0.7910 val_f1=0.7885 val_uar=0.7910 lr=3.73e-05
[20:37:23] INFO   ep38: train_loss=0.8745 val_acc=0.8010 val_f1=0.7986 val_uar=0.8010 lr=3.45e-05
[20:37:31] INFO   ep39: train_loss=0.8729 val_acc=0.7990 val_f1=0.7957 val_uar=0.7990 lr=3.19e-05
[20:37:39] INFO   ep40: train_loss=0.8729 val_acc=0.8080 val_f1=0.8064 val_uar=0.8080 lr=2.92e-05
[20:37:46] INFO   ep41: train_loss=0.8727 val_acc=0.8010 val_f1=0.7971 val_uar=0.8010 lr=2.67e-05
[20:37:54] INFO   ep42: train_loss=0.8725 val_acc=0.8050 val_f1=0.8013 val_uar=0.8050 lr=2.42e-05
[20:38:02] INFO   ep43: train_loss=0.8727 val_acc=0.7990 val_f1=0.7966 val_uar=0.7990 lr=2.18e-05
[20:38:09] INFO   ep44: train_loss=0.8713 val_acc=0.8030 val_f1=0.7990 val_uar=0.8030 lr=1.95e-05
[20:38:17] INFO   ep45: train_loss=0.8714 val_acc=0.8040 val_f1=0.8002 val_uar=0.8040 lr=1.73e-05
[20:38:25] INFO   ep46: train_loss=0.8704 val_acc=0.8070 val_f1=0.8018 val_uar=0.8070 lr=1.52e-05
[20:38:33] INFO   ep47: train_loss=0.8697 val_acc=0.7980 val_f1=0.7952 val_uar=0.7980 lr=1.32e-05
[20:38:41] INFO   ep48: train_loss=0.8695 val_acc=0.8050 val_f1=0.8017 val_uar=0.8050 lr=1.13e-05
[20:38:48] INFO   ep49: train_loss=0.8705 val_acc=0.8030 val_f1=0.7999 val_uar=0.8030 lr=9.55e-06
[20:38:56] INFO   ep50: train_loss=0.8693 val_acc=0.8060 val_f1=0.8034 val_uar=0.8060 lr=7.94e-06
[20:39:04] INFO   ep51: train_loss=0.8693 val_acc=0.8000 val_f1=0.7980 val_uar=0.8000 lr=6.46e-06
[20:39:12] INFO   ep52: train_loss=0.8684 val_acc=0.8000 val_f1=0.7980 val_uar=0.8000 lr=5.13e-06
[20:39:20] INFO   ep53: train_loss=0.8680 val_acc=0.8030 val_f1=0.7998 val_uar=0.8030 lr=3.94e-06
[20:39:27] INFO   ep54: train_loss=0.8685 val_acc=0.8010 val_f1=0.7984 val_uar=0.8010 lr=2.91e-06
[20:39:35] INFO   ep55: train_loss=0.8691 val_acc=0.8000 val_f1=0.7971 val_uar=0.8000 lr=2.03e-06
[20:39:43] INFO   ep56: train_loss=0.8685 val_acc=0.8010 val_f1=0.7980 val_uar=0.8010 lr=1.30e-06
[20:39:51] INFO   ep57: train_loss=0.8689 val_acc=0.8030 val_f1=0.7998 val_uar=0.8030 lr=7.32e-07
[20:39:59] INFO   ep58: train_loss=0.8681 val_acc=0.8010 val_f1=0.7976 val_uar=0.8010 lr=3.26e-07
[20:40:07] INFO   ep59: train_loss=0.8686 val_acc=0.8010 val_f1=0.7980 val_uar=0.8010 lr=8.15e-08
[20:40:14] INFO   ep60: train_loss=0.8683 val_acc=0.8020 val_f1=0.7993 val_uar=0.8020 lr=0.00e+00
[20:40:14] INFO [done] vit_small_in1k best_val_acc=0.8080 lr_used=0.0001 ckpt=checkpoints\cub200_vit_small_in1k_seed2.pt time=8.4min
[20:40:16] INFO   [E1] eval clean + per colorfulness bin
[20:40:32] INFO   [E2] eval perturbasi warna
[20:45:07] INFO   done vit_small_in1k seed2
[20:45:07] INFO ==== cub200 / vit_small_in1k / seed3 (recipe=adamw gray=False) ====
[20:45:08] INFO [train] cub200/vit_small_in1k/seed3 recipe=adamw opt=adamw lr=0.0001 wd=0.05 grayscale=False epochs=60 device=cuda n_train=4994 n_val=1000 bs=64 accum=1
[20:45:44] INFO   ep1: train_loss=5.2017 val_acc=0.0800 val_f1=0.0675 val_uar=0.0800 lr=4.00e-05
[20:45:51] INFO   ep2: train_loss=4.0716 val_acc=0.4160 val_f1=0.3835 val_uar=0.4160 lr=6.00e-05
[20:45:59] INFO   ep3: train_loss=2.8033 val_acc=0.6340 val_f1=0.6158 val_uar=0.6340 lr=8.00e-05
[20:46:06] INFO   ep4: train_loss=1.9864 val_acc=0.6970 val_f1=0.6888 val_uar=0.6970 lr=1.00e-04
[20:46:14] INFO   ep5: train_loss=1.5144 val_acc=0.7430 val_f1=0.7417 val_uar=0.7430 lr=1.00e-04
[20:46:21] INFO   ep6: train_loss=1.2322 val_acc=0.7550 val_f1=0.7508 val_uar=0.7550 lr=9.99e-05
[20:46:29] INFO   ep7: train_loss=1.0879 val_acc=0.7610 val_f1=0.7585 val_uar=0.7610 lr=9.97e-05
[20:46:36] INFO   ep8: train_loss=1.0055 val_acc=0.7790 val_f1=0.7755 val_uar=0.7790 lr=9.93e-05
[20:46:44] INFO   ep9: train_loss=0.9639 val_acc=0.7750 val_f1=0.7725 val_uar=0.7750 lr=9.87e-05
[20:46:52] INFO   ep10: train_loss=0.9464 val_acc=0.7760 val_f1=0.7752 val_uar=0.7760 lr=9.80e-05
[20:46:59] INFO   ep11: train_loss=0.9366 val_acc=0.7680 val_f1=0.7662 val_uar=0.7680 lr=9.71e-05
[20:47:07] INFO   ep12: train_loss=0.9268 val_acc=0.7780 val_f1=0.7762 val_uar=0.7780 lr=9.61e-05
[20:47:15] INFO   ep13: train_loss=0.9186 val_acc=0.7810 val_f1=0.7774 val_uar=0.7810 lr=9.49e-05
[20:47:22] INFO   ep14: train_loss=0.9111 val_acc=0.7790 val_f1=0.7749 val_uar=0.7790 lr=9.35e-05
[20:47:30] INFO   ep15: train_loss=0.9095 val_acc=0.7800 val_f1=0.7767 val_uar=0.7800 lr=9.21e-05
[20:47:38] INFO   ep16: train_loss=0.9054 val_acc=0.7850 val_f1=0.7822 val_uar=0.7850 lr=9.05e-05
[20:47:46] INFO   ep17: train_loss=0.9049 val_acc=0.7790 val_f1=0.7761 val_uar=0.7790 lr=8.87e-05
[20:47:54] INFO   ep18: train_loss=0.9037 val_acc=0.7840 val_f1=0.7812 val_uar=0.7840 lr=8.68e-05
[20:48:01] INFO   ep19: train_loss=0.9041 val_acc=0.7760 val_f1=0.7716 val_uar=0.7760 lr=8.48e-05
[20:48:09] INFO   ep20: train_loss=0.9036 val_acc=0.7840 val_f1=0.7777 val_uar=0.7840 lr=8.27e-05
[20:48:17] INFO   ep21: train_loss=0.9000 val_acc=0.7820 val_f1=0.7777 val_uar=0.7820 lr=8.05e-05
[20:48:25] INFO   ep22: train_loss=0.8957 val_acc=0.7800 val_f1=0.7756 val_uar=0.7800 lr=7.82e-05
[20:48:33] INFO   ep23: train_loss=0.8922 val_acc=0.7840 val_f1=0.7788 val_uar=0.7840 lr=7.58e-05
[20:48:41] INFO   ep24: train_loss=0.8943 val_acc=0.7890 val_f1=0.7849 val_uar=0.7890 lr=7.33e-05
[20:48:48] INFO   ep25: train_loss=0.8887 val_acc=0.7880 val_f1=0.7858 val_uar=0.7880 lr=7.08e-05
[20:48:56] INFO   ep26: train_loss=0.8883 val_acc=0.7900 val_f1=0.7857 val_uar=0.7900 lr=6.81e-05
[20:49:04] INFO   ep27: train_loss=0.8876 val_acc=0.7880 val_f1=0.7824 val_uar=0.7880 lr=6.55e-05
[20:49:12] INFO   ep28: train_loss=0.8864 val_acc=0.7900 val_f1=0.7859 val_uar=0.7900 lr=6.27e-05
[20:49:20] INFO   ep29: train_loss=0.8842 val_acc=0.7820 val_f1=0.7780 val_uar=0.7820 lr=5.99e-05
[20:49:28] INFO   ep30: train_loss=0.8815 val_acc=0.7910 val_f1=0.7865 val_uar=0.7910 lr=5.71e-05
[20:49:36] INFO   ep31: train_loss=0.8796 val_acc=0.7940 val_f1=0.7885 val_uar=0.7940 lr=5.43e-05
[20:49:44] INFO   ep32: train_loss=0.8794 val_acc=0.7890 val_f1=0.7846 val_uar=0.7890 lr=5.14e-05
[20:49:51] INFO   ep33: train_loss=0.8795 val_acc=0.7900 val_f1=0.7841 val_uar=0.7900 lr=4.86e-05
[20:49:59] INFO   ep34: train_loss=0.8789 val_acc=0.7910 val_f1=0.7859 val_uar=0.7910 lr=4.57e-05
[20:50:07] INFO   ep35: train_loss=0.8768 val_acc=0.7920 val_f1=0.7863 val_uar=0.7920 lr=4.29e-05
[20:50:15] INFO   ep36: train_loss=0.8757 val_acc=0.7940 val_f1=0.7901 val_uar=0.7940 lr=4.01e-05
[20:50:23] INFO   ep37: train_loss=0.8750 val_acc=0.7910 val_f1=0.7856 val_uar=0.7910 lr=3.73e-05
[20:50:31] INFO   ep38: train_loss=0.8751 val_acc=0.7840 val_f1=0.7791 val_uar=0.7840 lr=3.45e-05
[20:50:39] INFO   ep39: train_loss=0.8750 val_acc=0.7960 val_f1=0.7896 val_uar=0.7960 lr=3.19e-05
[20:50:47] INFO   ep40: train_loss=0.8741 val_acc=0.7970 val_f1=0.7894 val_uar=0.7970 lr=2.92e-05
[20:50:55] INFO   ep41: train_loss=0.8731 val_acc=0.7930 val_f1=0.7887 val_uar=0.7930 lr=2.67e-05
[20:51:03] INFO   ep42: train_loss=0.8723 val_acc=0.7990 val_f1=0.7937 val_uar=0.7990 lr=2.42e-05
[20:51:10] INFO   ep43: train_loss=0.8718 val_acc=0.7930 val_f1=0.7884 val_uar=0.7930 lr=2.18e-05
[20:51:18] INFO   ep44: train_loss=0.8709 val_acc=0.7960 val_f1=0.7913 val_uar=0.7960 lr=1.95e-05
[20:51:26] INFO   ep45: train_loss=0.8709 val_acc=0.7910 val_f1=0.7854 val_uar=0.7910 lr=1.73e-05
[20:51:34] INFO   ep46: train_loss=0.8705 val_acc=0.8000 val_f1=0.7954 val_uar=0.8000 lr=1.52e-05
[20:51:42] INFO   ep47: train_loss=0.8702 val_acc=0.7970 val_f1=0.7924 val_uar=0.7970 lr=1.32e-05
[20:51:50] INFO   ep48: train_loss=0.8704 val_acc=0.8030 val_f1=0.7973 val_uar=0.8030 lr=1.13e-05
[20:51:58] INFO   ep49: train_loss=0.8702 val_acc=0.7970 val_f1=0.7920 val_uar=0.7970 lr=9.55e-06
[20:52:06] INFO   ep50: train_loss=0.8693 val_acc=0.8000 val_f1=0.7956 val_uar=0.8000 lr=7.94e-06
[20:52:14] INFO   ep51: train_loss=0.8689 val_acc=0.7960 val_f1=0.7909 val_uar=0.7960 lr=6.46e-06
[20:52:21] INFO   ep52: train_loss=0.8688 val_acc=0.7960 val_f1=0.7913 val_uar=0.7960 lr=5.13e-06
[20:52:29] INFO   ep53: train_loss=0.8690 val_acc=0.7920 val_f1=0.7879 val_uar=0.7920 lr=3.94e-06
[20:52:37] INFO   ep54: train_loss=0.8691 val_acc=0.7950 val_f1=0.7906 val_uar=0.7950 lr=2.91e-06
[20:52:45] INFO   ep55: train_loss=0.8690 val_acc=0.7940 val_f1=0.7898 val_uar=0.7940 lr=2.03e-06
[20:52:53] INFO   ep56: train_loss=0.8683 val_acc=0.7950 val_f1=0.7904 val_uar=0.7950 lr=1.30e-06
[20:53:01] INFO   ep57: train_loss=0.8683 val_acc=0.7960 val_f1=0.7912 val_uar=0.7960 lr=7.32e-07
[20:53:09] INFO   ep58: train_loss=0.8683 val_acc=0.7960 val_f1=0.7918 val_uar=0.7960 lr=3.26e-07
[20:53:17] INFO   ep59: train_loss=0.8680 val_acc=0.7970 val_f1=0.7928 val_uar=0.7970 lr=8.15e-08
[20:53:25] INFO   ep60: train_loss=0.8680 val_acc=0.7970 val_f1=0.7928 val_uar=0.7970 lr=0.00e+00
[20:53:25] INFO [done] vit_small_in1k best_val_acc=0.8030 lr_used=0.0001 ckpt=checkpoints\cub200_vit_small_in1k_seed3.pt time=8.3min
[20:53:26] INFO   [E1] eval clean + per colorfulness bin
[20:53:42] INFO   [E2] eval perturbasi warna
[20:57:57] INFO   done vit_small_in1k seed3
[20:57:57] INFO ==== cub200 / vit_small_in1k / seed4 (recipe=adamw gray=False) ====
[20:57:58] INFO [train] cub200/vit_small_in1k/seed4 recipe=adamw opt=adamw lr=0.0001 wd=0.05 grayscale=False epochs=60 device=cuda n_train=4994 n_val=1000 bs=64 accum=1
[20:58:20] INFO   ep1: train_loss=5.1576 val_acc=0.0870 val_f1=0.0671 val_uar=0.0870 lr=4.00e-05
[20:58:27] INFO   ep2: train_loss=4.0005 val_acc=0.4180 val_f1=0.3836 val_uar=0.4180 lr=6.00e-05
[20:58:35] INFO   ep3: train_loss=2.7775 val_acc=0.6170 val_f1=0.5980 val_uar=0.6170 lr=8.00e-05
[20:58:42] INFO   ep4: train_loss=1.9581 val_acc=0.7090 val_f1=0.7017 val_uar=0.7090 lr=1.00e-04
[20:58:50] INFO   ep5: train_loss=1.4935 val_acc=0.7500 val_f1=0.7429 val_uar=0.7500 lr=1.00e-04
[20:58:57] INFO   ep6: train_loss=1.2332 val_acc=0.7580 val_f1=0.7516 val_uar=0.7580 lr=9.99e-05
[20:59:05] INFO   ep7: train_loss=1.0836 val_acc=0.7590 val_f1=0.7539 val_uar=0.7590 lr=9.97e-05
[20:59:13] INFO   ep8: train_loss=0.9983 val_acc=0.7670 val_f1=0.7599 val_uar=0.7670 lr=9.93e-05
[20:59:20] INFO   ep9: train_loss=0.9689 val_acc=0.7780 val_f1=0.7741 val_uar=0.7780 lr=9.87e-05
[20:59:28] INFO   ep10: train_loss=0.9446 val_acc=0.7870 val_f1=0.7838 val_uar=0.7870 lr=9.80e-05
[20:59:36] INFO   ep11: train_loss=0.9309 val_acc=0.7850 val_f1=0.7793 val_uar=0.7850 lr=9.71e-05
[20:59:43] INFO   ep12: train_loss=0.9235 val_acc=0.7970 val_f1=0.7923 val_uar=0.7970 lr=9.61e-05
[20:59:51] INFO   ep13: train_loss=0.9172 val_acc=0.7850 val_f1=0.7799 val_uar=0.7850 lr=9.49e-05
[20:59:59] INFO   ep14: train_loss=0.9173 val_acc=0.7850 val_f1=0.7796 val_uar=0.7850 lr=9.35e-05
[21:00:06] INFO   ep15: train_loss=0.9174 val_acc=0.7780 val_f1=0.7736 val_uar=0.7780 lr=9.21e-05
[21:00:14] INFO   ep16: train_loss=0.9101 val_acc=0.7910 val_f1=0.7855 val_uar=0.7910 lr=9.05e-05
[21:00:22] INFO   ep17: train_loss=0.9077 val_acc=0.7990 val_f1=0.7949 val_uar=0.7990 lr=8.87e-05
[21:00:29] INFO   ep18: train_loss=0.9029 val_acc=0.7920 val_f1=0.7849 val_uar=0.7920 lr=8.68e-05
[21:00:37] INFO   ep19: train_loss=0.9012 val_acc=0.7850 val_f1=0.7792 val_uar=0.7850 lr=8.48e-05
[21:00:45] INFO   ep20: train_loss=0.8985 val_acc=0.7860 val_f1=0.7805 val_uar=0.7860 lr=8.27e-05
[21:00:53] INFO   ep21: train_loss=0.8986 val_acc=0.7900 val_f1=0.7865 val_uar=0.7900 lr=8.05e-05
[21:01:00] INFO   ep22: train_loss=0.9030 val_acc=0.7810 val_f1=0.7753 val_uar=0.7810 lr=7.82e-05
[21:01:08] INFO   ep23: train_loss=0.8965 val_acc=0.7910 val_f1=0.7855 val_uar=0.7910 lr=7.58e-05
[21:01:16] INFO   ep24: train_loss=0.8911 val_acc=0.8030 val_f1=0.7986 val_uar=0.8030 lr=7.33e-05
[21:01:24] INFO   ep25: train_loss=0.8916 val_acc=0.7970 val_f1=0.7916 val_uar=0.7970 lr=7.08e-05
[21:01:32] INFO   ep26: train_loss=0.8889 val_acc=0.7900 val_f1=0.7845 val_uar=0.7900 lr=6.81e-05
[21:01:40] INFO   ep27: train_loss=0.8876 val_acc=0.7870 val_f1=0.7805 val_uar=0.7870 lr=6.55e-05
[21:01:48] INFO   ep28: train_loss=0.8862 val_acc=0.7940 val_f1=0.7903 val_uar=0.7940 lr=6.27e-05
[21:01:55] INFO   ep29: train_loss=0.8840 val_acc=0.7860 val_f1=0.7815 val_uar=0.7860 lr=5.99e-05
[21:02:03] INFO   ep30: train_loss=0.8815 val_acc=0.7990 val_f1=0.7957 val_uar=0.7990 lr=5.71e-05
[21:02:11] INFO   ep31: train_loss=0.8811 val_acc=0.8070 val_f1=0.8019 val_uar=0.8070 lr=5.43e-05
[21:02:19] INFO   ep32: train_loss=0.8795 val_acc=0.8080 val_f1=0.8049 val_uar=0.8080 lr=5.14e-05
[21:02:27] INFO   ep33: train_loss=0.8791 val_acc=0.8000 val_f1=0.7923 val_uar=0.8000 lr=4.86e-05
[21:02:35] INFO   ep34: train_loss=0.8795 val_acc=0.8080 val_f1=0.8039 val_uar=0.8080 lr=4.57e-05
[21:02:43] INFO   ep35: train_loss=0.8770 val_acc=0.7980 val_f1=0.7958 val_uar=0.7980 lr=4.29e-05
[21:02:51] INFO   ep36: train_loss=0.8793 val_acc=0.8070 val_f1=0.8013 val_uar=0.8070 lr=4.01e-05
[21:02:59] INFO   ep37: train_loss=0.8758 val_acc=0.8000 val_f1=0.7967 val_uar=0.8000 lr=3.73e-05
[21:03:06] INFO   ep38: train_loss=0.8766 val_acc=0.8100 val_f1=0.8058 val_uar=0.8100 lr=3.45e-05
[21:03:14] INFO   ep39: train_loss=0.8739 val_acc=0.8100 val_f1=0.8063 val_uar=0.8100 lr=3.19e-05
[21:03:22] INFO   ep40: train_loss=0.8743 val_acc=0.8070 val_f1=0.8012 val_uar=0.8070 lr=2.92e-05
[21:03:30] INFO   ep41: train_loss=0.8737 val_acc=0.8150 val_f1=0.8109 val_uar=0.8150 lr=2.67e-05
[21:03:38] INFO   ep42: train_loss=0.8722 val_acc=0.8040 val_f1=0.7984 val_uar=0.8040 lr=2.42e-05
[21:03:46] INFO   ep43: train_loss=0.8722 val_acc=0.8040 val_f1=0.7995 val_uar=0.8040 lr=2.18e-05
[21:03:54] INFO   ep44: train_loss=0.8714 val_acc=0.8080 val_f1=0.8030 val_uar=0.8080 lr=1.95e-05
[21:04:02] INFO   ep45: train_loss=0.8708 val_acc=0.8040 val_f1=0.7996 val_uar=0.8040 lr=1.73e-05
[21:04:09] INFO   ep46: train_loss=0.8706 val_acc=0.8030 val_f1=0.7987 val_uar=0.8030 lr=1.52e-05
[21:04:17] INFO   ep47: train_loss=0.8699 val_acc=0.8050 val_f1=0.7997 val_uar=0.8050 lr=1.32e-05
[21:04:25] INFO   ep48: train_loss=0.8704 val_acc=0.8110 val_f1=0.8069 val_uar=0.8110 lr=1.13e-05
[21:04:33] INFO   ep49: train_loss=0.8694 val_acc=0.8090 val_f1=0.8042 val_uar=0.8090 lr=9.55e-06
[21:04:41] INFO   ep50: train_loss=0.8698 val_acc=0.8080 val_f1=0.8026 val_uar=0.8080 lr=7.94e-06
[21:04:49] INFO   ep51: train_loss=0.8700 val_acc=0.8060 val_f1=0.8008 val_uar=0.8060 lr=6.46e-06
[21:04:57] INFO   ep52: train_loss=0.8696 val_acc=0.8080 val_f1=0.8038 val_uar=0.8080 lr=5.13e-06
[21:05:05] INFO   ep53: train_loss=0.8695 val_acc=0.8060 val_f1=0.8010 val_uar=0.8060 lr=3.94e-06
[21:05:13] INFO   ep54: train_loss=0.8701 val_acc=0.8070 val_f1=0.8024 val_uar=0.8070 lr=2.91e-06
[21:05:21] INFO   ep55: train_loss=0.8688 val_acc=0.8120 val_f1=0.8074 val_uar=0.8120 lr=2.03e-06
[21:05:29] INFO   ep56: train_loss=0.8686 val_acc=0.8100 val_f1=0.8047 val_uar=0.8100 lr=1.30e-06
[21:05:37] INFO   ep57: train_loss=0.8692 val_acc=0.8120 val_f1=0.8067 val_uar=0.8120 lr=7.32e-07
[21:05:45] INFO   ep58: train_loss=0.8683 val_acc=0.8100 val_f1=0.8046 val_uar=0.8100 lr=3.26e-07
[21:05:53] INFO   ep59: train_loss=0.8698 val_acc=0.8100 val_f1=0.8044 val_uar=0.8100 lr=8.15e-08
[21:06:00] INFO   ep60: train_loss=0.8687 val_acc=0.8100 val_f1=0.8044 val_uar=0.8100 lr=0.00e+00
[21:06:00] INFO [done] vit_small_in1k best_val_acc=0.8150 lr_used=0.0001 ckpt=checkpoints\cub200_vit_small_in1k_seed4.pt time=8.1min
[21:06:02] INFO   [E1] eval clean + per colorfulness bin
[21:06:18] INFO   [E2] eval perturbasi warna
[21:10:32] INFO   done vit_small_in1k seed4
[21:10:32] INFO ALL DONE
[22:54:57] INFO dataset=cub200 models=['resnet50_tv'] seeds=[0, 1, 2, 3, 4] epochs=None recipe=adamw
[22:54:57] INFO ==== cub200 / resnet50_tv / seed0 (recipe=adamw gray=False) ====
[22:55:15] INFO [train] cub200/resnet50_tv/seed0 recipe=adamw opt=adamw lr=0.0001 wd=0.05 grayscale=False epochs=60 device=cuda n_train=4994 n_val=1000 bs=64 accum=1
[22:55:57] INFO   ep1: train_loss=5.1974 val_acc=0.1390 val_f1=0.0940 val_uar=0.1390 lr=4.00e-05
[22:56:05] INFO   ep2: train_loss=4.5277 val_acc=0.4020 val_f1=0.3468 val_uar=0.4020 lr=6.00e-05
[22:56:14] INFO   ep3: train_loss=3.5234 val_acc=0.5460 val_f1=0.5014 val_uar=0.5460 lr=8.00e-05
[22:56:22] INFO   ep4: train_loss=2.6153 val_acc=0.6390 val_f1=0.6109 val_uar=0.6390 lr=1.00e-04
[22:56:30] INFO   ep5: train_loss=1.9806 val_acc=0.6990 val_f1=0.6855 val_uar=0.6990 lr=1.00e-04
[22:56:38] INFO   ep6: train_loss=1.5802 val_acc=0.7020 val_f1=0.6846 val_uar=0.7020 lr=9.99e-05
[22:56:47] INFO   ep7: train_loss=1.3467 val_acc=0.7320 val_f1=0.7210 val_uar=0.7320 lr=9.97e-05
[22:56:55] INFO   ep8: train_loss=1.2154 val_acc=0.7490 val_f1=0.7402 val_uar=0.7490 lr=9.93e-05
[22:57:04] INFO   ep9: train_loss=1.1205 val_acc=0.7600 val_f1=0.7508 val_uar=0.7600 lr=9.87e-05
[22:57:12] INFO   ep10: train_loss=1.0564 val_acc=0.7690 val_f1=0.7634 val_uar=0.7690 lr=9.80e-05
[22:57:21] INFO   ep11: train_loss=1.0192 val_acc=0.7790 val_f1=0.7719 val_uar=0.7790 lr=9.71e-05
[22:57:30] INFO   ep12: train_loss=0.9876 val_acc=0.7760 val_f1=0.7718 val_uar=0.7760 lr=9.61e-05
[22:57:39] INFO   ep13: train_loss=0.9725 val_acc=0.7780 val_f1=0.7733 val_uar=0.7780 lr=9.49e-05
[22:57:49] INFO   ep14: train_loss=0.9612 val_acc=0.7780 val_f1=0.7723 val_uar=0.7780 lr=9.35e-05
[22:57:59] INFO   ep15: train_loss=0.9520 val_acc=0.7860 val_f1=0.7792 val_uar=0.7860 lr=9.21e-05
[22:58:08] INFO   ep16: train_loss=0.9420 val_acc=0.7810 val_f1=0.7759 val_uar=0.7810 lr=9.05e-05
[22:58:16] INFO   ep17: train_loss=0.9379 val_acc=0.7940 val_f1=0.7906 val_uar=0.7940 lr=8.87e-05
[22:58:25] INFO   ep18: train_loss=0.9292 val_acc=0.7960 val_f1=0.7894 val_uar=0.7960 lr=8.68e-05
[22:58:34] INFO   ep19: train_loss=0.9271 val_acc=0.7950 val_f1=0.7875 val_uar=0.7950 lr=8.48e-05
[22:58:43] INFO   ep20: train_loss=0.9230 val_acc=0.8030 val_f1=0.7995 val_uar=0.8030 lr=8.27e-05
[22:58:52] INFO   ep21: train_loss=0.9175 val_acc=0.8010 val_f1=0.7968 val_uar=0.8010 lr=8.05e-05
[22:59:01] INFO   ep22: train_loss=0.9136 val_acc=0.8080 val_f1=0.8041 val_uar=0.8080 lr=7.82e-05
[22:59:10] INFO   ep23: train_loss=0.9095 val_acc=0.8110 val_f1=0.8050 val_uar=0.8110 lr=7.58e-05
[22:59:18] INFO   ep24: train_loss=0.9082 val_acc=0.8130 val_f1=0.8088 val_uar=0.8130 lr=7.33e-05
[22:59:27] INFO   ep25: train_loss=0.9073 val_acc=0.8010 val_f1=0.7988 val_uar=0.8010 lr=7.08e-05
[22:59:36] INFO   ep26: train_loss=0.9022 val_acc=0.8140 val_f1=0.8099 val_uar=0.8140 lr=6.81e-05
[22:59:45] INFO   ep27: train_loss=0.9026 val_acc=0.8150 val_f1=0.8097 val_uar=0.8150 lr=6.55e-05
[22:59:53] INFO   ep28: train_loss=0.9024 val_acc=0.8060 val_f1=0.8038 val_uar=0.8060 lr=6.27e-05
[23:00:02] INFO   ep29: train_loss=0.8968 val_acc=0.8090 val_f1=0.8052 val_uar=0.8090 lr=5.99e-05
[23:00:11] INFO   ep30: train_loss=0.8938 val_acc=0.8230 val_f1=0.8183 val_uar=0.8230 lr=5.71e-05
[23:00:20] INFO   ep31: train_loss=0.8920 val_acc=0.8090 val_f1=0.8065 val_uar=0.8090 lr=5.43e-05
[23:00:29] INFO   ep32: train_loss=0.8895 val_acc=0.8190 val_f1=0.8157 val_uar=0.8190 lr=5.14e-05
[23:00:38] INFO   ep33: train_loss=0.8868 val_acc=0.8240 val_f1=0.8218 val_uar=0.8240 lr=4.86e-05
[23:00:47] INFO   ep34: train_loss=0.8861 val_acc=0.8250 val_f1=0.8212 val_uar=0.8250 lr=4.57e-05
[23:00:56] INFO   ep35: train_loss=0.8839 val_acc=0.8240 val_f1=0.8219 val_uar=0.8240 lr=4.29e-05
[23:01:05] INFO   ep36: train_loss=0.8826 val_acc=0.8230 val_f1=0.8215 val_uar=0.8230 lr=4.01e-05
[23:01:13] INFO   ep37: train_loss=0.8810 val_acc=0.8200 val_f1=0.8171 val_uar=0.8200 lr=3.73e-05
[23:01:22] INFO   ep38: train_loss=0.8803 val_acc=0.8170 val_f1=0.8148 val_uar=0.8170 lr=3.45e-05
[23:01:31] INFO   ep39: train_loss=0.8785 val_acc=0.8220 val_f1=0.8200 val_uar=0.8220 lr=3.19e-05
[23:01:40] INFO   ep40: train_loss=0.8771 val_acc=0.8190 val_f1=0.8176 val_uar=0.8190 lr=2.92e-05
[23:01:50] INFO   ep41: train_loss=0.8751 val_acc=0.8330 val_f1=0.8313 val_uar=0.8330 lr=2.67e-05
[23:01:59] INFO   ep42: train_loss=0.8761 val_acc=0.8200 val_f1=0.8156 val_uar=0.8200 lr=2.42e-05
[23:02:08] INFO   ep43: train_loss=0.8750 val_acc=0.8270 val_f1=0.8242 val_uar=0.8270 lr=2.18e-05
[23:02:17] INFO   ep44: train_loss=0.8758 val_acc=0.8310 val_f1=0.8282 val_uar=0.8310 lr=1.95e-05
[23:02:26] INFO   ep45: train_loss=0.8734 val_acc=0.8280 val_f1=0.8246 val_uar=0.8280 lr=1.73e-05
[23:02:35] INFO   ep46: train_loss=0.8737 val_acc=0.8270 val_f1=0.8246 val_uar=0.8270 lr=1.52e-05
[23:02:44] INFO   ep47: train_loss=0.8731 val_acc=0.8310 val_f1=0.8285 val_uar=0.8310 lr=1.32e-05
[23:02:53] INFO   ep48: train_loss=0.8727 val_acc=0.8310 val_f1=0.8293 val_uar=0.8310 lr=1.13e-05
[23:03:02] INFO   ep49: train_loss=0.8715 val_acc=0.8330 val_f1=0.8313 val_uar=0.8330 lr=9.55e-06
[23:03:10] INFO   ep50: train_loss=0.8716 val_acc=0.8300 val_f1=0.8281 val_uar=0.8300 lr=7.94e-06
[23:03:19] INFO   ep51: train_loss=0.8702 val_acc=0.8330 val_f1=0.8301 val_uar=0.8330 lr=6.46e-06
[23:03:28] INFO   ep52: train_loss=0.8699 val_acc=0.8260 val_f1=0.8232 val_uar=0.8260 lr=5.13e-06
[23:03:38] INFO   ep53: train_loss=0.8708 val_acc=0.8300 val_f1=0.8277 val_uar=0.8300 lr=3.94e-06
[23:03:48] INFO   ep54: train_loss=0.8698 val_acc=0.8300 val_f1=0.8270 val_uar=0.8300 lr=2.91e-06
[23:03:57] INFO   ep55: train_loss=0.8700 val_acc=0.8300 val_f1=0.8271 val_uar=0.8300 lr=2.03e-06
[23:04:06] INFO   ep56: train_loss=0.8700 val_acc=0.8300 val_f1=0.8278 val_uar=0.8300 lr=1.30e-06
[23:04:15] INFO   ep57: train_loss=0.8706 val_acc=0.8330 val_f1=0.8302 val_uar=0.8330 lr=7.32e-07
[23:04:24] INFO   ep58: train_loss=0.8697 val_acc=0.8300 val_f1=0.8275 val_uar=0.8300 lr=3.26e-07
[23:04:34] INFO   ep59: train_loss=0.8697 val_acc=0.8300 val_f1=0.8275 val_uar=0.8300 lr=8.15e-08
[23:04:43] INFO   ep60: train_loss=0.8690 val_acc=0.8280 val_f1=0.8256 val_uar=0.8280 lr=0.00e+00
[23:04:43] INFO [done] resnet50_tv best_val_acc=0.8330 lr_used=0.0001 ckpt=checkpoints\cub200_resnet50_tv_seed0.pt time=9.8min
[23:04:44] INFO   [E1] eval clean + per colorfulness bin
[23:05:19] INFO   [E2] eval perturbasi warna
[23:09:43] INFO   done resnet50_tv seed0
[23:09:43] INFO ==== cub200 / resnet50_tv / seed1 (recipe=adamw gray=False) ====
[23:09:43] INFO [train] cub200/resnet50_tv/seed1 recipe=adamw opt=adamw lr=0.0001 wd=0.05 grayscale=False epochs=60 device=cuda n_train=4994 n_val=1000 bs=64 accum=1
[23:10:07] INFO   ep1: train_loss=5.1995 val_acc=0.1080 val_f1=0.0880 val_uar=0.1080 lr=4.00e-05
[23:10:15] INFO   ep2: train_loss=4.5445 val_acc=0.4010 val_f1=0.3537 val_uar=0.4010 lr=6.00e-05
[23:10:24] INFO   ep3: train_loss=3.5395 val_acc=0.5690 val_f1=0.5332 val_uar=0.5690 lr=8.00e-05
[23:10:32] INFO   ep4: train_loss=2.6233 val_acc=0.6500 val_f1=0.6256 val_uar=0.6500 lr=1.00e-04
[23:10:40] INFO   ep5: train_loss=1.9942 val_acc=0.6870 val_f1=0.6738 val_uar=0.6870 lr=1.00e-04
[23:10:49] INFO   ep6: train_loss=1.5824 val_acc=0.7330 val_f1=0.7217 val_uar=0.7330 lr=9.99e-05
[23:10:57] INFO   ep7: train_loss=1.3510 val_acc=0.7330 val_f1=0.7147 val_uar=0.7330 lr=9.97e-05
[23:11:06] INFO   ep8: train_loss=1.2033 val_acc=0.7600 val_f1=0.7539 val_uar=0.7600 lr=9.93e-05
[23:11:14] INFO   ep9: train_loss=1.1142 val_acc=0.7720 val_f1=0.7666 val_uar=0.7720 lr=9.87e-05
[23:11:23] INFO   ep10: train_loss=1.0447 val_acc=0.7710 val_f1=0.7663 val_uar=0.7710 lr=9.80e-05
[23:11:31] INFO   ep11: train_loss=1.0131 val_acc=0.7930 val_f1=0.7909 val_uar=0.7930 lr=9.71e-05
[23:11:40] INFO   ep12: train_loss=0.9868 val_acc=0.7770 val_f1=0.7735 val_uar=0.7770 lr=9.61e-05
[23:11:48] INFO   ep13: train_loss=0.9730 val_acc=0.7930 val_f1=0.7857 val_uar=0.7930 lr=9.49e-05
[23:11:56] INFO   ep14: train_loss=0.9594 val_acc=0.7910 val_f1=0.7902 val_uar=0.7910 lr=9.35e-05
[23:12:05] INFO   ep15: train_loss=0.9426 val_acc=0.7900 val_f1=0.7872 val_uar=0.7900 lr=9.21e-05
[23:12:14] INFO   ep16: train_loss=0.9380 val_acc=0.7880 val_f1=0.7849 val_uar=0.7880 lr=9.05e-05
[23:12:23] INFO   ep17: train_loss=0.9354 val_acc=0.7800 val_f1=0.7750 val_uar=0.7800 lr=8.87e-05
[23:12:32] INFO   ep18: train_loss=0.9377 val_acc=0.7960 val_f1=0.7934 val_uar=0.7960 lr=8.68e-05
[23:12:42] INFO   ep19: train_loss=0.9301 val_acc=0.7930 val_f1=0.7883 val_uar=0.7930 lr=8.48e-05
[23:12:51] INFO   ep20: train_loss=0.9197 val_acc=0.7960 val_f1=0.7896 val_uar=0.7960 lr=8.27e-05
[23:13:00] INFO   ep21: train_loss=0.9157 val_acc=0.7960 val_f1=0.7902 val_uar=0.7960 lr=8.05e-05
[23:13:09] INFO   ep22: train_loss=0.9158 val_acc=0.8030 val_f1=0.7995 val_uar=0.8030 lr=7.82e-05
[23:13:18] INFO   ep23: train_loss=0.9112 val_acc=0.8170 val_f1=0.8156 val_uar=0.8170 lr=7.58e-05
[23:13:27] INFO   ep24: train_loss=0.9081 val_acc=0.8130 val_f1=0.8108 val_uar=0.8130 lr=7.33e-05
[23:13:36] INFO   ep25: train_loss=0.9048 val_acc=0.8040 val_f1=0.8019 val_uar=0.8040 lr=7.08e-05
[23:13:45] INFO   ep26: train_loss=0.9016 val_acc=0.8010 val_f1=0.7993 val_uar=0.8010 lr=6.81e-05
[23:13:54] INFO   ep27: train_loss=0.9008 val_acc=0.8130 val_f1=0.8083 val_uar=0.8130 lr=6.55e-05
[23:14:03] INFO   ep28: train_loss=0.8975 val_acc=0.8220 val_f1=0.8199 val_uar=0.8220 lr=6.27e-05
[23:14:12] INFO   ep29: train_loss=0.8932 val_acc=0.8200 val_f1=0.8156 val_uar=0.8200 lr=5.99e-05
[23:14:21] INFO   ep30: train_loss=0.8925 val_acc=0.8150 val_f1=0.8126 val_uar=0.8150 lr=5.71e-05
[23:14:29] INFO   ep31: train_loss=0.8920 val_acc=0.8130 val_f1=0.8115 val_uar=0.8130 lr=5.43e-05
[23:14:38] INFO   ep32: train_loss=0.8883 val_acc=0.8180 val_f1=0.8155 val_uar=0.8180 lr=5.14e-05
[23:14:48] INFO   ep33: train_loss=0.8875 val_acc=0.8060 val_f1=0.7989 val_uar=0.8060 lr=4.86e-05
[23:14:57] INFO   ep34: train_loss=0.8856 val_acc=0.8160 val_f1=0.8129 val_uar=0.8160 lr=4.57e-05
[23:15:06] INFO   ep35: train_loss=0.8842 val_acc=0.8060 val_f1=0.8030 val_uar=0.8060 lr=4.29e-05
[23:15:15] INFO   ep36: train_loss=0.8817 val_acc=0.8250 val_f1=0.8214 val_uar=0.8250 lr=4.01e-05
[23:15:24] INFO   ep37: train_loss=0.8806 val_acc=0.8170 val_f1=0.8138 val_uar=0.8170 lr=3.73e-05
[23:15:34] INFO   ep38: train_loss=0.8796 val_acc=0.8180 val_f1=0.8136 val_uar=0.8180 lr=3.45e-05
[23:15:43] INFO   ep39: train_loss=0.8781 val_acc=0.8180 val_f1=0.8132 val_uar=0.8180 lr=3.19e-05
[23:15:52] INFO   ep40: train_loss=0.8773 val_acc=0.8260 val_f1=0.8240 val_uar=0.8260 lr=2.92e-05
[23:16:01] INFO   ep41: train_loss=0.8772 val_acc=0.8280 val_f1=0.8239 val_uar=0.8280 lr=2.67e-05
[23:16:10] INFO   ep42: train_loss=0.8754 val_acc=0.8210 val_f1=0.8179 val_uar=0.8210 lr=2.42e-05
[23:16:19] INFO   ep43: train_loss=0.8750 val_acc=0.8230 val_f1=0.8191 val_uar=0.8230 lr=2.18e-05
[23:16:27] INFO   ep44: train_loss=0.8746 val_acc=0.8190 val_f1=0.8146 val_uar=0.8190 lr=1.95e-05
[23:16:36] INFO   ep45: train_loss=0.8739 val_acc=0.8250 val_f1=0.8225 val_uar=0.8250 lr=1.73e-05
[23:16:44] INFO   ep46: train_loss=0.8729 val_acc=0.8240 val_f1=0.8198 val_uar=0.8240 lr=1.52e-05
[23:16:53] INFO   ep47: train_loss=0.8729 val_acc=0.8260 val_f1=0.8237 val_uar=0.8260 lr=1.32e-05
[23:17:02] INFO   ep48: train_loss=0.8717 val_acc=0.8280 val_f1=0.8248 val_uar=0.8280 lr=1.13e-05
[23:17:10] INFO   ep49: train_loss=0.8710 val_acc=0.8290 val_f1=0.8259 val_uar=0.8290 lr=9.55e-06
[23:17:19] INFO   ep50: train_loss=0.8712 val_acc=0.8280 val_f1=0.8245 val_uar=0.8280 lr=7.94e-06
[23:17:27] INFO   ep51: train_loss=0.8714 val_acc=0.8260 val_f1=0.8215 val_uar=0.8260 lr=6.46e-06
[23:17:36] INFO   ep52: train_loss=0.8706 val_acc=0.8230 val_f1=0.8192 val_uar=0.8230 lr=5.13e-06
[23:17:45] INFO   ep53: train_loss=0.8710 val_acc=0.8240 val_f1=0.8196 val_uar=0.8240 lr=3.94e-06
[23:17:53] INFO   ep54: train_loss=0.8698 val_acc=0.8240 val_f1=0.8189 val_uar=0.8240 lr=2.91e-06
[23:18:02] INFO   ep55: train_loss=0.8698 val_acc=0.8250 val_f1=0.8208 val_uar=0.8250 lr=2.03e-06
[23:18:10] INFO   ep56: train_loss=0.8698 val_acc=0.8300 val_f1=0.8259 val_uar=0.8300 lr=1.30e-06
[23:18:18] INFO   ep57: train_loss=0.8706 val_acc=0.8280 val_f1=0.8245 val_uar=0.8280 lr=7.32e-07
[23:18:27] INFO   ep58: train_loss=0.8688 val_acc=0.8240 val_f1=0.8206 val_uar=0.8240 lr=3.26e-07
[23:18:35] INFO   ep59: train_loss=0.8700 val_acc=0.8310 val_f1=0.8261 val_uar=0.8310 lr=8.15e-08
[23:18:43] INFO   ep60: train_loss=0.8700 val_acc=0.8240 val_f1=0.8196 val_uar=0.8240 lr=0.00e+00
[23:18:43] INFO [done] resnet50_tv best_val_acc=0.8310 lr_used=0.0001 ckpt=checkpoints\cub200_resnet50_tv_seed1.pt time=9.0min
[23:18:45] INFO   [E1] eval clean + per colorfulness bin
[23:19:00] INFO   [E2] eval perturbasi warna
[23:23:25] INFO   done resnet50_tv seed1
[23:23:25] INFO ==== cub200 / resnet50_tv / seed2 (recipe=adamw gray=False) ====
[23:23:25] INFO [train] cub200/resnet50_tv/seed2 recipe=adamw opt=adamw lr=0.0001 wd=0.05 grayscale=False epochs=60 device=cuda n_train=4994 n_val=1000 bs=64 accum=1
[23:23:47] INFO   ep1: train_loss=5.2009 val_acc=0.1330 val_f1=0.0999 val_uar=0.1330 lr=4.00e-05
[23:23:55] INFO   ep2: train_loss=4.5414 val_acc=0.4110 val_f1=0.3630 val_uar=0.4110 lr=6.00e-05
[23:24:03] INFO   ep3: train_loss=3.5343 val_acc=0.5540 val_f1=0.5131 val_uar=0.5540 lr=8.00e-05
[23:24:11] INFO   ep4: train_loss=2.6190 val_acc=0.6210 val_f1=0.5926 val_uar=0.6210 lr=1.00e-04
[23:24:19] INFO   ep5: train_loss=1.9712 val_acc=0.6950 val_f1=0.6795 val_uar=0.6950 lr=1.00e-04
[23:24:27] INFO   ep6: train_loss=1.5721 val_acc=0.7230 val_f1=0.7110 val_uar=0.7230 lr=9.99e-05
[23:24:35] INFO   ep7: train_loss=1.3352 val_acc=0.7420 val_f1=0.7328 val_uar=0.7420 lr=9.97e-05
[23:24:44] INFO   ep8: train_loss=1.2155 val_acc=0.7480 val_f1=0.7390 val_uar=0.7480 lr=9.93e-05
[23:24:52] INFO   ep9: train_loss=1.1164 val_acc=0.7530 val_f1=0.7431 val_uar=0.7530 lr=9.87e-05
[23:25:00] INFO   ep10: train_loss=1.0599 val_acc=0.7460 val_f1=0.7416 val_uar=0.7460 lr=9.80e-05
[23:25:09] INFO   ep11: train_loss=1.0103 val_acc=0.7780 val_f1=0.7726 val_uar=0.7780 lr=9.71e-05
[23:25:17] INFO   ep12: train_loss=0.9934 val_acc=0.7840 val_f1=0.7781 val_uar=0.7840 lr=9.61e-05
[23:25:26] INFO   ep13: train_loss=0.9731 val_acc=0.7780 val_f1=0.7685 val_uar=0.7780 lr=9.49e-05
[23:25:34] INFO   ep14: train_loss=0.9571 val_acc=0.7940 val_f1=0.7883 val_uar=0.7940 lr=9.35e-05
[23:25:42] INFO   ep15: train_loss=0.9516 val_acc=0.7860 val_f1=0.7814 val_uar=0.7860 lr=9.21e-05
[23:25:51] INFO   ep16: train_loss=0.9514 val_acc=0.7670 val_f1=0.7646 val_uar=0.7670 lr=9.05e-05
[23:25:59] INFO   ep17: train_loss=0.9499 val_acc=0.7760 val_f1=0.7724 val_uar=0.7760 lr=8.87e-05
[23:26:07] INFO   ep18: train_loss=0.9311 val_acc=0.7870 val_f1=0.7823 val_uar=0.7870 lr=8.68e-05
[23:26:15] INFO   ep19: train_loss=0.9217 val_acc=0.7920 val_f1=0.7881 val_uar=0.7920 lr=8.48e-05
[23:26:24] INFO   ep20: train_loss=0.9204 val_acc=0.8000 val_f1=0.7970 val_uar=0.8000 lr=8.27e-05
[23:26:32] INFO   ep21: train_loss=0.9138 val_acc=0.7970 val_f1=0.7938 val_uar=0.7970 lr=8.05e-05
[23:26:41] INFO   ep22: train_loss=0.9161 val_acc=0.7890 val_f1=0.7856 val_uar=0.7890 lr=7.82e-05
[23:26:49] INFO   ep23: train_loss=0.9128 val_acc=0.7930 val_f1=0.7901 val_uar=0.7930 lr=7.58e-05
[23:26:58] INFO   ep24: train_loss=0.9046 val_acc=0.7890 val_f1=0.7841 val_uar=0.7890 lr=7.33e-05
[23:27:06] INFO   ep25: train_loss=0.9030 val_acc=0.7970 val_f1=0.7949 val_uar=0.7970 lr=7.08e-05
[23:27:15] INFO   ep26: train_loss=0.8993 val_acc=0.7970 val_f1=0.7921 val_uar=0.7970 lr=6.81e-05
[23:27:23] INFO   ep27: train_loss=0.9002 val_acc=0.8050 val_f1=0.7991 val_uar=0.8050 lr=6.55e-05
[23:27:32] INFO   ep28: train_loss=0.8943 val_acc=0.8060 val_f1=0.7991 val_uar=0.8060 lr=6.27e-05
[23:27:40] INFO   ep29: train_loss=0.8929 val_acc=0.7930 val_f1=0.7883 val_uar=0.7930 lr=5.99e-05
[23:27:49] INFO   ep30: train_loss=0.8926 val_acc=0.8040 val_f1=0.7980 val_uar=0.8040 lr=5.71e-05
[23:27:57] INFO   ep31: train_loss=0.8889 val_acc=0.8000 val_f1=0.7941 val_uar=0.8000 lr=5.43e-05
[23:28:06] INFO   ep32: train_loss=0.8885 val_acc=0.8070 val_f1=0.7998 val_uar=0.8070 lr=5.14e-05
[23:28:14] INFO   ep33: train_loss=0.8863 val_acc=0.8050 val_f1=0.7989 val_uar=0.8050 lr=4.86e-05
[23:28:22] INFO   ep34: train_loss=0.8855 val_acc=0.8020 val_f1=0.7959 val_uar=0.8020 lr=4.57e-05
[23:28:31] INFO   ep35: train_loss=0.8841 val_acc=0.8090 val_f1=0.8036 val_uar=0.8090 lr=4.29e-05
[23:28:40] INFO   ep36: train_loss=0.8820 val_acc=0.8100 val_f1=0.8043 val_uar=0.8100 lr=4.01e-05
[23:28:48] INFO   ep37: train_loss=0.8796 val_acc=0.8080 val_f1=0.8018 val_uar=0.8080 lr=3.73e-05
[23:28:57] INFO   ep38: train_loss=0.8799 val_acc=0.8150 val_f1=0.8100 val_uar=0.8150 lr=3.45e-05
[23:29:05] INFO   ep39: train_loss=0.8816 val_acc=0.8060 val_f1=0.8001 val_uar=0.8060 lr=3.19e-05
[23:29:13] INFO   ep40: train_loss=0.8776 val_acc=0.8150 val_f1=0.8081 val_uar=0.8150 lr=2.92e-05
[23:29:21] INFO   ep41: train_loss=0.8767 val_acc=0.8090 val_f1=0.8046 val_uar=0.8090 lr=2.67e-05
[23:29:30] INFO   ep42: train_loss=0.8756 val_acc=0.8060 val_f1=0.7999 val_uar=0.8060 lr=2.42e-05
[23:29:38] INFO   ep43: train_loss=0.8748 val_acc=0.8140 val_f1=0.8089 val_uar=0.8140 lr=2.18e-05
[23:29:46] INFO   ep44: train_loss=0.8748 val_acc=0.8220 val_f1=0.8168 val_uar=0.8220 lr=1.95e-05
[23:29:54] INFO   ep45: train_loss=0.8735 val_acc=0.8100 val_f1=0.8042 val_uar=0.8100 lr=1.73e-05
[23:30:03] INFO   ep46: train_loss=0.8734 val_acc=0.8100 val_f1=0.8047 val_uar=0.8100 lr=1.52e-05
[23:30:11] INFO   ep47: train_loss=0.8726 val_acc=0.8150 val_f1=0.8083 val_uar=0.8150 lr=1.32e-05
[23:30:19] INFO   ep48: train_loss=0.8722 val_acc=0.8100 val_f1=0.8047 val_uar=0.8100 lr=1.13e-05
[23:30:27] INFO   ep49: train_loss=0.8719 val_acc=0.8040 val_f1=0.7984 val_uar=0.8040 lr=9.55e-06
[23:30:36] INFO   ep50: train_loss=0.8713 val_acc=0.8080 val_f1=0.8030 val_uar=0.8080 lr=7.94e-06
[23:30:44] INFO   ep51: train_loss=0.8703 val_acc=0.8140 val_f1=0.8079 val_uar=0.8140 lr=6.46e-06
[23:30:53] INFO   ep52: train_loss=0.8703 val_acc=0.8150 val_f1=0.8091 val_uar=0.8150 lr=5.13e-06
[23:31:01] INFO   ep53: train_loss=0.8711 val_acc=0.8120 val_f1=0.8060 val_uar=0.8120 lr=3.94e-06
[23:31:10] INFO   ep54: train_loss=0.8698 val_acc=0.8200 val_f1=0.8140 val_uar=0.8200 lr=2.91e-06
[23:31:18] INFO   ep55: train_loss=0.8696 val_acc=0.8120 val_f1=0.8061 val_uar=0.8120 lr=2.03e-06
[23:31:27] INFO   ep56: train_loss=0.8693 val_acc=0.8140 val_f1=0.8086 val_uar=0.8140 lr=1.30e-06
[23:31:35] INFO   ep57: train_loss=0.8690 val_acc=0.8100 val_f1=0.8041 val_uar=0.8100 lr=7.32e-07
[23:31:43] INFO   ep58: train_loss=0.8700 val_acc=0.8130 val_f1=0.8069 val_uar=0.8130 lr=3.26e-07
[23:31:52] INFO   ep59: train_loss=0.8710 val_acc=0.8110 val_f1=0.8045 val_uar=0.8110 lr=8.15e-08
[23:32:00] INFO   ep60: train_loss=0.8689 val_acc=0.8120 val_f1=0.8073 val_uar=0.8120 lr=0.00e+00
[23:32:00] INFO [done] resnet50_tv best_val_acc=0.8220 lr_used=0.0001 ckpt=checkpoints\cub200_resnet50_tv_seed2.pt time=8.6min
[23:32:02] INFO   [E1] eval clean + per colorfulness bin
[23:32:18] INFO   [E2] eval perturbasi warna
[23:36:43] INFO   done resnet50_tv seed2
[23:36:43] INFO ==== cub200 / resnet50_tv / seed3 (recipe=adamw gray=False) ====
[23:36:44] INFO [train] cub200/resnet50_tv/seed3 recipe=adamw opt=adamw lr=0.0001 wd=0.05 grayscale=False epochs=60 device=cuda n_train=4994 n_val=1000 bs=64 accum=1
[23:37:06] INFO   ep1: train_loss=5.2100 val_acc=0.1230 val_f1=0.0914 val_uar=0.1230 lr=4.00e-05
[23:37:14] INFO   ep2: train_loss=4.5431 val_acc=0.3990 val_f1=0.3433 val_uar=0.3990 lr=6.00e-05
[23:37:22] INFO   ep3: train_loss=3.5282 val_acc=0.5490 val_f1=0.5098 val_uar=0.5490 lr=8.00e-05
[23:37:31] INFO   ep4: train_loss=2.6180 val_acc=0.6350 val_f1=0.6028 val_uar=0.6350 lr=1.00e-04
[23:37:39] INFO   ep5: train_loss=1.9735 val_acc=0.6980 val_f1=0.6821 val_uar=0.6980 lr=1.00e-04
[23:37:47] INFO   ep6: train_loss=1.5747 val_acc=0.7100 val_f1=0.6977 val_uar=0.7100 lr=9.99e-05
[23:37:55] INFO   ep7: train_loss=1.3576 val_acc=0.7240 val_f1=0.7117 val_uar=0.7240 lr=9.97e-05
[23:38:04] INFO   ep8: train_loss=1.2065 val_acc=0.7730 val_f1=0.7677 val_uar=0.7730 lr=9.93e-05
[23:38:12] INFO   ep9: train_loss=1.1167 val_acc=0.7620 val_f1=0.7576 val_uar=0.7620 lr=9.87e-05
[23:38:20] INFO   ep10: train_loss=1.0645 val_acc=0.7540 val_f1=0.7514 val_uar=0.7540 lr=9.80e-05
[23:38:29] INFO   ep11: train_loss=1.0214 val_acc=0.7770 val_f1=0.7728 val_uar=0.7770 lr=9.71e-05
[23:38:37] INFO   ep12: train_loss=0.9870 val_acc=0.7820 val_f1=0.7775 val_uar=0.7820 lr=9.61e-05
[23:38:45] INFO   ep13: train_loss=0.9655 val_acc=0.7730 val_f1=0.7677 val_uar=0.7730 lr=9.49e-05
[23:38:54] INFO   ep14: train_loss=0.9553 val_acc=0.7830 val_f1=0.7784 val_uar=0.7830 lr=9.35e-05
[23:39:02] INFO   ep15: train_loss=0.9473 val_acc=0.7860 val_f1=0.7829 val_uar=0.7860 lr=9.21e-05
[23:39:10] INFO   ep16: train_loss=0.9416 val_acc=0.7850 val_f1=0.7802 val_uar=0.7850 lr=9.05e-05
[23:39:19] INFO   ep17: train_loss=0.9366 val_acc=0.7830 val_f1=0.7782 val_uar=0.7830 lr=8.87e-05
[23:39:27] INFO   ep18: train_loss=0.9302 val_acc=0.8030 val_f1=0.8003 val_uar=0.8030 lr=8.68e-05
[23:39:35] INFO   ep19: train_loss=0.9278 val_acc=0.7890 val_f1=0.7851 val_uar=0.7890 lr=8.48e-05
[23:39:43] INFO   ep20: train_loss=0.9279 val_acc=0.7790 val_f1=0.7741 val_uar=0.7790 lr=8.27e-05
[23:39:52] INFO   ep21: train_loss=0.9191 val_acc=0.7970 val_f1=0.7950 val_uar=0.7970 lr=8.05e-05
[23:40:00] INFO   ep22: train_loss=0.9133 val_acc=0.7940 val_f1=0.7910 val_uar=0.7940 lr=7.82e-05
[23:40:09] INFO   ep23: train_loss=0.9100 val_acc=0.7920 val_f1=0.7843 val_uar=0.7920 lr=7.58e-05
[23:40:17] INFO   ep24: train_loss=0.9064 val_acc=0.8010 val_f1=0.7961 val_uar=0.8010 lr=7.33e-05
[23:40:25] INFO   ep25: train_loss=0.9042 val_acc=0.8000 val_f1=0.7981 val_uar=0.8000 lr=7.08e-05
[23:40:34] INFO   ep26: train_loss=0.9007 val_acc=0.8030 val_f1=0.7987 val_uar=0.8030 lr=6.81e-05
[23:40:42] INFO   ep27: train_loss=0.8986 val_acc=0.7920 val_f1=0.7884 val_uar=0.7920 lr=6.55e-05
[23:40:51] INFO   ep28: train_loss=0.8979 val_acc=0.8080 val_f1=0.8055 val_uar=0.8080 lr=6.27e-05
[23:41:00] INFO   ep29: train_loss=0.8949 val_acc=0.8130 val_f1=0.8106 val_uar=0.8130 lr=5.99e-05
[23:41:09] INFO   ep30: train_loss=0.8900 val_acc=0.8120 val_f1=0.8091 val_uar=0.8120 lr=5.71e-05
[23:41:17] INFO   ep31: train_loss=0.8882 val_acc=0.8100 val_f1=0.8044 val_uar=0.8100 lr=5.43e-05
[23:41:26] INFO   ep32: train_loss=0.8897 val_acc=0.8110 val_f1=0.8067 val_uar=0.8110 lr=5.14e-05
[23:41:34] INFO   ep33: train_loss=0.8892 val_acc=0.8070 val_f1=0.8012 val_uar=0.8070 lr=4.86e-05
[23:41:43] INFO   ep34: train_loss=0.8862 val_acc=0.8160 val_f1=0.8122 val_uar=0.8160 lr=4.57e-05
[23:41:51] INFO   ep35: train_loss=0.8855 val_acc=0.8060 val_f1=0.8041 val_uar=0.8060 lr=4.29e-05
[23:42:00] INFO   ep36: train_loss=0.8819 val_acc=0.8190 val_f1=0.8165 val_uar=0.8190 lr=4.01e-05
[23:42:08] INFO   ep37: train_loss=0.8822 val_acc=0.8190 val_f1=0.8171 val_uar=0.8190 lr=3.73e-05
[23:42:17] INFO   ep38: train_loss=0.8796 val_acc=0.8180 val_f1=0.8141 val_uar=0.8180 lr=3.45e-05
[23:42:26] INFO   ep39: train_loss=0.8792 val_acc=0.8100 val_f1=0.8080 val_uar=0.8100 lr=3.19e-05
[23:42:34] INFO   ep40: train_loss=0.8790 val_acc=0.8200 val_f1=0.8186 val_uar=0.8200 lr=2.92e-05
[23:42:42] INFO   ep41: train_loss=0.8769 val_acc=0.8170 val_f1=0.8136 val_uar=0.8170 lr=2.67e-05
[23:42:51] INFO   ep42: train_loss=0.8753 val_acc=0.8140 val_f1=0.8109 val_uar=0.8140 lr=2.42e-05
[23:42:59] INFO   ep43: train_loss=0.8762 val_acc=0.8270 val_f1=0.8248 val_uar=0.8270 lr=2.18e-05
[23:43:07] INFO   ep44: train_loss=0.8744 val_acc=0.8240 val_f1=0.8218 val_uar=0.8240 lr=1.95e-05
[23:43:16] INFO   ep45: train_loss=0.8744 val_acc=0.8190 val_f1=0.8169 val_uar=0.8190 lr=1.73e-05
[23:43:24] INFO   ep46: train_loss=0.8739 val_acc=0.8180 val_f1=0.8155 val_uar=0.8180 lr=1.52e-05
[23:43:32] INFO   ep47: train_loss=0.8734 val_acc=0.8160 val_f1=0.8120 val_uar=0.8160 lr=1.32e-05
[23:43:40] INFO   ep48: train_loss=0.8727 val_acc=0.8190 val_f1=0.8162 val_uar=0.8190 lr=1.13e-05
[23:43:49] INFO   ep49: train_loss=0.8715 val_acc=0.8220 val_f1=0.8188 val_uar=0.8220 lr=9.55e-06
[23:43:57] INFO   ep50: train_loss=0.8713 val_acc=0.8230 val_f1=0.8209 val_uar=0.8230 lr=7.94e-06
[23:44:06] INFO   ep51: train_loss=0.8712 val_acc=0.8210 val_f1=0.8179 val_uar=0.8210 lr=6.46e-06
[23:44:14] INFO   ep52: train_loss=0.8713 val_acc=0.8200 val_f1=0.8167 val_uar=0.8200 lr=5.13e-06
[23:44:23] INFO   ep53: train_loss=0.8700 val_acc=0.8190 val_f1=0.8156 val_uar=0.8190 lr=3.94e-06
[23:44:31] INFO   ep54: train_loss=0.8694 val_acc=0.8260 val_f1=0.8232 val_uar=0.8260 lr=2.91e-06
[23:44:40] INFO   ep55: train_loss=0.8701 val_acc=0.8250 val_f1=0.8224 val_uar=0.8250 lr=2.03e-06
[23:44:49] INFO   ep56: train_loss=0.8700 val_acc=0.8220 val_f1=0.8185 val_uar=0.8220 lr=1.30e-06
[23:44:57] INFO   ep57: train_loss=0.8703 val_acc=0.8230 val_f1=0.8199 val_uar=0.8230 lr=7.32e-07
[23:45:06] INFO   ep58: train_loss=0.8712 val_acc=0.8210 val_f1=0.8183 val_uar=0.8210 lr=3.26e-07
[23:45:15] INFO   ep59: train_loss=0.8700 val_acc=0.8210 val_f1=0.8178 val_uar=0.8210 lr=8.15e-08
[23:45:23] INFO   ep60: train_loss=0.8691 val_acc=0.8220 val_f1=0.8185 val_uar=0.8220 lr=0.00e+00
[23:45:23] INFO [done] resnet50_tv best_val_acc=0.8270 lr_used=0.0001 ckpt=checkpoints\cub200_resnet50_tv_seed3.pt time=8.7min
[23:45:25] INFO   [E1] eval clean + per colorfulness bin
[23:45:41] INFO   [E2] eval perturbasi warna
[23:50:02] INFO   done resnet50_tv seed3
[23:50:02] INFO ==== cub200 / resnet50_tv / seed4 (recipe=adamw gray=False) ====
[23:50:02] INFO [train] cub200/resnet50_tv/seed4 recipe=adamw opt=adamw lr=0.0001 wd=0.05 grayscale=False epochs=60 device=cuda n_train=4994 n_val=1000 bs=64 accum=1
[23:50:25] INFO   ep1: train_loss=5.1971 val_acc=0.1330 val_f1=0.1078 val_uar=0.1330 lr=4.00e-05
[23:50:33] INFO   ep2: train_loss=4.5442 val_acc=0.3900 val_f1=0.3435 val_uar=0.3900 lr=6.00e-05
[23:50:42] INFO   ep3: train_loss=3.5402 val_acc=0.5470 val_f1=0.5005 val_uar=0.5470 lr=8.00e-05
[23:50:50] INFO   ep4: train_loss=2.6119 val_acc=0.6370 val_f1=0.6123 val_uar=0.6370 lr=1.00e-04
[23:50:58] INFO   ep5: train_loss=1.9521 val_acc=0.6970 val_f1=0.6806 val_uar=0.6970 lr=1.00e-04
[23:51:07] INFO   ep6: train_loss=1.5695 val_acc=0.7410 val_f1=0.7373 val_uar=0.7410 lr=9.99e-05
[23:51:15] INFO   ep7: train_loss=1.3319 val_acc=0.7350 val_f1=0.7312 val_uar=0.7350 lr=9.97e-05
[23:51:23] INFO   ep8: train_loss=1.2004 val_acc=0.7490 val_f1=0.7410 val_uar=0.7490 lr=9.93e-05
[23:51:32] INFO   ep9: train_loss=1.1123 val_acc=0.7630 val_f1=0.7568 val_uar=0.7630 lr=9.87e-05
[23:51:40] INFO   ep10: train_loss=1.0571 val_acc=0.7650 val_f1=0.7592 val_uar=0.7650 lr=9.80e-05
[23:51:48] INFO   ep11: train_loss=1.0204 val_acc=0.7700 val_f1=0.7660 val_uar=0.7700 lr=9.71e-05
[23:51:57] INFO   ep12: train_loss=0.9922 val_acc=0.7720 val_f1=0.7696 val_uar=0.7720 lr=9.61e-05
[23:52:05] INFO   ep13: train_loss=0.9681 val_acc=0.7820 val_f1=0.7776 val_uar=0.7820 lr=9.49e-05
[23:52:14] INFO   ep14: train_loss=0.9522 val_acc=0.7840 val_f1=0.7801 val_uar=0.7840 lr=9.35e-05
[23:52:22] INFO   ep15: train_loss=0.9495 val_acc=0.7830 val_f1=0.7748 val_uar=0.7830 lr=9.21e-05
[23:52:30] INFO   ep16: train_loss=0.9405 val_acc=0.7870 val_f1=0.7810 val_uar=0.7870 lr=9.05e-05
[23:52:39] INFO   ep17: train_loss=0.9314 val_acc=0.7800 val_f1=0.7745 val_uar=0.7800 lr=8.87e-05
[23:52:47] INFO   ep18: train_loss=0.9280 val_acc=0.8010 val_f1=0.7999 val_uar=0.8010 lr=8.68e-05
[23:52:56] INFO   ep19: train_loss=0.9240 val_acc=0.7840 val_f1=0.7790 val_uar=0.7840 lr=8.48e-05
[23:53:04] INFO   ep20: train_loss=0.9190 val_acc=0.7910 val_f1=0.7871 val_uar=0.7910 lr=8.27e-05
[23:53:13] INFO   ep21: train_loss=0.9228 val_acc=0.7850 val_f1=0.7763 val_uar=0.7850 lr=8.05e-05
[23:53:21] INFO   ep22: train_loss=0.9174 val_acc=0.7960 val_f1=0.7906 val_uar=0.7960 lr=7.82e-05
[23:53:30] INFO   ep23: train_loss=0.9143 val_acc=0.7870 val_f1=0.7811 val_uar=0.7870 lr=7.58e-05
[23:53:38] INFO   ep24: train_loss=0.9102 val_acc=0.7890 val_f1=0.7838 val_uar=0.7890 lr=7.33e-05
[23:53:47] INFO   ep25: train_loss=0.9065 val_acc=0.7870 val_f1=0.7824 val_uar=0.7870 lr=7.08e-05
[23:53:55] INFO   ep26: train_loss=0.9054 val_acc=0.8130 val_f1=0.8111 val_uar=0.8130 lr=6.81e-05
[23:54:04] INFO   ep27: train_loss=0.8989 val_acc=0.8130 val_f1=0.8089 val_uar=0.8130 lr=6.55e-05
[23:54:13] INFO   ep28: train_loss=0.9041 val_acc=0.8110 val_f1=0.8087 val_uar=0.8110 lr=6.27e-05
[23:54:21] INFO   ep29: train_loss=0.8970 val_acc=0.7990 val_f1=0.7921 val_uar=0.7990 lr=5.99e-05
[23:54:30] INFO   ep30: train_loss=0.8936 val_acc=0.8010 val_f1=0.7983 val_uar=0.8010 lr=5.71e-05
[23:54:38] INFO   ep31: train_loss=0.8926 val_acc=0.8040 val_f1=0.8006 val_uar=0.8040 lr=5.43e-05
[23:54:47] INFO   ep32: train_loss=0.8883 val_acc=0.8040 val_f1=0.8004 val_uar=0.8040 lr=5.14e-05
[23:54:55] INFO   ep33: train_loss=0.8858 val_acc=0.8110 val_f1=0.8079 val_uar=0.8110 lr=4.86e-05
[23:55:04] INFO   ep34: train_loss=0.8849 val_acc=0.8060 val_f1=0.8020 val_uar=0.8060 lr=4.57e-05
[23:55:12] INFO   ep35: train_loss=0.8839 val_acc=0.8050 val_f1=0.8019 val_uar=0.8050 lr=4.29e-05
[23:55:21] INFO   ep36: train_loss=0.8815 val_acc=0.8040 val_f1=0.8007 val_uar=0.8040 lr=4.01e-05
[23:55:29] INFO   ep37: train_loss=0.8810 val_acc=0.8090 val_f1=0.8054 val_uar=0.8090 lr=3.73e-05
[23:55:38] INFO   ep38: train_loss=0.8796 val_acc=0.8110 val_f1=0.8064 val_uar=0.8110 lr=3.45e-05
[23:55:46] INFO   ep39: train_loss=0.8799 val_acc=0.8060 val_f1=0.8022 val_uar=0.8060 lr=3.19e-05
[23:55:55] INFO   ep40: train_loss=0.8783 val_acc=0.8070 val_f1=0.8024 val_uar=0.8070 lr=2.92e-05
[23:56:03] INFO   ep41: train_loss=0.8764 val_acc=0.8110 val_f1=0.8063 val_uar=0.8110 lr=2.67e-05
[23:56:12] INFO   ep42: train_loss=0.8774 val_acc=0.8040 val_f1=0.8000 val_uar=0.8040 lr=2.42e-05
[23:56:21] INFO   ep43: train_loss=0.8747 val_acc=0.8150 val_f1=0.8113 val_uar=0.8150 lr=2.18e-05
[23:56:30] INFO   ep44: train_loss=0.8746 val_acc=0.8240 val_f1=0.8211 val_uar=0.8240 lr=1.95e-05
[23:56:38] INFO   ep45: train_loss=0.8744 val_acc=0.8200 val_f1=0.8162 val_uar=0.8200 lr=1.73e-05
[23:56:47] INFO   ep46: train_loss=0.8738 val_acc=0.8260 val_f1=0.8243 val_uar=0.8260 lr=1.52e-05
[23:56:55] INFO   ep47: train_loss=0.8727 val_acc=0.8190 val_f1=0.8168 val_uar=0.8190 lr=1.32e-05
[23:57:04] INFO   ep48: train_loss=0.8732 val_acc=0.8220 val_f1=0.8197 val_uar=0.8220 lr=1.13e-05
[23:57:13] INFO   ep49: train_loss=0.8722 val_acc=0.8170 val_f1=0.8151 val_uar=0.8170 lr=9.55e-06
[23:57:21] INFO   ep50: train_loss=0.8713 val_acc=0.8190 val_f1=0.8166 val_uar=0.8190 lr=7.94e-06
[23:57:30] INFO   ep51: train_loss=0.8709 val_acc=0.8150 val_f1=0.8136 val_uar=0.8150 lr=6.46e-06
[23:57:38] INFO   ep52: train_loss=0.8703 val_acc=0.8160 val_f1=0.8147 val_uar=0.8160 lr=5.13e-06
[23:57:47] INFO   ep53: train_loss=0.8696 val_acc=0.8190 val_f1=0.8168 val_uar=0.8190 lr=3.94e-06
[23:57:56] INFO   ep54: train_loss=0.8712 val_acc=0.8170 val_f1=0.8139 val_uar=0.8170 lr=2.91e-06
[23:58:04] INFO   ep55: train_loss=0.8704 val_acc=0.8150 val_f1=0.8112 val_uar=0.8150 lr=2.03e-06
[23:58:13] INFO   ep56: train_loss=0.8712 val_acc=0.8190 val_f1=0.8157 val_uar=0.8190 lr=1.30e-06
[23:58:22] INFO   ep57: train_loss=0.8703 val_acc=0.8160 val_f1=0.8134 val_uar=0.8160 lr=7.32e-07
[23:58:31] INFO   ep58: train_loss=0.8702 val_acc=0.8180 val_f1=0.8148 val_uar=0.8180 lr=3.26e-07
[23:58:39] INFO   ep59: train_loss=0.8694 val_acc=0.8190 val_f1=0.8148 val_uar=0.8190 lr=8.15e-08
[23:58:48] INFO   ep60: train_loss=0.8693 val_acc=0.8180 val_f1=0.8149 val_uar=0.8180 lr=0.00e+00
[23:58:48] INFO [done] resnet50_tv best_val_acc=0.8260 lr_used=0.0001 ckpt=checkpoints\cub200_resnet50_tv_seed4.pt time=8.8min
[23:58:49] INFO   [E1] eval clean + per colorfulness bin
[23:59:06] INFO   [E2] eval perturbasi warna
[00:03:23] INFO   done resnet50_tv seed4
[00:03:23] INFO ALL DONE
[09:08:44] INFO dataset=cub200 models=['resnet50'] seeds=[0, 1, 2, 3, 4] epochs=None recipe=adamw
[09:08:44] INFO ==== cub200 / resnet50 / seed0 (recipe=adamw gray=False) ====
[09:08:45] INFO [train] cub200/resnet50/seed0 recipe=adamw opt=adamw lr=0.0001 wd=0.05 grayscale=False epochs=60 device=cuda n_train=4994 n_val=1000 bs=64 accum=1
