[14:10:14] INFO dataset=cub200 models=['resnet50'] seeds=[0, 1, 2, 3, 4] epochs=None recipe=adamw
[14:10:14] INFO ==== cub200 / resnet50_gray / seed0 (recipe=adamw gray=True) ====
[14:10:16] INFO [train] cub200/resnet50_gray/seed0 recipe=adamw opt=adamw lr=0.0001 wd=0.05 grayscale=True epochs=60 device=cuda n_train=4994 n_val=1000 bs=64 accum=1
[14:10:53] INFO   ep1: train_loss=5.2943 val_acc=0.0110 val_f1=0.0041 val_uar=0.0110 lr=4.00e-05
[14:11:01] INFO   ep2: train_loss=5.2720 val_acc=0.0200 val_f1=0.0134 val_uar=0.0200 lr=6.00e-05
[14:11:09] INFO   ep3: train_loss=5.2119 val_acc=0.0900 val_f1=0.0660 val_uar=0.0900 lr=8.00e-05
[14:11:18] INFO   ep4: train_loss=5.0323 val_acc=0.1780 val_f1=0.1454 val_uar=0.1780 lr=1.00e-04
[14:11:26] INFO   ep5: train_loss=4.5574 val_acc=0.2580 val_f1=0.2144 val_uar=0.2580 lr=1.00e-04
[14:11:34] INFO   ep6: train_loss=3.9416 val_acc=0.3040 val_f1=0.2521 val_uar=0.3040 lr=9.99e-05
[14:11:43] INFO   ep7: train_loss=3.4534 val_acc=0.4120 val_f1=0.3767 val_uar=0.4120 lr=9.97e-05
[14:11:51] INFO   ep8: train_loss=3.0885 val_acc=0.4600 val_f1=0.4300 val_uar=0.4600 lr=9.93e-05
[14:11:59] INFO   ep9: train_loss=2.7857 val_acc=0.5030 val_f1=0.4773 val_uar=0.5030 lr=9.87e-05
[14:12:07] INFO   ep10: train_loss=2.5411 val_acc=0.5290 val_f1=0.4964 val_uar=0.5290 lr=9.80e-05
[14:12:16] INFO   ep11: train_loss=2.3417 val_acc=0.5580 val_f1=0.5341 val_uar=0.5580 lr=9.71e-05
[14:12:24] INFO   ep12: train_loss=2.1745 val_acc=0.5810 val_f1=0.5562 val_uar=0.5810 lr=9.61e-05
[14:12:32] INFO   ep13: train_loss=2.0404 val_acc=0.6040 val_f1=0.5836 val_uar=0.6040 lr=9.49e-05
[14:12:41] INFO   ep14: train_loss=1.9227 val_acc=0.6170 val_f1=0.6004 val_uar=0.6170 lr=9.35e-05
[14:12:49] INFO   ep15: train_loss=1.8286 val_acc=0.6220 val_f1=0.6075 val_uar=0.6220 lr=9.21e-05
[14:12:58] INFO   ep16: train_loss=1.7284 val_acc=0.6300 val_f1=0.6137 val_uar=0.6300 lr=9.05e-05
[14:13:06] INFO   ep17: train_loss=1.6703 val_acc=0.6520 val_f1=0.6371 val_uar=0.6520 lr=8.87e-05
[14:13:14] INFO   ep18: train_loss=1.5996 val_acc=0.6410 val_f1=0.6284 val_uar=0.6410 lr=8.68e-05
[14:13:22] INFO   ep19: train_loss=1.5435 val_acc=0.6610 val_f1=0.6488 val_uar=0.6610 lr=8.48e-05
[14:13:31] INFO   ep20: train_loss=1.4878 val_acc=0.6530 val_f1=0.6385 val_uar=0.6530 lr=8.27e-05
[14:13:39] INFO   ep21: train_loss=1.4469 val_acc=0.6490 val_f1=0.6377 val_uar=0.6490 lr=8.05e-05
[14:13:48] INFO   ep22: train_loss=1.4068 val_acc=0.6540 val_f1=0.6425 val_uar=0.6540 lr=7.82e-05
[14:13:56] INFO   ep23: train_loss=1.3763 val_acc=0.6640 val_f1=0.6529 val_uar=0.6640 lr=7.58e-05
[14:14:05] INFO   ep24: train_loss=1.3396 val_acc=0.6650 val_f1=0.6529 val_uar=0.6650 lr=7.33e-05
[14:14:13] INFO   ep25: train_loss=1.3043 val_acc=0.6640 val_f1=0.6523 val_uar=0.6640 lr=7.08e-05
[14:14:21] INFO   ep26: train_loss=1.2791 val_acc=0.6650 val_f1=0.6526 val_uar=0.6650 lr=6.81e-05
[14:14:30] INFO   ep27: train_loss=1.2562 val_acc=0.6700 val_f1=0.6602 val_uar=0.6700 lr=6.55e-05
[14:14:39] INFO   ep28: train_loss=1.2412 val_acc=0.6680 val_f1=0.6585 val_uar=0.6680 lr=6.27e-05
[14:14:48] INFO   ep29: train_loss=1.2110 val_acc=0.6740 val_f1=0.6641 val_uar=0.6740 lr=5.99e-05
[14:14:57] INFO   ep30: train_loss=1.2010 val_acc=0.6730 val_f1=0.6631 val_uar=0.6730 lr=5.71e-05
[14:15:05] INFO   ep31: train_loss=1.1900 val_acc=0.6770 val_f1=0.6668 val_uar=0.6770 lr=5.43e-05
[14:15:13] INFO   ep32: train_loss=1.1710 val_acc=0.6710 val_f1=0.6607 val_uar=0.6710 lr=5.14e-05
[14:15:23] INFO   ep33: train_loss=1.1550 val_acc=0.6690 val_f1=0.6580 val_uar=0.6690 lr=4.86e-05
[14:15:31] INFO   ep34: train_loss=1.1479 val_acc=0.6750 val_f1=0.6647 val_uar=0.6750 lr=4.57e-05
[14:15:39] INFO   ep35: train_loss=1.1330 val_acc=0.6770 val_f1=0.6656 val_uar=0.6770 lr=4.29e-05
[14:15:47] INFO   ep36: train_loss=1.1237 val_acc=0.6760 val_f1=0.6671 val_uar=0.6760 lr=4.01e-05
[14:15:55] INFO   ep37: train_loss=1.1120 val_acc=0.6700 val_f1=0.6622 val_uar=0.6700 lr=3.73e-05
[14:16:04] INFO   ep38: train_loss=1.1138 val_acc=0.6740 val_f1=0.6658 val_uar=0.6740 lr=3.45e-05
[14:16:12] INFO   ep39: train_loss=1.0994 val_acc=0.6820 val_f1=0.6745 val_uar=0.6820 lr=3.19e-05
[14:16:20] INFO   ep40: train_loss=1.0953 val_acc=0.6760 val_f1=0.6667 val_uar=0.6760 lr=2.92e-05
[14:16:28] INFO   ep41: train_loss=1.0853 val_acc=0.6700 val_f1=0.6588 val_uar=0.6700 lr=2.67e-05
[14:16:36] INFO   ep42: train_loss=1.0878 val_acc=0.6670 val_f1=0.6572 val_uar=0.6670 lr=2.42e-05
[14:16:44] INFO   ep43: train_loss=1.0790 val_acc=0.6660 val_f1=0.6548 val_uar=0.6660 lr=2.18e-05
[14:16:52] INFO   ep44: train_loss=1.0707 val_acc=0.6730 val_f1=0.6641 val_uar=0.6730 lr=1.95e-05
[14:17:00] INFO   ep45: train_loss=1.0730 val_acc=0.6730 val_f1=0.6631 val_uar=0.6730 lr=1.73e-05
[14:17:09] INFO   ep46: train_loss=1.0711 val_acc=0.6730 val_f1=0.6638 val_uar=0.6730 lr=1.52e-05
[14:17:17] INFO   ep47: train_loss=1.0616 val_acc=0.6760 val_f1=0.6693 val_uar=0.6760 lr=1.32e-05
[14:17:25] INFO   ep48: train_loss=1.0637 val_acc=0.6700 val_f1=0.6622 val_uar=0.6700 lr=1.13e-05
[14:17:33] INFO   ep49: train_loss=1.0601 val_acc=0.6660 val_f1=0.6553 val_uar=0.6660 lr=9.55e-06
[14:17:42] INFO   ep50: train_loss=1.0593 val_acc=0.6660 val_f1=0.6570 val_uar=0.6660 lr=7.94e-06
[14:17:50] INFO   ep51: train_loss=1.0558 val_acc=0.6720 val_f1=0.6619 val_uar=0.6720 lr=6.46e-06
[14:17:58] INFO   ep52: train_loss=1.0533 val_acc=0.6700 val_f1=0.6613 val_uar=0.6700 lr=5.13e-06
[14:18:07] INFO   ep53: train_loss=1.0559 val_acc=0.6680 val_f1=0.6608 val_uar=0.6680 lr=3.94e-06
[14:18:15] INFO   ep54: train_loss=1.0528 val_acc=0.6750 val_f1=0.6665 val_uar=0.6750 lr=2.91e-06
[14:18:23] INFO   ep55: train_loss=1.0535 val_acc=0.6710 val_f1=0.6622 val_uar=0.6710 lr=2.03e-06
[14:18:31] INFO   ep56: train_loss=1.0499 val_acc=0.6660 val_f1=0.6562 val_uar=0.6660 lr=1.30e-06
[14:18:40] INFO   ep57: train_loss=1.0550 val_acc=0.6720 val_f1=0.6633 val_uar=0.6720 lr=7.32e-07
[14:18:48] INFO   ep58: train_loss=1.0507 val_acc=0.6670 val_f1=0.6581 val_uar=0.6670 lr=3.26e-07
[14:18:56] INFO   ep59: train_loss=1.0558 val_acc=0.6670 val_f1=0.6567 val_uar=0.6670 lr=8.15e-08
[14:19:04] INFO   ep60: train_loss=1.0490 val_acc=0.6740 val_f1=0.6638 val_uar=0.6740 lr=0.00e+00
[14:19:04] INFO [done] resnet50_gray best_val_acc=0.6820 lr_used=0.0001 ckpt=checkpoints\cub200_resnet50_gray_seed0.pt time=8.8min
[14:19:06] INFO   [E1] eval clean + per colorfulness bin
[14:19:35] INFO   [E2] eval perturbasi warna
[14:23:38] INFO   done resnet50_gray seed0
[14:23:38] INFO ==== cub200 / resnet50_gray / seed1 (recipe=adamw gray=True) ====
[14:23:38] INFO [train] cub200/resnet50_gray/seed1 recipe=adamw opt=adamw lr=0.0001 wd=0.05 grayscale=True epochs=60 device=cuda n_train=4994 n_val=1000 bs=64 accum=1
[14:24:00] INFO   ep1: train_loss=5.2982 val_acc=0.0040 val_f1=0.0024 val_uar=0.0040 lr=4.00e-05
[14:24:08] INFO   ep2: train_loss=5.2783 val_acc=0.0180 val_f1=0.0126 val_uar=0.0180 lr=6.00e-05
[14:24:16] INFO   ep3: train_loss=5.2260 val_acc=0.0730 val_f1=0.0611 val_uar=0.0730 lr=8.00e-05
[14:24:23] INFO   ep4: train_loss=5.0745 val_acc=0.1600 val_f1=0.1322 val_uar=0.1600 lr=1.00e-04
[14:24:31] INFO   ep5: train_loss=4.6325 val_acc=0.2500 val_f1=0.2144 val_uar=0.2500 lr=1.00e-04
[14:24:40] INFO   ep6: train_loss=3.9783 val_acc=0.3380 val_f1=0.2946 val_uar=0.3380 lr=9.99e-05
[14:24:48] INFO   ep7: train_loss=3.4562 val_acc=0.3920 val_f1=0.3554 val_uar=0.3920 lr=9.97e-05
[14:24:56] INFO   ep8: train_loss=3.0749 val_acc=0.4390 val_f1=0.4079 val_uar=0.4390 lr=9.93e-05
[14:25:04] INFO   ep9: train_loss=2.7729 val_acc=0.5030 val_f1=0.4761 val_uar=0.5030 lr=9.87e-05
[14:25:12] INFO   ep10: train_loss=2.5375 val_acc=0.5140 val_f1=0.4919 val_uar=0.5140 lr=9.80e-05
[14:25:20] INFO   ep11: train_loss=2.3410 val_acc=0.5600 val_f1=0.5414 val_uar=0.5600 lr=9.71e-05
[14:25:28] INFO   ep12: train_loss=2.1698 val_acc=0.5780 val_f1=0.5597 val_uar=0.5780 lr=9.61e-05
[14:25:36] INFO   ep13: train_loss=2.0388 val_acc=0.5910 val_f1=0.5763 val_uar=0.5910 lr=9.49e-05
[14:25:44] INFO   ep14: train_loss=1.9125 val_acc=0.6080 val_f1=0.5967 val_uar=0.6080 lr=9.35e-05
[14:25:52] INFO   ep15: train_loss=1.8312 val_acc=0.6110 val_f1=0.5963 val_uar=0.6110 lr=9.21e-05
[14:26:00] INFO   ep16: train_loss=1.7347 val_acc=0.6280 val_f1=0.6154 val_uar=0.6280 lr=9.05e-05
[14:26:08] INFO   ep17: train_loss=1.6647 val_acc=0.6330 val_f1=0.6192 val_uar=0.6330 lr=8.87e-05
[14:26:16] INFO   ep18: train_loss=1.5980 val_acc=0.6280 val_f1=0.6166 val_uar=0.6280 lr=8.68e-05
[14:26:24] INFO   ep19: train_loss=1.5395 val_acc=0.6440 val_f1=0.6301 val_uar=0.6440 lr=8.48e-05
[14:26:32] INFO   ep20: train_loss=1.4783 val_acc=0.6430 val_f1=0.6318 val_uar=0.6430 lr=8.27e-05
[14:26:40] INFO   ep21: train_loss=1.4396 val_acc=0.6590 val_f1=0.6468 val_uar=0.6590 lr=8.05e-05
[14:26:48] INFO   ep22: train_loss=1.4063 val_acc=0.6560 val_f1=0.6441 val_uar=0.6560 lr=7.82e-05
[14:26:57] INFO   ep23: train_loss=1.3667 val_acc=0.6480 val_f1=0.6412 val_uar=0.6480 lr=7.58e-05
[14:27:05] INFO   ep24: train_loss=1.3354 val_acc=0.6390 val_f1=0.6288 val_uar=0.6390 lr=7.33e-05
[14:27:13] INFO   ep25: train_loss=1.3005 val_acc=0.6510 val_f1=0.6416 val_uar=0.6510 lr=7.08e-05
[14:27:21] INFO   ep26: train_loss=1.2763 val_acc=0.6510 val_f1=0.6399 val_uar=0.6510 lr=6.81e-05
[14:27:29] INFO   ep27: train_loss=1.2507 val_acc=0.6480 val_f1=0.6382 val_uar=0.6480 lr=6.55e-05
[14:27:37] INFO   ep28: train_loss=1.2298 val_acc=0.6580 val_f1=0.6474 val_uar=0.6580 lr=6.27e-05
[14:27:45] INFO   ep29: train_loss=1.2091 val_acc=0.6650 val_f1=0.6557 val_uar=0.6650 lr=5.99e-05
[14:27:53] INFO   ep30: train_loss=1.1869 val_acc=0.6620 val_f1=0.6530 val_uar=0.6620 lr=5.71e-05
[14:28:01] INFO   ep31: train_loss=1.1777 val_acc=0.6590 val_f1=0.6480 val_uar=0.6590 lr=5.43e-05
[14:28:09] INFO   ep32: train_loss=1.1655 val_acc=0.6680 val_f1=0.6608 val_uar=0.6680 lr=5.14e-05
[14:28:18] INFO   ep33: train_loss=1.1518 val_acc=0.6620 val_f1=0.6531 val_uar=0.6620 lr=4.86e-05
[14:28:26] INFO   ep34: train_loss=1.1416 val_acc=0.6660 val_f1=0.6595 val_uar=0.6660 lr=4.57e-05
[14:28:34] INFO   ep35: train_loss=1.1284 val_acc=0.6640 val_f1=0.6585 val_uar=0.6640 lr=4.29e-05
[14:28:42] INFO   ep36: train_loss=1.1165 val_acc=0.6590 val_f1=0.6485 val_uar=0.6590 lr=4.01e-05
[14:28:50] INFO   ep37: train_loss=1.1098 val_acc=0.6720 val_f1=0.6633 val_uar=0.6720 lr=3.73e-05
[14:28:58] INFO   ep38: train_loss=1.1041 val_acc=0.6630 val_f1=0.6545 val_uar=0.6630 lr=3.45e-05
[14:29:07] INFO   ep39: train_loss=1.0969 val_acc=0.6590 val_f1=0.6511 val_uar=0.6590 lr=3.19e-05
[14:29:15] INFO   ep40: train_loss=1.0886 val_acc=0.6650 val_f1=0.6574 val_uar=0.6650 lr=2.92e-05
[14:29:23] INFO   ep41: train_loss=1.0848 val_acc=0.6620 val_f1=0.6543 val_uar=0.6620 lr=2.67e-05
[14:29:32] INFO   ep42: train_loss=1.0793 val_acc=0.6660 val_f1=0.6596 val_uar=0.6660 lr=2.42e-05
[14:29:40] INFO   ep43: train_loss=1.0725 val_acc=0.6670 val_f1=0.6608 val_uar=0.6670 lr=2.18e-05
[14:29:49] INFO   ep44: train_loss=1.0742 val_acc=0.6720 val_f1=0.6650 val_uar=0.6720 lr=1.95e-05
[14:29:58] INFO   ep45: train_loss=1.0672 val_acc=0.6700 val_f1=0.6620 val_uar=0.6700 lr=1.73e-05
[14:30:06] INFO   ep46: train_loss=1.0646 val_acc=0.6700 val_f1=0.6639 val_uar=0.6700 lr=1.52e-05
[14:30:15] INFO   ep47: train_loss=1.0616 val_acc=0.6680 val_f1=0.6628 val_uar=0.6680 lr=1.32e-05
[14:30:23] INFO   ep48: train_loss=1.0562 val_acc=0.6770 val_f1=0.6711 val_uar=0.6770 lr=1.13e-05
[14:30:31] INFO   ep49: train_loss=1.0550 val_acc=0.6690 val_f1=0.6627 val_uar=0.6690 lr=9.55e-06
[14:30:40] INFO   ep50: train_loss=1.0579 val_acc=0.6680 val_f1=0.6606 val_uar=0.6680 lr=7.94e-06
[14:30:48] INFO   ep51: train_loss=1.0568 val_acc=0.6690 val_f1=0.6629 val_uar=0.6690 lr=6.46e-06
[14:30:57] INFO   ep52: train_loss=1.0497 val_acc=0.6680 val_f1=0.6616 val_uar=0.6680 lr=5.13e-06
[14:31:05] INFO   ep53: train_loss=1.0550 val_acc=0.6710 val_f1=0.6652 val_uar=0.6710 lr=3.94e-06
[14:31:13] INFO   ep54: train_loss=1.0530 val_acc=0.6700 val_f1=0.6625 val_uar=0.6700 lr=2.91e-06
[14:31:22] INFO   ep55: train_loss=1.0487 val_acc=0.6660 val_f1=0.6604 val_uar=0.6660 lr=2.03e-06
[14:31:30] INFO   ep56: train_loss=1.0527 val_acc=0.6670 val_f1=0.6618 val_uar=0.6670 lr=1.30e-06
[14:31:39] INFO   ep57: train_loss=1.0542 val_acc=0.6630 val_f1=0.6568 val_uar=0.6630 lr=7.32e-07
[14:31:47] INFO   ep58: train_loss=1.0513 val_acc=0.6650 val_f1=0.6599 val_uar=0.6650 lr=3.26e-07
[14:31:55] INFO   ep59: train_loss=1.0538 val_acc=0.6720 val_f1=0.6654 val_uar=0.6720 lr=8.15e-08
[14:32:04] INFO   ep60: train_loss=1.0476 val_acc=0.6710 val_f1=0.6637 val_uar=0.6710 lr=0.00e+00
[14:32:04] INFO [done] resnet50_gray best_val_acc=0.6770 lr_used=0.0001 ckpt=checkpoints\cub200_resnet50_gray_seed1.pt time=8.4min
[14:32:05] INFO   [E1] eval clean + per colorfulness bin
[14:32:21] INFO   [E2] eval perturbasi warna
[14:36:30] INFO   done resnet50_gray seed1
[14:36:30] INFO ==== cub200 / resnet50_gray / seed2 (recipe=adamw gray=True) ====
[14:36:31] INFO [train] cub200/resnet50_gray/seed2 recipe=adamw opt=adamw lr=0.0001 wd=0.05 grayscale=True epochs=60 device=cuda n_train=4994 n_val=1000 bs=64 accum=1
[14:36:53] INFO   ep1: train_loss=5.2963 val_acc=0.0090 val_f1=0.0041 val_uar=0.0090 lr=4.00e-05
[14:37:01] INFO   ep2: train_loss=5.2763 val_acc=0.0200 val_f1=0.0185 val_uar=0.0200 lr=6.00e-05
[14:37:09] INFO   ep3: train_loss=5.2302 val_acc=0.0590 val_f1=0.0509 val_uar=0.0590 lr=8.00e-05
[14:37:17] INFO   ep4: train_loss=5.0855 val_acc=0.1530 val_f1=0.1416 val_uar=0.1530 lr=1.00e-04
[14:37:25] INFO   ep5: train_loss=4.6640 val_acc=0.2430 val_f1=0.1994 val_uar=0.2430 lr=1.00e-04
[14:37:33] INFO   ep6: train_loss=4.0008 val_acc=0.3500 val_f1=0.3075 val_uar=0.3500 lr=9.99e-05
[14:37:42] INFO   ep7: train_loss=3.4566 val_acc=0.4200 val_f1=0.3811 val_uar=0.4200 lr=9.97e-05
[14:37:50] INFO   ep8: train_loss=3.0659 val_acc=0.4640 val_f1=0.4294 val_uar=0.4640 lr=9.93e-05
[14:37:58] INFO   ep9: train_loss=2.7476 val_acc=0.4990 val_f1=0.4742 val_uar=0.4990 lr=9.87e-05
[14:38:06] INFO   ep10: train_loss=2.5023 val_acc=0.5360 val_f1=0.5156 val_uar=0.5360 lr=9.80e-05
[14:38:15] INFO   ep11: train_loss=2.3117 val_acc=0.5700 val_f1=0.5456 val_uar=0.5700 lr=9.71e-05
[14:38:23] INFO   ep12: train_loss=2.1580 val_acc=0.5730 val_f1=0.5514 val_uar=0.5730 lr=9.61e-05
[14:38:31] INFO   ep13: train_loss=2.0208 val_acc=0.5960 val_f1=0.5811 val_uar=0.5960 lr=9.49e-05
[14:38:39] INFO   ep14: train_loss=1.9009 val_acc=0.6110 val_f1=0.5978 val_uar=0.6110 lr=9.35e-05
[14:38:47] INFO   ep15: train_loss=1.7984 val_acc=0.6180 val_f1=0.6014 val_uar=0.6180 lr=9.21e-05
[14:38:56] INFO   ep16: train_loss=1.7282 val_acc=0.6290 val_f1=0.6165 val_uar=0.6290 lr=9.05e-05
[14:39:04] INFO   ep17: train_loss=1.6612 val_acc=0.6350 val_f1=0.6244 val_uar=0.6350 lr=8.87e-05
[14:39:13] INFO   ep18: train_loss=1.5851 val_acc=0.6430 val_f1=0.6311 val_uar=0.6430 lr=8.68e-05
[14:39:21] INFO   ep19: train_loss=1.5292 val_acc=0.6330 val_f1=0.6202 val_uar=0.6330 lr=8.48e-05
[14:39:29] INFO   ep20: train_loss=1.4847 val_acc=0.6400 val_f1=0.6329 val_uar=0.6400 lr=8.27e-05
[14:39:37] INFO   ep21: train_loss=1.4485 val_acc=0.6360 val_f1=0.6258 val_uar=0.6360 lr=8.05e-05
[14:39:46] INFO   ep22: train_loss=1.4033 val_acc=0.6440 val_f1=0.6295 val_uar=0.6440 lr=7.82e-05
[14:39:54] INFO   ep23: train_loss=1.3637 val_acc=0.6370 val_f1=0.6242 val_uar=0.6370 lr=7.58e-05
[14:40:02] INFO   ep24: train_loss=1.3259 val_acc=0.6500 val_f1=0.6427 val_uar=0.6500 lr=7.33e-05
[14:40:11] INFO   ep25: train_loss=1.3021 val_acc=0.6580 val_f1=0.6506 val_uar=0.6580 lr=7.08e-05
[14:40:19] INFO   ep26: train_loss=1.2785 val_acc=0.6460 val_f1=0.6361 val_uar=0.6460 lr=6.81e-05
[14:40:27] INFO   ep27: train_loss=1.2527 val_acc=0.6450 val_f1=0.6353 val_uar=0.6450 lr=6.55e-05
[14:40:35] INFO   ep28: train_loss=1.2289 val_acc=0.6600 val_f1=0.6496 val_uar=0.6600 lr=6.27e-05
[14:40:44] INFO   ep29: train_loss=1.2148 val_acc=0.6590 val_f1=0.6509 val_uar=0.6590 lr=5.99e-05
[14:40:52] INFO   ep30: train_loss=1.2043 val_acc=0.6590 val_f1=0.6498 val_uar=0.6590 lr=5.71e-05
[14:41:00] INFO   ep31: train_loss=1.1827 val_acc=0.6570 val_f1=0.6472 val_uar=0.6570 lr=5.43e-05
[14:41:09] INFO   ep32: train_loss=1.1675 val_acc=0.6610 val_f1=0.6513 val_uar=0.6610 lr=5.14e-05
[14:41:18] INFO   ep33: train_loss=1.1537 val_acc=0.6640 val_f1=0.6556 val_uar=0.6640 lr=4.86e-05
[14:41:27] INFO   ep34: train_loss=1.1465 val_acc=0.6600 val_f1=0.6496 val_uar=0.6600 lr=4.57e-05
[14:41:36] INFO   ep35: train_loss=1.1277 val_acc=0.6660 val_f1=0.6569 val_uar=0.6660 lr=4.29e-05
[14:41:45] INFO   ep36: train_loss=1.1228 val_acc=0.6650 val_f1=0.6556 val_uar=0.6650 lr=4.01e-05
[14:41:54] INFO   ep37: train_loss=1.1133 val_acc=0.6590 val_f1=0.6484 val_uar=0.6590 lr=3.73e-05
[14:42:02] INFO   ep38: train_loss=1.1055 val_acc=0.6680 val_f1=0.6561 val_uar=0.6680 lr=3.45e-05
[14:42:11] INFO   ep39: train_loss=1.0988 val_acc=0.6580 val_f1=0.6489 val_uar=0.6580 lr=3.19e-05
[14:42:20] INFO   ep40: train_loss=1.0932 val_acc=0.6650 val_f1=0.6528 val_uar=0.6650 lr=2.92e-05
[14:42:29] INFO   ep41: train_loss=1.0896 val_acc=0.6580 val_f1=0.6495 val_uar=0.6580 lr=2.67e-05
[14:42:38] INFO   ep42: train_loss=1.0810 val_acc=0.6600 val_f1=0.6516 val_uar=0.6600 lr=2.42e-05
[14:42:46] INFO   ep43: train_loss=1.0832 val_acc=0.6560 val_f1=0.6486 val_uar=0.6560 lr=2.18e-05
[14:42:55] INFO   ep44: train_loss=1.0750 val_acc=0.6640 val_f1=0.6535 val_uar=0.6640 lr=1.95e-05
[14:43:04] INFO   ep45: train_loss=1.0698 val_acc=0.6590 val_f1=0.6487 val_uar=0.6590 lr=1.73e-05
[14:43:13] INFO   ep46: train_loss=1.0636 val_acc=0.6610 val_f1=0.6537 val_uar=0.6610 lr=1.52e-05
[14:43:21] INFO   ep47: train_loss=1.0630 val_acc=0.6670 val_f1=0.6606 val_uar=0.6670 lr=1.32e-05
[14:43:30] INFO   ep48: train_loss=1.0656 val_acc=0.6710 val_f1=0.6628 val_uar=0.6710 lr=1.13e-05
[14:43:38] INFO   ep49: train_loss=1.0621 val_acc=0.6580 val_f1=0.6497 val_uar=0.6580 lr=9.55e-06
[14:43:47] INFO   ep50: train_loss=1.0622 val_acc=0.6630 val_f1=0.6553 val_uar=0.6630 lr=7.94e-06
[14:43:55] INFO   ep51: train_loss=1.0555 val_acc=0.6600 val_f1=0.6505 val_uar=0.6600 lr=6.46e-06
[14:44:04] INFO   ep52: train_loss=1.0564 val_acc=0.6570 val_f1=0.6489 val_uar=0.6570 lr=5.13e-06
[14:44:12] INFO   ep53: train_loss=1.0562 val_acc=0.6620 val_f1=0.6535 val_uar=0.6620 lr=3.94e-06
[14:44:20] INFO   ep54: train_loss=1.0501 val_acc=0.6690 val_f1=0.6585 val_uar=0.6690 lr=2.91e-06
[14:44:29] INFO   ep55: train_loss=1.0493 val_acc=0.6620 val_f1=0.6538 val_uar=0.6620 lr=2.03e-06
[14:44:37] INFO   ep56: train_loss=1.0530 val_acc=0.6640 val_f1=0.6545 val_uar=0.6640 lr=1.30e-06
[14:44:45] INFO   ep57: train_loss=1.0481 val_acc=0.6600 val_f1=0.6515 val_uar=0.6600 lr=7.32e-07
[14:44:54] INFO   ep58: train_loss=1.0528 val_acc=0.6700 val_f1=0.6614 val_uar=0.6700 lr=3.26e-07
[14:45:02] INFO   ep59: train_loss=1.0536 val_acc=0.6600 val_f1=0.6518 val_uar=0.6600 lr=8.15e-08
[14:45:10] INFO   ep60: train_loss=1.0528 val_acc=0.6610 val_f1=0.6506 val_uar=0.6610 lr=0.00e+00
[14:45:10] INFO [done] resnet50_gray best_val_acc=0.6710 lr_used=0.0001 ckpt=checkpoints\cub200_resnet50_gray_seed2.pt time=8.7min
[14:45:12] INFO   [E1] eval clean + per colorfulness bin
[14:45:27] INFO   [E2] eval perturbasi warna
[14:49:37] INFO   done resnet50_gray seed2
[14:49:37] INFO ==== cub200 / resnet50_gray / seed3 (recipe=adamw gray=True) ====
[14:49:38] INFO [train] cub200/resnet50_gray/seed3 recipe=adamw opt=adamw lr=0.0001 wd=0.05 grayscale=True epochs=60 device=cuda n_train=4994 n_val=1000 bs=64 accum=1
[14:50:00] INFO   ep1: train_loss=5.2966 val_acc=0.0100 val_f1=0.0034 val_uar=0.0100 lr=4.00e-05
[14:50:08] INFO   ep2: train_loss=5.2749 val_acc=0.0110 val_f1=0.0060 val_uar=0.0110 lr=6.00e-05
[14:50:16] INFO   ep3: train_loss=5.2215 val_acc=0.0800 val_f1=0.0653 val_uar=0.0800 lr=8.00e-05
[14:50:24] INFO   ep4: train_loss=5.0635 val_acc=0.1740 val_f1=0.1516 val_uar=0.1740 lr=1.00e-04
[14:50:32] INFO   ep5: train_loss=4.6106 val_acc=0.2460 val_f1=0.1957 val_uar=0.2460 lr=1.00e-04
[14:50:40] INFO   ep6: train_loss=3.9339 val_acc=0.3350 val_f1=0.2897 val_uar=0.3350 lr=9.99e-05
[14:50:48] INFO   ep7: train_loss=3.4283 val_acc=0.4180 val_f1=0.3840 val_uar=0.4180 lr=9.97e-05
[14:50:57] INFO   ep8: train_loss=3.0454 val_acc=0.4700 val_f1=0.4392 val_uar=0.4700 lr=9.93e-05
[14:51:05] INFO   ep9: train_loss=2.7393 val_acc=0.5190 val_f1=0.4863 val_uar=0.5190 lr=9.87e-05
[14:51:13] INFO   ep10: train_loss=2.5037 val_acc=0.5480 val_f1=0.5257 val_uar=0.5480 lr=9.80e-05
[14:51:21] INFO   ep11: train_loss=2.3067 val_acc=0.5660 val_f1=0.5433 val_uar=0.5660 lr=9.71e-05
[14:51:30] INFO   ep12: train_loss=2.1443 val_acc=0.5810 val_f1=0.5652 val_uar=0.5810 lr=9.61e-05
[14:51:38] INFO   ep13: train_loss=2.0099 val_acc=0.5990 val_f1=0.5832 val_uar=0.5990 lr=9.49e-05
[14:51:46] INFO   ep14: train_loss=1.9027 val_acc=0.5970 val_f1=0.5782 val_uar=0.5970 lr=9.35e-05
[14:51:54] INFO   ep15: train_loss=1.8156 val_acc=0.6120 val_f1=0.6015 val_uar=0.6120 lr=9.21e-05
[14:52:02] INFO   ep16: train_loss=1.7217 val_acc=0.6100 val_f1=0.5956 val_uar=0.6100 lr=9.05e-05
[14:52:11] INFO   ep17: train_loss=1.6680 val_acc=0.6240 val_f1=0.6100 val_uar=0.6240 lr=8.87e-05
[14:52:19] INFO   ep18: train_loss=1.5999 val_acc=0.6340 val_f1=0.6185 val_uar=0.6340 lr=8.68e-05
[14:52:27] INFO   ep19: train_loss=1.5490 val_acc=0.6260 val_f1=0.6136 val_uar=0.6260 lr=8.48e-05
[14:52:36] INFO   ep20: train_loss=1.4908 val_acc=0.6310 val_f1=0.6192 val_uar=0.6310 lr=8.27e-05
[14:52:44] INFO   ep21: train_loss=1.4534 val_acc=0.6400 val_f1=0.6298 val_uar=0.6400 lr=8.05e-05
[14:52:52] INFO   ep22: train_loss=1.4002 val_acc=0.6500 val_f1=0.6400 val_uar=0.6500 lr=7.82e-05
[14:53:01] INFO   ep23: train_loss=1.3646 val_acc=0.6430 val_f1=0.6332 val_uar=0.6430 lr=7.58e-05
[14:53:09] INFO   ep24: train_loss=1.3364 val_acc=0.6500 val_f1=0.6390 val_uar=0.6500 lr=7.33e-05
[14:53:18] INFO   ep25: train_loss=1.3084 val_acc=0.6520 val_f1=0.6405 val_uar=0.6520 lr=7.08e-05
[14:53:26] INFO   ep26: train_loss=1.2844 val_acc=0.6560 val_f1=0.6479 val_uar=0.6560 lr=6.81e-05
[14:53:34] INFO   ep27: train_loss=1.2632 val_acc=0.6530 val_f1=0.6446 val_uar=0.6530 lr=6.55e-05
[14:53:43] INFO   ep28: train_loss=1.2402 val_acc=0.6560 val_f1=0.6470 val_uar=0.6560 lr=6.27e-05
[14:53:51] INFO   ep29: train_loss=1.2213 val_acc=0.6610 val_f1=0.6547 val_uar=0.6610 lr=5.99e-05
[14:54:00] INFO   ep30: train_loss=1.2013 val_acc=0.6620 val_f1=0.6568 val_uar=0.6620 lr=5.71e-05
[14:54:08] INFO   ep31: train_loss=1.1853 val_acc=0.6600 val_f1=0.6512 val_uar=0.6600 lr=5.43e-05
[14:54:16] INFO   ep32: train_loss=1.1724 val_acc=0.6590 val_f1=0.6517 val_uar=0.6590 lr=5.14e-05
[14:54:25] INFO   ep33: train_loss=1.1689 val_acc=0.6650 val_f1=0.6554 val_uar=0.6650 lr=4.86e-05
[14:54:33] INFO   ep34: train_loss=1.1475 val_acc=0.6760 val_f1=0.6658 val_uar=0.6760 lr=4.57e-05
[14:54:41] INFO   ep35: train_loss=1.1374 val_acc=0.6730 val_f1=0.6643 val_uar=0.6730 lr=4.29e-05
[14:54:49] INFO   ep36: train_loss=1.1253 val_acc=0.6750 val_f1=0.6649 val_uar=0.6750 lr=4.01e-05
[14:54:58] INFO   ep37: train_loss=1.1221 val_acc=0.6680 val_f1=0.6583 val_uar=0.6680 lr=3.73e-05
[14:55:06] INFO   ep38: train_loss=1.1086 val_acc=0.6710 val_f1=0.6612 val_uar=0.6710 lr=3.45e-05
[14:55:14] INFO   ep39: train_loss=1.1039 val_acc=0.6800 val_f1=0.6702 val_uar=0.6800 lr=3.19e-05
[14:55:22] INFO   ep40: train_loss=1.1068 val_acc=0.6720 val_f1=0.6632 val_uar=0.6720 lr=2.92e-05
[14:55:31] INFO   ep41: train_loss=1.0963 val_acc=0.6710 val_f1=0.6629 val_uar=0.6710 lr=2.67e-05
[14:55:39] INFO   ep42: train_loss=1.0859 val_acc=0.6700 val_f1=0.6589 val_uar=0.6700 lr=2.42e-05
[14:55:47] INFO   ep43: train_loss=1.0793 val_acc=0.6690 val_f1=0.6614 val_uar=0.6690 lr=2.18e-05
[14:55:55] INFO   ep44: train_loss=1.0782 val_acc=0.6690 val_f1=0.6599 val_uar=0.6690 lr=1.95e-05
[14:56:03] INFO   ep45: train_loss=1.0753 val_acc=0.6730 val_f1=0.6628 val_uar=0.6730 lr=1.73e-05
[14:56:12] INFO   ep46: train_loss=1.0679 val_acc=0.6760 val_f1=0.6664 val_uar=0.6760 lr=1.52e-05
[14:56:20] INFO   ep47: train_loss=1.0674 val_acc=0.6750 val_f1=0.6648 val_uar=0.6750 lr=1.32e-05
[14:56:28] INFO   ep48: train_loss=1.0648 val_acc=0.6710 val_f1=0.6624 val_uar=0.6710 lr=1.13e-05
[14:56:36] INFO   ep49: train_loss=1.0649 val_acc=0.6710 val_f1=0.6647 val_uar=0.6710 lr=9.55e-06
[14:56:45] INFO   ep50: train_loss=1.0619 val_acc=0.6760 val_f1=0.6666 val_uar=0.6760 lr=7.94e-06
[14:56:53] INFO   ep51: train_loss=1.0552 val_acc=0.6780 val_f1=0.6706 val_uar=0.6780 lr=6.46e-06
[14:57:01] INFO   ep52: train_loss=1.0614 val_acc=0.6810 val_f1=0.6723 val_uar=0.6810 lr=5.13e-06
[14:57:10] INFO   ep53: train_loss=1.0563 val_acc=0.6790 val_f1=0.6714 val_uar=0.6790 lr=3.94e-06
[14:57:18] INFO   ep54: train_loss=1.0578 val_acc=0.6810 val_f1=0.6733 val_uar=0.6810 lr=2.91e-06
[14:57:26] INFO   ep55: train_loss=1.0540 val_acc=0.6760 val_f1=0.6692 val_uar=0.6760 lr=2.03e-06
[14:57:35] INFO   ep56: train_loss=1.0572 val_acc=0.6790 val_f1=0.6707 val_uar=0.6790 lr=1.30e-06
[14:57:43] INFO   ep57: train_loss=1.0556 val_acc=0.6790 val_f1=0.6722 val_uar=0.6790 lr=7.32e-07
[14:57:51] INFO   ep58: train_loss=1.0564 val_acc=0.6710 val_f1=0.6613 val_uar=0.6710 lr=3.26e-07
[14:57:59] INFO   ep59: train_loss=1.0554 val_acc=0.6750 val_f1=0.6665 val_uar=0.6750 lr=8.15e-08
[14:58:08] INFO   ep60: train_loss=1.0502 val_acc=0.6720 val_f1=0.6640 val_uar=0.6720 lr=0.00e+00
[14:58:08] INFO [done] resnet50_gray best_val_acc=0.6810 lr_used=0.0001 ckpt=checkpoints\cub200_resnet50_gray_seed3.pt time=8.5min
[14:58:09] INFO   [E1] eval clean + per colorfulness bin
[14:58:25] INFO   [E2] eval perturbasi warna
[15:02:34] INFO   done resnet50_gray seed3
[15:02:34] INFO ==== cub200 / resnet50_gray / seed4 (recipe=adamw gray=True) ====
[15:02:35] INFO [train] cub200/resnet50_gray/seed4 recipe=adamw opt=adamw lr=0.0001 wd=0.05 grayscale=True epochs=60 device=cuda n_train=4994 n_val=1000 bs=64 accum=1
[15:02:57] INFO   ep1: train_loss=5.2980 val_acc=0.0100 val_f1=0.0042 val_uar=0.0100 lr=4.00e-05
[15:03:05] INFO   ep2: train_loss=5.2757 val_acc=0.0190 val_f1=0.0150 val_uar=0.0190 lr=6.00e-05
[15:03:13] INFO   ep3: train_loss=5.2191 val_acc=0.0730 val_f1=0.0542 val_uar=0.0730 lr=8.00e-05
[15:03:21] INFO   ep4: train_loss=5.0491 val_acc=0.1680 val_f1=0.1312 val_uar=0.1680 lr=1.00e-04
[15:03:29] INFO   ep5: train_loss=4.5811 val_acc=0.2370 val_f1=0.1909 val_uar=0.2370 lr=1.00e-04
[15:03:37] INFO   ep6: train_loss=3.9506 val_acc=0.3290 val_f1=0.2820 val_uar=0.3290 lr=9.99e-05
[15:03:46] INFO   ep7: train_loss=3.4442 val_acc=0.4140 val_f1=0.3702 val_uar=0.4140 lr=9.97e-05
[15:03:54] INFO   ep8: train_loss=3.0650 val_acc=0.4470 val_f1=0.4083 val_uar=0.4470 lr=9.93e-05
[15:04:02] INFO   ep9: train_loss=2.7592 val_acc=0.5070 val_f1=0.4736 val_uar=0.5070 lr=9.87e-05
[15:04:10] INFO   ep10: train_loss=2.5144 val_acc=0.5380 val_f1=0.5095 val_uar=0.5380 lr=9.80e-05
[15:04:18] INFO   ep11: train_loss=2.3126 val_acc=0.5570 val_f1=0.5304 val_uar=0.5570 lr=9.71e-05
[15:04:27] INFO   ep12: train_loss=2.1405 val_acc=0.5880 val_f1=0.5690 val_uar=0.5880 lr=9.61e-05
[15:04:35] INFO   ep13: train_loss=2.0120 val_acc=0.5940 val_f1=0.5798 val_uar=0.5940 lr=9.49e-05
[15:04:43] INFO   ep14: train_loss=1.9019 val_acc=0.6040 val_f1=0.5825 val_uar=0.6040 lr=9.35e-05
[15:04:51] INFO   ep15: train_loss=1.8044 val_acc=0.6000 val_f1=0.5843 val_uar=0.6000 lr=9.21e-05
[15:04:59] INFO   ep16: train_loss=1.7232 val_acc=0.6180 val_f1=0.6024 val_uar=0.6180 lr=9.05e-05
[15:05:08] INFO   ep17: train_loss=1.6469 val_acc=0.6320 val_f1=0.6195 val_uar=0.6320 lr=8.87e-05
[15:05:16] INFO   ep18: train_loss=1.5857 val_acc=0.6380 val_f1=0.6251 val_uar=0.6380 lr=8.68e-05
[15:05:24] INFO   ep19: train_loss=1.5267 val_acc=0.6320 val_f1=0.6206 val_uar=0.6320 lr=8.48e-05
[15:05:32] INFO   ep20: train_loss=1.4750 val_acc=0.6400 val_f1=0.6287 val_uar=0.6400 lr=8.27e-05
[15:05:40] INFO   ep21: train_loss=1.4377 val_acc=0.6370 val_f1=0.6258 val_uar=0.6370 lr=8.05e-05
[15:05:49] INFO   ep22: train_loss=1.3880 val_acc=0.6470 val_f1=0.6377 val_uar=0.6470 lr=7.82e-05
[15:05:57] INFO   ep23: train_loss=1.3651 val_acc=0.6470 val_f1=0.6356 val_uar=0.6470 lr=7.58e-05
[15:06:05] INFO   ep24: train_loss=1.3354 val_acc=0.6560 val_f1=0.6462 val_uar=0.6560 lr=7.33e-05
[15:06:13] INFO   ep25: train_loss=1.2960 val_acc=0.6560 val_f1=0.6502 val_uar=0.6560 lr=7.08e-05
[15:06:22] INFO   ep26: train_loss=1.2707 val_acc=0.6550 val_f1=0.6464 val_uar=0.6550 lr=6.81e-05
[15:06:30] INFO   ep27: train_loss=1.2393 val_acc=0.6550 val_f1=0.6469 val_uar=0.6550 lr=6.55e-05
[15:06:38] INFO   ep28: train_loss=1.2298 val_acc=0.6530 val_f1=0.6449 val_uar=0.6530 lr=6.27e-05
[15:06:46] INFO   ep29: train_loss=1.2102 val_acc=0.6550 val_f1=0.6482 val_uar=0.6550 lr=5.99e-05
[15:06:54] INFO   ep30: train_loss=1.1939 val_acc=0.6510 val_f1=0.6449 val_uar=0.6510 lr=5.71e-05
[15:07:02] INFO   ep31: train_loss=1.1702 val_acc=0.6560 val_f1=0.6470 val_uar=0.6560 lr=5.43e-05
[15:07:10] INFO   ep32: train_loss=1.1568 val_acc=0.6610 val_f1=0.6544 val_uar=0.6610 lr=5.14e-05
[15:07:19] INFO   ep33: train_loss=1.1432 val_acc=0.6540 val_f1=0.6479 val_uar=0.6540 lr=4.86e-05
[15:07:27] INFO   ep34: train_loss=1.1278 val_acc=0.6620 val_f1=0.6563 val_uar=0.6620 lr=4.57e-05
[15:07:35] INFO   ep35: train_loss=1.1237 val_acc=0.6600 val_f1=0.6530 val_uar=0.6600 lr=4.29e-05
[15:07:43] INFO   ep36: train_loss=1.1177 val_acc=0.6620 val_f1=0.6538 val_uar=0.6620 lr=4.01e-05
[15:07:52] INFO   ep37: train_loss=1.1083 val_acc=0.6700 val_f1=0.6626 val_uar=0.6700 lr=3.73e-05
[15:08:00] INFO   ep38: train_loss=1.1024 val_acc=0.6510 val_f1=0.6438 val_uar=0.6510 lr=3.45e-05
[15:08:08] INFO   ep39: train_loss=1.0938 val_acc=0.6590 val_f1=0.6534 val_uar=0.6590 lr=3.19e-05
[15:08:16] INFO   ep40: train_loss=1.0910 val_acc=0.6520 val_f1=0.6437 val_uar=0.6520 lr=2.92e-05
[15:08:24] INFO   ep41: train_loss=1.0824 val_acc=0.6550 val_f1=0.6471 val_uar=0.6550 lr=2.67e-05
[15:08:33] INFO   ep42: train_loss=1.0799 val_acc=0.6490 val_f1=0.6418 val_uar=0.6490 lr=2.42e-05
[15:08:41] INFO   ep43: train_loss=1.0726 val_acc=0.6660 val_f1=0.6613 val_uar=0.6660 lr=2.18e-05
[15:08:49] INFO   ep44: train_loss=1.0706 val_acc=0.6600 val_f1=0.6529 val_uar=0.6600 lr=1.95e-05
[15:08:57] INFO   ep45: train_loss=1.0710 val_acc=0.6590 val_f1=0.6523 val_uar=0.6590 lr=1.73e-05
[15:09:05] INFO   ep46: train_loss=1.0591 val_acc=0.6620 val_f1=0.6561 val_uar=0.6620 lr=1.52e-05
[15:09:13] INFO   ep47: train_loss=1.0589 val_acc=0.6630 val_f1=0.6562 val_uar=0.6630 lr=1.32e-05
[15:09:21] INFO   ep48: train_loss=1.0548 val_acc=0.6590 val_f1=0.6527 val_uar=0.6590 lr=1.13e-05
[15:09:30] INFO   ep49: train_loss=1.0608 val_acc=0.6490 val_f1=0.6432 val_uar=0.6490 lr=9.55e-06
[15:09:38] INFO   ep50: train_loss=1.0544 val_acc=0.6530 val_f1=0.6455 val_uar=0.6530 lr=7.94e-06
[15:09:46] INFO   ep51: train_loss=1.0526 val_acc=0.6610 val_f1=0.6551 val_uar=0.6610 lr=6.46e-06
[15:09:54] INFO   ep52: train_loss=1.0502 val_acc=0.6540 val_f1=0.6476 val_uar=0.6540 lr=5.13e-06
[15:10:03] INFO   ep53: train_loss=1.0482 val_acc=0.6560 val_f1=0.6487 val_uar=0.6560 lr=3.94e-06
[15:10:11] INFO   ep54: train_loss=1.0517 val_acc=0.6580 val_f1=0.6515 val_uar=0.6580 lr=2.91e-06
[15:10:19] INFO   ep55: train_loss=1.0481 val_acc=0.6570 val_f1=0.6513 val_uar=0.6570 lr=2.03e-06
[15:10:27] INFO   ep56: train_loss=1.0492 val_acc=0.6620 val_f1=0.6556 val_uar=0.6620 lr=1.30e-06
[15:10:35] INFO   ep57: train_loss=1.0517 val_acc=0.6510 val_f1=0.6449 val_uar=0.6510 lr=7.32e-07
[15:10:44] INFO   ep58: train_loss=1.0474 val_acc=0.6530 val_f1=0.6458 val_uar=0.6530 lr=3.26e-07
[15:10:52] INFO   ep59: train_loss=1.0476 val_acc=0.6560 val_f1=0.6482 val_uar=0.6560 lr=8.15e-08
[15:11:01] INFO   ep60: train_loss=1.0447 val_acc=0.6510 val_f1=0.6441 val_uar=0.6510 lr=0.00e+00
[15:11:01] INFO [done] resnet50_gray best_val_acc=0.6700 lr_used=0.0001 ckpt=checkpoints\cub200_resnet50_gray_seed4.pt time=8.4min
[15:11:02] INFO   [E1] eval clean + per colorfulness bin
[15:11:18] INFO   [E2] eval perturbasi warna
[15:15:26] INFO   done resnet50_gray seed4
[15:15:26] INFO ALL DONE
[15:15:32] INFO dataset=cub200 models=['convnext_tiny'] seeds=[0, 1, 2, 3, 4] epochs=None recipe=adamw
[15:15:32] INFO ==== cub200 / convnext_tiny_gray / seed0 (recipe=adamw gray=True) ====
[15:15:33] INFO [train] cub200/convnext_tiny_gray/seed0 recipe=adamw opt=adamw lr=0.0001 wd=0.05 grayscale=True epochs=60 device=cuda n_train=4994 n_val=1000 bs=64 accum=1
[15:16:05] INFO   ep1: train_loss=4.9007 val_acc=0.2590 val_f1=0.2185 val_uar=0.2590 lr=4.00e-05
[15:16:14] INFO   ep2: train_loss=2.6838 val_acc=0.6510 val_f1=0.6356 val_uar=0.6510 lr=6.00e-05
[15:16:23] INFO   ep3: train_loss=1.6794 val_acc=0.7270 val_f1=0.7144 val_uar=0.7270 lr=8.00e-05
[15:16:32] INFO   ep4: train_loss=1.3724 val_acc=0.7200 val_f1=0.7083 val_uar=0.7200 lr=1.00e-04
[15:16:40] INFO   ep5: train_loss=1.2192 val_acc=0.7160 val_f1=0.7062 val_uar=0.7160 lr=1.00e-04
[15:16:49] INFO   ep6: train_loss=1.1032 val_acc=0.7220 val_f1=0.7111 val_uar=0.7220 lr=9.99e-05
[15:16:58] INFO   ep7: train_loss=1.0149 val_acc=0.7620 val_f1=0.7527 val_uar=0.7620 lr=9.97e-05
[15:17:07] INFO   ep8: train_loss=0.9709 val_acc=0.7880 val_f1=0.7867 val_uar=0.7880 lr=9.93e-05
[15:17:16] INFO   ep9: train_loss=0.9423 val_acc=0.7630 val_f1=0.7640 val_uar=0.7630 lr=9.87e-05
[15:17:25] INFO   ep10: train_loss=0.9298 val_acc=0.7900 val_f1=0.7867 val_uar=0.7900 lr=9.80e-05
[15:17:34] INFO   ep11: train_loss=0.9191 val_acc=0.7740 val_f1=0.7709 val_uar=0.7740 lr=9.71e-05
[15:17:43] INFO   ep12: train_loss=0.9160 val_acc=0.7910 val_f1=0.7903 val_uar=0.7910 lr=9.61e-05
[15:17:52] INFO   ep13: train_loss=0.9083 val_acc=0.7780 val_f1=0.7743 val_uar=0.7780 lr=9.49e-05
[15:18:01] INFO   ep14: train_loss=0.9059 val_acc=0.8020 val_f1=0.7990 val_uar=0.8020 lr=9.35e-05
[15:18:10] INFO   ep15: train_loss=0.9004 val_acc=0.8020 val_f1=0.7987 val_uar=0.8020 lr=9.21e-05
[15:18:20] INFO   ep16: train_loss=0.8977 val_acc=0.8000 val_f1=0.7943 val_uar=0.8000 lr=9.05e-05
[15:18:29] INFO   ep17: train_loss=0.8975 val_acc=0.8020 val_f1=0.7976 val_uar=0.8020 lr=8.87e-05
[15:18:38] INFO   ep18: train_loss=0.8938 val_acc=0.8010 val_f1=0.7958 val_uar=0.8010 lr=8.68e-05
[15:18:47] INFO   ep19: train_loss=0.8925 val_acc=0.7950 val_f1=0.7925 val_uar=0.7950 lr=8.48e-05
[15:18:56] INFO   ep20: train_loss=0.8874 val_acc=0.8070 val_f1=0.8037 val_uar=0.8070 lr=8.27e-05
[15:19:05] INFO   ep21: train_loss=0.8827 val_acc=0.8130 val_f1=0.8100 val_uar=0.8130 lr=8.05e-05
[15:19:14] INFO   ep22: train_loss=0.8922 val_acc=0.7920 val_f1=0.7860 val_uar=0.7920 lr=7.82e-05
[15:19:23] INFO   ep23: train_loss=0.8948 val_acc=0.7930 val_f1=0.7878 val_uar=0.7930 lr=7.58e-05
[15:19:32] INFO   ep24: train_loss=0.8912 val_acc=0.8060 val_f1=0.7986 val_uar=0.8060 lr=7.33e-05
[15:19:41] INFO   ep25: train_loss=0.8820 val_acc=0.8050 val_f1=0.8015 val_uar=0.8050 lr=7.08e-05
[15:19:50] INFO   ep26: train_loss=0.8902 val_acc=0.7710 val_f1=0.7675 val_uar=0.7710 lr=6.81e-05
[15:19:59] INFO   ep27: train_loss=0.8927 val_acc=0.8020 val_f1=0.7987 val_uar=0.8020 lr=6.55e-05
[15:20:08] INFO   ep28: train_loss=0.8820 val_acc=0.8030 val_f1=0.8001 val_uar=0.8030 lr=6.27e-05
[15:20:17] INFO   ep29: train_loss=0.8799 val_acc=0.8210 val_f1=0.8172 val_uar=0.8210 lr=5.99e-05
[15:20:26] INFO   ep30: train_loss=0.8741 val_acc=0.8170 val_f1=0.8123 val_uar=0.8170 lr=5.71e-05
[15:20:35] INFO   ep31: train_loss=0.8747 val_acc=0.8150 val_f1=0.8096 val_uar=0.8150 lr=5.43e-05
[15:20:44] INFO   ep32: train_loss=0.8740 val_acc=0.8140 val_f1=0.8122 val_uar=0.8140 lr=5.14e-05
[15:20:53] INFO   ep33: train_loss=0.8724 val_acc=0.8070 val_f1=0.8046 val_uar=0.8070 lr=4.86e-05
[15:21:02] INFO   ep34: train_loss=0.8718 val_acc=0.8070 val_f1=0.8040 val_uar=0.8070 lr=4.57e-05
[15:21:11] INFO   ep35: train_loss=0.8698 val_acc=0.8060 val_f1=0.8025 val_uar=0.8060 lr=4.29e-05
[15:21:20] INFO   ep36: train_loss=0.8678 val_acc=0.8220 val_f1=0.8188 val_uar=0.8220 lr=4.01e-05
[15:21:29] INFO   ep37: train_loss=0.8660 val_acc=0.8150 val_f1=0.8108 val_uar=0.8150 lr=3.73e-05
[15:21:38] INFO   ep38: train_loss=0.8657 val_acc=0.8200 val_f1=0.8180 val_uar=0.8200 lr=3.45e-05
[15:21:47] INFO   ep39: train_loss=0.8654 val_acc=0.8180 val_f1=0.8133 val_uar=0.8180 lr=3.19e-05
[15:21:56] INFO   ep40: train_loss=0.8659 val_acc=0.8140 val_f1=0.8092 val_uar=0.8140 lr=2.92e-05
[15:22:05] INFO   ep41: train_loss=0.8644 val_acc=0.8180 val_f1=0.8133 val_uar=0.8180 lr=2.67e-05
[15:22:14] INFO   ep42: train_loss=0.8639 val_acc=0.8120 val_f1=0.8081 val_uar=0.8120 lr=2.42e-05
[15:22:23] INFO   ep43: train_loss=0.8641 val_acc=0.8160 val_f1=0.8106 val_uar=0.8160 lr=2.18e-05
[15:22:32] INFO   ep44: train_loss=0.8630 val_acc=0.8120 val_f1=0.8071 val_uar=0.8120 lr=1.95e-05
[15:22:41] INFO   ep45: train_loss=0.8624 val_acc=0.8170 val_f1=0.8118 val_uar=0.8170 lr=1.73e-05
[15:22:50] INFO   ep46: train_loss=0.8627 val_acc=0.8140 val_f1=0.8100 val_uar=0.8140 lr=1.52e-05
[15:22:59] INFO   ep47: train_loss=0.8626 val_acc=0.8210 val_f1=0.8173 val_uar=0.8210 lr=1.32e-05
[15:23:08] INFO   ep48: train_loss=0.8619 val_acc=0.8200 val_f1=0.8160 val_uar=0.8200 lr=1.13e-05
[15:23:17] INFO   ep49: train_loss=0.8630 val_acc=0.8180 val_f1=0.8135 val_uar=0.8180 lr=9.55e-06
[15:23:27] INFO   ep50: train_loss=0.8623 val_acc=0.8160 val_f1=0.8127 val_uar=0.8160 lr=7.94e-06
[15:23:36] INFO   ep51: train_loss=0.8622 val_acc=0.8200 val_f1=0.8163 val_uar=0.8200 lr=6.46e-06
[15:23:45] INFO   ep52: train_loss=0.8613 val_acc=0.8120 val_f1=0.8075 val_uar=0.8120 lr=5.13e-06
[15:23:54] INFO   ep53: train_loss=0.8627 val_acc=0.8150 val_f1=0.8111 val_uar=0.8150 lr=3.94e-06
[15:24:03] INFO   ep54: train_loss=0.8613 val_acc=0.8160 val_f1=0.8120 val_uar=0.8160 lr=2.91e-06
[15:24:12] INFO   ep55: train_loss=0.8610 val_acc=0.8200 val_f1=0.8161 val_uar=0.8200 lr=2.03e-06
[15:24:21] INFO   ep56: train_loss=0.8619 val_acc=0.8190 val_f1=0.8152 val_uar=0.8190 lr=1.30e-06
[15:24:30] INFO   ep57: train_loss=0.8614 val_acc=0.8170 val_f1=0.8135 val_uar=0.8170 lr=7.32e-07
[15:24:39] INFO   ep58: train_loss=0.8624 val_acc=0.8160 val_f1=0.8125 val_uar=0.8160 lr=3.26e-07
[15:24:48] INFO   ep59: train_loss=0.8616 val_acc=0.8140 val_f1=0.8099 val_uar=0.8140 lr=8.15e-08
[15:24:57] INFO   ep60: train_loss=0.8610 val_acc=0.8140 val_f1=0.8098 val_uar=0.8140 lr=0.00e+00
[15:24:57] INFO [done] convnext_tiny_gray best_val_acc=0.8220 lr_used=0.0001 ckpt=checkpoints\cub200_convnext_tiny_gray_seed0.pt time=9.4min
[15:24:59] INFO   [E1] eval clean + per colorfulness bin
[15:25:17] INFO   [E2] eval perturbasi warna
[15:29:26] INFO   done convnext_tiny_gray seed0
[15:29:26] INFO ==== cub200 / convnext_tiny_gray / seed1 (recipe=adamw gray=True) ====
[15:29:27] INFO [train] cub200/convnext_tiny_gray/seed1 recipe=adamw opt=adamw lr=0.0001 wd=0.05 grayscale=True epochs=60 device=cuda n_train=4994 n_val=1000 bs=64 accum=1
[15:29:50] INFO   ep1: train_loss=4.8910 val_acc=0.2840 val_f1=0.2370 val_uar=0.2840 lr=4.00e-05
[15:29:58] INFO   ep2: train_loss=2.6895 val_acc=0.6520 val_f1=0.6349 val_uar=0.6520 lr=6.00e-05
[15:30:07] INFO   ep3: train_loss=1.7265 val_acc=0.7190 val_f1=0.7036 val_uar=0.7190 lr=8.00e-05
[15:30:16] INFO   ep4: train_loss=1.3899 val_acc=0.7510 val_f1=0.7382 val_uar=0.7510 lr=1.00e-04
[15:30:25] INFO   ep5: train_loss=1.2262 val_acc=0.7390 val_f1=0.7310 val_uar=0.7390 lr=1.00e-04
[15:30:34] INFO   ep6: train_loss=1.1058 val_acc=0.7660 val_f1=0.7604 val_uar=0.7660 lr=9.99e-05
[15:30:43] INFO   ep7: train_loss=1.0168 val_acc=0.7730 val_f1=0.7683 val_uar=0.7730 lr=9.97e-05
[15:30:52] INFO   ep8: train_loss=0.9714 val_acc=0.7880 val_f1=0.7809 val_uar=0.7880 lr=9.93e-05
[15:31:01] INFO   ep9: train_loss=0.9486 val_acc=0.7960 val_f1=0.7916 val_uar=0.7960 lr=9.87e-05
[15:31:10] INFO   ep10: train_loss=0.9355 val_acc=0.7870 val_f1=0.7819 val_uar=0.7870 lr=9.80e-05
[15:31:19] INFO   ep11: train_loss=0.9256 val_acc=0.7960 val_f1=0.7941 val_uar=0.7960 lr=9.71e-05
[15:31:28] INFO   ep12: train_loss=0.9198 val_acc=0.7920 val_f1=0.7866 val_uar=0.7920 lr=9.61e-05
[15:31:37] INFO   ep13: train_loss=0.9216 val_acc=0.7880 val_f1=0.7785 val_uar=0.7880 lr=9.49e-05
[15:31:46] INFO   ep14: train_loss=0.9134 val_acc=0.7980 val_f1=0.7953 val_uar=0.7980 lr=9.35e-05
[15:31:55] INFO   ep15: train_loss=0.9053 val_acc=0.7940 val_f1=0.7899 val_uar=0.7940 lr=9.21e-05
[15:32:04] INFO   ep16: train_loss=0.9040 val_acc=0.8020 val_f1=0.7958 val_uar=0.8020 lr=9.05e-05
[15:32:13] INFO   ep17: train_loss=0.9041 val_acc=0.8040 val_f1=0.8023 val_uar=0.8040 lr=8.87e-05
[15:32:22] INFO   ep18: train_loss=0.8931 val_acc=0.8120 val_f1=0.8095 val_uar=0.8120 lr=8.68e-05
[15:32:31] INFO   ep19: train_loss=0.8879 val_acc=0.8200 val_f1=0.8163 val_uar=0.8200 lr=8.48e-05
[15:32:41] INFO   ep20: train_loss=0.8849 val_acc=0.8260 val_f1=0.8216 val_uar=0.8260 lr=8.27e-05
[15:32:50] INFO   ep21: train_loss=0.8839 val_acc=0.8090 val_f1=0.8051 val_uar=0.8090 lr=8.05e-05
[15:32:59] INFO   ep22: train_loss=0.8841 val_acc=0.8070 val_f1=0.8028 val_uar=0.8070 lr=7.82e-05
[15:33:08] INFO   ep23: train_loss=0.8822 val_acc=0.8160 val_f1=0.8122 val_uar=0.8160 lr=7.58e-05
[15:33:17] INFO   ep24: train_loss=0.8793 val_acc=0.8030 val_f1=0.7965 val_uar=0.8030 lr=7.33e-05
[15:33:26] INFO   ep25: train_loss=0.8793 val_acc=0.8190 val_f1=0.8143 val_uar=0.8190 lr=7.08e-05
[15:33:35] INFO   ep26: train_loss=0.8791 val_acc=0.8080 val_f1=0.8034 val_uar=0.8080 lr=6.81e-05
[15:33:44] INFO   ep27: train_loss=0.8859 val_acc=0.8010 val_f1=0.7966 val_uar=0.8010 lr=6.55e-05
[15:33:53] INFO   ep28: train_loss=0.8829 val_acc=0.8110 val_f1=0.8079 val_uar=0.8110 lr=6.27e-05
[15:34:02] INFO   ep29: train_loss=0.8759 val_acc=0.8120 val_f1=0.8068 val_uar=0.8120 lr=5.99e-05
[15:34:11] INFO   ep30: train_loss=0.8728 val_acc=0.8120 val_f1=0.8062 val_uar=0.8120 lr=5.71e-05
[15:34:20] INFO   ep31: train_loss=0.8724 val_acc=0.8200 val_f1=0.8167 val_uar=0.8200 lr=5.43e-05
[15:34:29] INFO   ep32: train_loss=0.8699 val_acc=0.8200 val_f1=0.8180 val_uar=0.8200 lr=5.14e-05
[15:34:38] INFO   ep33: train_loss=0.8705 val_acc=0.8080 val_f1=0.8044 val_uar=0.8080 lr=4.86e-05
[15:34:47] INFO   ep34: train_loss=0.8694 val_acc=0.8090 val_f1=0.8056 val_uar=0.8090 lr=4.57e-05
[15:34:56] INFO   ep35: train_loss=0.8678 val_acc=0.8170 val_f1=0.8135 val_uar=0.8170 lr=4.29e-05
[15:35:05] INFO   ep36: train_loss=0.8693 val_acc=0.8180 val_f1=0.8156 val_uar=0.8180 lr=4.01e-05
[15:35:14] INFO   ep37: train_loss=0.8686 val_acc=0.8230 val_f1=0.8199 val_uar=0.8230 lr=3.73e-05
[15:35:23] INFO   ep38: train_loss=0.8658 val_acc=0.8140 val_f1=0.8096 val_uar=0.8140 lr=3.45e-05
[15:35:32] INFO   ep39: train_loss=0.8650 val_acc=0.8210 val_f1=0.8177 val_uar=0.8210 lr=3.19e-05
[15:35:41] INFO   ep40: train_loss=0.8642 val_acc=0.8100 val_f1=0.8058 val_uar=0.8100 lr=2.92e-05
[15:35:50] INFO   ep41: train_loss=0.8663 val_acc=0.8160 val_f1=0.8117 val_uar=0.8160 lr=2.67e-05
[15:35:59] INFO   ep42: train_loss=0.8640 val_acc=0.8250 val_f1=0.8214 val_uar=0.8250 lr=2.42e-05
[15:36:08] INFO   ep43: train_loss=0.8643 val_acc=0.8160 val_f1=0.8129 val_uar=0.8160 lr=2.18e-05
[15:36:18] INFO   ep44: train_loss=0.8640 val_acc=0.8250 val_f1=0.8223 val_uar=0.8250 lr=1.95e-05
[15:36:27] INFO   ep45: train_loss=0.8628 val_acc=0.8230 val_f1=0.8204 val_uar=0.8230 lr=1.73e-05
[15:36:36] INFO   ep46: train_loss=0.8632 val_acc=0.8180 val_f1=0.8148 val_uar=0.8180 lr=1.52e-05
[15:36:45] INFO   ep47: train_loss=0.8624 val_acc=0.8200 val_f1=0.8178 val_uar=0.8200 lr=1.32e-05
[15:36:54] INFO   ep48: train_loss=0.8626 val_acc=0.8240 val_f1=0.8205 val_uar=0.8240 lr=1.13e-05
[15:37:03] INFO   ep49: train_loss=0.8620 val_acc=0.8230 val_f1=0.8191 val_uar=0.8230 lr=9.55e-06
[15:37:12] INFO   ep50: train_loss=0.8627 val_acc=0.8160 val_f1=0.8116 val_uar=0.8160 lr=7.94e-06
[15:37:21] INFO   ep51: train_loss=0.8616 val_acc=0.8240 val_f1=0.8197 val_uar=0.8240 lr=6.46e-06
[15:37:30] INFO   ep52: train_loss=0.8612 val_acc=0.8220 val_f1=0.8195 val_uar=0.8220 lr=5.13e-06
[15:37:39] INFO   ep53: train_loss=0.8612 val_acc=0.8220 val_f1=0.8185 val_uar=0.8220 lr=3.94e-06
[15:37:48] INFO   ep54: train_loss=0.8607 val_acc=0.8230 val_f1=0.8202 val_uar=0.8230 lr=2.91e-06
[15:37:57] INFO   ep55: train_loss=0.8608 val_acc=0.8250 val_f1=0.8220 val_uar=0.8250 lr=2.03e-06
[15:38:06] INFO   ep56: train_loss=0.8610 val_acc=0.8240 val_f1=0.8210 val_uar=0.8240 lr=1.30e-06
[15:38:15] INFO   ep57: train_loss=0.8608 val_acc=0.8230 val_f1=0.8202 val_uar=0.8230 lr=7.32e-07
[15:38:24] INFO   ep58: train_loss=0.8617 val_acc=0.8240 val_f1=0.8208 val_uar=0.8240 lr=3.26e-07
[15:38:33] INFO   ep59: train_loss=0.8606 val_acc=0.8240 val_f1=0.8210 val_uar=0.8240 lr=8.15e-08
[15:38:42] INFO   ep60: train_loss=0.8609 val_acc=0.8230 val_f1=0.8200 val_uar=0.8230 lr=0.00e+00
[15:38:42] INFO [done] convnext_tiny_gray best_val_acc=0.8260 lr_used=0.0001 ckpt=checkpoints\cub200_convnext_tiny_gray_seed1.pt time=9.3min
[15:38:44] INFO   [E1] eval clean + per colorfulness bin
[15:38:59] INFO   [E2] eval perturbasi warna
[15:43:14] INFO   done convnext_tiny_gray seed1
[15:43:14] INFO ==== cub200 / convnext_tiny_gray / seed2 (recipe=adamw gray=True) ====
[15:43:14] INFO [train] cub200/convnext_tiny_gray/seed2 recipe=adamw opt=adamw lr=0.0001 wd=0.05 grayscale=True epochs=60 device=cuda n_train=4994 n_val=1000 bs=64 accum=1
[15:43:38] INFO   ep1: train_loss=4.9724 val_acc=0.2310 val_f1=0.1950 val_uar=0.2310 lr=4.00e-05
[15:43:47] INFO   ep2: train_loss=2.8787 val_acc=0.6230 val_f1=0.5973 val_uar=0.6230 lr=6.00e-05
[15:43:55] INFO   ep3: train_loss=1.7532 val_acc=0.6830 val_f1=0.6731 val_uar=0.6830 lr=8.00e-05
[15:44:04] INFO   ep4: train_loss=1.3978 val_acc=0.7370 val_f1=0.7269 val_uar=0.7370 lr=1.00e-04
[15:44:13] INFO   ep5: train_loss=1.2303 val_acc=0.7160 val_f1=0.7065 val_uar=0.7160 lr=1.00e-04
[15:44:22] INFO   ep6: train_loss=1.1218 val_acc=0.7480 val_f1=0.7402 val_uar=0.7480 lr=9.99e-05
[15:44:31] INFO   ep7: train_loss=1.0292 val_acc=0.7650 val_f1=0.7594 val_uar=0.7650 lr=9.97e-05
[15:44:40] INFO   ep8: train_loss=0.9782 val_acc=0.7820 val_f1=0.7780 val_uar=0.7820 lr=9.93e-05
[15:44:49] INFO   ep9: train_loss=0.9577 val_acc=0.7710 val_f1=0.7673 val_uar=0.7710 lr=9.87e-05
[15:44:58] INFO   ep10: train_loss=0.9394 val_acc=0.7990 val_f1=0.7945 val_uar=0.7990 lr=9.80e-05
[15:45:07] INFO   ep11: train_loss=0.9306 val_acc=0.7910 val_f1=0.7867 val_uar=0.7910 lr=9.71e-05
[15:45:15] INFO   ep12: train_loss=0.9148 val_acc=0.7950 val_f1=0.7924 val_uar=0.7950 lr=9.61e-05
[15:45:24] INFO   ep13: train_loss=0.9079 val_acc=0.8010 val_f1=0.7985 val_uar=0.8010 lr=9.49e-05
[15:45:33] INFO   ep14: train_loss=0.9024 val_acc=0.8030 val_f1=0.7989 val_uar=0.8030 lr=9.35e-05
[15:45:42] INFO   ep15: train_loss=0.8988 val_acc=0.8050 val_f1=0.8017 val_uar=0.8050 lr=9.21e-05
[15:45:52] INFO   ep16: train_loss=0.8935 val_acc=0.8070 val_f1=0.8035 val_uar=0.8070 lr=9.05e-05
[15:46:01] INFO   ep17: train_loss=0.8952 val_acc=0.8040 val_f1=0.7989 val_uar=0.8040 lr=8.87e-05
[15:46:09] INFO   ep18: train_loss=0.8937 val_acc=0.8060 val_f1=0.8021 val_uar=0.8060 lr=8.68e-05
[15:46:18] INFO   ep19: train_loss=0.8943 val_acc=0.8160 val_f1=0.8116 val_uar=0.8160 lr=8.48e-05
[15:46:27] INFO   ep20: train_loss=0.8884 val_acc=0.8140 val_f1=0.8097 val_uar=0.8140 lr=8.27e-05
[15:46:36] INFO   ep21: train_loss=0.8895 val_acc=0.8000 val_f1=0.7973 val_uar=0.8000 lr=8.05e-05
[15:46:45] INFO   ep22: train_loss=0.8899 val_acc=0.8060 val_f1=0.8023 val_uar=0.8060 lr=7.82e-05
[15:46:54] INFO   ep23: train_loss=0.8858 val_acc=0.8020 val_f1=0.8001 val_uar=0.8020 lr=7.58e-05
[15:47:03] INFO   ep24: train_loss=0.8841 val_acc=0.8150 val_f1=0.8089 val_uar=0.8150 lr=7.33e-05
[15:47:12] INFO   ep25: train_loss=0.8825 val_acc=0.8020 val_f1=0.7991 val_uar=0.8020 lr=7.08e-05
[15:47:21] INFO   ep26: train_loss=0.8869 val_acc=0.8050 val_f1=0.8000 val_uar=0.8050 lr=6.81e-05
[15:47:30] INFO   ep27: train_loss=0.8807 val_acc=0.8140 val_f1=0.8115 val_uar=0.8140 lr=6.55e-05
[15:47:39] INFO   ep28: train_loss=0.8787 val_acc=0.8100 val_f1=0.8085 val_uar=0.8100 lr=6.27e-05
[15:47:48] INFO   ep29: train_loss=0.8766 val_acc=0.8050 val_f1=0.8016 val_uar=0.8050 lr=5.99e-05
[15:47:57] INFO   ep30: train_loss=0.8880 val_acc=0.7710 val_f1=0.7680 val_uar=0.7710 lr=5.71e-05
[15:48:06] INFO   ep31: train_loss=0.8848 val_acc=0.8070 val_f1=0.8047 val_uar=0.8070 lr=5.43e-05
[15:48:15] INFO   ep32: train_loss=0.8761 val_acc=0.8070 val_f1=0.8037 val_uar=0.8070 lr=5.14e-05
[15:48:24] INFO   ep33: train_loss=0.8716 val_acc=0.8120 val_f1=0.8083 val_uar=0.8120 lr=4.86e-05
[15:48:33] INFO   ep34: train_loss=0.8694 val_acc=0.8130 val_f1=0.8087 val_uar=0.8130 lr=4.57e-05
[15:48:42] INFO   ep35: train_loss=0.8688 val_acc=0.8160 val_f1=0.8114 val_uar=0.8160 lr=4.29e-05
[15:48:51] INFO   ep36: train_loss=0.8684 val_acc=0.8120 val_f1=0.8079 val_uar=0.8120 lr=4.01e-05
[15:49:00] INFO   ep37: train_loss=0.8683 val_acc=0.8160 val_f1=0.8124 val_uar=0.8160 lr=3.73e-05
[15:49:09] INFO   ep38: train_loss=0.8672 val_acc=0.8110 val_f1=0.8074 val_uar=0.8110 lr=3.45e-05
[15:49:18] INFO   ep39: train_loss=0.8673 val_acc=0.8180 val_f1=0.8142 val_uar=0.8180 lr=3.19e-05
[15:49:28] INFO   ep40: train_loss=0.8662 val_acc=0.8100 val_f1=0.8046 val_uar=0.8100 lr=2.92e-05
[15:49:37] INFO   ep41: train_loss=0.8663 val_acc=0.8090 val_f1=0.8057 val_uar=0.8090 lr=2.67e-05
[15:49:46] INFO   ep42: train_loss=0.8651 val_acc=0.8140 val_f1=0.8106 val_uar=0.8140 lr=2.42e-05
[15:49:55] INFO   ep43: train_loss=0.8644 val_acc=0.8100 val_f1=0.8062 val_uar=0.8100 lr=2.18e-05
[15:50:04] INFO   ep44: train_loss=0.8647 val_acc=0.8100 val_f1=0.8070 val_uar=0.8100 lr=1.95e-05
[15:50:13] INFO   ep45: train_loss=0.8629 val_acc=0.8150 val_f1=0.8106 val_uar=0.8150 lr=1.73e-05
[15:50:22] INFO   ep46: train_loss=0.8631 val_acc=0.8080 val_f1=0.8037 val_uar=0.8080 lr=1.52e-05
[15:50:31] INFO   ep47: train_loss=0.8638 val_acc=0.8190 val_f1=0.8141 val_uar=0.8190 lr=1.32e-05
[15:50:40] INFO   ep48: train_loss=0.8628 val_acc=0.8170 val_f1=0.8129 val_uar=0.8170 lr=1.13e-05
[15:50:49] INFO   ep49: train_loss=0.8620 val_acc=0.8150 val_f1=0.8117 val_uar=0.8150 lr=9.55e-06
[15:50:58] INFO   ep50: train_loss=0.8620 val_acc=0.8160 val_f1=0.8121 val_uar=0.8160 lr=7.94e-06
[15:51:07] INFO   ep51: train_loss=0.8617 val_acc=0.8140 val_f1=0.8097 val_uar=0.8140 lr=6.46e-06
[15:51:16] INFO   ep52: train_loss=0.8615 val_acc=0.8120 val_f1=0.8071 val_uar=0.8120 lr=5.13e-06
[15:51:25] INFO   ep53: train_loss=0.8622 val_acc=0.8170 val_f1=0.8130 val_uar=0.8170 lr=3.94e-06
[15:51:35] INFO   ep54: train_loss=0.8617 val_acc=0.8140 val_f1=0.8093 val_uar=0.8140 lr=2.91e-06
[15:51:44] INFO   ep55: train_loss=0.8611 val_acc=0.8140 val_f1=0.8093 val_uar=0.8140 lr=2.03e-06
[15:51:53] INFO   ep56: train_loss=0.8617 val_acc=0.8140 val_f1=0.8093 val_uar=0.8140 lr=1.30e-06
[15:52:02] INFO   ep57: train_loss=0.8612 val_acc=0.8140 val_f1=0.8097 val_uar=0.8140 lr=7.32e-07
[15:52:11] INFO   ep58: train_loss=0.8611 val_acc=0.8150 val_f1=0.8106 val_uar=0.8150 lr=3.26e-07
[15:52:20] INFO   ep59: train_loss=0.8614 val_acc=0.8150 val_f1=0.8105 val_uar=0.8150 lr=8.15e-08
[15:52:29] INFO   ep60: train_loss=0.8610 val_acc=0.8150 val_f1=0.8105 val_uar=0.8150 lr=0.00e+00
[15:52:29] INFO [done] convnext_tiny_gray best_val_acc=0.8190 lr_used=0.0001 ckpt=checkpoints\cub200_convnext_tiny_gray_seed2.pt time=9.3min
[15:52:30] INFO   [E1] eval clean + per colorfulness bin
[15:52:46] INFO   [E2] eval perturbasi warna
[15:56:56] INFO   done convnext_tiny_gray seed2
[15:56:56] INFO ==== cub200 / convnext_tiny_gray / seed3 (recipe=adamw gray=True) ====
[15:56:56] INFO [train] cub200/convnext_tiny_gray/seed3 recipe=adamw opt=adamw lr=0.0001 wd=0.05 grayscale=True epochs=60 device=cuda n_train=4994 n_val=1000 bs=64 accum=1
[15:57:19] INFO   ep1: train_loss=4.9585 val_acc=0.2470 val_f1=0.2190 val_uar=0.2470 lr=4.00e-05
[15:57:28] INFO   ep2: train_loss=2.8107 val_acc=0.6200 val_f1=0.5898 val_uar=0.6200 lr=6.00e-05
[15:57:37] INFO   ep3: train_loss=1.7838 val_acc=0.6920 val_f1=0.6765 val_uar=0.6920 lr=8.00e-05
[15:57:46] INFO   ep4: train_loss=1.4229 val_acc=0.6980 val_f1=0.6859 val_uar=0.6980 lr=1.00e-04
[15:57:55] INFO   ep5: train_loss=1.2328 val_acc=0.7200 val_f1=0.7105 val_uar=0.7200 lr=1.00e-04
[15:58:04] INFO   ep6: train_loss=1.0921 val_acc=0.7530 val_f1=0.7492 val_uar=0.7530 lr=9.99e-05
[15:58:13] INFO   ep7: train_loss=1.0199 val_acc=0.7490 val_f1=0.7407 val_uar=0.7490 lr=9.97e-05
[15:58:22] INFO   ep8: train_loss=0.9884 val_acc=0.7610 val_f1=0.7571 val_uar=0.7610 lr=9.93e-05
[15:58:31] INFO   ep9: train_loss=0.9657 val_acc=0.7750 val_f1=0.7681 val_uar=0.7750 lr=9.87e-05
[15:58:40] INFO   ep10: train_loss=0.9411 val_acc=0.7790 val_f1=0.7755 val_uar=0.7790 lr=9.80e-05
[15:58:49] INFO   ep11: train_loss=0.9284 val_acc=0.7940 val_f1=0.7899 val_uar=0.7940 lr=9.71e-05
[15:58:58] INFO   ep12: train_loss=0.9155 val_acc=0.7990 val_f1=0.7922 val_uar=0.7990 lr=9.61e-05
[15:59:07] INFO   ep13: train_loss=0.9110 val_acc=0.7950 val_f1=0.7914 val_uar=0.7950 lr=9.49e-05
[15:59:16] INFO   ep14: train_loss=0.9049 val_acc=0.8030 val_f1=0.7989 val_uar=0.8030 lr=9.35e-05
[15:59:25] INFO   ep15: train_loss=0.9003 val_acc=0.7980 val_f1=0.7964 val_uar=0.7980 lr=9.21e-05
[15:59:34] INFO   ep16: train_loss=0.8966 val_acc=0.8130 val_f1=0.8089 val_uar=0.8130 lr=9.05e-05
[15:59:43] INFO   ep17: train_loss=0.8949 val_acc=0.8050 val_f1=0.7976 val_uar=0.8050 lr=8.87e-05
[15:59:52] INFO   ep18: train_loss=0.8904 val_acc=0.8170 val_f1=0.8122 val_uar=0.8170 lr=8.68e-05
[16:00:01] INFO   ep19: train_loss=0.8905 val_acc=0.8140 val_f1=0.8113 val_uar=0.8140 lr=8.48e-05
[16:00:10] INFO   ep20: train_loss=0.8882 val_acc=0.8080 val_f1=0.8047 val_uar=0.8080 lr=8.27e-05
[16:00:19] INFO   ep21: train_loss=0.8902 val_acc=0.7930 val_f1=0.7875 val_uar=0.7930 lr=8.05e-05
[16:00:28] INFO   ep22: train_loss=0.8831 val_acc=0.8140 val_f1=0.8100 val_uar=0.8140 lr=7.82e-05
[16:00:37] INFO   ep23: train_loss=0.8835 val_acc=0.8170 val_f1=0.8122 val_uar=0.8170 lr=7.58e-05
[16:00:46] INFO   ep24: train_loss=0.8853 val_acc=0.8060 val_f1=0.8008 val_uar=0.8060 lr=7.33e-05
[16:00:55] INFO   ep25: train_loss=0.8800 val_acc=0.8110 val_f1=0.8076 val_uar=0.8110 lr=7.08e-05
[16:01:04] INFO   ep26: train_loss=0.8802 val_acc=0.8140 val_f1=0.8096 val_uar=0.8140 lr=6.81e-05
[16:01:13] INFO   ep27: train_loss=0.8778 val_acc=0.8130 val_f1=0.8101 val_uar=0.8130 lr=6.55e-05
[16:01:22] INFO   ep28: train_loss=0.8757 val_acc=0.8180 val_f1=0.8143 val_uar=0.8180 lr=6.27e-05
[16:01:31] INFO   ep29: train_loss=0.8788 val_acc=0.8130 val_f1=0.8087 val_uar=0.8130 lr=5.99e-05
[16:01:40] INFO   ep30: train_loss=0.8753 val_acc=0.8120 val_f1=0.8065 val_uar=0.8120 lr=5.71e-05
[16:01:49] INFO   ep31: train_loss=0.8723 val_acc=0.8190 val_f1=0.8129 val_uar=0.8190 lr=5.43e-05
[16:01:58] INFO   ep32: train_loss=0.8733 val_acc=0.8100 val_f1=0.8065 val_uar=0.8100 lr=5.14e-05
[16:02:07] INFO   ep33: train_loss=0.8732 val_acc=0.8100 val_f1=0.8059 val_uar=0.8100 lr=4.86e-05
[16:02:17] INFO   ep34: train_loss=0.8705 val_acc=0.8080 val_f1=0.8011 val_uar=0.8080 lr=4.57e-05
[16:02:26] INFO   ep35: train_loss=0.8685 val_acc=0.8140 val_f1=0.8090 val_uar=0.8140 lr=4.29e-05
[16:02:35] INFO   ep36: train_loss=0.8676 val_acc=0.8200 val_f1=0.8140 val_uar=0.8200 lr=4.01e-05
[16:02:44] INFO   ep37: train_loss=0.8674 val_acc=0.8260 val_f1=0.8207 val_uar=0.8260 lr=3.73e-05
[16:02:53] INFO   ep38: train_loss=0.8671 val_acc=0.8120 val_f1=0.8076 val_uar=0.8120 lr=3.45e-05
[16:03:02] INFO   ep39: train_loss=0.8658 val_acc=0.8280 val_f1=0.8233 val_uar=0.8280 lr=3.19e-05
[16:03:11] INFO   ep40: train_loss=0.8658 val_acc=0.8210 val_f1=0.8143 val_uar=0.8210 lr=2.92e-05
[16:03:21] INFO   ep41: train_loss=0.8659 val_acc=0.8290 val_f1=0.8253 val_uar=0.8290 lr=2.67e-05
[16:03:30] INFO   ep42: train_loss=0.8644 val_acc=0.8250 val_f1=0.8201 val_uar=0.8250 lr=2.42e-05
[16:03:39] INFO   ep43: train_loss=0.8645 val_acc=0.8160 val_f1=0.8106 val_uar=0.8160 lr=2.18e-05
[16:03:48] INFO   ep44: train_loss=0.8651 val_acc=0.8170 val_f1=0.8130 val_uar=0.8170 lr=1.95e-05
[16:03:57] INFO   ep45: train_loss=0.8639 val_acc=0.8240 val_f1=0.8205 val_uar=0.8240 lr=1.73e-05
[16:04:06] INFO   ep46: train_loss=0.8635 val_acc=0.8270 val_f1=0.8228 val_uar=0.8270 lr=1.52e-05
[16:04:15] INFO   ep47: train_loss=0.8629 val_acc=0.8260 val_f1=0.8217 val_uar=0.8260 lr=1.32e-05
[16:04:24] INFO   ep48: train_loss=0.8621 val_acc=0.8320 val_f1=0.8273 val_uar=0.8320 lr=1.13e-05
[16:04:34] INFO   ep49: train_loss=0.8622 val_acc=0.8320 val_f1=0.8278 val_uar=0.8320 lr=9.55e-06
[16:04:43] INFO   ep50: train_loss=0.8621 val_acc=0.8290 val_f1=0.8252 val_uar=0.8290 lr=7.94e-06
[16:04:52] INFO   ep51: train_loss=0.8616 val_acc=0.8280 val_f1=0.8234 val_uar=0.8280 lr=6.46e-06
[16:05:01] INFO   ep52: train_loss=0.8613 val_acc=0.8350 val_f1=0.8314 val_uar=0.8350 lr=5.13e-06
[16:05:10] INFO   ep53: train_loss=0.8614 val_acc=0.8280 val_f1=0.8240 val_uar=0.8280 lr=3.94e-06
[16:05:20] INFO   ep54: train_loss=0.8614 val_acc=0.8300 val_f1=0.8257 val_uar=0.8300 lr=2.91e-06
[16:05:29] INFO   ep55: train_loss=0.8611 val_acc=0.8300 val_f1=0.8257 val_uar=0.8300 lr=2.03e-06
[16:05:38] INFO   ep56: train_loss=0.8609 val_acc=0.8310 val_f1=0.8270 val_uar=0.8310 lr=1.30e-06
[16:05:47] INFO   ep57: train_loss=0.8613 val_acc=0.8310 val_f1=0.8269 val_uar=0.8310 lr=7.32e-07
[16:05:57] INFO   ep58: train_loss=0.8608 val_acc=0.8320 val_f1=0.8280 val_uar=0.8320 lr=3.26e-07
[16:06:06] INFO   ep59: train_loss=0.8621 val_acc=0.8310 val_f1=0.8270 val_uar=0.8310 lr=8.15e-08
[16:06:15] INFO   ep60: train_loss=0.8615 val_acc=0.8310 val_f1=0.8270 val_uar=0.8310 lr=0.00e+00
[16:06:15] INFO [done] convnext_tiny_gray best_val_acc=0.8350 lr_used=0.0001 ckpt=checkpoints\cub200_convnext_tiny_gray_seed3.pt time=9.3min
[16:06:16] INFO   [E1] eval clean + per colorfulness bin
[16:06:32] INFO   [E2] eval perturbasi warna
[16:10:46] INFO   done convnext_tiny_gray seed3
[16:10:46] INFO ==== cub200 / convnext_tiny_gray / seed4 (recipe=adamw gray=True) ====
[16:10:46] INFO [train] cub200/convnext_tiny_gray/seed4 recipe=adamw opt=adamw lr=0.0001 wd=0.05 grayscale=True epochs=60 device=cuda n_train=4994 n_val=1000 bs=64 accum=1
[16:11:10] INFO   ep1: train_loss=4.9186 val_acc=0.2950 val_f1=0.2503 val_uar=0.2950 lr=4.00e-05
[16:11:18] INFO   ep2: train_loss=2.7058 val_acc=0.6490 val_f1=0.6244 val_uar=0.6490 lr=6.00e-05
[16:11:27] INFO   ep3: train_loss=1.6916 val_acc=0.7130 val_f1=0.6995 val_uar=0.7130 lr=8.00e-05
[16:11:36] INFO   ep4: train_loss=1.3929 val_acc=0.7320 val_f1=0.7215 val_uar=0.7320 lr=1.00e-04
[16:11:45] INFO   ep5: train_loss=1.2432 val_acc=0.7470 val_f1=0.7373 val_uar=0.7470 lr=1.00e-04
[16:11:53] INFO   ep6: train_loss=1.0901 val_acc=0.7610 val_f1=0.7538 val_uar=0.7610 lr=9.99e-05
[16:12:03] INFO   ep7: train_loss=1.0220 val_acc=0.7600 val_f1=0.7517 val_uar=0.7600 lr=9.97e-05
[16:12:12] INFO   ep8: train_loss=0.9886 val_acc=0.7730 val_f1=0.7667 val_uar=0.7730 lr=9.93e-05
[16:12:21] INFO   ep9: train_loss=0.9715 val_acc=0.7870 val_f1=0.7828 val_uar=0.7870 lr=9.87e-05
[16:12:30] INFO   ep10: train_loss=0.9408 val_acc=0.7920 val_f1=0.7872 val_uar=0.7920 lr=9.80e-05
[16:12:40] INFO   ep11: train_loss=0.9251 val_acc=0.7830 val_f1=0.7796 val_uar=0.7830 lr=9.71e-05
[16:12:49] INFO   ep12: train_loss=0.9185 val_acc=0.8010 val_f1=0.7980 val_uar=0.8010 lr=9.61e-05
[16:12:58] INFO   ep13: train_loss=0.9133 val_acc=0.8040 val_f1=0.8004 val_uar=0.8040 lr=9.49e-05
[16:13:08] INFO   ep14: train_loss=0.9059 val_acc=0.8030 val_f1=0.7978 val_uar=0.8030 lr=9.35e-05
[16:13:17] INFO   ep15: train_loss=0.9061 val_acc=0.8060 val_f1=0.8035 val_uar=0.8060 lr=9.21e-05
[16:13:26] INFO   ep16: train_loss=0.8988 val_acc=0.8150 val_f1=0.8125 val_uar=0.8150 lr=9.05e-05
[16:13:36] INFO   ep17: train_loss=0.8960 val_acc=0.8030 val_f1=0.7984 val_uar=0.8030 lr=8.87e-05
[16:13:45] INFO   ep18: train_loss=0.8978 val_acc=0.8170 val_f1=0.8129 val_uar=0.8170 lr=8.68e-05
[16:13:55] INFO   ep19: train_loss=0.8931 val_acc=0.8190 val_f1=0.8174 val_uar=0.8190 lr=8.48e-05
[16:14:04] INFO   ep20: train_loss=0.8914 val_acc=0.8050 val_f1=0.7996 val_uar=0.8050 lr=8.27e-05
[16:14:14] INFO   ep21: train_loss=0.8875 val_acc=0.8140 val_f1=0.8108 val_uar=0.8140 lr=8.05e-05
[16:14:23] INFO   ep22: train_loss=0.8836 val_acc=0.8100 val_f1=0.8043 val_uar=0.8100 lr=7.82e-05
[16:14:33] INFO   ep23: train_loss=0.8864 val_acc=0.8090 val_f1=0.8045 val_uar=0.8090 lr=7.58e-05
[16:14:42] INFO   ep24: train_loss=0.8837 val_acc=0.8050 val_f1=0.8029 val_uar=0.8050 lr=7.33e-05
[16:14:51] INFO   ep25: train_loss=0.8853 val_acc=0.8220 val_f1=0.8193 val_uar=0.8220 lr=7.08e-05
[16:15:01] INFO   ep26: train_loss=0.8823 val_acc=0.8130 val_f1=0.8111 val_uar=0.8130 lr=6.81e-05
[16:15:10] INFO   ep27: train_loss=0.8795 val_acc=0.8210 val_f1=0.8155 val_uar=0.8210 lr=6.55e-05
[16:15:19] INFO   ep28: train_loss=0.8785 val_acc=0.8210 val_f1=0.8158 val_uar=0.8210 lr=6.27e-05
[16:15:29] INFO   ep29: train_loss=0.8764 val_acc=0.8160 val_f1=0.8124 val_uar=0.8160 lr=5.99e-05
[16:15:38] INFO   ep30: train_loss=0.8736 val_acc=0.8190 val_f1=0.8159 val_uar=0.8190 lr=5.71e-05
[16:15:48] INFO   ep31: train_loss=0.8727 val_acc=0.8140 val_f1=0.8116 val_uar=0.8140 lr=5.43e-05
[16:15:58] INFO   ep32: train_loss=0.8721 val_acc=0.8240 val_f1=0.8204 val_uar=0.8240 lr=5.14e-05
[16:16:08] INFO   ep33: train_loss=0.8699 val_acc=0.8230 val_f1=0.8203 val_uar=0.8230 lr=4.86e-05
[16:16:17] INFO   ep34: train_loss=0.8690 val_acc=0.8270 val_f1=0.8228 val_uar=0.8270 lr=4.57e-05
[16:16:26] INFO   ep35: train_loss=0.8681 val_acc=0.8250 val_f1=0.8211 val_uar=0.8250 lr=4.29e-05
[16:16:36] INFO   ep36: train_loss=0.8679 val_acc=0.8290 val_f1=0.8251 val_uar=0.8290 lr=4.01e-05
[16:16:45] INFO   ep37: train_loss=0.8670 val_acc=0.8270 val_f1=0.8231 val_uar=0.8270 lr=3.73e-05
[16:16:54] INFO   ep38: train_loss=0.8667 val_acc=0.8140 val_f1=0.8098 val_uar=0.8140 lr=3.45e-05
[16:17:04] INFO   ep39: train_loss=0.8655 val_acc=0.8220 val_f1=0.8182 val_uar=0.8220 lr=3.19e-05
[16:17:13] INFO   ep40: train_loss=0.8659 val_acc=0.8250 val_f1=0.8217 val_uar=0.8250 lr=2.92e-05
[16:17:22] INFO   ep41: train_loss=0.8672 val_acc=0.8170 val_f1=0.8126 val_uar=0.8170 lr=2.67e-05
[16:17:31] INFO   ep42: train_loss=0.8672 val_acc=0.8290 val_f1=0.8252 val_uar=0.8290 lr=2.42e-05
[16:17:41] INFO   ep43: train_loss=0.8643 val_acc=0.8270 val_f1=0.8235 val_uar=0.8270 lr=2.18e-05
[16:17:50] INFO   ep44: train_loss=0.8641 val_acc=0.8290 val_f1=0.8261 val_uar=0.8290 lr=1.95e-05
[16:17:59] INFO   ep45: train_loss=0.8631 val_acc=0.8230 val_f1=0.8195 val_uar=0.8230 lr=1.73e-05
[16:18:08] INFO   ep46: train_loss=0.8643 val_acc=0.8310 val_f1=0.8278 val_uar=0.8310 lr=1.52e-05
[16:18:18] INFO   ep47: train_loss=0.8645 val_acc=0.8270 val_f1=0.8233 val_uar=0.8270 lr=1.32e-05
[16:18:27] INFO   ep48: train_loss=0.8640 val_acc=0.8280 val_f1=0.8234 val_uar=0.8280 lr=1.13e-05
[16:18:36] INFO   ep49: train_loss=0.8631 val_acc=0.8240 val_f1=0.8213 val_uar=0.8240 lr=9.55e-06
[16:18:46] INFO   ep50: train_loss=0.8625 val_acc=0.8270 val_f1=0.8232 val_uar=0.8270 lr=7.94e-06
[16:18:55] INFO   ep51: train_loss=0.8618 val_acc=0.8270 val_f1=0.8241 val_uar=0.8270 lr=6.46e-06
[16:19:05] INFO   ep52: train_loss=0.8615 val_acc=0.8310 val_f1=0.8282 val_uar=0.8310 lr=5.13e-06
[16:19:14] INFO   ep53: train_loss=0.8626 val_acc=0.8290 val_f1=0.8259 val_uar=0.8290 lr=3.94e-06
[16:19:24] INFO   ep54: train_loss=0.8626 val_acc=0.8310 val_f1=0.8273 val_uar=0.8310 lr=2.91e-06
[16:19:33] INFO   ep55: train_loss=0.8618 val_acc=0.8290 val_f1=0.8260 val_uar=0.8290 lr=2.03e-06
[16:19:42] INFO   ep56: train_loss=0.8612 val_acc=0.8310 val_f1=0.8283 val_uar=0.8310 lr=1.30e-06
[16:19:51] INFO   ep57: train_loss=0.8613 val_acc=0.8290 val_f1=0.8260 val_uar=0.8290 lr=7.32e-07
[16:20:01] INFO   ep58: train_loss=0.8616 val_acc=0.8320 val_f1=0.8290 val_uar=0.8320 lr=3.26e-07
[16:20:10] INFO   ep59: train_loss=0.8613 val_acc=0.8320 val_f1=0.8290 val_uar=0.8320 lr=8.15e-08
[16:20:19] INFO   ep60: train_loss=0.8626 val_acc=0.8330 val_f1=0.8301 val_uar=0.8330 lr=0.00e+00
[16:20:19] INFO [done] convnext_tiny_gray best_val_acc=0.8330 lr_used=0.0001 ckpt=checkpoints\cub200_convnext_tiny_gray_seed4.pt time=9.6min
[16:20:21] INFO   [E1] eval clean + per colorfulness bin
[16:20:38] INFO   [E2] eval perturbasi warna
[16:24:56] INFO   done convnext_tiny_gray seed4
[16:24:56] INFO ALL DONE
[16:25:02] INFO dataset=cub200 models=['vit_small'] seeds=[0, 1, 2, 3, 4] epochs=None recipe=adamw
[16:25:02] INFO ==== cub200 / vit_small_gray / seed0 (recipe=adamw gray=True) ====
[16:25:03] INFO [train] cub200/vit_small_gray/seed0 recipe=adamw opt=adamw lr=0.0001 wd=0.05 grayscale=True epochs=60 device=cuda n_train=4994 n_val=1000 bs=64 accum=1
[16:25:25] INFO   ep1: train_loss=5.3761 val_acc=0.0450 val_f1=0.0377 val_uar=0.0450 lr=4.00e-05
[16:25:34] INFO   ep2: train_loss=4.4092 val_acc=0.2730 val_f1=0.2313 val_uar=0.2730 lr=6.00e-05
[16:25:41] INFO   ep3: train_loss=3.1370 val_acc=0.5090 val_f1=0.4797 val_uar=0.5090 lr=8.00e-05
[16:25:49] INFO   ep4: train_loss=2.2740 val_acc=0.6000 val_f1=0.5801 val_uar=0.6000 lr=1.00e-04
[16:25:57] INFO   ep5: train_loss=1.8036 val_acc=0.6630 val_f1=0.6501 val_uar=0.6630 lr=1.00e-04
[16:26:04] INFO   ep6: train_loss=1.4986 val_acc=0.6860 val_f1=0.6782 val_uar=0.6860 lr=9.99e-05
[16:26:12] INFO   ep7: train_loss=1.2985 val_acc=0.6800 val_f1=0.6742 val_uar=0.6800 lr=9.97e-05
[16:26:20] INFO   ep8: train_loss=1.1759 val_acc=0.6840 val_f1=0.6790 val_uar=0.6840 lr=9.93e-05
[16:26:27] INFO   ep9: train_loss=1.1004 val_acc=0.6990 val_f1=0.6953 val_uar=0.6990 lr=9.87e-05
[16:26:35] INFO   ep10: train_loss=1.0374 val_acc=0.7080 val_f1=0.7014 val_uar=0.7080 lr=9.80e-05
[16:26:43] INFO   ep11: train_loss=1.0039 val_acc=0.7000 val_f1=0.6934 val_uar=0.7000 lr=9.71e-05
[16:26:50] INFO   ep12: train_loss=0.9857 val_acc=0.6940 val_f1=0.6886 val_uar=0.6940 lr=9.61e-05
[16:26:58] INFO   ep13: train_loss=0.9679 val_acc=0.7080 val_f1=0.6996 val_uar=0.7080 lr=9.49e-05
[16:27:05] INFO   ep14: train_loss=0.9639 val_acc=0.7000 val_f1=0.6941 val_uar=0.7000 lr=9.35e-05
[16:27:13] INFO   ep15: train_loss=0.9484 val_acc=0.7090 val_f1=0.7003 val_uar=0.7090 lr=9.21e-05
[16:27:21] INFO   ep16: train_loss=0.9434 val_acc=0.7060 val_f1=0.6993 val_uar=0.7060 lr=9.05e-05
[16:27:28] INFO   ep17: train_loss=0.9394 val_acc=0.7080 val_f1=0.7029 val_uar=0.7080 lr=8.87e-05
[16:27:36] INFO   ep18: train_loss=0.9318 val_acc=0.7170 val_f1=0.7112 val_uar=0.7170 lr=8.68e-05
[16:27:44] INFO   ep19: train_loss=0.9270 val_acc=0.7160 val_f1=0.7089 val_uar=0.7160 lr=8.48e-05
[16:27:51] INFO   ep20: train_loss=0.9254 val_acc=0.7100 val_f1=0.7034 val_uar=0.7100 lr=8.27e-05
[16:27:59] INFO   ep21: train_loss=0.9199 val_acc=0.7240 val_f1=0.7162 val_uar=0.7240 lr=8.05e-05
[16:28:07] INFO   ep22: train_loss=0.9151 val_acc=0.7320 val_f1=0.7250 val_uar=0.7320 lr=7.82e-05
[16:28:15] INFO   ep23: train_loss=0.9132 val_acc=0.7270 val_f1=0.7168 val_uar=0.7270 lr=7.58e-05
[16:28:24] INFO   ep24: train_loss=0.9095 val_acc=0.7150 val_f1=0.7117 val_uar=0.7150 lr=7.33e-05
[16:28:32] INFO   ep25: train_loss=0.9079 val_acc=0.7180 val_f1=0.7120 val_uar=0.7180 lr=7.08e-05
[16:28:40] INFO   ep26: train_loss=0.9053 val_acc=0.7160 val_f1=0.7096 val_uar=0.7160 lr=6.81e-05
[16:28:49] INFO   ep27: train_loss=0.9036 val_acc=0.7200 val_f1=0.7155 val_uar=0.7200 lr=6.55e-05
[16:28:57] INFO   ep28: train_loss=0.9024 val_acc=0.7190 val_f1=0.7105 val_uar=0.7190 lr=6.27e-05
[16:29:05] INFO   ep29: train_loss=0.9012 val_acc=0.7270 val_f1=0.7185 val_uar=0.7270 lr=5.99e-05
[16:29:14] INFO   ep30: train_loss=0.9007 val_acc=0.7260 val_f1=0.7175 val_uar=0.7260 lr=5.71e-05
[16:29:21] INFO   ep31: train_loss=0.8965 val_acc=0.7250 val_f1=0.7197 val_uar=0.7250 lr=5.43e-05
[16:29:29] INFO   ep32: train_loss=0.8969 val_acc=0.7190 val_f1=0.7122 val_uar=0.7190 lr=5.14e-05
[16:29:37] INFO   ep33: train_loss=0.8941 val_acc=0.7270 val_f1=0.7222 val_uar=0.7270 lr=4.86e-05
[16:29:45] INFO   ep34: train_loss=0.8938 val_acc=0.7320 val_f1=0.7246 val_uar=0.7320 lr=4.57e-05
[16:29:52] INFO   ep35: train_loss=0.8908 val_acc=0.7300 val_f1=0.7220 val_uar=0.7300 lr=4.29e-05
[16:30:00] INFO   ep36: train_loss=0.8901 val_acc=0.7290 val_f1=0.7220 val_uar=0.7290 lr=4.01e-05
[16:30:08] INFO   ep37: train_loss=0.8915 val_acc=0.7350 val_f1=0.7271 val_uar=0.7350 lr=3.73e-05
[16:30:16] INFO   ep38: train_loss=0.8891 val_acc=0.7300 val_f1=0.7228 val_uar=0.7300 lr=3.45e-05
[16:30:24] INFO   ep39: train_loss=0.8885 val_acc=0.7240 val_f1=0.7184 val_uar=0.7240 lr=3.19e-05
[16:30:31] INFO   ep40: train_loss=0.8868 val_acc=0.7220 val_f1=0.7157 val_uar=0.7220 lr=2.92e-05
[16:30:40] INFO   ep41: train_loss=0.8859 val_acc=0.7210 val_f1=0.7140 val_uar=0.7210 lr=2.67e-05
[16:30:49] INFO   ep42: train_loss=0.8845 val_acc=0.7280 val_f1=0.7204 val_uar=0.7280 lr=2.42e-05
[16:30:57] INFO   ep43: train_loss=0.8840 val_acc=0.7330 val_f1=0.7246 val_uar=0.7330 lr=2.18e-05
[16:31:05] INFO   ep44: train_loss=0.8835 val_acc=0.7270 val_f1=0.7201 val_uar=0.7270 lr=1.95e-05
[16:31:14] INFO   ep45: train_loss=0.8832 val_acc=0.7250 val_f1=0.7182 val_uar=0.7250 lr=1.73e-05
[16:31:22] INFO   ep46: train_loss=0.8827 val_acc=0.7250 val_f1=0.7169 val_uar=0.7250 lr=1.52e-05
[16:31:30] INFO   ep47: train_loss=0.8815 val_acc=0.7240 val_f1=0.7162 val_uar=0.7240 lr=1.32e-05
[16:31:38] INFO   ep48: train_loss=0.8822 val_acc=0.7260 val_f1=0.7180 val_uar=0.7260 lr=1.13e-05
[16:31:46] INFO   ep49: train_loss=0.8813 val_acc=0.7240 val_f1=0.7168 val_uar=0.7240 lr=9.55e-06
[16:31:54] INFO   ep50: train_loss=0.8804 val_acc=0.7360 val_f1=0.7299 val_uar=0.7360 lr=7.94e-06
[16:32:03] INFO   ep51: train_loss=0.8806 val_acc=0.7290 val_f1=0.7228 val_uar=0.7290 lr=6.46e-06
[16:32:11] INFO   ep52: train_loss=0.8812 val_acc=0.7270 val_f1=0.7202 val_uar=0.7270 lr=5.13e-06
[16:32:19] INFO   ep53: train_loss=0.8796 val_acc=0.7310 val_f1=0.7241 val_uar=0.7310 lr=3.94e-06
[16:32:27] INFO   ep54: train_loss=0.8807 val_acc=0.7290 val_f1=0.7217 val_uar=0.7290 lr=2.91e-06
[16:32:35] INFO   ep55: train_loss=0.8798 val_acc=0.7220 val_f1=0.7145 val_uar=0.7220 lr=2.03e-06
[16:32:44] INFO   ep56: train_loss=0.8789 val_acc=0.7270 val_f1=0.7193 val_uar=0.7270 lr=1.30e-06
[16:32:52] INFO   ep57: train_loss=0.8790 val_acc=0.7280 val_f1=0.7205 val_uar=0.7280 lr=7.32e-07
[16:33:00] INFO   ep58: train_loss=0.8787 val_acc=0.7270 val_f1=0.7197 val_uar=0.7270 lr=3.26e-07
[16:33:09] INFO   ep59: train_loss=0.8787 val_acc=0.7270 val_f1=0.7187 val_uar=0.7270 lr=8.15e-08
[16:33:18] INFO   ep60: train_loss=0.8787 val_acc=0.7270 val_f1=0.7185 val_uar=0.7270 lr=0.00e+00
[16:33:18] INFO [done] vit_small_gray best_val_acc=0.7360 lr_used=0.0001 ckpt=checkpoints\cub200_vit_small_gray_seed0.pt time=8.3min
[16:33:20] INFO   [E1] eval clean + per colorfulness bin
[16:33:36] INFO   [E2] eval perturbasi warna
[16:37:51] INFO   done vit_small_gray seed0
[16:37:51] INFO ==== cub200 / vit_small_gray / seed1 (recipe=adamw gray=True) ====
[16:37:51] INFO [train] cub200/vit_small_gray/seed1 recipe=adamw opt=adamw lr=0.0001 wd=0.05 grayscale=True epochs=60 device=cuda n_train=4994 n_val=1000 bs=64 accum=1
[16:38:15] INFO   ep1: train_loss=5.2941 val_acc=0.0510 val_f1=0.0417 val_uar=0.0510 lr=4.00e-05
[16:38:25] INFO   ep2: train_loss=4.1897 val_acc=0.3060 val_f1=0.2687 val_uar=0.3060 lr=6.00e-05
[16:38:34] INFO   ep3: train_loss=2.9814 val_acc=0.5160 val_f1=0.4874 val_uar=0.5160 lr=8.00e-05
[16:38:42] INFO   ep4: train_loss=2.1783 val_acc=0.5980 val_f1=0.5805 val_uar=0.5980 lr=1.00e-04
[16:38:50] INFO   ep5: train_loss=1.7657 val_acc=0.6410 val_f1=0.6281 val_uar=0.6410 lr=1.00e-04
[16:38:58] INFO   ep6: train_loss=1.4753 val_acc=0.6760 val_f1=0.6656 val_uar=0.6760 lr=9.99e-05
[16:39:06] INFO   ep7: train_loss=1.2936 val_acc=0.6960 val_f1=0.6888 val_uar=0.6960 lr=9.97e-05
[16:39:14] INFO   ep8: train_loss=1.1791 val_acc=0.6940 val_f1=0.6826 val_uar=0.6940 lr=9.93e-05
[16:39:23] INFO   ep9: train_loss=1.0883 val_acc=0.7120 val_f1=0.7053 val_uar=0.7120 lr=9.87e-05
[16:39:31] INFO   ep10: train_loss=1.0408 val_acc=0.6890 val_f1=0.6823 val_uar=0.6890 lr=9.80e-05
[16:39:40] INFO   ep11: train_loss=1.0017 val_acc=0.7020 val_f1=0.6954 val_uar=0.7020 lr=9.71e-05
[16:39:49] INFO   ep12: train_loss=0.9858 val_acc=0.7120 val_f1=0.7062 val_uar=0.7120 lr=9.61e-05
[16:39:57] INFO   ep13: train_loss=0.9710 val_acc=0.7070 val_f1=0.7004 val_uar=0.7070 lr=9.49e-05
[16:40:05] INFO   ep14: train_loss=0.9631 val_acc=0.7070 val_f1=0.7029 val_uar=0.7070 lr=9.35e-05
[16:40:13] INFO   ep15: train_loss=0.9521 val_acc=0.7150 val_f1=0.7134 val_uar=0.7150 lr=9.21e-05
[16:40:21] INFO   ep16: train_loss=0.9415 val_acc=0.7090 val_f1=0.7044 val_uar=0.7090 lr=9.05e-05
[16:40:29] INFO   ep17: train_loss=0.9356 val_acc=0.7210 val_f1=0.7121 val_uar=0.7210 lr=8.87e-05
[16:40:37] INFO   ep18: train_loss=0.9309 val_acc=0.7090 val_f1=0.7056 val_uar=0.7090 lr=8.68e-05
[16:40:45] INFO   ep19: train_loss=0.9293 val_acc=0.7090 val_f1=0.7049 val_uar=0.7090 lr=8.48e-05
[16:40:53] INFO   ep20: train_loss=0.9218 val_acc=0.7110 val_f1=0.7092 val_uar=0.7110 lr=8.27e-05
[16:41:01] INFO   ep21: train_loss=0.9189 val_acc=0.7370 val_f1=0.7301 val_uar=0.7370 lr=8.05e-05
[16:41:09] INFO   ep22: train_loss=0.9168 val_acc=0.7230 val_f1=0.7174 val_uar=0.7230 lr=7.82e-05
[16:41:17] INFO   ep23: train_loss=0.9188 val_acc=0.7190 val_f1=0.7118 val_uar=0.7190 lr=7.58e-05
[16:41:25] INFO   ep24: train_loss=0.9127 val_acc=0.7240 val_f1=0.7171 val_uar=0.7240 lr=7.33e-05
[16:41:33] INFO   ep25: train_loss=0.9093 val_acc=0.7220 val_f1=0.7183 val_uar=0.7220 lr=7.08e-05
[16:41:41] INFO   ep26: train_loss=0.9091 val_acc=0.7260 val_f1=0.7197 val_uar=0.7260 lr=6.81e-05
[16:41:49] INFO   ep27: train_loss=0.9081 val_acc=0.7080 val_f1=0.7018 val_uar=0.7080 lr=6.55e-05
[16:41:57] INFO   ep28: train_loss=0.9078 val_acc=0.7180 val_f1=0.7110 val_uar=0.7180 lr=6.27e-05
[16:42:05] INFO   ep29: train_loss=0.9041 val_acc=0.7240 val_f1=0.7159 val_uar=0.7240 lr=5.99e-05
[16:42:13] INFO   ep30: train_loss=0.9007 val_acc=0.7110 val_f1=0.7045 val_uar=0.7110 lr=5.71e-05
[16:42:21] INFO   ep31: train_loss=0.8996 val_acc=0.7350 val_f1=0.7270 val_uar=0.7350 lr=5.43e-05
[16:42:29] INFO   ep32: train_loss=0.8971 val_acc=0.7170 val_f1=0.7104 val_uar=0.7170 lr=5.14e-05
[16:42:37] INFO   ep33: train_loss=0.8955 val_acc=0.7330 val_f1=0.7239 val_uar=0.7330 lr=4.86e-05
[16:42:45] INFO   ep34: train_loss=0.8949 val_acc=0.7300 val_f1=0.7198 val_uar=0.7300 lr=4.57e-05
[16:42:53] INFO   ep35: train_loss=0.8934 val_acc=0.7350 val_f1=0.7244 val_uar=0.7350 lr=4.29e-05
[16:43:01] INFO   ep36: train_loss=0.8912 val_acc=0.7380 val_f1=0.7303 val_uar=0.7380 lr=4.01e-05
[16:43:10] INFO   ep37: train_loss=0.8891 val_acc=0.7370 val_f1=0.7282 val_uar=0.7370 lr=3.73e-05
[16:43:18] INFO   ep38: train_loss=0.8882 val_acc=0.7410 val_f1=0.7322 val_uar=0.7410 lr=3.45e-05
[16:43:26] INFO   ep39: train_loss=0.8879 val_acc=0.7310 val_f1=0.7247 val_uar=0.7310 lr=3.19e-05
[16:43:34] INFO   ep40: train_loss=0.8872 val_acc=0.7430 val_f1=0.7360 val_uar=0.7430 lr=2.92e-05
[16:43:41] INFO   ep41: train_loss=0.8861 val_acc=0.7360 val_f1=0.7271 val_uar=0.7360 lr=2.67e-05
[16:43:49] INFO   ep42: train_loss=0.8856 val_acc=0.7340 val_f1=0.7257 val_uar=0.7340 lr=2.42e-05
[16:43:57] INFO   ep43: train_loss=0.8862 val_acc=0.7370 val_f1=0.7318 val_uar=0.7370 lr=2.18e-05
[16:44:06] INFO   ep44: train_loss=0.8843 val_acc=0.7430 val_f1=0.7350 val_uar=0.7430 lr=1.95e-05
[16:44:14] INFO   ep45: train_loss=0.8838 val_acc=0.7340 val_f1=0.7269 val_uar=0.7340 lr=1.73e-05
[16:44:22] INFO   ep46: train_loss=0.8829 val_acc=0.7360 val_f1=0.7298 val_uar=0.7360 lr=1.52e-05
[16:44:31] INFO   ep47: train_loss=0.8824 val_acc=0.7380 val_f1=0.7316 val_uar=0.7380 lr=1.32e-05
[16:44:40] INFO   ep48: train_loss=0.8813 val_acc=0.7400 val_f1=0.7329 val_uar=0.7400 lr=1.13e-05
[16:44:49] INFO   ep49: train_loss=0.8817 val_acc=0.7310 val_f1=0.7249 val_uar=0.7310 lr=9.55e-06
[16:44:57] INFO   ep50: train_loss=0.8810 val_acc=0.7350 val_f1=0.7281 val_uar=0.7350 lr=7.94e-06
[16:45:06] INFO   ep51: train_loss=0.8811 val_acc=0.7420 val_f1=0.7356 val_uar=0.7420 lr=6.46e-06
[16:45:15] INFO   ep52: train_loss=0.8808 val_acc=0.7480 val_f1=0.7391 val_uar=0.7480 lr=5.13e-06
[16:45:24] INFO   ep53: train_loss=0.8806 val_acc=0.7390 val_f1=0.7323 val_uar=0.7390 lr=3.94e-06
[16:45:33] INFO   ep54: train_loss=0.8797 val_acc=0.7350 val_f1=0.7290 val_uar=0.7350 lr=2.91e-06
[16:45:42] INFO   ep55: train_loss=0.8796 val_acc=0.7440 val_f1=0.7375 val_uar=0.7440 lr=2.03e-06
[16:45:51] INFO   ep56: train_loss=0.8802 val_acc=0.7410 val_f1=0.7350 val_uar=0.7410 lr=1.30e-06
[16:46:00] INFO   ep57: train_loss=0.8792 val_acc=0.7420 val_f1=0.7359 val_uar=0.7420 lr=7.32e-07
[16:46:08] INFO   ep58: train_loss=0.8797 val_acc=0.7420 val_f1=0.7360 val_uar=0.7420 lr=3.26e-07
[16:46:17] INFO   ep59: train_loss=0.8792 val_acc=0.7420 val_f1=0.7360 val_uar=0.7420 lr=8.15e-08
[16:46:26] INFO   ep60: train_loss=0.8803 val_acc=0.7420 val_f1=0.7360 val_uar=0.7420 lr=0.00e+00
[16:46:26] INFO [done] vit_small_gray best_val_acc=0.7480 lr_used=0.0001 ckpt=checkpoints\cub200_vit_small_gray_seed1.pt time=8.6min
[16:46:28] INFO   [E1] eval clean + per colorfulness bin
[16:46:45] INFO   [E2] eval perturbasi warna
[16:51:06] INFO   done vit_small_gray seed1
[16:51:06] INFO ==== cub200 / vit_small_gray / seed2 (recipe=adamw gray=True) ====
[16:51:06] INFO [train] cub200/vit_small_gray/seed2 recipe=adamw opt=adamw lr=0.0001 wd=0.05 grayscale=True epochs=60 device=cuda n_train=4994 n_val=1000 bs=64 accum=1
[16:51:30] INFO   ep1: train_loss=5.3717 val_acc=0.0400 val_f1=0.0309 val_uar=0.0400 lr=4.00e-05
[16:51:39] INFO   ep2: train_loss=4.3593 val_acc=0.2970 val_f1=0.2641 val_uar=0.2970 lr=6.00e-05
[16:51:48] INFO   ep3: train_loss=3.0632 val_acc=0.5180 val_f1=0.4856 val_uar=0.5180 lr=8.00e-05
[16:51:57] INFO   ep4: train_loss=2.2309 val_acc=0.6080 val_f1=0.5868 val_uar=0.6080 lr=1.00e-04
[16:52:06] INFO   ep5: train_loss=1.7979 val_acc=0.6420 val_f1=0.6302 val_uar=0.6420 lr=1.00e-04
[16:52:14] INFO   ep6: train_loss=1.5257 val_acc=0.6790 val_f1=0.6701 val_uar=0.6790 lr=9.99e-05
[16:52:24] INFO   ep7: train_loss=1.3207 val_acc=0.6740 val_f1=0.6638 val_uar=0.6740 lr=9.97e-05
[16:52:33] INFO   ep8: train_loss=1.1836 val_acc=0.6930 val_f1=0.6875 val_uar=0.6930 lr=9.93e-05
[16:52:42] INFO   ep9: train_loss=1.1275 val_acc=0.6840 val_f1=0.6708 val_uar=0.6840 lr=9.87e-05
[16:52:52] INFO   ep10: train_loss=1.0698 val_acc=0.6880 val_f1=0.6790 val_uar=0.6880 lr=9.80e-05
[16:53:01] INFO   ep11: train_loss=1.0148 val_acc=0.7070 val_f1=0.6966 val_uar=0.7070 lr=9.71e-05
[16:53:10] INFO   ep12: train_loss=0.9891 val_acc=0.7050 val_f1=0.6996 val_uar=0.7050 lr=9.61e-05
[16:53:20] INFO   ep13: train_loss=0.9768 val_acc=0.7050 val_f1=0.6979 val_uar=0.7050 lr=9.49e-05
[16:53:29] INFO   ep14: train_loss=0.9619 val_acc=0.7140 val_f1=0.7090 val_uar=0.7140 lr=9.35e-05
[16:53:38] INFO   ep15: train_loss=0.9545 val_acc=0.7070 val_f1=0.6967 val_uar=0.7070 lr=9.21e-05
[16:53:47] INFO   ep16: train_loss=0.9465 val_acc=0.7030 val_f1=0.6966 val_uar=0.7030 lr=9.05e-05
[16:53:56] INFO   ep17: train_loss=0.9383 val_acc=0.7050 val_f1=0.7000 val_uar=0.7050 lr=8.87e-05
[16:54:06] INFO   ep18: train_loss=0.9317 val_acc=0.7200 val_f1=0.7117 val_uar=0.7200 lr=8.68e-05
[16:54:15] INFO   ep19: train_loss=0.9269 val_acc=0.7000 val_f1=0.6892 val_uar=0.7000 lr=8.48e-05
[16:54:23] INFO   ep20: train_loss=0.9229 val_acc=0.7090 val_f1=0.6978 val_uar=0.7090 lr=8.27e-05
[16:54:32] INFO   ep21: train_loss=0.9232 val_acc=0.7030 val_f1=0.6942 val_uar=0.7030 lr=8.05e-05
[16:54:40] INFO   ep22: train_loss=0.9219 val_acc=0.7030 val_f1=0.6940 val_uar=0.7030 lr=7.82e-05
[16:54:48] INFO   ep23: train_loss=0.9162 val_acc=0.7170 val_f1=0.7073 val_uar=0.7170 lr=7.58e-05
[16:54:56] INFO   ep24: train_loss=0.9129 val_acc=0.7040 val_f1=0.6938 val_uar=0.7040 lr=7.33e-05
[16:55:05] INFO   ep25: train_loss=0.9123 val_acc=0.7130 val_f1=0.7049 val_uar=0.7130 lr=7.08e-05
[16:55:14] INFO   ep26: train_loss=0.9084 val_acc=0.7060 val_f1=0.6976 val_uar=0.7060 lr=6.81e-05
[16:55:23] INFO   ep27: train_loss=0.9086 val_acc=0.7130 val_f1=0.7046 val_uar=0.7130 lr=6.55e-05
[16:55:31] INFO   ep28: train_loss=0.9037 val_acc=0.7010 val_f1=0.6929 val_uar=0.7010 lr=6.27e-05
[16:55:39] INFO   ep29: train_loss=0.9008 val_acc=0.7140 val_f1=0.7054 val_uar=0.7140 lr=5.99e-05
[16:55:47] INFO   ep30: train_loss=0.8995 val_acc=0.7140 val_f1=0.7054 val_uar=0.7140 lr=5.71e-05
[16:55:55] INFO   ep31: train_loss=0.8996 val_acc=0.7100 val_f1=0.6976 val_uar=0.7100 lr=5.43e-05
[16:56:04] INFO   ep32: train_loss=0.8958 val_acc=0.7330 val_f1=0.7259 val_uar=0.7330 lr=5.14e-05
[16:56:12] INFO   ep33: train_loss=0.8952 val_acc=0.7260 val_f1=0.7193 val_uar=0.7260 lr=4.86e-05
[16:56:20] INFO   ep34: train_loss=0.8927 val_acc=0.7170 val_f1=0.7097 val_uar=0.7170 lr=4.57e-05
[16:56:29] INFO   ep35: train_loss=0.8918 val_acc=0.7100 val_f1=0.7036 val_uar=0.7100 lr=4.29e-05
[16:56:38] INFO   ep36: train_loss=0.8933 val_acc=0.7220 val_f1=0.7130 val_uar=0.7220 lr=4.01e-05
[16:56:46] INFO   ep37: train_loss=0.8903 val_acc=0.7280 val_f1=0.7203 val_uar=0.7280 lr=3.73e-05
[16:56:54] INFO   ep38: train_loss=0.8908 val_acc=0.7350 val_f1=0.7271 val_uar=0.7350 lr=3.45e-05
[16:57:02] INFO   ep39: train_loss=0.8882 val_acc=0.7280 val_f1=0.7207 val_uar=0.7280 lr=3.19e-05
[16:57:11] INFO   ep40: train_loss=0.8890 val_acc=0.7270 val_f1=0.7193 val_uar=0.7270 lr=2.92e-05
[16:57:19] INFO   ep41: train_loss=0.8858 val_acc=0.7270 val_f1=0.7208 val_uar=0.7270 lr=2.67e-05
[16:57:27] INFO   ep42: train_loss=0.8854 val_acc=0.7360 val_f1=0.7297 val_uar=0.7360 lr=2.42e-05
[16:57:35] INFO   ep43: train_loss=0.8868 val_acc=0.7260 val_f1=0.7204 val_uar=0.7260 lr=2.18e-05
[16:57:44] INFO   ep44: train_loss=0.8849 val_acc=0.7410 val_f1=0.7360 val_uar=0.7410 lr=1.95e-05
[16:57:52] INFO   ep45: train_loss=0.8844 val_acc=0.7270 val_f1=0.7185 val_uar=0.7270 lr=1.73e-05
[16:58:00] INFO   ep46: train_loss=0.8836 val_acc=0.7290 val_f1=0.7209 val_uar=0.7290 lr=1.52e-05
[16:58:08] INFO   ep47: train_loss=0.8833 val_acc=0.7290 val_f1=0.7219 val_uar=0.7290 lr=1.32e-05
[16:58:17] INFO   ep48: train_loss=0.8822 val_acc=0.7370 val_f1=0.7302 val_uar=0.7370 lr=1.13e-05
[16:58:25] INFO   ep49: train_loss=0.8815 val_acc=0.7380 val_f1=0.7306 val_uar=0.7380 lr=9.55e-06
[16:58:33] INFO   ep50: train_loss=0.8806 val_acc=0.7440 val_f1=0.7367 val_uar=0.7440 lr=7.94e-06
[16:58:42] INFO   ep51: train_loss=0.8819 val_acc=0.7380 val_f1=0.7304 val_uar=0.7380 lr=6.46e-06
[16:58:50] INFO   ep52: train_loss=0.8802 val_acc=0.7420 val_f1=0.7342 val_uar=0.7420 lr=5.13e-06
[16:58:58] INFO   ep53: train_loss=0.8801 val_acc=0.7400 val_f1=0.7323 val_uar=0.7400 lr=3.94e-06
[16:59:07] INFO   ep54: train_loss=0.8802 val_acc=0.7380 val_f1=0.7299 val_uar=0.7380 lr=2.91e-06
[16:59:15] INFO   ep55: train_loss=0.8811 val_acc=0.7390 val_f1=0.7318 val_uar=0.7390 lr=2.03e-06
[16:59:23] INFO   ep56: train_loss=0.8797 val_acc=0.7430 val_f1=0.7351 val_uar=0.7430 lr=1.30e-06
[16:59:32] INFO   ep57: train_loss=0.8800 val_acc=0.7420 val_f1=0.7342 val_uar=0.7420 lr=7.32e-07
[16:59:40] INFO   ep58: train_loss=0.8795 val_acc=0.7430 val_f1=0.7353 val_uar=0.7430 lr=3.26e-07
[16:59:49] INFO   ep59: train_loss=0.8795 val_acc=0.7440 val_f1=0.7362 val_uar=0.7440 lr=8.15e-08
[16:59:57] INFO   ep60: train_loss=0.8800 val_acc=0.7440 val_f1=0.7362 val_uar=0.7440 lr=0.00e+00
[16:59:57] INFO [done] vit_small_gray best_val_acc=0.7440 lr_used=0.0001 ckpt=checkpoints\cub200_vit_small_gray_seed2.pt time=8.9min
[16:59:58] INFO   [E1] eval clean + per colorfulness bin
[17:00:15] INFO   [E2] eval perturbasi warna
[17:04:41] INFO   done vit_small_gray seed2
[17:04:41] INFO ==== cub200 / vit_small_gray / seed3 (recipe=adamw gray=True) ====
[17:04:42] INFO [train] cub200/vit_small_gray/seed3 recipe=adamw opt=adamw lr=0.0001 wd=0.05 grayscale=True epochs=60 device=cuda n_train=4994 n_val=1000 bs=64 accum=1
[17:05:05] INFO   ep1: train_loss=5.3225 val_acc=0.0500 val_f1=0.0316 val_uar=0.0500 lr=4.00e-05
[17:05:13] INFO   ep2: train_loss=4.2297 val_acc=0.3230 val_f1=0.2909 val_uar=0.3230 lr=6.00e-05
[17:05:22] INFO   ep3: train_loss=2.9772 val_acc=0.5110 val_f1=0.4868 val_uar=0.5110 lr=8.00e-05
[17:05:30] INFO   ep4: train_loss=2.1949 val_acc=0.6130 val_f1=0.6018 val_uar=0.6130 lr=1.00e-04
[17:05:38] INFO   ep5: train_loss=1.7651 val_acc=0.6330 val_f1=0.6248 val_uar=0.6330 lr=1.00e-04
[17:05:46] INFO   ep6: train_loss=1.4753 val_acc=0.6610 val_f1=0.6471 val_uar=0.6610 lr=9.99e-05
[17:05:54] INFO   ep7: train_loss=1.2917 val_acc=0.6830 val_f1=0.6700 val_uar=0.6830 lr=9.97e-05
[17:06:02] INFO   ep8: train_loss=1.1740 val_acc=0.6720 val_f1=0.6647 val_uar=0.6720 lr=9.93e-05
[17:06:09] INFO   ep9: train_loss=1.0912 val_acc=0.6870 val_f1=0.6781 val_uar=0.6870 lr=9.87e-05
[17:06:17] INFO   ep10: train_loss=1.0323 val_acc=0.6900 val_f1=0.6812 val_uar=0.6900 lr=9.80e-05
[17:06:25] INFO   ep11: train_loss=1.0036 val_acc=0.6850 val_f1=0.6761 val_uar=0.6850 lr=9.71e-05
[17:06:32] INFO   ep12: train_loss=0.9796 val_acc=0.6950 val_f1=0.6833 val_uar=0.6950 lr=9.61e-05
[17:06:40] INFO   ep13: train_loss=0.9692 val_acc=0.6870 val_f1=0.6784 val_uar=0.6870 lr=9.49e-05
[17:06:48] INFO   ep14: train_loss=0.9554 val_acc=0.6930 val_f1=0.6828 val_uar=0.6930 lr=9.35e-05
[17:06:55] INFO   ep15: train_loss=0.9497 val_acc=0.6970 val_f1=0.6891 val_uar=0.6970 lr=9.21e-05
[17:07:03] INFO   ep16: train_loss=0.9415 val_acc=0.7030 val_f1=0.6951 val_uar=0.7030 lr=9.05e-05
[17:07:11] INFO   ep17: train_loss=0.9339 val_acc=0.7030 val_f1=0.6962 val_uar=0.7030 lr=8.87e-05
[17:07:19] INFO   ep18: train_loss=0.9318 val_acc=0.6940 val_f1=0.6860 val_uar=0.6940 lr=8.68e-05
[17:07:26] INFO   ep19: train_loss=0.9311 val_acc=0.6970 val_f1=0.6889 val_uar=0.6970 lr=8.48e-05
[17:07:34] INFO   ep20: train_loss=0.9250 val_acc=0.7030 val_f1=0.6913 val_uar=0.7030 lr=8.27e-05
[17:07:42] INFO   ep21: train_loss=0.9223 val_acc=0.7030 val_f1=0.6921 val_uar=0.7030 lr=8.05e-05
[17:07:50] INFO   ep22: train_loss=0.9193 val_acc=0.7040 val_f1=0.6959 val_uar=0.7040 lr=7.82e-05
[17:07:59] INFO   ep23: train_loss=0.9173 val_acc=0.6960 val_f1=0.6886 val_uar=0.6960 lr=7.58e-05
[17:08:07] INFO   ep24: train_loss=0.9141 val_acc=0.7160 val_f1=0.7095 val_uar=0.7160 lr=7.33e-05
[17:08:15] INFO   ep25: train_loss=0.9094 val_acc=0.7040 val_f1=0.6970 val_uar=0.7040 lr=7.08e-05
[17:08:24] INFO   ep26: train_loss=0.9074 val_acc=0.6990 val_f1=0.6899 val_uar=0.6990 lr=6.81e-05
[17:08:32] INFO   ep27: train_loss=0.9052 val_acc=0.7070 val_f1=0.6980 val_uar=0.7070 lr=6.55e-05
[17:08:40] INFO   ep28: train_loss=0.9045 val_acc=0.7140 val_f1=0.7068 val_uar=0.7140 lr=6.27e-05
[17:08:49] INFO   ep29: train_loss=0.9006 val_acc=0.7090 val_f1=0.6986 val_uar=0.7090 lr=5.99e-05
[17:08:57] INFO   ep30: train_loss=0.8990 val_acc=0.7030 val_f1=0.6937 val_uar=0.7030 lr=5.71e-05
[17:09:05] INFO   ep31: train_loss=0.8968 val_acc=0.7130 val_f1=0.7053 val_uar=0.7130 lr=5.43e-05
[17:09:14] INFO   ep32: train_loss=0.8956 val_acc=0.7170 val_f1=0.7076 val_uar=0.7170 lr=5.14e-05
[17:09:22] INFO   ep33: train_loss=0.8953 val_acc=0.7120 val_f1=0.7048 val_uar=0.7120 lr=4.86e-05
[17:09:31] INFO   ep34: train_loss=0.8927 val_acc=0.7220 val_f1=0.7155 val_uar=0.7220 lr=4.57e-05
[17:09:39] INFO   ep35: train_loss=0.8933 val_acc=0.7100 val_f1=0.7004 val_uar=0.7100 lr=4.29e-05
[17:09:47] INFO   ep36: train_loss=0.8916 val_acc=0.7240 val_f1=0.7153 val_uar=0.7240 lr=4.01e-05
[17:09:56] INFO   ep37: train_loss=0.8906 val_acc=0.7150 val_f1=0.7071 val_uar=0.7150 lr=3.73e-05
[17:10:04] INFO   ep38: train_loss=0.8886 val_acc=0.7260 val_f1=0.7150 val_uar=0.7260 lr=3.45e-05
[17:10:13] INFO   ep39: train_loss=0.8880 val_acc=0.7220 val_f1=0.7141 val_uar=0.7220 lr=3.19e-05
[17:10:21] INFO   ep40: train_loss=0.8869 val_acc=0.7230 val_f1=0.7159 val_uar=0.7230 lr=2.92e-05
[17:10:29] INFO   ep41: train_loss=0.8855 val_acc=0.7230 val_f1=0.7151 val_uar=0.7230 lr=2.67e-05
[17:10:38] INFO   ep42: train_loss=0.8844 val_acc=0.7290 val_f1=0.7206 val_uar=0.7290 lr=2.42e-05
[17:10:46] INFO   ep43: train_loss=0.8829 val_acc=0.7310 val_f1=0.7240 val_uar=0.7310 lr=2.18e-05
[17:10:54] INFO   ep44: train_loss=0.8838 val_acc=0.7210 val_f1=0.7129 val_uar=0.7210 lr=1.95e-05
[17:11:03] INFO   ep45: train_loss=0.8824 val_acc=0.7290 val_f1=0.7226 val_uar=0.7290 lr=1.73e-05
[17:11:11] INFO   ep46: train_loss=0.8823 val_acc=0.7240 val_f1=0.7164 val_uar=0.7240 lr=1.52e-05
[17:11:20] INFO   ep47: train_loss=0.8812 val_acc=0.7240 val_f1=0.7168 val_uar=0.7240 lr=1.32e-05
[17:11:28] INFO   ep48: train_loss=0.8809 val_acc=0.7260 val_f1=0.7184 val_uar=0.7260 lr=1.13e-05
[17:11:36] INFO   ep49: train_loss=0.8806 val_acc=0.7310 val_f1=0.7238 val_uar=0.7310 lr=9.55e-06
[17:11:45] INFO   ep50: train_loss=0.8796 val_acc=0.7320 val_f1=0.7251 val_uar=0.7320 lr=7.94e-06
[17:11:53] INFO   ep51: train_loss=0.8794 val_acc=0.7340 val_f1=0.7280 val_uar=0.7340 lr=6.46e-06
[17:12:01] INFO   ep52: train_loss=0.8793 val_acc=0.7280 val_f1=0.7215 val_uar=0.7280 lr=5.13e-06
[17:12:10] INFO   ep53: train_loss=0.8802 val_acc=0.7340 val_f1=0.7282 val_uar=0.7340 lr=3.94e-06
[17:12:18] INFO   ep54: train_loss=0.8797 val_acc=0.7320 val_f1=0.7253 val_uar=0.7320 lr=2.91e-06
[17:12:26] INFO   ep55: train_loss=0.8798 val_acc=0.7300 val_f1=0.7234 val_uar=0.7300 lr=2.03e-06
[17:12:35] INFO   ep56: train_loss=0.8786 val_acc=0.7320 val_f1=0.7246 val_uar=0.7320 lr=1.30e-06
[17:12:43] INFO   ep57: train_loss=0.8789 val_acc=0.7320 val_f1=0.7244 val_uar=0.7320 lr=7.32e-07
[17:12:51] INFO   ep58: train_loss=0.8794 val_acc=0.7330 val_f1=0.7263 val_uar=0.7330 lr=3.26e-07
[17:12:58] INFO   ep59: train_loss=0.8782 val_acc=0.7340 val_f1=0.7271 val_uar=0.7340 lr=8.15e-08
[17:13:06] INFO   ep60: train_loss=0.8783 val_acc=0.7350 val_f1=0.7283 val_uar=0.7350 lr=0.00e+00
[17:13:06] INFO [done] vit_small_gray best_val_acc=0.7350 lr_used=0.0001 ckpt=checkpoints\cub200_vit_small_gray_seed3.pt time=8.4min
[17:13:07] INFO   [E1] eval clean + per colorfulness bin
[17:13:23] INFO   [E2] eval perturbasi warna
[17:17:25] INFO   done vit_small_gray seed3
[17:17:25] INFO ==== cub200 / vit_small_gray / seed4 (recipe=adamw gray=True) ====
[17:17:26] INFO [train] cub200/vit_small_gray/seed4 recipe=adamw opt=adamw lr=0.0001 wd=0.05 grayscale=True epochs=60 device=cuda n_train=4994 n_val=1000 bs=64 accum=1
[17:17:48] INFO   ep1: train_loss=5.3470 val_acc=0.0470 val_f1=0.0296 val_uar=0.0470 lr=4.00e-05
[17:17:56] INFO   ep2: train_loss=4.2773 val_acc=0.2920 val_f1=0.2552 val_uar=0.2920 lr=6.00e-05
[17:18:04] INFO   ep3: train_loss=3.0001 val_acc=0.4970 val_f1=0.4773 val_uar=0.4970 lr=8.00e-05
[17:18:12] INFO   ep4: train_loss=2.1906 val_acc=0.6060 val_f1=0.5946 val_uar=0.6060 lr=1.00e-04
[17:18:19] INFO   ep5: train_loss=1.7573 val_acc=0.6440 val_f1=0.6340 val_uar=0.6440 lr=1.00e-04
[17:18:27] INFO   ep6: train_loss=1.4577 val_acc=0.6520 val_f1=0.6429 val_uar=0.6520 lr=9.99e-05
[17:18:35] INFO   ep7: train_loss=1.2973 val_acc=0.6480 val_f1=0.6458 val_uar=0.6480 lr=9.97e-05
[17:18:42] INFO   ep8: train_loss=1.1719 val_acc=0.6760 val_f1=0.6730 val_uar=0.6760 lr=9.93e-05
[17:18:50] INFO   ep9: train_loss=1.0938 val_acc=0.6980 val_f1=0.6886 val_uar=0.6980 lr=9.87e-05
[17:18:59] INFO   ep10: train_loss=1.0346 val_acc=0.6810 val_f1=0.6787 val_uar=0.6810 lr=9.80e-05
[17:19:07] INFO   ep11: train_loss=1.0021 val_acc=0.6890 val_f1=0.6835 val_uar=0.6890 lr=9.71e-05
[17:19:15] INFO   ep12: train_loss=0.9786 val_acc=0.6950 val_f1=0.6869 val_uar=0.6950 lr=9.61e-05
[17:19:23] INFO   ep13: train_loss=0.9656 val_acc=0.6990 val_f1=0.6937 val_uar=0.6990 lr=9.49e-05
[17:19:30] INFO   ep14: train_loss=0.9561 val_acc=0.6930 val_f1=0.6854 val_uar=0.6930 lr=9.35e-05
[17:19:38] INFO   ep15: train_loss=0.9489 val_acc=0.7030 val_f1=0.6963 val_uar=0.7030 lr=9.21e-05
[17:19:46] INFO   ep16: train_loss=0.9441 val_acc=0.6840 val_f1=0.6797 val_uar=0.6840 lr=9.05e-05
[17:19:54] INFO   ep17: train_loss=0.9385 val_acc=0.7090 val_f1=0.7047 val_uar=0.7090 lr=8.87e-05
[17:20:02] INFO   ep18: train_loss=0.9346 val_acc=0.7060 val_f1=0.7004 val_uar=0.7060 lr=8.68e-05
[17:20:10] INFO   ep19: train_loss=0.9326 val_acc=0.7120 val_f1=0.7034 val_uar=0.7120 lr=8.48e-05
[17:20:18] INFO   ep20: train_loss=0.9249 val_acc=0.7100 val_f1=0.7071 val_uar=0.7100 lr=8.27e-05
[17:20:26] INFO   ep21: train_loss=0.9226 val_acc=0.7010 val_f1=0.6961 val_uar=0.7010 lr=8.05e-05
[17:20:34] INFO   ep22: train_loss=0.9179 val_acc=0.7160 val_f1=0.7104 val_uar=0.7160 lr=7.82e-05
[17:20:43] INFO   ep23: train_loss=0.9145 val_acc=0.7060 val_f1=0.7023 val_uar=0.7060 lr=7.58e-05
[17:20:51] INFO   ep24: train_loss=0.9110 val_acc=0.7090 val_f1=0.7045 val_uar=0.7090 lr=7.33e-05
[17:20:59] INFO   ep25: train_loss=0.9108 val_acc=0.7200 val_f1=0.7150 val_uar=0.7200 lr=7.08e-05
[17:21:08] INFO   ep26: train_loss=0.9077 val_acc=0.7180 val_f1=0.7129 val_uar=0.7180 lr=6.81e-05
[17:21:16] INFO   ep27: train_loss=0.9061 val_acc=0.7030 val_f1=0.6947 val_uar=0.7030 lr=6.55e-05
[17:21:24] INFO   ep28: train_loss=0.9042 val_acc=0.7160 val_f1=0.7090 val_uar=0.7160 lr=6.27e-05
[17:21:32] INFO   ep29: train_loss=0.9015 val_acc=0.7150 val_f1=0.7065 val_uar=0.7150 lr=5.99e-05
[17:21:40] INFO   ep30: train_loss=0.8996 val_acc=0.7160 val_f1=0.7101 val_uar=0.7160 lr=5.71e-05
[17:21:48] INFO   ep31: train_loss=0.8985 val_acc=0.7110 val_f1=0.7044 val_uar=0.7110 lr=5.43e-05
[17:21:55] INFO   ep32: train_loss=0.8950 val_acc=0.7260 val_f1=0.7209 val_uar=0.7260 lr=5.14e-05
[17:22:03] INFO   ep33: train_loss=0.8933 val_acc=0.7220 val_f1=0.7179 val_uar=0.7220 lr=4.86e-05
[17:22:11] INFO   ep34: train_loss=0.8921 val_acc=0.7240 val_f1=0.7141 val_uar=0.7240 lr=4.57e-05
[17:22:19] INFO   ep35: train_loss=0.8914 val_acc=0.7300 val_f1=0.7242 val_uar=0.7300 lr=4.29e-05
[17:22:27] INFO   ep36: train_loss=0.8924 val_acc=0.7140 val_f1=0.7062 val_uar=0.7140 lr=4.01e-05
[17:22:36] INFO   ep37: train_loss=0.8884 val_acc=0.7290 val_f1=0.7249 val_uar=0.7290 lr=3.73e-05
[17:22:44] INFO   ep38: train_loss=0.8877 val_acc=0.7230 val_f1=0.7181 val_uar=0.7230 lr=3.45e-05
[17:22:53] INFO   ep39: train_loss=0.8863 val_acc=0.7240 val_f1=0.7203 val_uar=0.7240 lr=3.19e-05
[17:23:01] INFO   ep40: train_loss=0.8871 val_acc=0.7210 val_f1=0.7139 val_uar=0.7210 lr=2.92e-05
[17:23:10] INFO   ep41: train_loss=0.8872 val_acc=0.7220 val_f1=0.7167 val_uar=0.7220 lr=2.67e-05
[17:23:18] INFO   ep42: train_loss=0.8849 val_acc=0.7200 val_f1=0.7142 val_uar=0.7200 lr=2.42e-05
[17:23:26] INFO   ep43: train_loss=0.8855 val_acc=0.7180 val_f1=0.7122 val_uar=0.7180 lr=2.18e-05
[17:23:34] INFO   ep44: train_loss=0.8831 val_acc=0.7200 val_f1=0.7146 val_uar=0.7200 lr=1.95e-05
[17:23:42] INFO   ep45: train_loss=0.8820 val_acc=0.7230 val_f1=0.7166 val_uar=0.7230 lr=1.73e-05
[17:23:50] INFO   ep46: train_loss=0.8823 val_acc=0.7250 val_f1=0.7191 val_uar=0.7250 lr=1.52e-05
[17:23:57] INFO   ep47: train_loss=0.8813 val_acc=0.7240 val_f1=0.7170 val_uar=0.7240 lr=1.32e-05
[17:24:06] INFO   ep48: train_loss=0.8822 val_acc=0.7290 val_f1=0.7232 val_uar=0.7290 lr=1.13e-05
[17:24:15] INFO   ep49: train_loss=0.8813 val_acc=0.7260 val_f1=0.7189 val_uar=0.7260 lr=9.55e-06
[17:24:23] INFO   ep50: train_loss=0.8804 val_acc=0.7280 val_f1=0.7198 val_uar=0.7280 lr=7.94e-06
[17:24:31] INFO   ep51: train_loss=0.8809 val_acc=0.7270 val_f1=0.7190 val_uar=0.7270 lr=6.46e-06
[17:24:39] INFO   ep52: train_loss=0.8794 val_acc=0.7280 val_f1=0.7192 val_uar=0.7280 lr=5.13e-06
[17:24:48] INFO   ep53: train_loss=0.8803 val_acc=0.7260 val_f1=0.7184 val_uar=0.7260 lr=3.94e-06
[17:24:56] INFO   ep54: train_loss=0.8805 val_acc=0.7220 val_f1=0.7141 val_uar=0.7220 lr=2.91e-06
[17:25:05] INFO   ep55: train_loss=0.8788 val_acc=0.7280 val_f1=0.7196 val_uar=0.7280 lr=2.03e-06
[17:25:14] INFO   ep56: train_loss=0.8802 val_acc=0.7270 val_f1=0.7194 val_uar=0.7270 lr=1.30e-06
[17:25:23] INFO   ep57: train_loss=0.8793 val_acc=0.7270 val_f1=0.7188 val_uar=0.7270 lr=7.32e-07
[17:25:32] INFO   ep58: train_loss=0.8784 val_acc=0.7280 val_f1=0.7198 val_uar=0.7280 lr=3.26e-07
[17:25:41] INFO   ep59: train_loss=0.8803 val_acc=0.7280 val_f1=0.7197 val_uar=0.7280 lr=8.15e-08
[17:25:50] INFO   ep60: train_loss=0.8787 val_acc=0.7290 val_f1=0.7205 val_uar=0.7290 lr=0.00e+00
[17:25:50] INFO [done] vit_small_gray best_val_acc=0.7300 lr_used=0.0001 ckpt=checkpoints\cub200_vit_small_gray_seed4.pt time=8.4min
[17:25:51] INFO   [E1] eval clean + per colorfulness bin
[17:26:09] INFO   [E2] eval perturbasi warna
[17:30:24] INFO   done vit_small_gray seed4
[17:30:24] INFO ALL DONE
[17:30:29] INFO dataset=cub200 models=['swin_tiny'] seeds=[0, 1, 2, 3, 4] epochs=None recipe=adamw
[17:30:29] INFO ==== cub200 / swin_tiny_gray / seed0 (recipe=adamw gray=True) ====
[17:30:31] INFO [train] cub200/swin_tiny_gray/seed0 recipe=adamw opt=adamw lr=0.0001 wd=0.05 grayscale=True epochs=60 device=cuda n_train=4994 n_val=1000 bs=64 accum=1
[17:30:56] INFO   ep1: train_loss=5.2743 val_acc=0.0360 val_f1=0.0254 val_uar=0.0360 lr=4.00e-05
[17:31:06] INFO   ep2: train_loss=4.5899 val_acc=0.2830 val_f1=0.2420 val_uar=0.2830 lr=6.00e-05
[17:31:17] INFO   ep3: train_loss=3.1562 val_acc=0.4990 val_f1=0.4648 val_uar=0.4990 lr=8.00e-05
[17:31:28] INFO   ep4: train_loss=2.3951 val_acc=0.5890 val_f1=0.5624 val_uar=0.5890 lr=1.00e-04
[17:31:40] INFO   ep5: train_loss=1.9558 val_acc=0.6490 val_f1=0.6365 val_uar=0.6490 lr=1.00e-04
[17:31:51] INFO   ep6: train_loss=1.6667 val_acc=0.6670 val_f1=0.6556 val_uar=0.6670 lr=9.99e-05
[17:32:01] INFO   ep7: train_loss=1.4585 val_acc=0.6950 val_f1=0.6837 val_uar=0.6950 lr=9.97e-05
[17:32:12] INFO   ep8: train_loss=1.3547 val_acc=0.6970 val_f1=0.6882 val_uar=0.6970 lr=9.93e-05
[17:32:23] INFO   ep9: train_loss=1.2875 val_acc=0.6800 val_f1=0.6740 val_uar=0.6800 lr=9.87e-05
[17:32:34] INFO   ep10: train_loss=1.2220 val_acc=0.7100 val_f1=0.7002 val_uar=0.7100 lr=9.80e-05
[17:32:44] INFO   ep11: train_loss=1.1764 val_acc=0.6990 val_f1=0.6907 val_uar=0.6990 lr=9.71e-05
[17:32:55] INFO   ep12: train_loss=1.1343 val_acc=0.7120 val_f1=0.7062 val_uar=0.7120 lr=9.61e-05
[17:33:06] INFO   ep13: train_loss=1.1260 val_acc=0.7200 val_f1=0.7089 val_uar=0.7200 lr=9.49e-05
[17:33:16] INFO   ep14: train_loss=1.1050 val_acc=0.7200 val_f1=0.7130 val_uar=0.7200 lr=9.35e-05
[17:33:27] INFO   ep15: train_loss=1.0743 val_acc=0.7100 val_f1=0.7034 val_uar=0.7100 lr=9.21e-05
[17:33:38] INFO   ep16: train_loss=1.0742 val_acc=0.7190 val_f1=0.7092 val_uar=0.7190 lr=9.05e-05
[17:33:49] INFO   ep17: train_loss=1.0607 val_acc=0.7200 val_f1=0.7131 val_uar=0.7200 lr=8.87e-05
[17:34:00] INFO   ep18: train_loss=1.0498 val_acc=0.7190 val_f1=0.7151 val_uar=0.7190 lr=8.68e-05
[17:34:10] INFO   ep19: train_loss=1.0393 val_acc=0.7230 val_f1=0.7163 val_uar=0.7230 lr=8.48e-05
[17:34:21] INFO   ep20: train_loss=1.0287 val_acc=0.7190 val_f1=0.7130 val_uar=0.7190 lr=8.27e-05
[17:34:32] INFO   ep21: train_loss=1.0242 val_acc=0.7190 val_f1=0.7123 val_uar=0.7190 lr=8.05e-05
[17:34:43] INFO   ep22: train_loss=1.0033 val_acc=0.7310 val_f1=0.7259 val_uar=0.7310 lr=7.82e-05
[17:34:53] INFO   ep23: train_loss=1.0068 val_acc=0.7250 val_f1=0.7121 val_uar=0.7250 lr=7.58e-05
[17:35:04] INFO   ep24: train_loss=1.0037 val_acc=0.7370 val_f1=0.7325 val_uar=0.7370 lr=7.33e-05
[17:35:15] INFO   ep25: train_loss=0.9963 val_acc=0.7330 val_f1=0.7277 val_uar=0.7330 lr=7.08e-05
[17:35:26] INFO   ep26: train_loss=0.9951 val_acc=0.7400 val_f1=0.7341 val_uar=0.7400 lr=6.81e-05
[17:35:36] INFO   ep27: train_loss=0.9947 val_acc=0.7290 val_f1=0.7211 val_uar=0.7290 lr=6.55e-05
[17:35:47] INFO   ep28: train_loss=0.9863 val_acc=0.7280 val_f1=0.7234 val_uar=0.7280 lr=6.27e-05
[17:35:58] INFO   ep29: train_loss=0.9797 val_acc=0.7350 val_f1=0.7299 val_uar=0.7350 lr=5.99e-05
[17:36:09] INFO   ep30: train_loss=0.9744 val_acc=0.7450 val_f1=0.7393 val_uar=0.7450 lr=5.71e-05
[17:36:20] INFO   ep31: train_loss=0.9660 val_acc=0.7380 val_f1=0.7332 val_uar=0.7380 lr=5.43e-05
[17:36:30] INFO   ep32: train_loss=0.9652 val_acc=0.7480 val_f1=0.7431 val_uar=0.7480 lr=5.14e-05
[17:36:41] INFO   ep33: train_loss=0.9606 val_acc=0.7410 val_f1=0.7366 val_uar=0.7410 lr=4.86e-05
[17:36:52] INFO   ep34: train_loss=0.9618 val_acc=0.7390 val_f1=0.7349 val_uar=0.7390 lr=4.57e-05
[17:37:03] INFO   ep35: train_loss=0.9518 val_acc=0.7410 val_f1=0.7354 val_uar=0.7410 lr=4.29e-05
[17:37:14] INFO   ep36: train_loss=0.9582 val_acc=0.7470 val_f1=0.7441 val_uar=0.7470 lr=4.01e-05
[17:37:24] INFO   ep37: train_loss=0.9549 val_acc=0.7410 val_f1=0.7340 val_uar=0.7410 lr=3.73e-05
[17:37:35] INFO   ep38: train_loss=0.9493 val_acc=0.7380 val_f1=0.7310 val_uar=0.7380 lr=3.45e-05
[17:37:46] INFO   ep39: train_loss=0.9421 val_acc=0.7440 val_f1=0.7398 val_uar=0.7440 lr=3.19e-05
[17:37:57] INFO   ep40: train_loss=0.9526 val_acc=0.7400 val_f1=0.7333 val_uar=0.7400 lr=2.92e-05
[17:38:08] INFO   ep41: train_loss=0.9385 val_acc=0.7370 val_f1=0.7340 val_uar=0.7370 lr=2.67e-05
[17:38:18] INFO   ep42: train_loss=0.9373 val_acc=0.7430 val_f1=0.7378 val_uar=0.7430 lr=2.42e-05
[17:38:29] INFO   ep43: train_loss=0.9377 val_acc=0.7470 val_f1=0.7397 val_uar=0.7470 lr=2.18e-05
[17:38:40] INFO   ep44: train_loss=0.9414 val_acc=0.7530 val_f1=0.7456 val_uar=0.7530 lr=1.95e-05
[17:38:51] INFO   ep45: train_loss=0.9336 val_acc=0.7480 val_f1=0.7421 val_uar=0.7480 lr=1.73e-05
[17:39:02] INFO   ep46: train_loss=0.9379 val_acc=0.7460 val_f1=0.7409 val_uar=0.7460 lr=1.52e-05
[17:39:13] INFO   ep47: train_loss=0.9324 val_acc=0.7470 val_f1=0.7420 val_uar=0.7470 lr=1.32e-05
[17:39:23] INFO   ep48: train_loss=0.9311 val_acc=0.7470 val_f1=0.7414 val_uar=0.7470 lr=1.13e-05
[17:39:34] INFO   ep49: train_loss=0.9303 val_acc=0.7540 val_f1=0.7484 val_uar=0.7540 lr=9.55e-06
[17:39:45] INFO   ep50: train_loss=0.9294 val_acc=0.7500 val_f1=0.7441 val_uar=0.7500 lr=7.94e-06
[17:39:56] INFO   ep51: train_loss=0.9273 val_acc=0.7580 val_f1=0.7534 val_uar=0.7580 lr=6.46e-06
[17:40:07] INFO   ep52: train_loss=0.9302 val_acc=0.7530 val_f1=0.7482 val_uar=0.7530 lr=5.13e-06
[17:40:18] INFO   ep53: train_loss=0.9229 val_acc=0.7540 val_f1=0.7489 val_uar=0.7540 lr=3.94e-06
[17:40:29] INFO   ep54: train_loss=0.9323 val_acc=0.7560 val_f1=0.7506 val_uar=0.7560 lr=2.91e-06
[17:40:39] INFO   ep55: train_loss=0.9320 val_acc=0.7560 val_f1=0.7500 val_uar=0.7560 lr=2.03e-06
[17:40:50] INFO   ep56: train_loss=0.9256 val_acc=0.7550 val_f1=0.7490 val_uar=0.7550 lr=1.30e-06
[17:41:02] INFO   ep57: train_loss=0.9252 val_acc=0.7560 val_f1=0.7499 val_uar=0.7560 lr=7.32e-07
[17:41:12] INFO   ep58: train_loss=0.9273 val_acc=0.7540 val_f1=0.7479 val_uar=0.7540 lr=3.26e-07
[17:41:24] INFO   ep59: train_loss=0.9260 val_acc=0.7530 val_f1=0.7469 val_uar=0.7530 lr=8.15e-08
[17:41:35] INFO   ep60: train_loss=0.9304 val_acc=0.7530 val_f1=0.7469 val_uar=0.7530 lr=0.00e+00
[17:41:35] INFO [done] swin_tiny_gray best_val_acc=0.7580 lr_used=0.0001 ckpt=checkpoints\cub200_swin_tiny_gray_seed0.pt time=11.1min
[17:41:37] INFO   [E1] eval clean + per colorfulness bin
[17:41:56] INFO   [E2] eval perturbasi warna
[17:46:25] INFO   done swin_tiny_gray seed0
[17:46:25] INFO ==== cub200 / swin_tiny_gray / seed1 (recipe=adamw gray=True) ====
[17:46:25] INFO [train] cub200/swin_tiny_gray/seed1 recipe=adamw opt=adamw lr=0.0001 wd=0.05 grayscale=True epochs=60 device=cuda n_train=4994 n_val=1000 bs=64 accum=1
[17:46:50] INFO   ep1: train_loss=5.2503 val_acc=0.0510 val_f1=0.0344 val_uar=0.0510 lr=4.00e-05
[17:47:01] INFO   ep2: train_loss=4.4704 val_acc=0.2870 val_f1=0.2482 val_uar=0.2870 lr=6.00e-05
[17:47:11] INFO   ep3: train_loss=3.1994 val_acc=0.4880 val_f1=0.4566 val_uar=0.4880 lr=8.00e-05
[17:47:22] INFO   ep4: train_loss=2.4179 val_acc=0.5910 val_f1=0.5701 val_uar=0.5910 lr=1.00e-04
[17:47:33] INFO   ep5: train_loss=1.9898 val_acc=0.6510 val_f1=0.6362 val_uar=0.6510 lr=1.00e-04
[17:47:44] INFO   ep6: train_loss=1.7044 val_acc=0.6670 val_f1=0.6539 val_uar=0.6670 lr=9.99e-05
[17:47:55] INFO   ep7: train_loss=1.5010 val_acc=0.6600 val_f1=0.6545 val_uar=0.6600 lr=9.97e-05
[17:48:06] INFO   ep8: train_loss=1.3664 val_acc=0.6890 val_f1=0.6840 val_uar=0.6890 lr=9.93e-05
[17:48:17] INFO   ep9: train_loss=1.2980 val_acc=0.6960 val_f1=0.6902 val_uar=0.6960 lr=9.87e-05
[17:48:28] INFO   ep10: train_loss=1.2263 val_acc=0.7000 val_f1=0.6939 val_uar=0.7000 lr=9.80e-05
[17:48:39] INFO   ep11: train_loss=1.1834 val_acc=0.7150 val_f1=0.7095 val_uar=0.7150 lr=9.71e-05
[17:48:50] INFO   ep12: train_loss=1.1572 val_acc=0.6980 val_f1=0.6909 val_uar=0.6980 lr=9.61e-05
[17:49:01] INFO   ep13: train_loss=1.1333 val_acc=0.7200 val_f1=0.7139 val_uar=0.7200 lr=9.49e-05
[17:49:11] INFO   ep14: train_loss=1.1048 val_acc=0.7130 val_f1=0.7094 val_uar=0.7130 lr=9.35e-05
[17:49:21] INFO   ep15: train_loss=1.0852 val_acc=0.7050 val_f1=0.6986 val_uar=0.7050 lr=9.21e-05
[17:49:32] INFO   ep16: train_loss=1.0737 val_acc=0.7190 val_f1=0.7115 val_uar=0.7190 lr=9.05e-05
[17:49:43] INFO   ep17: train_loss=1.0623 val_acc=0.7260 val_f1=0.7170 val_uar=0.7260 lr=8.87e-05
[17:49:54] INFO   ep18: train_loss=1.0557 val_acc=0.7280 val_f1=0.7248 val_uar=0.7280 lr=8.68e-05
[17:50:05] INFO   ep19: train_loss=1.0393 val_acc=0.7280 val_f1=0.7221 val_uar=0.7280 lr=8.48e-05
[17:50:16] INFO   ep20: train_loss=1.0264 val_acc=0.7380 val_f1=0.7289 val_uar=0.7380 lr=8.27e-05
[17:50:27] INFO   ep21: train_loss=1.0273 val_acc=0.7330 val_f1=0.7265 val_uar=0.7330 lr=8.05e-05
[17:50:38] INFO   ep22: train_loss=1.0234 val_acc=0.7410 val_f1=0.7372 val_uar=0.7410 lr=7.82e-05
[17:50:48] INFO   ep23: train_loss=1.0116 val_acc=0.7330 val_f1=0.7271 val_uar=0.7330 lr=7.58e-05
[17:50:59] INFO   ep24: train_loss=1.0007 val_acc=0.7380 val_f1=0.7342 val_uar=0.7380 lr=7.33e-05
[17:51:10] INFO   ep25: train_loss=1.0042 val_acc=0.7390 val_f1=0.7337 val_uar=0.7390 lr=7.08e-05
[17:51:21] INFO   ep26: train_loss=1.0074 val_acc=0.7410 val_f1=0.7334 val_uar=0.7410 lr=6.81e-05
[17:51:33] INFO   ep27: train_loss=0.9898 val_acc=0.7350 val_f1=0.7285 val_uar=0.7350 lr=6.55e-05
[17:51:44] INFO   ep28: train_loss=0.9835 val_acc=0.7440 val_f1=0.7363 val_uar=0.7440 lr=6.27e-05
[17:51:55] INFO   ep29: train_loss=0.9745 val_acc=0.7470 val_f1=0.7409 val_uar=0.7470 lr=5.99e-05
[17:52:06] INFO   ep30: train_loss=0.9733 val_acc=0.7470 val_f1=0.7425 val_uar=0.7470 lr=5.71e-05
[17:52:16] INFO   ep31: train_loss=0.9662 val_acc=0.7480 val_f1=0.7418 val_uar=0.7480 lr=5.43e-05
[17:52:28] INFO   ep32: train_loss=0.9692 val_acc=0.7460 val_f1=0.7405 val_uar=0.7460 lr=5.14e-05
[17:52:38] INFO   ep33: train_loss=0.9644 val_acc=0.7440 val_f1=0.7373 val_uar=0.7440 lr=4.86e-05
[17:52:49] INFO   ep34: train_loss=0.9628 val_acc=0.7500 val_f1=0.7437 val_uar=0.7500 lr=4.57e-05
[17:53:01] INFO   ep35: train_loss=0.9535 val_acc=0.7430 val_f1=0.7357 val_uar=0.7430 lr=4.29e-05
[17:53:11] INFO   ep36: train_loss=0.9521 val_acc=0.7500 val_f1=0.7432 val_uar=0.7500 lr=4.01e-05
[17:53:22] INFO   ep37: train_loss=0.9551 val_acc=0.7490 val_f1=0.7425 val_uar=0.7490 lr=3.73e-05
[17:53:33] INFO   ep38: train_loss=0.9501 val_acc=0.7440 val_f1=0.7401 val_uar=0.7440 lr=3.45e-05
[17:53:44] INFO   ep39: train_loss=0.9471 val_acc=0.7560 val_f1=0.7513 val_uar=0.7560 lr=3.19e-05
[17:53:55] INFO   ep40: train_loss=0.9413 val_acc=0.7600 val_f1=0.7526 val_uar=0.7600 lr=2.92e-05
[17:54:06] INFO   ep41: train_loss=0.9409 val_acc=0.7580 val_f1=0.7518 val_uar=0.7580 lr=2.67e-05
[17:54:17] INFO   ep42: train_loss=0.9468 val_acc=0.7510 val_f1=0.7470 val_uar=0.7510 lr=2.42e-05
[17:54:28] INFO   ep43: train_loss=0.9372 val_acc=0.7540 val_f1=0.7496 val_uar=0.7540 lr=2.18e-05
[17:54:39] INFO   ep44: train_loss=0.9403 val_acc=0.7530 val_f1=0.7495 val_uar=0.7530 lr=1.95e-05
[17:54:50] INFO   ep45: train_loss=0.9329 val_acc=0.7500 val_f1=0.7463 val_uar=0.7500 lr=1.73e-05
[17:55:01] INFO   ep46: train_loss=0.9339 val_acc=0.7540 val_f1=0.7483 val_uar=0.7540 lr=1.52e-05
[17:55:12] INFO   ep47: train_loss=0.9333 val_acc=0.7490 val_f1=0.7438 val_uar=0.7490 lr=1.32e-05
[17:55:23] INFO   ep48: train_loss=0.9272 val_acc=0.7550 val_f1=0.7497 val_uar=0.7550 lr=1.13e-05
[17:55:34] INFO   ep49: train_loss=0.9262 val_acc=0.7610 val_f1=0.7551 val_uar=0.7610 lr=9.55e-06
[17:55:45] INFO   ep50: train_loss=0.9243 val_acc=0.7630 val_f1=0.7568 val_uar=0.7630 lr=7.94e-06
[17:55:56] INFO   ep51: train_loss=0.9299 val_acc=0.7600 val_f1=0.7536 val_uar=0.7600 lr=6.46e-06
[17:56:07] INFO   ep52: train_loss=0.9266 val_acc=0.7550 val_f1=0.7479 val_uar=0.7550 lr=5.13e-06
[17:56:18] INFO   ep53: train_loss=0.9243 val_acc=0.7570 val_f1=0.7504 val_uar=0.7570 lr=3.94e-06
[17:56:29] INFO   ep54: train_loss=0.9310 val_acc=0.7580 val_f1=0.7515 val_uar=0.7580 lr=2.91e-06
[17:56:40] INFO   ep55: train_loss=0.9261 val_acc=0.7570 val_f1=0.7506 val_uar=0.7570 lr=2.03e-06
[17:56:51] INFO   ep56: train_loss=0.9231 val_acc=0.7590 val_f1=0.7528 val_uar=0.7590 lr=1.30e-06
[17:57:02] INFO   ep57: train_loss=0.9219 val_acc=0.7550 val_f1=0.7485 val_uar=0.7550 lr=7.32e-07
[17:57:12] INFO   ep58: train_loss=0.9274 val_acc=0.7570 val_f1=0.7501 val_uar=0.7570 lr=3.26e-07
[17:57:23] INFO   ep59: train_loss=0.9265 val_acc=0.7570 val_f1=0.7501 val_uar=0.7570 lr=8.15e-08
[17:57:34] INFO   ep60: train_loss=0.9234 val_acc=0.7580 val_f1=0.7512 val_uar=0.7580 lr=0.00e+00
[17:57:34] INFO [done] swin_tiny_gray best_val_acc=0.7630 lr_used=0.0001 ckpt=checkpoints\cub200_swin_tiny_gray_seed1.pt time=11.2min
[17:57:36] INFO   [E1] eval clean + per colorfulness bin
[17:57:53] INFO   [E2] eval perturbasi warna
[18:02:25] INFO   done swin_tiny_gray seed1
[18:02:25] INFO ==== cub200 / swin_tiny_gray / seed2 (recipe=adamw gray=True) ====
[18:02:26] INFO [train] cub200/swin_tiny_gray/seed2 recipe=adamw opt=adamw lr=0.0001 wd=0.05 grayscale=True epochs=60 device=cuda n_train=4994 n_val=1000 bs=64 accum=1
[18:02:51] INFO   ep1: train_loss=5.2378 val_acc=0.0570 val_f1=0.0401 val_uar=0.0570 lr=4.00e-05
[18:03:01] INFO   ep2: train_loss=4.4007 val_acc=0.3200 val_f1=0.2793 val_uar=0.3200 lr=6.00e-05
[18:03:12] INFO   ep3: train_loss=3.0669 val_acc=0.4970 val_f1=0.4707 val_uar=0.4970 lr=8.00e-05
[18:03:23] INFO   ep4: train_loss=2.3405 val_acc=0.5920 val_f1=0.5741 val_uar=0.5920 lr=1.00e-04
[18:03:34] INFO   ep5: train_loss=1.9430 val_acc=0.6350 val_f1=0.6188 val_uar=0.6350 lr=1.00e-04
[18:03:45] INFO   ep6: train_loss=1.6703 val_acc=0.6610 val_f1=0.6508 val_uar=0.6610 lr=9.99e-05
[18:03:55] INFO   ep7: train_loss=1.4955 val_acc=0.6610 val_f1=0.6518 val_uar=0.6610 lr=9.97e-05
[18:04:06] INFO   ep8: train_loss=1.3611 val_acc=0.6700 val_f1=0.6597 val_uar=0.6700 lr=9.93e-05
[18:04:17] INFO   ep9: train_loss=1.2873 val_acc=0.6830 val_f1=0.6748 val_uar=0.6830 lr=9.87e-05
[18:04:28] INFO   ep10: train_loss=1.2068 val_acc=0.7050 val_f1=0.6971 val_uar=0.7050 lr=9.80e-05
[18:04:39] INFO   ep11: train_loss=1.1800 val_acc=0.6900 val_f1=0.6823 val_uar=0.6900 lr=9.71e-05
[18:04:51] INFO   ep12: train_loss=1.1372 val_acc=0.6960 val_f1=0.6881 val_uar=0.6960 lr=9.61e-05
[18:05:02] INFO   ep13: train_loss=1.1344 val_acc=0.7070 val_f1=0.6961 val_uar=0.7070 lr=9.49e-05
[18:05:13] INFO   ep14: train_loss=1.0888 val_acc=0.7060 val_f1=0.6992 val_uar=0.7060 lr=9.35e-05
[18:05:24] INFO   ep15: train_loss=1.0935 val_acc=0.6940 val_f1=0.6854 val_uar=0.6940 lr=9.21e-05
[18:05:35] INFO   ep16: train_loss=1.0699 val_acc=0.7110 val_f1=0.7045 val_uar=0.7110 lr=9.05e-05
[18:05:45] INFO   ep17: train_loss=1.0487 val_acc=0.7100 val_f1=0.7001 val_uar=0.7100 lr=8.87e-05
[18:05:56] INFO   ep18: train_loss=1.0414 val_acc=0.7100 val_f1=0.7000 val_uar=0.7100 lr=8.68e-05
[18:06:07] INFO   ep19: train_loss=1.0302 val_acc=0.7210 val_f1=0.7084 val_uar=0.7210 lr=8.48e-05
[18:06:18] INFO   ep20: train_loss=1.0355 val_acc=0.7290 val_f1=0.7186 val_uar=0.7290 lr=8.27e-05
[18:06:29] INFO   ep21: train_loss=1.0223 val_acc=0.7260 val_f1=0.7179 val_uar=0.7260 lr=8.05e-05
[18:06:40] INFO   ep22: train_loss=1.0113 val_acc=0.7270 val_f1=0.7172 val_uar=0.7270 lr=7.82e-05
[18:06:51] INFO   ep23: train_loss=1.0081 val_acc=0.7260 val_f1=0.7173 val_uar=0.7260 lr=7.58e-05
[18:07:02] INFO   ep24: train_loss=0.9985 val_acc=0.7170 val_f1=0.7096 val_uar=0.7170 lr=7.33e-05
[18:07:14] INFO   ep25: train_loss=0.9952 val_acc=0.7180 val_f1=0.7058 val_uar=0.7180 lr=7.08e-05
[18:07:25] INFO   ep26: train_loss=0.9959 val_acc=0.7270 val_f1=0.7172 val_uar=0.7270 lr=6.81e-05
[18:07:36] INFO   ep27: train_loss=0.9846 val_acc=0.7210 val_f1=0.7138 val_uar=0.7210 lr=6.55e-05
[18:07:47] INFO   ep28: train_loss=0.9814 val_acc=0.7320 val_f1=0.7228 val_uar=0.7320 lr=6.27e-05
[18:07:58] INFO   ep29: train_loss=0.9750 val_acc=0.7310 val_f1=0.7231 val_uar=0.7310 lr=5.99e-05
[18:08:10] INFO   ep30: train_loss=0.9703 val_acc=0.7340 val_f1=0.7258 val_uar=0.7340 lr=5.71e-05
[18:08:21] INFO   ep31: train_loss=0.9700 val_acc=0.7290 val_f1=0.7195 val_uar=0.7290 lr=5.43e-05
[18:08:32] INFO   ep32: train_loss=0.9672 val_acc=0.7310 val_f1=0.7226 val_uar=0.7310 lr=5.14e-05
[18:08:43] INFO   ep33: train_loss=0.9675 val_acc=0.7330 val_f1=0.7228 val_uar=0.7330 lr=4.86e-05
[18:08:54] INFO   ep34: train_loss=0.9646 val_acc=0.7270 val_f1=0.7195 val_uar=0.7270 lr=4.57e-05
[18:09:05] INFO   ep35: train_loss=0.9560 val_acc=0.7380 val_f1=0.7304 val_uar=0.7380 lr=4.29e-05
[18:09:16] INFO   ep36: train_loss=0.9513 val_acc=0.7380 val_f1=0.7286 val_uar=0.7380 lr=4.01e-05
[18:09:27] INFO   ep37: train_loss=0.9513 val_acc=0.7360 val_f1=0.7254 val_uar=0.7360 lr=3.73e-05
[18:09:38] INFO   ep38: train_loss=0.9435 val_acc=0.7440 val_f1=0.7350 val_uar=0.7440 lr=3.45e-05
[18:09:49] INFO   ep39: train_loss=0.9540 val_acc=0.7410 val_f1=0.7326 val_uar=0.7410 lr=3.19e-05
[18:10:00] INFO   ep40: train_loss=0.9421 val_acc=0.7400 val_f1=0.7304 val_uar=0.7400 lr=2.92e-05
[18:10:11] INFO   ep41: train_loss=0.9440 val_acc=0.7430 val_f1=0.7364 val_uar=0.7430 lr=2.67e-05
[18:10:22] INFO   ep42: train_loss=0.9357 val_acc=0.7450 val_f1=0.7340 val_uar=0.7450 lr=2.42e-05
[18:10:33] INFO   ep43: train_loss=0.9331 val_acc=0.7470 val_f1=0.7369 val_uar=0.7470 lr=2.18e-05
[18:10:44] INFO   ep44: train_loss=0.9315 val_acc=0.7460 val_f1=0.7368 val_uar=0.7460 lr=1.95e-05
[18:10:55] INFO   ep45: train_loss=0.9365 val_acc=0.7540 val_f1=0.7455 val_uar=0.7540 lr=1.73e-05
[18:11:07] INFO   ep46: train_loss=0.9306 val_acc=0.7530 val_f1=0.7453 val_uar=0.7530 lr=1.52e-05
[18:11:18] INFO   ep47: train_loss=0.9277 val_acc=0.7510 val_f1=0.7412 val_uar=0.7510 lr=1.32e-05
[18:11:28] INFO   ep48: train_loss=0.9337 val_acc=0.7500 val_f1=0.7411 val_uar=0.7500 lr=1.13e-05
[18:11:39] INFO   ep49: train_loss=0.9253 val_acc=0.7530 val_f1=0.7432 val_uar=0.7530 lr=9.55e-06
[18:11:50] INFO   ep50: train_loss=0.9242 val_acc=0.7540 val_f1=0.7434 val_uar=0.7540 lr=7.94e-06
[18:12:01] INFO   ep51: train_loss=0.9257 val_acc=0.7510 val_f1=0.7414 val_uar=0.7510 lr=6.46e-06
[18:12:12] INFO   ep52: train_loss=0.9270 val_acc=0.7540 val_f1=0.7451 val_uar=0.7540 lr=5.13e-06
[18:12:23] INFO   ep53: train_loss=0.9281 val_acc=0.7560 val_f1=0.7467 val_uar=0.7560 lr=3.94e-06
[18:12:34] INFO   ep54: train_loss=0.9251 val_acc=0.7550 val_f1=0.7452 val_uar=0.7550 lr=2.91e-06
[18:12:46] INFO   ep55: train_loss=0.9307 val_acc=0.7530 val_f1=0.7436 val_uar=0.7530 lr=2.03e-06
[18:12:57] INFO   ep56: train_loss=0.9238 val_acc=0.7550 val_f1=0.7451 val_uar=0.7550 lr=1.30e-06
[18:13:08] INFO   ep57: train_loss=0.9257 val_acc=0.7570 val_f1=0.7474 val_uar=0.7570 lr=7.32e-07
[18:13:19] INFO   ep58: train_loss=0.9255 val_acc=0.7570 val_f1=0.7473 val_uar=0.7570 lr=3.26e-07
[18:13:30] INFO   ep59: train_loss=0.9231 val_acc=0.7570 val_f1=0.7473 val_uar=0.7570 lr=8.15e-08
[18:13:41] INFO   ep60: train_loss=0.9277 val_acc=0.7570 val_f1=0.7473 val_uar=0.7570 lr=0.00e+00
[18:13:41] INFO [done] swin_tiny_gray best_val_acc=0.7570 lr_used=0.0001 ckpt=checkpoints\cub200_swin_tiny_gray_seed2.pt time=11.3min
[18:13:43] INFO   [E1] eval clean + per colorfulness bin
[18:14:01] INFO   [E2] eval perturbasi warna
[18:18:34] INFO   done swin_tiny_gray seed2
[18:18:34] INFO ==== cub200 / swin_tiny_gray / seed3 (recipe=adamw gray=True) ====
[18:18:35] INFO [train] cub200/swin_tiny_gray/seed3 recipe=adamw opt=adamw lr=0.0001 wd=0.05 grayscale=True epochs=60 device=cuda n_train=4994 n_val=1000 bs=64 accum=1
[18:19:00] INFO   ep1: train_loss=5.2543 val_acc=0.0380 val_f1=0.0193 val_uar=0.0380 lr=4.00e-05
[18:19:10] INFO   ep2: train_loss=4.5122 val_acc=0.2470 val_f1=0.1946 val_uar=0.2470 lr=6.00e-05
[18:19:21] INFO   ep3: train_loss=3.2140 val_acc=0.4500 val_f1=0.4273 val_uar=0.4500 lr=8.00e-05
[18:19:32] INFO   ep4: train_loss=2.4354 val_acc=0.5790 val_f1=0.5601 val_uar=0.5790 lr=1.00e-04
[18:19:43] INFO   ep5: train_loss=1.9937 val_acc=0.6300 val_f1=0.6164 val_uar=0.6300 lr=1.00e-04
[18:19:54] INFO   ep6: train_loss=1.7087 val_acc=0.6590 val_f1=0.6474 val_uar=0.6590 lr=9.99e-05
[18:20:05] INFO   ep7: train_loss=1.5202 val_acc=0.6770 val_f1=0.6688 val_uar=0.6770 lr=9.97e-05
[18:20:16] INFO   ep8: train_loss=1.3894 val_acc=0.6700 val_f1=0.6635 val_uar=0.6700 lr=9.93e-05
[18:20:26] INFO   ep9: train_loss=1.3057 val_acc=0.6870 val_f1=0.6771 val_uar=0.6870 lr=9.87e-05
[18:20:37] INFO   ep10: train_loss=1.2377 val_acc=0.6780 val_f1=0.6739 val_uar=0.6780 lr=9.80e-05
[18:20:48] INFO   ep11: train_loss=1.1926 val_acc=0.7030 val_f1=0.6948 val_uar=0.7030 lr=9.71e-05
[18:21:00] INFO   ep12: train_loss=1.1539 val_acc=0.6970 val_f1=0.6893 val_uar=0.6970 lr=9.61e-05
[18:21:10] INFO   ep13: train_loss=1.1359 val_acc=0.6940 val_f1=0.6880 val_uar=0.6940 lr=9.49e-05
[18:21:21] INFO   ep14: train_loss=1.1137 val_acc=0.7020 val_f1=0.6961 val_uar=0.7020 lr=9.35e-05
[18:21:32] INFO   ep15: train_loss=1.0845 val_acc=0.7040 val_f1=0.6931 val_uar=0.7040 lr=9.21e-05
[18:21:43] INFO   ep16: train_loss=1.0687 val_acc=0.7000 val_f1=0.6940 val_uar=0.7000 lr=9.05e-05
[18:21:54] INFO   ep17: train_loss=1.0592 val_acc=0.7220 val_f1=0.7146 val_uar=0.7220 lr=8.87e-05
[18:22:05] INFO   ep18: train_loss=1.0449 val_acc=0.7160 val_f1=0.7050 val_uar=0.7160 lr=8.68e-05
[18:22:16] INFO   ep19: train_loss=1.0388 val_acc=0.7300 val_f1=0.7250 val_uar=0.7300 lr=8.48e-05
[18:22:27] INFO   ep20: train_loss=1.0366 val_acc=0.7290 val_f1=0.7202 val_uar=0.7290 lr=8.27e-05
[18:22:38] INFO   ep21: train_loss=1.0217 val_acc=0.7200 val_f1=0.7100 val_uar=0.7200 lr=8.05e-05
[18:22:49] INFO   ep22: train_loss=1.0138 val_acc=0.7260 val_f1=0.7182 val_uar=0.7260 lr=7.82e-05
[18:23:00] INFO   ep23: train_loss=1.0028 val_acc=0.7290 val_f1=0.7249 val_uar=0.7290 lr=7.58e-05
[18:23:11] INFO   ep24: train_loss=1.0049 val_acc=0.7210 val_f1=0.7141 val_uar=0.7210 lr=7.33e-05
[18:23:22] INFO   ep25: train_loss=0.9973 val_acc=0.7260 val_f1=0.7162 val_uar=0.7260 lr=7.08e-05
[18:23:33] INFO   ep26: train_loss=0.9947 val_acc=0.7350 val_f1=0.7272 val_uar=0.7350 lr=6.81e-05
[18:23:44] INFO   ep27: train_loss=0.9861 val_acc=0.7250 val_f1=0.7152 val_uar=0.7250 lr=6.55e-05
[18:23:55] INFO   ep28: train_loss=0.9814 val_acc=0.7300 val_f1=0.7232 val_uar=0.7300 lr=6.27e-05
[18:24:05] INFO   ep29: train_loss=0.9800 val_acc=0.7430 val_f1=0.7310 val_uar=0.7430 lr=5.99e-05
[18:24:16] INFO   ep30: train_loss=0.9649 val_acc=0.7400 val_f1=0.7308 val_uar=0.7400 lr=5.71e-05
[18:24:27] INFO   ep31: train_loss=0.9623 val_acc=0.7290 val_f1=0.7195 val_uar=0.7290 lr=5.43e-05
[18:24:38] INFO   ep32: train_loss=0.9627 val_acc=0.7320 val_f1=0.7219 val_uar=0.7320 lr=5.14e-05
[18:24:49] INFO   ep33: train_loss=0.9587 val_acc=0.7320 val_f1=0.7224 val_uar=0.7320 lr=4.86e-05
[18:25:00] INFO   ep34: train_loss=0.9573 val_acc=0.7390 val_f1=0.7291 val_uar=0.7390 lr=4.57e-05
[18:25:11] INFO   ep35: train_loss=0.9539 val_acc=0.7350 val_f1=0.7256 val_uar=0.7350 lr=4.29e-05
[18:25:22] INFO   ep36: train_loss=0.9585 val_acc=0.7490 val_f1=0.7406 val_uar=0.7490 lr=4.01e-05
[18:25:33] INFO   ep37: train_loss=0.9551 val_acc=0.7450 val_f1=0.7375 val_uar=0.7450 lr=3.73e-05
[18:25:44] INFO   ep38: train_loss=0.9499 val_acc=0.7420 val_f1=0.7338 val_uar=0.7420 lr=3.45e-05
[18:25:55] INFO   ep39: train_loss=0.9488 val_acc=0.7490 val_f1=0.7398 val_uar=0.7490 lr=3.19e-05
[18:26:06] INFO   ep40: train_loss=0.9460 val_acc=0.7390 val_f1=0.7328 val_uar=0.7390 lr=2.92e-05
[18:26:17] INFO   ep41: train_loss=0.9477 val_acc=0.7540 val_f1=0.7447 val_uar=0.7540 lr=2.67e-05
[18:26:28] INFO   ep42: train_loss=0.9390 val_acc=0.7450 val_f1=0.7368 val_uar=0.7450 lr=2.42e-05
[18:26:39] INFO   ep43: train_loss=0.9356 val_acc=0.7450 val_f1=0.7369 val_uar=0.7450 lr=2.18e-05
[18:26:49] INFO   ep44: train_loss=0.9325 val_acc=0.7450 val_f1=0.7366 val_uar=0.7450 lr=1.95e-05
[18:27:00] INFO   ep45: train_loss=0.9361 val_acc=0.7450 val_f1=0.7375 val_uar=0.7450 lr=1.73e-05
[18:27:11] INFO   ep46: train_loss=0.9357 val_acc=0.7520 val_f1=0.7444 val_uar=0.7520 lr=1.52e-05
[18:27:22] INFO   ep47: train_loss=0.9295 val_acc=0.7490 val_f1=0.7407 val_uar=0.7490 lr=1.32e-05
[18:27:33] INFO   ep48: train_loss=0.9260 val_acc=0.7500 val_f1=0.7422 val_uar=0.7500 lr=1.13e-05
[18:27:44] INFO   ep49: train_loss=0.9342 val_acc=0.7560 val_f1=0.7491 val_uar=0.7560 lr=9.55e-06
[18:27:55] INFO   ep50: train_loss=0.9319 val_acc=0.7550 val_f1=0.7467 val_uar=0.7550 lr=7.94e-06
[18:28:06] INFO   ep51: train_loss=0.9246 val_acc=0.7540 val_f1=0.7452 val_uar=0.7540 lr=6.46e-06
[18:28:17] INFO   ep52: train_loss=0.9282 val_acc=0.7510 val_f1=0.7422 val_uar=0.7510 lr=5.13e-06
[18:28:28] INFO   ep53: train_loss=0.9269 val_acc=0.7540 val_f1=0.7451 val_uar=0.7540 lr=3.94e-06
[18:28:39] INFO   ep54: train_loss=0.9245 val_acc=0.7530 val_f1=0.7447 val_uar=0.7530 lr=2.91e-06
[18:28:50] INFO   ep55: train_loss=0.9260 val_acc=0.7510 val_f1=0.7418 val_uar=0.7510 lr=2.03e-06
[18:29:01] INFO   ep56: train_loss=0.9227 val_acc=0.7510 val_f1=0.7420 val_uar=0.7510 lr=1.30e-06
[18:29:12] INFO   ep57: train_loss=0.9227 val_acc=0.7520 val_f1=0.7426 val_uar=0.7520 lr=7.32e-07
[18:29:23] INFO   ep58: train_loss=0.9234 val_acc=0.7540 val_f1=0.7453 val_uar=0.7540 lr=3.26e-07
[18:29:34] INFO   ep59: train_loss=0.9259 val_acc=0.7540 val_f1=0.7453 val_uar=0.7540 lr=8.15e-08
[18:29:45] INFO   ep60: train_loss=0.9281 val_acc=0.7540 val_f1=0.7452 val_uar=0.7540 lr=0.00e+00
[18:29:45] INFO [done] swin_tiny_gray best_val_acc=0.7560 lr_used=0.0001 ckpt=checkpoints\cub200_swin_tiny_gray_seed3.pt time=11.2min
[18:29:47] INFO   [E1] eval clean + per colorfulness bin
[18:30:04] INFO   [E2] eval perturbasi warna
[18:34:42] INFO   done swin_tiny_gray seed3
[18:34:42] INFO ==== cub200 / swin_tiny_gray / seed4 (recipe=adamw gray=True) ====
[18:34:42] INFO [train] cub200/swin_tiny_gray/seed4 recipe=adamw opt=adamw lr=0.0001 wd=0.05 grayscale=True epochs=60 device=cuda n_train=4994 n_val=1000 bs=64 accum=1
[18:35:09] INFO   ep1: train_loss=5.2471 val_acc=0.0400 val_f1=0.0308 val_uar=0.0400 lr=4.00e-05
[18:35:20] INFO   ep2: train_loss=4.4480 val_acc=0.3010 val_f1=0.2654 val_uar=0.3010 lr=6.00e-05
[18:35:31] INFO   ep3: train_loss=3.1415 val_acc=0.5180 val_f1=0.4970 val_uar=0.5180 lr=8.00e-05
[18:35:42] INFO   ep4: train_loss=2.4064 val_acc=0.5800 val_f1=0.5580 val_uar=0.5800 lr=1.00e-04
[18:35:53] INFO   ep5: train_loss=1.9714 val_acc=0.6130 val_f1=0.6036 val_uar=0.6130 lr=1.00e-04
[18:36:05] INFO   ep6: train_loss=1.6900 val_acc=0.6560 val_f1=0.6448 val_uar=0.6560 lr=9.99e-05
[18:36:16] INFO   ep7: train_loss=1.4787 val_acc=0.6830 val_f1=0.6777 val_uar=0.6830 lr=9.97e-05
[18:36:28] INFO   ep8: train_loss=1.3754 val_acc=0.6820 val_f1=0.6698 val_uar=0.6820 lr=9.93e-05
[18:36:39] INFO   ep9: train_loss=1.2812 val_acc=0.6900 val_f1=0.6819 val_uar=0.6900 lr=9.87e-05
[18:36:50] INFO   ep10: train_loss=1.2172 val_acc=0.7050 val_f1=0.6999 val_uar=0.7050 lr=9.80e-05
[18:37:01] INFO   ep11: train_loss=1.1849 val_acc=0.7020 val_f1=0.6941 val_uar=0.7020 lr=9.71e-05
[18:37:12] INFO   ep12: train_loss=1.1356 val_acc=0.7020 val_f1=0.6952 val_uar=0.7020 lr=9.61e-05
[18:37:23] INFO   ep13: train_loss=1.1220 val_acc=0.7070 val_f1=0.7030 val_uar=0.7070 lr=9.49e-05
[18:37:34] INFO   ep14: train_loss=1.0926 val_acc=0.7020 val_f1=0.6967 val_uar=0.7020 lr=9.35e-05
[18:37:46] INFO   ep15: train_loss=1.0766 val_acc=0.7170 val_f1=0.7088 val_uar=0.7170 lr=9.21e-05
[18:37:57] INFO   ep16: train_loss=1.0642 val_acc=0.7220 val_f1=0.7165 val_uar=0.7220 lr=9.05e-05
[18:38:08] INFO   ep17: train_loss=1.0587 val_acc=0.7330 val_f1=0.7235 val_uar=0.7330 lr=8.87e-05
[18:38:19] INFO   ep18: train_loss=1.0385 val_acc=0.7360 val_f1=0.7314 val_uar=0.7360 lr=8.68e-05
[18:38:31] INFO   ep19: train_loss=1.0335 val_acc=0.7410 val_f1=0.7366 val_uar=0.7410 lr=8.48e-05
[18:38:42] INFO   ep20: train_loss=1.0215 val_acc=0.7310 val_f1=0.7253 val_uar=0.7310 lr=8.27e-05
[18:38:53] INFO   ep21: train_loss=1.0287 val_acc=0.7130 val_f1=0.7090 val_uar=0.7130 lr=8.05e-05
[18:39:05] INFO   ep22: train_loss=1.0106 val_acc=0.7250 val_f1=0.7206 val_uar=0.7250 lr=7.82e-05
[18:39:17] INFO   ep23: train_loss=0.9997 val_acc=0.7210 val_f1=0.7169 val_uar=0.7210 lr=7.58e-05
[18:39:28] INFO   ep24: train_loss=1.0012 val_acc=0.7190 val_f1=0.7102 val_uar=0.7190 lr=7.33e-05
[18:39:39] INFO   ep25: train_loss=0.9975 val_acc=0.7250 val_f1=0.7200 val_uar=0.7250 lr=7.08e-05
[18:39:50] INFO   ep26: train_loss=0.9907 val_acc=0.7400 val_f1=0.7332 val_uar=0.7400 lr=6.81e-05
[18:40:01] INFO   ep27: train_loss=0.9829 val_acc=0.7440 val_f1=0.7396 val_uar=0.7440 lr=6.55e-05
[18:40:13] INFO   ep28: train_loss=0.9813 val_acc=0.7390 val_f1=0.7323 val_uar=0.7390 lr=6.27e-05
[18:40:24] INFO   ep29: train_loss=0.9728 val_acc=0.7400 val_f1=0.7357 val_uar=0.7400 lr=5.99e-05
[18:40:35] INFO   ep30: train_loss=0.9803 val_acc=0.7270 val_f1=0.7199 val_uar=0.7270 lr=5.71e-05
[18:40:46] INFO   ep31: train_loss=0.9650 val_acc=0.7500 val_f1=0.7448 val_uar=0.7500 lr=5.43e-05
[18:40:57] INFO   ep32: train_loss=0.9628 val_acc=0.7390 val_f1=0.7323 val_uar=0.7390 lr=5.14e-05
[18:41:08] INFO   ep33: train_loss=0.9625 val_acc=0.7440 val_f1=0.7381 val_uar=0.7440 lr=4.86e-05
[18:41:19] INFO   ep34: train_loss=0.9525 val_acc=0.7530 val_f1=0.7476 val_uar=0.7530 lr=4.57e-05
[18:41:30] INFO   ep35: train_loss=0.9542 val_acc=0.7620 val_f1=0.7565 val_uar=0.7620 lr=4.29e-05
[18:41:41] INFO   ep36: train_loss=0.9516 val_acc=0.7510 val_f1=0.7463 val_uar=0.7510 lr=4.01e-05
[18:41:52] INFO   ep37: train_loss=0.9481 val_acc=0.7400 val_f1=0.7352 val_uar=0.7400 lr=3.73e-05
[18:42:03] INFO   ep38: train_loss=0.9554 val_acc=0.7480 val_f1=0.7410 val_uar=0.7480 lr=3.45e-05
[18:42:14] INFO   ep39: train_loss=0.9410 val_acc=0.7580 val_f1=0.7535 val_uar=0.7580 lr=3.19e-05
[18:42:25] INFO   ep40: train_loss=0.9392 val_acc=0.7500 val_f1=0.7443 val_uar=0.7500 lr=2.92e-05
[18:42:36] INFO   ep41: train_loss=0.9378 val_acc=0.7510 val_f1=0.7468 val_uar=0.7510 lr=2.67e-05
[18:42:47] INFO   ep42: train_loss=0.9316 val_acc=0.7620 val_f1=0.7554 val_uar=0.7620 lr=2.42e-05
[18:42:59] INFO   ep43: train_loss=0.9319 val_acc=0.7560 val_f1=0.7500 val_uar=0.7560 lr=2.18e-05
[18:43:10] INFO   ep44: train_loss=0.9367 val_acc=0.7520 val_f1=0.7487 val_uar=0.7520 lr=1.95e-05
[18:43:21] INFO   ep45: train_loss=0.9298 val_acc=0.7600 val_f1=0.7560 val_uar=0.7600 lr=1.73e-05
[18:43:32] INFO   ep46: train_loss=0.9345 val_acc=0.7550 val_f1=0.7497 val_uar=0.7550 lr=1.52e-05
[18:43:43] INFO   ep47: train_loss=0.9275 val_acc=0.7520 val_f1=0.7472 val_uar=0.7520 lr=1.32e-05
[18:43:54] INFO   ep48: train_loss=0.9258 val_acc=0.7570 val_f1=0.7526 val_uar=0.7570 lr=1.13e-05
[18:44:05] INFO   ep49: train_loss=0.9239 val_acc=0.7540 val_f1=0.7483 val_uar=0.7540 lr=9.55e-06
[18:44:16] INFO   ep50: train_loss=0.9292 val_acc=0.7580 val_f1=0.7528 val_uar=0.7580 lr=7.94e-06
[18:44:27] INFO   ep51: train_loss=0.9252 val_acc=0.7560 val_f1=0.7499 val_uar=0.7560 lr=6.46e-06
[18:44:38] INFO   ep52: train_loss=0.9259 val_acc=0.7580 val_f1=0.7535 val_uar=0.7580 lr=5.13e-06
[18:44:50] INFO   ep53: train_loss=0.9231 val_acc=0.7590 val_f1=0.7542 val_uar=0.7590 lr=3.94e-06
[18:45:01] INFO   ep54: train_loss=0.9214 val_acc=0.7590 val_f1=0.7559 val_uar=0.7590 lr=2.91e-06
[18:45:12] INFO   ep55: train_loss=0.9236 val_acc=0.7570 val_f1=0.7535 val_uar=0.7570 lr=2.03e-06
[18:45:23] INFO   ep56: train_loss=0.9276 val_acc=0.7560 val_f1=0.7518 val_uar=0.7560 lr=1.30e-06
[18:45:34] INFO   ep57: train_loss=0.9238 val_acc=0.7570 val_f1=0.7523 val_uar=0.7570 lr=7.32e-07
[18:45:45] INFO   ep58: train_loss=0.9221 val_acc=0.7570 val_f1=0.7524 val_uar=0.7570 lr=3.26e-07
[18:45:56] INFO   ep59: train_loss=0.9270 val_acc=0.7580 val_f1=0.7537 val_uar=0.7580 lr=8.15e-08
[18:46:08] INFO   ep60: train_loss=0.9243 val_acc=0.7590 val_f1=0.7550 val_uar=0.7590 lr=0.00e+00
[18:46:08] INFO [done] swin_tiny_gray best_val_acc=0.7620 lr_used=0.0001 ckpt=checkpoints\cub200_swin_tiny_gray_seed4.pt time=11.4min
[18:46:10] INFO   [E1] eval clean + per colorfulness bin
[18:46:28] INFO   [E2] eval perturbasi warna
[18:50:59] INFO   done swin_tiny_gray seed4
[18:50:59] INFO ALL DONE
[00:03:37] INFO dataset=cub200 models=['resnet50'] seeds=[0, 1, 2, 3, 4] epochs=None recipe=adamw
[00:03:37] INFO ==== cub200 / resnet50_gray / seed0 (recipe=adamw gray=True) ====
[00:03:37] INFO [train] cub200/resnet50_gray/seed0 recipe=adamw opt=adamw lr=0.0001 wd=0.05 grayscale=True epochs=60 device=cuda n_train=4994 n_val=1000 bs=64 accum=1
[00:04:10] INFO   ep1: train_loss=5.2943 val_acc=0.0110 val_f1=0.0041 val_uar=0.0110 lr=4.00e-05
[00:04:20] INFO   ep2: train_loss=5.2720 val_acc=0.0200 val_f1=0.0134 val_uar=0.0200 lr=6.00e-05
[00:04:28] INFO   ep3: train_loss=5.2119 val_acc=0.0900 val_f1=0.0660 val_uar=0.0900 lr=8.00e-05
[00:04:37] INFO   ep4: train_loss=5.0323 val_acc=0.1780 val_f1=0.1454 val_uar=0.1780 lr=1.00e-04
[00:04:45] INFO   ep5: train_loss=4.5574 val_acc=0.2580 val_f1=0.2144 val_uar=0.2580 lr=1.00e-04
[00:04:53] INFO   ep6: train_loss=3.9416 val_acc=0.3040 val_f1=0.2521 val_uar=0.3040 lr=9.99e-05
[00:05:02] INFO   ep7: train_loss=3.4534 val_acc=0.4120 val_f1=0.3767 val_uar=0.4120 lr=9.97e-05
[00:05:10] INFO   ep8: train_loss=3.0885 val_acc=0.4600 val_f1=0.4300 val_uar=0.4600 lr=9.93e-05
[00:05:19] INFO   ep9: train_loss=2.7857 val_acc=0.5030 val_f1=0.4773 val_uar=0.5030 lr=9.87e-05
[00:05:27] INFO   ep10: train_loss=2.5411 val_acc=0.5290 val_f1=0.4964 val_uar=0.5290 lr=9.80e-05
[00:05:36] INFO   ep11: train_loss=2.3417 val_acc=0.5580 val_f1=0.5341 val_uar=0.5580 lr=9.71e-05
[00:05:44] INFO   ep12: train_loss=2.1745 val_acc=0.5810 val_f1=0.5562 val_uar=0.5810 lr=9.61e-05
[00:05:53] INFO   ep13: train_loss=2.0404 val_acc=0.6040 val_f1=0.5836 val_uar=0.6040 lr=9.49e-05
[00:06:02] INFO   ep14: train_loss=1.9227 val_acc=0.6170 val_f1=0.6004 val_uar=0.6170 lr=9.35e-05
[00:06:10] INFO   ep15: train_loss=1.8286 val_acc=0.6220 val_f1=0.6075 val_uar=0.6220 lr=9.21e-05
[00:06:19] INFO   ep16: train_loss=1.7284 val_acc=0.6300 val_f1=0.6137 val_uar=0.6300 lr=9.05e-05
[00:06:27] INFO   ep17: train_loss=1.6703 val_acc=0.6520 val_f1=0.6371 val_uar=0.6520 lr=8.87e-05
[00:06:36] INFO   ep18: train_loss=1.5996 val_acc=0.6410 val_f1=0.6284 val_uar=0.6410 lr=8.68e-05
[00:06:44] INFO   ep19: train_loss=1.5435 val_acc=0.6610 val_f1=0.6488 val_uar=0.6610 lr=8.48e-05
[00:06:53] INFO   ep20: train_loss=1.4878 val_acc=0.6530 val_f1=0.6385 val_uar=0.6530 lr=8.27e-05
[00:07:01] INFO   ep21: train_loss=1.4469 val_acc=0.6490 val_f1=0.6377 val_uar=0.6490 lr=8.05e-05
[00:07:10] INFO   ep22: train_loss=1.4068 val_acc=0.6540 val_f1=0.6425 val_uar=0.6540 lr=7.82e-05
[00:07:18] INFO   ep23: train_loss=1.3763 val_acc=0.6640 val_f1=0.6529 val_uar=0.6640 lr=7.58e-05
[00:07:27] INFO   ep24: train_loss=1.3396 val_acc=0.6650 val_f1=0.6529 val_uar=0.6650 lr=7.33e-05
[00:07:36] INFO   ep25: train_loss=1.3043 val_acc=0.6640 val_f1=0.6523 val_uar=0.6640 lr=7.08e-05
[00:07:44] INFO   ep26: train_loss=1.2791 val_acc=0.6650 val_f1=0.6526 val_uar=0.6650 lr=6.81e-05
[00:07:53] INFO   ep27: train_loss=1.2562 val_acc=0.6700 val_f1=0.6602 val_uar=0.6700 lr=6.55e-05
[00:08:01] INFO   ep28: train_loss=1.2412 val_acc=0.6680 val_f1=0.6585 val_uar=0.6680 lr=6.27e-05
[00:08:10] INFO   ep29: train_loss=1.2110 val_acc=0.6740 val_f1=0.6641 val_uar=0.6740 lr=5.99e-05
[00:08:18] INFO   ep30: train_loss=1.2010 val_acc=0.6730 val_f1=0.6631 val_uar=0.6730 lr=5.71e-05
[00:08:27] INFO   ep31: train_loss=1.1900 val_acc=0.6770 val_f1=0.6668 val_uar=0.6770 lr=5.43e-05
[00:08:35] INFO   ep32: train_loss=1.1710 val_acc=0.6710 val_f1=0.6607 val_uar=0.6710 lr=5.14e-05
[00:08:44] INFO   ep33: train_loss=1.1550 val_acc=0.6690 val_f1=0.6580 val_uar=0.6690 lr=4.86e-05
[00:08:53] INFO   ep34: train_loss=1.1479 val_acc=0.6750 val_f1=0.6647 val_uar=0.6750 lr=4.57e-05
[00:09:01] INFO   ep35: train_loss=1.1330 val_acc=0.6770 val_f1=0.6656 val_uar=0.6770 lr=4.29e-05
[00:09:09] INFO   ep36: train_loss=1.1237 val_acc=0.6760 val_f1=0.6671 val_uar=0.6760 lr=4.01e-05
[00:09:18] INFO   ep37: train_loss=1.1120 val_acc=0.6700 val_f1=0.6622 val_uar=0.6700 lr=3.73e-05
[00:09:27] INFO   ep38: train_loss=1.1138 val_acc=0.6740 val_f1=0.6658 val_uar=0.6740 lr=3.45e-05
[00:09:35] INFO   ep39: train_loss=1.0994 val_acc=0.6820 val_f1=0.6745 val_uar=0.6820 lr=3.19e-05
[00:09:44] INFO   ep40: train_loss=1.0953 val_acc=0.6760 val_f1=0.6667 val_uar=0.6760 lr=2.92e-05
[00:09:52] INFO   ep41: train_loss=1.0853 val_acc=0.6700 val_f1=0.6588 val_uar=0.6700 lr=2.67e-05
[00:10:01] INFO   ep42: train_loss=1.0878 val_acc=0.6670 val_f1=0.6572 val_uar=0.6670 lr=2.42e-05
[00:10:09] INFO   ep43: train_loss=1.0790 val_acc=0.6660 val_f1=0.6548 val_uar=0.6660 lr=2.18e-05
[00:10:18] INFO   ep44: train_loss=1.0707 val_acc=0.6730 val_f1=0.6641 val_uar=0.6730 lr=1.95e-05
[00:10:26] INFO   ep45: train_loss=1.0730 val_acc=0.6730 val_f1=0.6631 val_uar=0.6730 lr=1.73e-05
[00:10:35] INFO   ep46: train_loss=1.0711 val_acc=0.6730 val_f1=0.6638 val_uar=0.6730 lr=1.52e-05
[00:10:44] INFO   ep47: train_loss=1.0616 val_acc=0.6760 val_f1=0.6693 val_uar=0.6760 lr=1.32e-05
[00:10:52] INFO   ep48: train_loss=1.0637 val_acc=0.6700 val_f1=0.6622 val_uar=0.6700 lr=1.13e-05
[00:11:01] INFO   ep49: train_loss=1.0601 val_acc=0.6660 val_f1=0.6553 val_uar=0.6660 lr=9.55e-06
[00:11:09] INFO   ep50: train_loss=1.0593 val_acc=0.6660 val_f1=0.6570 val_uar=0.6660 lr=7.94e-06
[00:11:18] INFO   ep51: train_loss=1.0558 val_acc=0.6720 val_f1=0.6619 val_uar=0.6720 lr=6.46e-06
[00:11:26] INFO   ep52: train_loss=1.0533 val_acc=0.6700 val_f1=0.6613 val_uar=0.6700 lr=5.13e-06
[00:11:35] INFO   ep53: train_loss=1.0559 val_acc=0.6680 val_f1=0.6608 val_uar=0.6680 lr=3.94e-06
[00:11:43] INFO   ep54: train_loss=1.0528 val_acc=0.6750 val_f1=0.6665 val_uar=0.6750 lr=2.91e-06
[00:11:52] INFO   ep55: train_loss=1.0535 val_acc=0.6710 val_f1=0.6622 val_uar=0.6710 lr=2.03e-06
[00:12:01] INFO   ep56: train_loss=1.0499 val_acc=0.6660 val_f1=0.6562 val_uar=0.6660 lr=1.30e-06
[00:12:09] INFO   ep57: train_loss=1.0550 val_acc=0.6720 val_f1=0.6633 val_uar=0.6720 lr=7.32e-07
[00:12:18] INFO   ep58: train_loss=1.0507 val_acc=0.6670 val_f1=0.6581 val_uar=0.6670 lr=3.26e-07
[00:12:26] INFO   ep59: train_loss=1.0558 val_acc=0.6670 val_f1=0.6567 val_uar=0.6670 lr=8.15e-08
[00:12:35] INFO   ep60: train_loss=1.0490 val_acc=0.6740 val_f1=0.6638 val_uar=0.6740 lr=0.00e+00
[00:12:35] INFO [done] resnet50_gray best_val_acc=0.6820 lr_used=0.0001 ckpt=checkpoints\cub200_resnet50_gray_seed0.pt time=9.0min
[00:12:37] INFO   [E1] eval clean + per colorfulness bin
[00:12:55] INFO   [E2] eval perturbasi warna
[00:17:14] INFO   done resnet50_gray seed0
[00:17:14] INFO ==== cub200 / resnet50_gray / seed1 (recipe=adamw gray=True) ====
[00:17:15] INFO [train] cub200/resnet50_gray/seed1 recipe=adamw opt=adamw lr=0.0001 wd=0.05 grayscale=True epochs=60 device=cuda n_train=4994 n_val=1000 bs=64 accum=1
[00:17:37] INFO   ep1: train_loss=5.2982 val_acc=0.0040 val_f1=0.0024 val_uar=0.0040 lr=4.00e-05
[00:17:46] INFO   ep2: train_loss=5.2783 val_acc=0.0180 val_f1=0.0126 val_uar=0.0180 lr=6.00e-05
[00:17:54] INFO   ep3: train_loss=5.2260 val_acc=0.0730 val_f1=0.0611 val_uar=0.0730 lr=8.00e-05
[00:18:02] INFO   ep4: train_loss=5.0745 val_acc=0.1600 val_f1=0.1322 val_uar=0.1600 lr=1.00e-04
[00:18:11] INFO   ep5: train_loss=4.6325 val_acc=0.2500 val_f1=0.2144 val_uar=0.2500 lr=1.00e-04
[00:18:19] INFO   ep6: train_loss=3.9783 val_acc=0.3380 val_f1=0.2946 val_uar=0.3380 lr=9.99e-05
[00:18:27] INFO   ep7: train_loss=3.4562 val_acc=0.3920 val_f1=0.3554 val_uar=0.3920 lr=9.97e-05
[00:18:36] INFO   ep8: train_loss=3.0749 val_acc=0.4390 val_f1=0.4079 val_uar=0.4390 lr=9.93e-05
[00:18:44] INFO   ep9: train_loss=2.7729 val_acc=0.5030 val_f1=0.4761 val_uar=0.5030 lr=9.87e-05
[00:18:52] INFO   ep10: train_loss=2.5375 val_acc=0.5140 val_f1=0.4919 val_uar=0.5140 lr=9.80e-05
[00:19:00] INFO   ep11: train_loss=2.3410 val_acc=0.5600 val_f1=0.5414 val_uar=0.5600 lr=9.71e-05
[00:19:09] INFO   ep12: train_loss=2.1698 val_acc=0.5780 val_f1=0.5597 val_uar=0.5780 lr=9.61e-05
[00:19:17] INFO   ep13: train_loss=2.0388 val_acc=0.5910 val_f1=0.5763 val_uar=0.5910 lr=9.49e-05
[00:19:26] INFO   ep14: train_loss=1.9125 val_acc=0.6080 val_f1=0.5967 val_uar=0.6080 lr=9.35e-05
[00:19:34] INFO   ep15: train_loss=1.8312 val_acc=0.6110 val_f1=0.5963 val_uar=0.6110 lr=9.21e-05
[00:19:43] INFO   ep16: train_loss=1.7347 val_acc=0.6280 val_f1=0.6154 val_uar=0.6280 lr=9.05e-05
[00:19:51] INFO   ep17: train_loss=1.6647 val_acc=0.6330 val_f1=0.6192 val_uar=0.6330 lr=8.87e-05
[00:20:00] INFO   ep18: train_loss=1.5980 val_acc=0.6280 val_f1=0.6166 val_uar=0.6280 lr=8.68e-05
[00:20:08] INFO   ep19: train_loss=1.5395 val_acc=0.6440 val_f1=0.6301 val_uar=0.6440 lr=8.48e-05
[00:20:17] INFO   ep20: train_loss=1.4783 val_acc=0.6430 val_f1=0.6318 val_uar=0.6430 lr=8.27e-05
[00:20:25] INFO   ep21: train_loss=1.4396 val_acc=0.6590 val_f1=0.6468 val_uar=0.6590 lr=8.05e-05
[00:20:34] INFO   ep22: train_loss=1.4063 val_acc=0.6560 val_f1=0.6441 val_uar=0.6560 lr=7.82e-05
[00:20:43] INFO   ep23: train_loss=1.3667 val_acc=0.6480 val_f1=0.6412 val_uar=0.6480 lr=7.58e-05
[00:20:51] INFO   ep24: train_loss=1.3354 val_acc=0.6390 val_f1=0.6288 val_uar=0.6390 lr=7.33e-05
[00:21:00] INFO   ep25: train_loss=1.3005 val_acc=0.6510 val_f1=0.6416 val_uar=0.6510 lr=7.08e-05
[00:21:08] INFO   ep26: train_loss=1.2763 val_acc=0.6510 val_f1=0.6399 val_uar=0.6510 lr=6.81e-05
[00:21:17] INFO   ep27: train_loss=1.2507 val_acc=0.6480 val_f1=0.6382 val_uar=0.6480 lr=6.55e-05
[00:21:26] INFO   ep28: train_loss=1.2298 val_acc=0.6580 val_f1=0.6474 val_uar=0.6580 lr=6.27e-05
[00:21:34] INFO   ep29: train_loss=1.2091 val_acc=0.6650 val_f1=0.6557 val_uar=0.6650 lr=5.99e-05
[00:21:43] INFO   ep30: train_loss=1.1869 val_acc=0.6620 val_f1=0.6530 val_uar=0.6620 lr=5.71e-05
[00:21:52] INFO   ep31: train_loss=1.1777 val_acc=0.6590 val_f1=0.6480 val_uar=0.6590 lr=5.43e-05
[00:22:00] INFO   ep32: train_loss=1.1655 val_acc=0.6680 val_f1=0.6608 val_uar=0.6680 lr=5.14e-05
[00:22:09] INFO   ep33: train_loss=1.1518 val_acc=0.6620 val_f1=0.6531 val_uar=0.6620 lr=4.86e-05
[00:22:18] INFO   ep34: train_loss=1.1416 val_acc=0.6660 val_f1=0.6595 val_uar=0.6660 lr=4.57e-05
[00:22:26] INFO   ep35: train_loss=1.1284 val_acc=0.6640 val_f1=0.6585 val_uar=0.6640 lr=4.29e-05
[00:22:35] INFO   ep36: train_loss=1.1165 val_acc=0.6590 val_f1=0.6485 val_uar=0.6590 lr=4.01e-05
[00:22:44] INFO   ep37: train_loss=1.1098 val_acc=0.6720 val_f1=0.6633 val_uar=0.6720 lr=3.73e-05
[00:22:53] INFO   ep38: train_loss=1.1041 val_acc=0.6630 val_f1=0.6545 val_uar=0.6630 lr=3.45e-05
[00:23:01] INFO   ep39: train_loss=1.0969 val_acc=0.6590 val_f1=0.6511 val_uar=0.6590 lr=3.19e-05
[00:23:10] INFO   ep40: train_loss=1.0886 val_acc=0.6650 val_f1=0.6574 val_uar=0.6650 lr=2.92e-05
[00:23:18] INFO   ep41: train_loss=1.0848 val_acc=0.6620 val_f1=0.6543 val_uar=0.6620 lr=2.67e-05
[00:23:27] INFO   ep42: train_loss=1.0793 val_acc=0.6660 val_f1=0.6596 val_uar=0.6660 lr=2.42e-05
[00:23:35] INFO   ep43: train_loss=1.0725 val_acc=0.6670 val_f1=0.6608 val_uar=0.6670 lr=2.18e-05
[00:23:44] INFO   ep44: train_loss=1.0742 val_acc=0.6720 val_f1=0.6650 val_uar=0.6720 lr=1.95e-05
[00:23:53] INFO   ep45: train_loss=1.0672 val_acc=0.6700 val_f1=0.6620 val_uar=0.6700 lr=1.73e-05
[00:24:01] INFO   ep46: train_loss=1.0646 val_acc=0.6700 val_f1=0.6639 val_uar=0.6700 lr=1.52e-05
[00:24:10] INFO   ep47: train_loss=1.0616 val_acc=0.6680 val_f1=0.6628 val_uar=0.6680 lr=1.32e-05
[00:24:19] INFO   ep48: train_loss=1.0562 val_acc=0.6770 val_f1=0.6711 val_uar=0.6770 lr=1.13e-05
[00:24:28] INFO   ep49: train_loss=1.0550 val_acc=0.6690 val_f1=0.6627 val_uar=0.6690 lr=9.55e-06
[00:24:36] INFO   ep50: train_loss=1.0579 val_acc=0.6680 val_f1=0.6606 val_uar=0.6680 lr=7.94e-06
[00:24:45] INFO   ep51: train_loss=1.0568 val_acc=0.6690 val_f1=0.6629 val_uar=0.6690 lr=6.46e-06
[00:24:54] INFO   ep52: train_loss=1.0497 val_acc=0.6680 val_f1=0.6616 val_uar=0.6680 lr=5.13e-06
[00:25:02] INFO   ep53: train_loss=1.0550 val_acc=0.6710 val_f1=0.6652 val_uar=0.6710 lr=3.94e-06
[00:25:11] INFO   ep54: train_loss=1.0530 val_acc=0.6700 val_f1=0.6625 val_uar=0.6700 lr=2.91e-06
[00:25:19] INFO   ep55: train_loss=1.0487 val_acc=0.6660 val_f1=0.6604 val_uar=0.6660 lr=2.03e-06
[00:25:28] INFO   ep56: train_loss=1.0527 val_acc=0.6670 val_f1=0.6618 val_uar=0.6670 lr=1.30e-06
[00:25:36] INFO   ep57: train_loss=1.0542 val_acc=0.6630 val_f1=0.6568 val_uar=0.6630 lr=7.32e-07
[00:25:45] INFO   ep58: train_loss=1.0513 val_acc=0.6650 val_f1=0.6599 val_uar=0.6650 lr=3.26e-07
[00:25:53] INFO   ep59: train_loss=1.0538 val_acc=0.6720 val_f1=0.6654 val_uar=0.6720 lr=8.15e-08
[00:26:02] INFO   ep60: train_loss=1.0476 val_acc=0.6710 val_f1=0.6637 val_uar=0.6710 lr=0.00e+00
[00:26:02] INFO [done] resnet50_gray best_val_acc=0.6770 lr_used=0.0001 ckpt=checkpoints\cub200_resnet50_gray_seed1.pt time=8.8min
[00:26:03] INFO   [E1] eval clean + per colorfulness bin
[00:26:20] INFO   [E2] eval perturbasi warna
[00:30:35] INFO   done resnet50_gray seed1
[00:30:35] INFO ==== cub200 / resnet50_gray / seed2 (recipe=adamw gray=True) ====
[00:30:36] INFO [train] cub200/resnet50_gray/seed2 recipe=adamw opt=adamw lr=0.0001 wd=0.05 grayscale=True epochs=60 device=cuda n_train=4994 n_val=1000 bs=64 accum=1
[00:30:59] INFO   ep1: train_loss=5.2963 val_acc=0.0090 val_f1=0.0041 val_uar=0.0090 lr=4.00e-05
[00:31:07] INFO   ep2: train_loss=5.2763 val_acc=0.0200 val_f1=0.0185 val_uar=0.0200 lr=6.00e-05
[00:31:15] INFO   ep3: train_loss=5.2302 val_acc=0.0590 val_f1=0.0509 val_uar=0.0590 lr=8.00e-05
[00:31:23] INFO   ep4: train_loss=5.0855 val_acc=0.1530 val_f1=0.1416 val_uar=0.1530 lr=1.00e-04
[00:31:32] INFO   ep5: train_loss=4.6640 val_acc=0.2430 val_f1=0.1994 val_uar=0.2430 lr=1.00e-04
[00:31:40] INFO   ep6: train_loss=4.0008 val_acc=0.3500 val_f1=0.3075 val_uar=0.3500 lr=9.99e-05
[00:31:49] INFO   ep7: train_loss=3.4566 val_acc=0.4200 val_f1=0.3811 val_uar=0.4200 lr=9.97e-05
[00:31:57] INFO   ep8: train_loss=3.0659 val_acc=0.4640 val_f1=0.4294 val_uar=0.4640 lr=9.93e-05
[00:32:06] INFO   ep9: train_loss=2.7476 val_acc=0.4990 val_f1=0.4742 val_uar=0.4990 lr=9.87e-05
[00:32:15] INFO   ep10: train_loss=2.5023 val_acc=0.5360 val_f1=0.5156 val_uar=0.5360 lr=9.80e-05
[00:32:23] INFO   ep11: train_loss=2.3117 val_acc=0.5700 val_f1=0.5456 val_uar=0.5700 lr=9.71e-05
[00:32:32] INFO   ep12: train_loss=2.1580 val_acc=0.5730 val_f1=0.5514 val_uar=0.5730 lr=9.61e-05
[00:32:40] INFO   ep13: train_loss=2.0208 val_acc=0.5960 val_f1=0.5811 val_uar=0.5960 lr=9.49e-05
[00:32:49] INFO   ep14: train_loss=1.9009 val_acc=0.6110 val_f1=0.5978 val_uar=0.6110 lr=9.35e-05
[00:32:57] INFO   ep15: train_loss=1.7984 val_acc=0.6180 val_f1=0.6014 val_uar=0.6180 lr=9.21e-05
[00:33:06] INFO   ep16: train_loss=1.7282 val_acc=0.6290 val_f1=0.6165 val_uar=0.6290 lr=9.05e-05
[00:33:15] INFO   ep17: train_loss=1.6612 val_acc=0.6350 val_f1=0.6244 val_uar=0.6350 lr=8.87e-05
[00:33:24] INFO   ep18: train_loss=1.5851 val_acc=0.6430 val_f1=0.6311 val_uar=0.6430 lr=8.68e-05
[00:33:33] INFO   ep19: train_loss=1.5292 val_acc=0.6330 val_f1=0.6202 val_uar=0.6330 lr=8.48e-05
[00:33:42] INFO   ep20: train_loss=1.4847 val_acc=0.6400 val_f1=0.6329 val_uar=0.6400 lr=8.27e-05
[00:33:50] INFO   ep21: train_loss=1.4485 val_acc=0.6360 val_f1=0.6258 val_uar=0.6360 lr=8.05e-05
[00:33:59] INFO   ep22: train_loss=1.4033 val_acc=0.6440 val_f1=0.6295 val_uar=0.6440 lr=7.82e-05
[00:34:08] INFO   ep23: train_loss=1.3637 val_acc=0.6370 val_f1=0.6242 val_uar=0.6370 lr=7.58e-05
[00:34:16] INFO   ep24: train_loss=1.3259 val_acc=0.6500 val_f1=0.6427 val_uar=0.6500 lr=7.33e-05
[00:34:25] INFO   ep25: train_loss=1.3021 val_acc=0.6580 val_f1=0.6506 val_uar=0.6580 lr=7.08e-05
[00:34:33] INFO   ep26: train_loss=1.2785 val_acc=0.6460 val_f1=0.6361 val_uar=0.6460 lr=6.81e-05
[00:34:42] INFO   ep27: train_loss=1.2527 val_acc=0.6450 val_f1=0.6353 val_uar=0.6450 lr=6.55e-05
[00:34:50] INFO   ep28: train_loss=1.2289 val_acc=0.6600 val_f1=0.6496 val_uar=0.6600 lr=6.27e-05
[00:34:58] INFO   ep29: train_loss=1.2148 val_acc=0.6590 val_f1=0.6509 val_uar=0.6590 lr=5.99e-05
[00:35:07] INFO   ep30: train_loss=1.2043 val_acc=0.6590 val_f1=0.6498 val_uar=0.6590 lr=5.71e-05
[00:35:16] INFO   ep31: train_loss=1.1827 val_acc=0.6570 val_f1=0.6472 val_uar=0.6570 lr=5.43e-05
[00:35:25] INFO   ep32: train_loss=1.1675 val_acc=0.6610 val_f1=0.6513 val_uar=0.6610 lr=5.14e-05
[00:35:33] INFO   ep33: train_loss=1.1537 val_acc=0.6640 val_f1=0.6556 val_uar=0.6640 lr=4.86e-05
[00:35:42] INFO   ep34: train_loss=1.1465 val_acc=0.6600 val_f1=0.6496 val_uar=0.6600 lr=4.57e-05
[00:35:51] INFO   ep35: train_loss=1.1277 val_acc=0.6660 val_f1=0.6569 val_uar=0.6660 lr=4.29e-05
[00:36:00] INFO   ep36: train_loss=1.1228 val_acc=0.6650 val_f1=0.6556 val_uar=0.6650 lr=4.01e-05
[00:36:09] INFO   ep37: train_loss=1.1133 val_acc=0.6590 val_f1=0.6484 val_uar=0.6590 lr=3.73e-05
[00:36:18] INFO   ep38: train_loss=1.1055 val_acc=0.6680 val_f1=0.6561 val_uar=0.6680 lr=3.45e-05
[00:36:27] INFO   ep39: train_loss=1.0988 val_acc=0.6580 val_f1=0.6489 val_uar=0.6580 lr=3.19e-05
[00:36:36] INFO   ep40: train_loss=1.0932 val_acc=0.6650 val_f1=0.6528 val_uar=0.6650 lr=2.92e-05
[00:36:45] INFO   ep41: train_loss=1.0896 val_acc=0.6580 val_f1=0.6495 val_uar=0.6580 lr=2.67e-05
[00:36:55] INFO   ep42: train_loss=1.0810 val_acc=0.6600 val_f1=0.6516 val_uar=0.6600 lr=2.42e-05
[00:37:04] INFO   ep43: train_loss=1.0832 val_acc=0.6560 val_f1=0.6486 val_uar=0.6560 lr=2.18e-05
[00:37:13] INFO   ep44: train_loss=1.0750 val_acc=0.6640 val_f1=0.6535 val_uar=0.6640 lr=1.95e-05
[00:37:22] INFO   ep45: train_loss=1.0698 val_acc=0.6590 val_f1=0.6487 val_uar=0.6590 lr=1.73e-05
[00:37:31] INFO   ep46: train_loss=1.0636 val_acc=0.6610 val_f1=0.6537 val_uar=0.6610 lr=1.52e-05
[00:37:40] INFO   ep47: train_loss=1.0630 val_acc=0.6670 val_f1=0.6606 val_uar=0.6670 lr=1.32e-05
[00:37:49] INFO   ep48: train_loss=1.0656 val_acc=0.6710 val_f1=0.6628 val_uar=0.6710 lr=1.13e-05
[00:37:59] INFO   ep49: train_loss=1.0621 val_acc=0.6580 val_f1=0.6497 val_uar=0.6580 lr=9.55e-06
[00:38:08] INFO   ep50: train_loss=1.0622 val_acc=0.6630 val_f1=0.6553 val_uar=0.6630 lr=7.94e-06
[00:38:17] INFO   ep51: train_loss=1.0555 val_acc=0.6600 val_f1=0.6505 val_uar=0.6600 lr=6.46e-06
[00:38:26] INFO   ep52: train_loss=1.0564 val_acc=0.6570 val_f1=0.6489 val_uar=0.6570 lr=5.13e-06
[00:38:35] INFO   ep53: train_loss=1.0562 val_acc=0.6620 val_f1=0.6535 val_uar=0.6620 lr=3.94e-06
[00:38:44] INFO   ep54: train_loss=1.0501 val_acc=0.6690 val_f1=0.6585 val_uar=0.6690 lr=2.91e-06
[00:38:53] INFO   ep55: train_loss=1.0493 val_acc=0.6620 val_f1=0.6538 val_uar=0.6620 lr=2.03e-06
[00:39:02] INFO   ep56: train_loss=1.0530 val_acc=0.6640 val_f1=0.6545 val_uar=0.6640 lr=1.30e-06
[00:39:11] INFO   ep57: train_loss=1.0481 val_acc=0.6600 val_f1=0.6515 val_uar=0.6600 lr=7.32e-07
[00:39:20] INFO   ep58: train_loss=1.0528 val_acc=0.6700 val_f1=0.6614 val_uar=0.6700 lr=3.26e-07
[00:39:29] INFO   ep59: train_loss=1.0536 val_acc=0.6600 val_f1=0.6518 val_uar=0.6600 lr=8.15e-08
[00:39:38] INFO   ep60: train_loss=1.0528 val_acc=0.6610 val_f1=0.6506 val_uar=0.6610 lr=0.00e+00
[00:39:38] INFO [done] resnet50_gray best_val_acc=0.6710 lr_used=0.0001 ckpt=checkpoints\cub200_resnet50_gray_seed2.pt time=9.0min
[00:39:39] INFO   [E1] eval clean + per colorfulness bin
[00:39:56] INFO   [E2] eval perturbasi warna
[00:44:23] INFO   done resnet50_gray seed2
[00:44:23] INFO ==== cub200 / resnet50_gray / seed3 (recipe=adamw gray=True) ====
[00:44:24] INFO [train] cub200/resnet50_gray/seed3 recipe=adamw opt=adamw lr=0.0001 wd=0.05 grayscale=True epochs=60 device=cuda n_train=4994 n_val=1000 bs=64 accum=1
[00:44:48] INFO   ep1: train_loss=5.2966 val_acc=0.0100 val_f1=0.0034 val_uar=0.0100 lr=4.00e-05
[00:44:57] INFO   ep2: train_loss=5.2749 val_acc=0.0110 val_f1=0.0060 val_uar=0.0110 lr=6.00e-05
[00:45:06] INFO   ep3: train_loss=5.2215 val_acc=0.0800 val_f1=0.0653 val_uar=0.0800 lr=8.00e-05
[00:45:14] INFO   ep4: train_loss=5.0635 val_acc=0.1740 val_f1=0.1516 val_uar=0.1740 lr=1.00e-04
[00:45:23] INFO   ep5: train_loss=4.6106 val_acc=0.2460 val_f1=0.1957 val_uar=0.2460 lr=1.00e-04
[00:45:32] INFO   ep6: train_loss=3.9339 val_acc=0.3350 val_f1=0.2897 val_uar=0.3350 lr=9.99e-05
[00:45:40] INFO   ep7: train_loss=3.4283 val_acc=0.4180 val_f1=0.3840 val_uar=0.4180 lr=9.97e-05
[00:45:49] INFO   ep8: train_loss=3.0454 val_acc=0.4700 val_f1=0.4392 val_uar=0.4700 lr=9.93e-05
[00:45:58] INFO   ep9: train_loss=2.7393 val_acc=0.5190 val_f1=0.4863 val_uar=0.5190 lr=9.87e-05
[00:46:07] INFO   ep10: train_loss=2.5037 val_acc=0.5480 val_f1=0.5257 val_uar=0.5480 lr=9.80e-05
[00:46:16] INFO   ep11: train_loss=2.3067 val_acc=0.5660 val_f1=0.5433 val_uar=0.5660 lr=9.71e-05
[00:46:26] INFO   ep12: train_loss=2.1443 val_acc=0.5810 val_f1=0.5652 val_uar=0.5810 lr=9.61e-05
[00:46:35] INFO   ep13: train_loss=2.0099 val_acc=0.5990 val_f1=0.5832 val_uar=0.5990 lr=9.49e-05
[00:46:44] INFO   ep14: train_loss=1.9027 val_acc=0.5970 val_f1=0.5782 val_uar=0.5970 lr=9.35e-05
[00:46:53] INFO   ep15: train_loss=1.8156 val_acc=0.6120 val_f1=0.6015 val_uar=0.6120 lr=9.21e-05
[00:47:03] INFO   ep16: train_loss=1.7217 val_acc=0.6100 val_f1=0.5956 val_uar=0.6100 lr=9.05e-05
[00:47:12] INFO   ep17: train_loss=1.6680 val_acc=0.6240 val_f1=0.6100 val_uar=0.6240 lr=8.87e-05
[00:47:22] INFO   ep18: train_loss=1.5999 val_acc=0.6340 val_f1=0.6185 val_uar=0.6340 lr=8.68e-05
[00:47:31] INFO   ep19: train_loss=1.5490 val_acc=0.6260 val_f1=0.6136 val_uar=0.6260 lr=8.48e-05
[00:47:40] INFO   ep20: train_loss=1.4908 val_acc=0.6310 val_f1=0.6192 val_uar=0.6310 lr=8.27e-05
[00:47:49] INFO   ep21: train_loss=1.4534 val_acc=0.6400 val_f1=0.6298 val_uar=0.6400 lr=8.05e-05
[00:47:59] INFO   ep22: train_loss=1.4002 val_acc=0.6500 val_f1=0.6400 val_uar=0.6500 lr=7.82e-05
[00:48:08] INFO   ep23: train_loss=1.3646 val_acc=0.6430 val_f1=0.6332 val_uar=0.6430 lr=7.58e-05
[00:48:17] INFO   ep24: train_loss=1.3364 val_acc=0.6500 val_f1=0.6390 val_uar=0.6500 lr=7.33e-05
[00:48:26] INFO   ep25: train_loss=1.3084 val_acc=0.6520 val_f1=0.6405 val_uar=0.6520 lr=7.08e-05
[00:48:36] INFO   ep26: train_loss=1.2844 val_acc=0.6560 val_f1=0.6479 val_uar=0.6560 lr=6.81e-05
[00:48:45] INFO   ep27: train_loss=1.2632 val_acc=0.6530 val_f1=0.6446 val_uar=0.6530 lr=6.55e-05
[00:48:54] INFO   ep28: train_loss=1.2402 val_acc=0.6560 val_f1=0.6470 val_uar=0.6560 lr=6.27e-05
[00:49:04] INFO   ep29: train_loss=1.2213 val_acc=0.6610 val_f1=0.6547 val_uar=0.6610 lr=5.99e-05
[00:49:12] INFO   ep30: train_loss=1.2013 val_acc=0.6620 val_f1=0.6568 val_uar=0.6620 lr=5.71e-05
[00:49:22] INFO   ep31: train_loss=1.1853 val_acc=0.6600 val_f1=0.6512 val_uar=0.6600 lr=5.43e-05
[00:49:31] INFO   ep32: train_loss=1.1724 val_acc=0.6590 val_f1=0.6517 val_uar=0.6590 lr=5.14e-05
[00:49:40] INFO   ep33: train_loss=1.1689 val_acc=0.6650 val_f1=0.6554 val_uar=0.6650 lr=4.86e-05
[00:49:49] INFO   ep34: train_loss=1.1475 val_acc=0.6760 val_f1=0.6658 val_uar=0.6760 lr=4.57e-05
[00:49:57] INFO   ep35: train_loss=1.1374 val_acc=0.6730 val_f1=0.6643 val_uar=0.6730 lr=4.29e-05
[00:50:06] INFO   ep36: train_loss=1.1253 val_acc=0.6750 val_f1=0.6649 val_uar=0.6750 lr=4.01e-05
[00:50:15] INFO   ep37: train_loss=1.1221 val_acc=0.6680 val_f1=0.6583 val_uar=0.6680 lr=3.73e-05
[00:50:24] INFO   ep38: train_loss=1.1086 val_acc=0.6710 val_f1=0.6612 val_uar=0.6710 lr=3.45e-05
[00:50:33] INFO   ep39: train_loss=1.1039 val_acc=0.6800 val_f1=0.6702 val_uar=0.6800 lr=3.19e-05
[00:50:42] INFO   ep40: train_loss=1.1068 val_acc=0.6720 val_f1=0.6632 val_uar=0.6720 lr=2.92e-05
[00:50:51] INFO   ep41: train_loss=1.0963 val_acc=0.6710 val_f1=0.6629 val_uar=0.6710 lr=2.67e-05
[00:51:00] INFO   ep42: train_loss=1.0859 val_acc=0.6700 val_f1=0.6589 val_uar=0.6700 lr=2.42e-05
[00:51:09] INFO   ep43: train_loss=1.0793 val_acc=0.6690 val_f1=0.6614 val_uar=0.6690 lr=2.18e-05
[00:51:18] INFO   ep44: train_loss=1.0782 val_acc=0.6690 val_f1=0.6599 val_uar=0.6690 lr=1.95e-05
[00:51:27] INFO   ep45: train_loss=1.0753 val_acc=0.6730 val_f1=0.6628 val_uar=0.6730 lr=1.73e-05
[00:51:35] INFO   ep46: train_loss=1.0679 val_acc=0.6760 val_f1=0.6664 val_uar=0.6760 lr=1.52e-05
[00:51:44] INFO   ep47: train_loss=1.0674 val_acc=0.6750 val_f1=0.6648 val_uar=0.6750 lr=1.32e-05
[00:51:53] INFO   ep48: train_loss=1.0648 val_acc=0.6710 val_f1=0.6624 val_uar=0.6710 lr=1.13e-05
[00:52:01] INFO   ep49: train_loss=1.0649 val_acc=0.6710 val_f1=0.6647 val_uar=0.6710 lr=9.55e-06
[00:52:10] INFO   ep50: train_loss=1.0619 val_acc=0.6760 val_f1=0.6666 val_uar=0.6760 lr=7.94e-06
[00:52:18] INFO   ep51: train_loss=1.0552 val_acc=0.6780 val_f1=0.6706 val_uar=0.6780 lr=6.46e-06
[00:52:27] INFO   ep52: train_loss=1.0614 val_acc=0.6810 val_f1=0.6723 val_uar=0.6810 lr=5.13e-06
[00:52:36] INFO   ep53: train_loss=1.0563 val_acc=0.6790 val_f1=0.6714 val_uar=0.6790 lr=3.94e-06
[00:52:45] INFO   ep54: train_loss=1.0578 val_acc=0.6810 val_f1=0.6733 val_uar=0.6810 lr=2.91e-06
[00:52:54] INFO   ep55: train_loss=1.0540 val_acc=0.6760 val_f1=0.6692 val_uar=0.6760 lr=2.03e-06
[00:53:03] INFO   ep56: train_loss=1.0572 val_acc=0.6790 val_f1=0.6707 val_uar=0.6790 lr=1.30e-06
[00:53:11] INFO   ep57: train_loss=1.0556 val_acc=0.6790 val_f1=0.6722 val_uar=0.6790 lr=7.32e-07
[00:53:20] INFO   ep58: train_loss=1.0564 val_acc=0.6710 val_f1=0.6613 val_uar=0.6710 lr=3.26e-07
[00:53:29] INFO   ep59: train_loss=1.0554 val_acc=0.6750 val_f1=0.6665 val_uar=0.6750 lr=8.15e-08
[00:53:38] INFO   ep60: train_loss=1.0502 val_acc=0.6720 val_f1=0.6640 val_uar=0.6720 lr=0.00e+00
[00:53:38] INFO [done] resnet50_gray best_val_acc=0.6810 lr_used=0.0001 ckpt=checkpoints\cub200_resnet50_gray_seed3.pt time=9.2min
[00:53:39] INFO   [E1] eval clean + per colorfulness bin
[00:53:56] INFO   [E2] eval perturbasi warna
[00:58:13] INFO   done resnet50_gray seed3
[00:58:13] INFO ==== cub200 / resnet50_gray / seed4 (recipe=adamw gray=True) ====
[00:58:14] INFO [train] cub200/resnet50_gray/seed4 recipe=adamw opt=adamw lr=0.0001 wd=0.05 grayscale=True epochs=60 device=cuda n_train=4994 n_val=1000 bs=64 accum=1
[00:58:37] INFO   ep1: train_loss=5.2980 val_acc=0.0100 val_f1=0.0042 val_uar=0.0100 lr=4.00e-05
[00:58:45] INFO   ep2: train_loss=5.2757 val_acc=0.0190 val_f1=0.0150 val_uar=0.0190 lr=6.00e-05
[00:58:53] INFO   ep3: train_loss=5.2191 val_acc=0.0730 val_f1=0.0542 val_uar=0.0730 lr=8.00e-05
[00:59:01] INFO   ep4: train_loss=5.0491 val_acc=0.1680 val_f1=0.1312 val_uar=0.1680 lr=1.00e-04
[00:59:10] INFO   ep5: train_loss=4.5811 val_acc=0.2370 val_f1=0.1909 val_uar=0.2370 lr=1.00e-04
[00:59:18] INFO   ep6: train_loss=3.9506 val_acc=0.3290 val_f1=0.2820 val_uar=0.3290 lr=9.99e-05
[00:59:26] INFO   ep7: train_loss=3.4442 val_acc=0.4140 val_f1=0.3702 val_uar=0.4140 lr=9.97e-05
[00:59:35] INFO   ep8: train_loss=3.0650 val_acc=0.4470 val_f1=0.4083 val_uar=0.4470 lr=9.93e-05
[00:59:43] INFO   ep9: train_loss=2.7592 val_acc=0.5070 val_f1=0.4736 val_uar=0.5070 lr=9.87e-05
[00:59:51] INFO   ep10: train_loss=2.5144 val_acc=0.5380 val_f1=0.5095 val_uar=0.5380 lr=9.80e-05
[00:59:59] INFO   ep11: train_loss=2.3126 val_acc=0.5570 val_f1=0.5304 val_uar=0.5570 lr=9.71e-05
[01:00:08] INFO   ep12: train_loss=2.1405 val_acc=0.5880 val_f1=0.5690 val_uar=0.5880 lr=9.61e-05
[01:00:17] INFO   ep13: train_loss=2.0120 val_acc=0.5940 val_f1=0.5798 val_uar=0.5940 lr=9.49e-05
[01:00:25] INFO   ep14: train_loss=1.9019 val_acc=0.6040 val_f1=0.5825 val_uar=0.6040 lr=9.35e-05
[01:00:34] INFO   ep15: train_loss=1.8044 val_acc=0.6000 val_f1=0.5843 val_uar=0.6000 lr=9.21e-05
[01:00:43] INFO   ep16: train_loss=1.7232 val_acc=0.6180 val_f1=0.6024 val_uar=0.6180 lr=9.05e-05
[01:00:51] INFO   ep17: train_loss=1.6469 val_acc=0.6320 val_f1=0.6195 val_uar=0.6320 lr=8.87e-05
[01:01:00] INFO   ep18: train_loss=1.5857 val_acc=0.6380 val_f1=0.6251 val_uar=0.6380 lr=8.68e-05
[01:01:09] INFO   ep19: train_loss=1.5267 val_acc=0.6320 val_f1=0.6206 val_uar=0.6320 lr=8.48e-05
[01:01:18] INFO   ep20: train_loss=1.4750 val_acc=0.6400 val_f1=0.6287 val_uar=0.6400 lr=8.27e-05
[01:01:26] INFO   ep21: train_loss=1.4377 val_acc=0.6370 val_f1=0.6258 val_uar=0.6370 lr=8.05e-05
[01:01:35] INFO   ep22: train_loss=1.3880 val_acc=0.6470 val_f1=0.6377 val_uar=0.6470 lr=7.82e-05
[01:01:44] INFO   ep23: train_loss=1.3651 val_acc=0.6470 val_f1=0.6356 val_uar=0.6470 lr=7.58e-05
[01:01:52] INFO   ep24: train_loss=1.3354 val_acc=0.6560 val_f1=0.6462 val_uar=0.6560 lr=7.33e-05
[01:02:01] INFO   ep25: train_loss=1.2960 val_acc=0.6560 val_f1=0.6502 val_uar=0.6560 lr=7.08e-05
[01:02:10] INFO   ep26: train_loss=1.2707 val_acc=0.6550 val_f1=0.6464 val_uar=0.6550 lr=6.81e-05
[01:02:19] INFO   ep27: train_loss=1.2393 val_acc=0.6550 val_f1=0.6469 val_uar=0.6550 lr=6.55e-05
[01:02:27] INFO   ep28: train_loss=1.2298 val_acc=0.6530 val_f1=0.6449 val_uar=0.6530 lr=6.27e-05
[01:02:36] INFO   ep29: train_loss=1.2102 val_acc=0.6550 val_f1=0.6482 val_uar=0.6550 lr=5.99e-05
[01:02:44] INFO   ep30: train_loss=1.1939 val_acc=0.6510 val_f1=0.6449 val_uar=0.6510 lr=5.71e-05
[01:02:53] INFO   ep31: train_loss=1.1702 val_acc=0.6560 val_f1=0.6470 val_uar=0.6560 lr=5.43e-05
[01:03:02] INFO   ep32: train_loss=1.1568 val_acc=0.6610 val_f1=0.6544 val_uar=0.6610 lr=5.14e-05
[01:03:10] INFO   ep33: train_loss=1.1432 val_acc=0.6540 val_f1=0.6479 val_uar=0.6540 lr=4.86e-05
[01:03:19] INFO   ep34: train_loss=1.1278 val_acc=0.6620 val_f1=0.6563 val_uar=0.6620 lr=4.57e-05
[01:03:28] INFO   ep35: train_loss=1.1237 val_acc=0.6600 val_f1=0.6530 val_uar=0.6600 lr=4.29e-05
[01:03:38] INFO   ep36: train_loss=1.1177 val_acc=0.6620 val_f1=0.6538 val_uar=0.6620 lr=4.01e-05
[01:03:47] INFO   ep37: train_loss=1.1083 val_acc=0.6700 val_f1=0.6626 val_uar=0.6700 lr=3.73e-05
[01:03:57] INFO   ep38: train_loss=1.1024 val_acc=0.6510 val_f1=0.6438 val_uar=0.6510 lr=3.45e-05
[01:04:06] INFO   ep39: train_loss=1.0938 val_acc=0.6590 val_f1=0.6534 val_uar=0.6590 lr=3.19e-05
[01:04:16] INFO   ep40: train_loss=1.0910 val_acc=0.6520 val_f1=0.6437 val_uar=0.6520 lr=2.92e-05
[01:04:25] INFO   ep41: train_loss=1.0824 val_acc=0.6550 val_f1=0.6471 val_uar=0.6550 lr=2.67e-05
[01:04:34] INFO   ep42: train_loss=1.0799 val_acc=0.6490 val_f1=0.6418 val_uar=0.6490 lr=2.42e-05
[01:04:42] INFO   ep43: train_loss=1.0726 val_acc=0.6660 val_f1=0.6613 val_uar=0.6660 lr=2.18e-05
[01:04:51] INFO   ep44: train_loss=1.0706 val_acc=0.6600 val_f1=0.6529 val_uar=0.6600 lr=1.95e-05
[01:04:59] INFO   ep45: train_loss=1.0710 val_acc=0.6590 val_f1=0.6523 val_uar=0.6590 lr=1.73e-05
[01:05:08] INFO   ep46: train_loss=1.0591 val_acc=0.6620 val_f1=0.6561 val_uar=0.6620 lr=1.52e-05
[01:05:16] INFO   ep47: train_loss=1.0589 val_acc=0.6630 val_f1=0.6562 val_uar=0.6630 lr=1.32e-05
[01:05:25] INFO   ep48: train_loss=1.0548 val_acc=0.6590 val_f1=0.6527 val_uar=0.6590 lr=1.13e-05
[01:05:34] INFO   ep49: train_loss=1.0608 val_acc=0.6490 val_f1=0.6432 val_uar=0.6490 lr=9.55e-06
[01:05:42] INFO   ep50: train_loss=1.0544 val_acc=0.6530 val_f1=0.6455 val_uar=0.6530 lr=7.94e-06
[01:05:51] INFO   ep51: train_loss=1.0526 val_acc=0.6610 val_f1=0.6551 val_uar=0.6610 lr=6.46e-06
[01:06:00] INFO   ep52: train_loss=1.0502 val_acc=0.6540 val_f1=0.6476 val_uar=0.6540 lr=5.13e-06
[01:06:08] INFO   ep53: train_loss=1.0482 val_acc=0.6560 val_f1=0.6487 val_uar=0.6560 lr=3.94e-06
[01:06:17] INFO   ep54: train_loss=1.0517 val_acc=0.6580 val_f1=0.6515 val_uar=0.6580 lr=2.91e-06
[01:06:26] INFO   ep55: train_loss=1.0481 val_acc=0.6570 val_f1=0.6513 val_uar=0.6570 lr=2.03e-06
[01:06:34] INFO   ep56: train_loss=1.0492 val_acc=0.6620 val_f1=0.6556 val_uar=0.6620 lr=1.30e-06
[01:06:43] INFO   ep57: train_loss=1.0517 val_acc=0.6510 val_f1=0.6449 val_uar=0.6510 lr=7.32e-07
[01:06:51] INFO   ep58: train_loss=1.0474 val_acc=0.6530 val_f1=0.6458 val_uar=0.6530 lr=3.26e-07
[01:07:00] INFO   ep59: train_loss=1.0476 val_acc=0.6560 val_f1=0.6482 val_uar=0.6560 lr=8.15e-08
[01:07:08] INFO   ep60: train_loss=1.0447 val_acc=0.6510 val_f1=0.6441 val_uar=0.6510 lr=0.00e+00
[01:07:08] INFO [done] resnet50_gray best_val_acc=0.6700 lr_used=0.0001 ckpt=checkpoints\cub200_resnet50_gray_seed4.pt time=8.9min
[01:07:10] INFO   [E1] eval clean + per colorfulness bin
[01:07:26] INFO   [E2] eval perturbasi warna
[01:11:45] INFO   done resnet50_gray seed4
[01:11:45] INFO ALL DONE
[01:11:50] INFO dataset=cub200 models=['swin_tiny'] seeds=[0, 1, 2, 3, 4] epochs=None recipe=adamw
[01:11:50] INFO ==== cub200 / swin_tiny_gray / seed0 (recipe=adamw gray=True) ====
[01:11:52] INFO [train] cub200/swin_tiny_gray/seed0 recipe=adamw opt=adamw lr=0.0001 wd=0.05 grayscale=True epochs=60 device=cuda n_train=4994 n_val=1000 bs=64 accum=1
[01:12:18] INFO   ep1: train_loss=5.2743 val_acc=0.0360 val_f1=0.0254 val_uar=0.0360 lr=4.00e-05
[01:12:29] INFO   ep2: train_loss=4.5899 val_acc=0.2830 val_f1=0.2420 val_uar=0.2830 lr=6.00e-05
[01:12:39] INFO   ep3: train_loss=3.1562 val_acc=0.4990 val_f1=0.4648 val_uar=0.4990 lr=8.00e-05
[01:12:50] INFO   ep4: train_loss=2.3951 val_acc=0.5890 val_f1=0.5624 val_uar=0.5890 lr=1.00e-04
[01:13:01] INFO   ep5: train_loss=1.9558 val_acc=0.6490 val_f1=0.6365 val_uar=0.6490 lr=1.00e-04
[01:13:12] INFO   ep6: train_loss=1.6667 val_acc=0.6670 val_f1=0.6556 val_uar=0.6670 lr=9.99e-05
[01:13:23] INFO   ep7: train_loss=1.4585 val_acc=0.6950 val_f1=0.6837 val_uar=0.6950 lr=9.97e-05
[01:13:34] INFO   ep8: train_loss=1.3547 val_acc=0.6970 val_f1=0.6882 val_uar=0.6970 lr=9.93e-05
[01:13:45] INFO   ep9: train_loss=1.2875 val_acc=0.6800 val_f1=0.6740 val_uar=0.6800 lr=9.87e-05
[01:13:56] INFO   ep10: train_loss=1.2220 val_acc=0.7100 val_f1=0.7002 val_uar=0.7100 lr=9.80e-05
[01:14:07] INFO   ep11: train_loss=1.1764 val_acc=0.6990 val_f1=0.6907 val_uar=0.6990 lr=9.71e-05
[01:14:18] INFO   ep12: train_loss=1.1343 val_acc=0.7120 val_f1=0.7062 val_uar=0.7120 lr=9.61e-05
[01:14:29] INFO   ep13: train_loss=1.1260 val_acc=0.7200 val_f1=0.7089 val_uar=0.7200 lr=9.49e-05
[01:14:40] INFO   ep14: train_loss=1.1050 val_acc=0.7200 val_f1=0.7130 val_uar=0.7200 lr=9.35e-05
[01:14:51] INFO   ep15: train_loss=1.0743 val_acc=0.7100 val_f1=0.7034 val_uar=0.7100 lr=9.21e-05
[01:15:02] INFO   ep16: train_loss=1.0742 val_acc=0.7190 val_f1=0.7092 val_uar=0.7190 lr=9.05e-05
[01:15:12] INFO   ep17: train_loss=1.0607 val_acc=0.7200 val_f1=0.7131 val_uar=0.7200 lr=8.87e-05
[01:15:23] INFO   ep18: train_loss=1.0498 val_acc=0.7190 val_f1=0.7151 val_uar=0.7190 lr=8.68e-05
[01:15:35] INFO   ep19: train_loss=1.0393 val_acc=0.7230 val_f1=0.7163 val_uar=0.7230 lr=8.48e-05
[01:15:46] INFO   ep20: train_loss=1.0287 val_acc=0.7190 val_f1=0.7130 val_uar=0.7190 lr=8.27e-05
[01:15:56] INFO   ep21: train_loss=1.0242 val_acc=0.7190 val_f1=0.7123 val_uar=0.7190 lr=8.05e-05
[01:16:07] INFO   ep22: train_loss=1.0033 val_acc=0.7310 val_f1=0.7259 val_uar=0.7310 lr=7.82e-05
[01:16:18] INFO   ep23: train_loss=1.0068 val_acc=0.7250 val_f1=0.7121 val_uar=0.7250 lr=7.58e-05
[01:16:29] INFO   ep24: train_loss=1.0037 val_acc=0.7370 val_f1=0.7325 val_uar=0.7370 lr=7.33e-05
[01:16:41] INFO   ep25: train_loss=0.9963 val_acc=0.7330 val_f1=0.7277 val_uar=0.7330 lr=7.08e-05
[01:16:52] INFO   ep26: train_loss=0.9951 val_acc=0.7400 val_f1=0.7341 val_uar=0.7400 lr=6.81e-05
[01:17:03] INFO   ep27: train_loss=0.9947 val_acc=0.7290 val_f1=0.7211 val_uar=0.7290 lr=6.55e-05
[01:17:14] INFO   ep28: train_loss=0.9863 val_acc=0.7280 val_f1=0.7234 val_uar=0.7280 lr=6.27e-05
[01:17:25] INFO   ep29: train_loss=0.9797 val_acc=0.7350 val_f1=0.7299 val_uar=0.7350 lr=5.99e-05
[01:17:36] INFO   ep30: train_loss=0.9744 val_acc=0.7450 val_f1=0.7393 val_uar=0.7450 lr=5.71e-05
[01:17:47] INFO   ep31: train_loss=0.9660 val_acc=0.7380 val_f1=0.7332 val_uar=0.7380 lr=5.43e-05
[01:17:59] INFO   ep32: train_loss=0.9652 val_acc=0.7480 val_f1=0.7431 val_uar=0.7480 lr=5.14e-05
[01:18:10] INFO   ep33: train_loss=0.9606 val_acc=0.7410 val_f1=0.7366 val_uar=0.7410 lr=4.86e-05
[01:18:21] INFO   ep34: train_loss=0.9618 val_acc=0.7390 val_f1=0.7349 val_uar=0.7390 lr=4.57e-05
[01:18:32] INFO   ep35: train_loss=0.9518 val_acc=0.7410 val_f1=0.7354 val_uar=0.7410 lr=4.29e-05
[01:18:43] INFO   ep36: train_loss=0.9582 val_acc=0.7470 val_f1=0.7441 val_uar=0.7470 lr=4.01e-05
[01:18:54] INFO   ep37: train_loss=0.9549 val_acc=0.7410 val_f1=0.7340 val_uar=0.7410 lr=3.73e-05
[01:19:05] INFO   ep38: train_loss=0.9493 val_acc=0.7380 val_f1=0.7310 val_uar=0.7380 lr=3.45e-05
[01:19:16] INFO   ep39: train_loss=0.9421 val_acc=0.7440 val_f1=0.7398 val_uar=0.7440 lr=3.19e-05
[01:19:27] INFO   ep40: train_loss=0.9526 val_acc=0.7400 val_f1=0.7333 val_uar=0.7400 lr=2.92e-05
[01:19:38] INFO   ep41: train_loss=0.9385 val_acc=0.7370 val_f1=0.7340 val_uar=0.7370 lr=2.67e-05
[01:19:49] INFO   ep42: train_loss=0.9373 val_acc=0.7430 val_f1=0.7378 val_uar=0.7430 lr=2.42e-05
[01:20:01] INFO   ep43: train_loss=0.9377 val_acc=0.7470 val_f1=0.7397 val_uar=0.7470 lr=2.18e-05
[01:20:12] INFO   ep44: train_loss=0.9414 val_acc=0.7530 val_f1=0.7456 val_uar=0.7530 lr=1.95e-05
[01:20:28] INFO   ep45: train_loss=0.9336 val_acc=0.7480 val_f1=0.7421 val_uar=0.7480 lr=1.73e-05
[01:20:46] INFO   ep46: train_loss=0.9379 val_acc=0.7460 val_f1=0.7409 val_uar=0.7460 lr=1.52e-05
[01:20:57] INFO   ep47: train_loss=0.9324 val_acc=0.7470 val_f1=0.7420 val_uar=0.7470 lr=1.32e-05
[01:21:08] INFO   ep48: train_loss=0.9311 val_acc=0.7470 val_f1=0.7414 val_uar=0.7470 lr=1.13e-05
[01:21:19] INFO   ep49: train_loss=0.9303 val_acc=0.7540 val_f1=0.7484 val_uar=0.7540 lr=9.55e-06
[01:21:30] INFO   ep50: train_loss=0.9294 val_acc=0.7500 val_f1=0.7441 val_uar=0.7500 lr=7.94e-06
[01:21:41] INFO   ep51: train_loss=0.9273 val_acc=0.7580 val_f1=0.7534 val_uar=0.7580 lr=6.46e-06
[01:21:52] INFO   ep52: train_loss=0.9302 val_acc=0.7530 val_f1=0.7482 val_uar=0.7530 lr=5.13e-06
[01:22:03] INFO   ep53: train_loss=0.9229 val_acc=0.7540 val_f1=0.7489 val_uar=0.7540 lr=3.94e-06
[01:22:14] INFO   ep54: train_loss=0.9323 val_acc=0.7560 val_f1=0.7506 val_uar=0.7560 lr=2.91e-06
[01:22:25] INFO   ep55: train_loss=0.9320 val_acc=0.7560 val_f1=0.7500 val_uar=0.7560 lr=2.03e-06
[01:22:36] INFO   ep56: train_loss=0.9256 val_acc=0.7550 val_f1=0.7490 val_uar=0.7550 lr=1.30e-06
[01:22:47] INFO   ep57: train_loss=0.9252 val_acc=0.7560 val_f1=0.7499 val_uar=0.7560 lr=7.32e-07
[01:22:58] INFO   ep58: train_loss=0.9273 val_acc=0.7540 val_f1=0.7479 val_uar=0.7540 lr=3.26e-07
[01:23:09] INFO   ep59: train_loss=0.9260 val_acc=0.7530 val_f1=0.7469 val_uar=0.7530 lr=8.15e-08
[01:23:20] INFO   ep60: train_loss=0.9304 val_acc=0.7530 val_f1=0.7469 val_uar=0.7530 lr=0.00e+00
[01:23:20] INFO [done] swin_tiny_gray best_val_acc=0.7580 lr_used=0.0001 ckpt=checkpoints\cub200_swin_tiny_gray_seed0.pt time=11.5min
[01:23:22] INFO   [E1] eval clean + per colorfulness bin
[01:23:59] INFO   [E2] eval perturbasi warna
[01:28:18] INFO   done swin_tiny_gray seed0
[01:28:18] INFO ==== cub200 / swin_tiny_gray / seed1 (recipe=adamw gray=True) ====
[01:28:18] INFO [train] cub200/swin_tiny_gray/seed1 recipe=adamw opt=adamw lr=0.0001 wd=0.05 grayscale=True epochs=60 device=cuda n_train=4994 n_val=1000 bs=64 accum=1
[01:28:44] INFO   ep1: train_loss=5.2503 val_acc=0.0510 val_f1=0.0344 val_uar=0.0510 lr=4.00e-05
[01:28:55] INFO   ep2: train_loss=4.4704 val_acc=0.2870 val_f1=0.2482 val_uar=0.2870 lr=6.00e-05
[01:29:05] INFO   ep3: train_loss=3.1994 val_acc=0.4880 val_f1=0.4566 val_uar=0.4880 lr=8.00e-05
[01:29:16] INFO   ep4: train_loss=2.4179 val_acc=0.5910 val_f1=0.5701 val_uar=0.5910 lr=1.00e-04
[01:29:27] INFO   ep5: train_loss=1.9898 val_acc=0.6510 val_f1=0.6362 val_uar=0.6510 lr=1.00e-04
[01:29:38] INFO   ep6: train_loss=1.7044 val_acc=0.6670 val_f1=0.6539 val_uar=0.6670 lr=9.99e-05
[01:29:49] INFO   ep7: train_loss=1.5010 val_acc=0.6600 val_f1=0.6545 val_uar=0.6600 lr=9.97e-05
[01:30:00] INFO   ep8: train_loss=1.3664 val_acc=0.6890 val_f1=0.6840 val_uar=0.6890 lr=9.93e-05
[01:30:11] INFO   ep9: train_loss=1.2980 val_acc=0.6960 val_f1=0.6902 val_uar=0.6960 lr=9.87e-05
[01:30:22] INFO   ep10: train_loss=1.2263 val_acc=0.7000 val_f1=0.6939 val_uar=0.7000 lr=9.80e-05
[01:30:33] INFO   ep11: train_loss=1.1834 val_acc=0.7150 val_f1=0.7095 val_uar=0.7150 lr=9.71e-05
[01:30:44] INFO   ep12: train_loss=1.1572 val_acc=0.6980 val_f1=0.6909 val_uar=0.6980 lr=9.61e-05
[01:30:55] INFO   ep13: train_loss=1.1333 val_acc=0.7200 val_f1=0.7139 val_uar=0.7200 lr=9.49e-05
[01:31:06] INFO   ep14: train_loss=1.1048 val_acc=0.7130 val_f1=0.7094 val_uar=0.7130 lr=9.35e-05
[01:31:17] INFO   ep15: train_loss=1.0852 val_acc=0.7050 val_f1=0.6986 val_uar=0.7050 lr=9.21e-05
[01:31:28] INFO   ep16: train_loss=1.0737 val_acc=0.7190 val_f1=0.7115 val_uar=0.7190 lr=9.05e-05
[01:31:39] INFO   ep17: train_loss=1.0623 val_acc=0.7260 val_f1=0.7170 val_uar=0.7260 lr=8.87e-05
[01:31:50] INFO   ep18: train_loss=1.0557 val_acc=0.7280 val_f1=0.7248 val_uar=0.7280 lr=8.68e-05
[01:32:01] INFO   ep19: train_loss=1.0393 val_acc=0.7280 val_f1=0.7221 val_uar=0.7280 lr=8.48e-05
[01:32:12] INFO   ep20: train_loss=1.0264 val_acc=0.7380 val_f1=0.7289 val_uar=0.7380 lr=8.27e-05
[01:32:23] INFO   ep21: train_loss=1.0273 val_acc=0.7330 val_f1=0.7265 val_uar=0.7330 lr=8.05e-05
[01:32:34] INFO   ep22: train_loss=1.0234 val_acc=0.7410 val_f1=0.7372 val_uar=0.7410 lr=7.82e-05
[01:32:45] INFO   ep23: train_loss=1.0116 val_acc=0.7330 val_f1=0.7271 val_uar=0.7330 lr=7.58e-05
[01:32:56] INFO   ep24: train_loss=1.0007 val_acc=0.7380 val_f1=0.7342 val_uar=0.7380 lr=7.33e-05
[01:33:07] INFO   ep25: train_loss=1.0042 val_acc=0.7390 val_f1=0.7337 val_uar=0.7390 lr=7.08e-05
[01:33:18] INFO   ep26: train_loss=1.0074 val_acc=0.7410 val_f1=0.7334 val_uar=0.7410 lr=6.81e-05
[01:33:29] INFO   ep27: train_loss=0.9898 val_acc=0.7350 val_f1=0.7285 val_uar=0.7350 lr=6.55e-05
[01:33:40] INFO   ep28: train_loss=0.9835 val_acc=0.7440 val_f1=0.7363 val_uar=0.7440 lr=6.27e-05
[01:33:52] INFO   ep29: train_loss=0.9745 val_acc=0.7470 val_f1=0.7409 val_uar=0.7470 lr=5.99e-05
[01:34:03] INFO   ep30: train_loss=0.9733 val_acc=0.7470 val_f1=0.7425 val_uar=0.7470 lr=5.71e-05
[01:34:14] INFO   ep31: train_loss=0.9662 val_acc=0.7480 val_f1=0.7418 val_uar=0.7480 lr=5.43e-05
[01:34:25] INFO   ep32: train_loss=0.9692 val_acc=0.7460 val_f1=0.7405 val_uar=0.7460 lr=5.14e-05
[01:34:36] INFO   ep33: train_loss=0.9644 val_acc=0.7440 val_f1=0.7373 val_uar=0.7440 lr=4.86e-05
[01:34:47] INFO   ep34: train_loss=0.9628 val_acc=0.7500 val_f1=0.7437 val_uar=0.7500 lr=4.57e-05
[01:34:58] INFO   ep35: train_loss=0.9535 val_acc=0.7430 val_f1=0.7357 val_uar=0.7430 lr=4.29e-05
[01:35:09] INFO   ep36: train_loss=0.9521 val_acc=0.7500 val_f1=0.7432 val_uar=0.7500 lr=4.01e-05
[01:35:20] INFO   ep37: train_loss=0.9551 val_acc=0.7490 val_f1=0.7425 val_uar=0.7490 lr=3.73e-05
[01:35:31] INFO   ep38: train_loss=0.9501 val_acc=0.7440 val_f1=0.7401 val_uar=0.7440 lr=3.45e-05
[01:35:43] INFO   ep39: train_loss=0.9471 val_acc=0.7560 val_f1=0.7513 val_uar=0.7560 lr=3.19e-05
[01:35:54] INFO   ep40: train_loss=0.9413 val_acc=0.7600 val_f1=0.7526 val_uar=0.7600 lr=2.92e-05
[01:36:05] INFO   ep41: train_loss=0.9409 val_acc=0.7580 val_f1=0.7518 val_uar=0.7580 lr=2.67e-05
[01:36:16] INFO   ep42: train_loss=0.9468 val_acc=0.7510 val_f1=0.7470 val_uar=0.7510 lr=2.42e-05
[01:36:27] INFO   ep43: train_loss=0.9372 val_acc=0.7540 val_f1=0.7496 val_uar=0.7540 lr=2.18e-05
[01:36:38] INFO   ep44: train_loss=0.9403 val_acc=0.7530 val_f1=0.7495 val_uar=0.7530 lr=1.95e-05
[01:36:49] INFO   ep45: train_loss=0.9329 val_acc=0.7500 val_f1=0.7463 val_uar=0.7500 lr=1.73e-05
[01:37:00] INFO   ep46: train_loss=0.9339 val_acc=0.7540 val_f1=0.7483 val_uar=0.7540 lr=1.52e-05
[01:37:11] INFO   ep47: train_loss=0.9333 val_acc=0.7490 val_f1=0.7438 val_uar=0.7490 lr=1.32e-05
[01:37:22] INFO   ep48: train_loss=0.9272 val_acc=0.7550 val_f1=0.7497 val_uar=0.7550 lr=1.13e-05
[01:37:33] INFO   ep49: train_loss=0.9262 val_acc=0.7610 val_f1=0.7551 val_uar=0.7610 lr=9.55e-06
[01:37:44] INFO   ep50: train_loss=0.9243 val_acc=0.7630 val_f1=0.7568 val_uar=0.7630 lr=7.94e-06
[01:37:56] INFO   ep51: train_loss=0.9299 val_acc=0.7600 val_f1=0.7536 val_uar=0.7600 lr=6.46e-06
[01:38:07] INFO   ep52: train_loss=0.9266 val_acc=0.7550 val_f1=0.7479 val_uar=0.7550 lr=5.13e-06
[01:38:18] INFO   ep53: train_loss=0.9243 val_acc=0.7570 val_f1=0.7504 val_uar=0.7570 lr=3.94e-06
[01:38:29] INFO   ep54: train_loss=0.9310 val_acc=0.7580 val_f1=0.7515 val_uar=0.7580 lr=2.91e-06
[01:38:40] INFO   ep55: train_loss=0.9261 val_acc=0.7570 val_f1=0.7506 val_uar=0.7570 lr=2.03e-06
[01:38:51] INFO   ep56: train_loss=0.9231 val_acc=0.7590 val_f1=0.7528 val_uar=0.7590 lr=1.30e-06
[01:39:02] INFO   ep57: train_loss=0.9219 val_acc=0.7550 val_f1=0.7485 val_uar=0.7550 lr=7.32e-07
[01:39:13] INFO   ep58: train_loss=0.9274 val_acc=0.7570 val_f1=0.7501 val_uar=0.7570 lr=3.26e-07
[01:39:24] INFO   ep59: train_loss=0.9265 val_acc=0.7570 val_f1=0.7501 val_uar=0.7570 lr=8.15e-08
[01:39:35] INFO   ep60: train_loss=0.9234 val_acc=0.7580 val_f1=0.7512 val_uar=0.7580 lr=0.00e+00
[01:39:35] INFO [done] swin_tiny_gray best_val_acc=0.7630 lr_used=0.0001 ckpt=checkpoints\cub200_swin_tiny_gray_seed1.pt time=11.3min
[01:39:37] INFO   [E1] eval clean + per colorfulness bin
[01:39:54] INFO   [E2] eval perturbasi warna
[01:44:14] INFO   done swin_tiny_gray seed1
[01:44:14] INFO ==== cub200 / swin_tiny_gray / seed2 (recipe=adamw gray=True) ====
[01:44:14] INFO [train] cub200/swin_tiny_gray/seed2 recipe=adamw opt=adamw lr=0.0001 wd=0.05 grayscale=True epochs=60 device=cuda n_train=4994 n_val=1000 bs=64 accum=1
[01:44:40] INFO   ep1: train_loss=5.2378 val_acc=0.0570 val_f1=0.0401 val_uar=0.0570 lr=4.00e-05
[01:44:50] INFO   ep2: train_loss=4.4007 val_acc=0.3200 val_f1=0.2793 val_uar=0.3200 lr=6.00e-05
[01:45:01] INFO   ep3: train_loss=3.0669 val_acc=0.4970 val_f1=0.4707 val_uar=0.4970 lr=8.00e-05
[01:45:12] INFO   ep4: train_loss=2.3405 val_acc=0.5920 val_f1=0.5741 val_uar=0.5920 lr=1.00e-04
[01:45:23] INFO   ep5: train_loss=1.9430 val_acc=0.6350 val_f1=0.6188 val_uar=0.6350 lr=1.00e-04
[01:45:34] INFO   ep6: train_loss=1.6703 val_acc=0.6610 val_f1=0.6508 val_uar=0.6610 lr=9.99e-05
[01:45:45] INFO   ep7: train_loss=1.4955 val_acc=0.6610 val_f1=0.6518 val_uar=0.6610 lr=9.97e-05
[01:45:56] INFO   ep8: train_loss=1.3611 val_acc=0.6700 val_f1=0.6597 val_uar=0.6700 lr=9.93e-05
[01:46:06] INFO   ep9: train_loss=1.2873 val_acc=0.6830 val_f1=0.6748 val_uar=0.6830 lr=9.87e-05
[01:46:17] INFO   ep10: train_loss=1.2068 val_acc=0.7050 val_f1=0.6971 val_uar=0.7050 lr=9.80e-05
[01:46:28] INFO   ep11: train_loss=1.1800 val_acc=0.6900 val_f1=0.6823 val_uar=0.6900 lr=9.71e-05
[01:46:39] INFO   ep12: train_loss=1.1372 val_acc=0.6960 val_f1=0.6881 val_uar=0.6960 lr=9.61e-05
[01:46:50] INFO   ep13: train_loss=1.1344 val_acc=0.7070 val_f1=0.6961 val_uar=0.7070 lr=9.49e-05
[01:47:01] INFO   ep14: train_loss=1.0888 val_acc=0.7060 val_f1=0.6992 val_uar=0.7060 lr=9.35e-05
[01:47:12] INFO   ep15: train_loss=1.0935 val_acc=0.6940 val_f1=0.6854 val_uar=0.6940 lr=9.21e-05
[01:47:23] INFO   ep16: train_loss=1.0699 val_acc=0.7110 val_f1=0.7045 val_uar=0.7110 lr=9.05e-05
[01:47:34] INFO   ep17: train_loss=1.0487 val_acc=0.7100 val_f1=0.7001 val_uar=0.7100 lr=8.87e-05
[01:47:45] INFO   ep18: train_loss=1.0414 val_acc=0.7100 val_f1=0.7000 val_uar=0.7100 lr=8.68e-05
[01:47:56] INFO   ep19: train_loss=1.0302 val_acc=0.7210 val_f1=0.7084 val_uar=0.7210 lr=8.48e-05
[01:48:07] INFO   ep20: train_loss=1.0355 val_acc=0.7290 val_f1=0.7186 val_uar=0.7290 lr=8.27e-05
[01:48:18] INFO   ep21: train_loss=1.0223 val_acc=0.7260 val_f1=0.7179 val_uar=0.7260 lr=8.05e-05
[01:48:29] INFO   ep22: train_loss=1.0113 val_acc=0.7270 val_f1=0.7172 val_uar=0.7270 lr=7.82e-05
[01:48:40] INFO   ep23: train_loss=1.0081 val_acc=0.7260 val_f1=0.7173 val_uar=0.7260 lr=7.58e-05
[01:48:51] INFO   ep24: train_loss=0.9985 val_acc=0.7170 val_f1=0.7096 val_uar=0.7170 lr=7.33e-05
[01:49:02] INFO   ep25: train_loss=0.9952 val_acc=0.7180 val_f1=0.7058 val_uar=0.7180 lr=7.08e-05
[01:49:13] INFO   ep26: train_loss=0.9959 val_acc=0.7270 val_f1=0.7172 val_uar=0.7270 lr=6.81e-05
[01:49:24] INFO   ep27: train_loss=0.9846 val_acc=0.7210 val_f1=0.7138 val_uar=0.7210 lr=6.55e-05
[01:49:35] INFO   ep28: train_loss=0.9814 val_acc=0.7320 val_f1=0.7228 val_uar=0.7320 lr=6.27e-05
[01:49:46] INFO   ep29: train_loss=0.9750 val_acc=0.7310 val_f1=0.7231 val_uar=0.7310 lr=5.99e-05
[01:49:57] INFO   ep30: train_loss=0.9703 val_acc=0.7340 val_f1=0.7258 val_uar=0.7340 lr=5.71e-05
[01:50:08] INFO   ep31: train_loss=0.9700 val_acc=0.7290 val_f1=0.7195 val_uar=0.7290 lr=5.43e-05
[01:50:19] INFO   ep32: train_loss=0.9672 val_acc=0.7310 val_f1=0.7226 val_uar=0.7310 lr=5.14e-05
[01:50:30] INFO   ep33: train_loss=0.9675 val_acc=0.7330 val_f1=0.7228 val_uar=0.7330 lr=4.86e-05
[01:50:42] INFO   ep34: train_loss=0.9646 val_acc=0.7270 val_f1=0.7195 val_uar=0.7270 lr=4.57e-05
[01:50:53] INFO   ep35: train_loss=0.9560 val_acc=0.7380 val_f1=0.7304 val_uar=0.7380 lr=4.29e-05
[01:51:04] INFO   ep36: train_loss=0.9513 val_acc=0.7380 val_f1=0.7286 val_uar=0.7380 lr=4.01e-05
[01:51:15] INFO   ep37: train_loss=0.9513 val_acc=0.7360 val_f1=0.7254 val_uar=0.7360 lr=3.73e-05
[01:51:26] INFO   ep38: train_loss=0.9435 val_acc=0.7440 val_f1=0.7350 val_uar=0.7440 lr=3.45e-05
[01:51:37] INFO   ep39: train_loss=0.9540 val_acc=0.7410 val_f1=0.7326 val_uar=0.7410 lr=3.19e-05
[01:51:48] INFO   ep40: train_loss=0.9421 val_acc=0.7400 val_f1=0.7304 val_uar=0.7400 lr=2.92e-05
[01:51:59] INFO   ep41: train_loss=0.9440 val_acc=0.7430 val_f1=0.7364 val_uar=0.7430 lr=2.67e-05
[01:52:10] INFO   ep42: train_loss=0.9357 val_acc=0.7450 val_f1=0.7340 val_uar=0.7450 lr=2.42e-05
[01:52:21] INFO   ep43: train_loss=0.9331 val_acc=0.7470 val_f1=0.7369 val_uar=0.7470 lr=2.18e-05
[01:52:32] INFO   ep44: train_loss=0.9315 val_acc=0.7460 val_f1=0.7368 val_uar=0.7460 lr=1.95e-05
[01:52:43] INFO   ep45: train_loss=0.9365 val_acc=0.7540 val_f1=0.7455 val_uar=0.7540 lr=1.73e-05
[01:52:54] INFO   ep46: train_loss=0.9306 val_acc=0.7530 val_f1=0.7453 val_uar=0.7530 lr=1.52e-05
[01:53:06] INFO   ep47: train_loss=0.9277 val_acc=0.7510 val_f1=0.7412 val_uar=0.7510 lr=1.32e-05
[01:53:17] INFO   ep48: train_loss=0.9337 val_acc=0.7500 val_f1=0.7411 val_uar=0.7500 lr=1.13e-05
[01:53:28] INFO   ep49: train_loss=0.9253 val_acc=0.7530 val_f1=0.7432 val_uar=0.7530 lr=9.55e-06
[01:53:39] INFO   ep50: train_loss=0.9242 val_acc=0.7540 val_f1=0.7434 val_uar=0.7540 lr=7.94e-06
[01:53:50] INFO   ep51: train_loss=0.9257 val_acc=0.7510 val_f1=0.7414 val_uar=0.7510 lr=6.46e-06
[01:54:01] INFO   ep52: train_loss=0.9270 val_acc=0.7540 val_f1=0.7451 val_uar=0.7540 lr=5.13e-06
[01:54:13] INFO   ep53: train_loss=0.9281 val_acc=0.7560 val_f1=0.7467 val_uar=0.7560 lr=3.94e-06
[01:54:24] INFO   ep54: train_loss=0.9251 val_acc=0.7550 val_f1=0.7452 val_uar=0.7550 lr=2.91e-06
[01:54:35] INFO   ep55: train_loss=0.9307 val_acc=0.7530 val_f1=0.7436 val_uar=0.7530 lr=2.03e-06
[01:54:46] INFO   ep56: train_loss=0.9238 val_acc=0.7550 val_f1=0.7451 val_uar=0.7550 lr=1.30e-06
[01:54:57] INFO   ep57: train_loss=0.9257 val_acc=0.7570 val_f1=0.7474 val_uar=0.7570 lr=7.32e-07
[01:55:08] INFO   ep58: train_loss=0.9255 val_acc=0.7570 val_f1=0.7473 val_uar=0.7570 lr=3.26e-07
[01:55:19] INFO   ep59: train_loss=0.9231 val_acc=0.7570 val_f1=0.7473 val_uar=0.7570 lr=8.15e-08
[01:55:30] INFO   ep60: train_loss=0.9277 val_acc=0.7570 val_f1=0.7473 val_uar=0.7570 lr=0.00e+00
[01:55:30] INFO [done] swin_tiny_gray best_val_acc=0.7570 lr_used=0.0001 ckpt=checkpoints\cub200_swin_tiny_gray_seed2.pt time=11.3min
[01:55:31] INFO   [E1] eval clean + per colorfulness bin
[01:55:48] INFO   [E2] eval perturbasi warna
[02:00:10] INFO   done swin_tiny_gray seed2
[02:00:10] INFO ==== cub200 / swin_tiny_gray / seed3 (recipe=adamw gray=True) ====
[02:00:11] INFO [train] cub200/swin_tiny_gray/seed3 recipe=adamw opt=adamw lr=0.0001 wd=0.05 grayscale=True epochs=60 device=cuda n_train=4994 n_val=1000 bs=64 accum=1
[02:00:36] INFO   ep1: train_loss=5.2543 val_acc=0.0380 val_f1=0.0193 val_uar=0.0380 lr=4.00e-05
[02:00:47] INFO   ep2: train_loss=4.5122 val_acc=0.2470 val_f1=0.1946 val_uar=0.2470 lr=6.00e-05
[02:00:57] INFO   ep3: train_loss=3.2140 val_acc=0.4500 val_f1=0.4273 val_uar=0.4500 lr=8.00e-05
[02:01:08] INFO   ep4: train_loss=2.4354 val_acc=0.5790 val_f1=0.5601 val_uar=0.5790 lr=1.00e-04
[02:01:19] INFO   ep5: train_loss=1.9937 val_acc=0.6300 val_f1=0.6164 val_uar=0.6300 lr=1.00e-04
[02:01:30] INFO   ep6: train_loss=1.7087 val_acc=0.6590 val_f1=0.6474 val_uar=0.6590 lr=9.99e-05
[02:01:41] INFO   ep7: train_loss=1.5202 val_acc=0.6770 val_f1=0.6688 val_uar=0.6770 lr=9.97e-05
[02:01:52] INFO   ep8: train_loss=1.3894 val_acc=0.6700 val_f1=0.6635 val_uar=0.6700 lr=9.93e-05
[02:02:03] INFO   ep9: train_loss=1.3057 val_acc=0.6870 val_f1=0.6771 val_uar=0.6870 lr=9.87e-05
[02:02:14] INFO   ep10: train_loss=1.2377 val_acc=0.6780 val_f1=0.6739 val_uar=0.6780 lr=9.80e-05
[02:02:24] INFO   ep11: train_loss=1.1926 val_acc=0.7030 val_f1=0.6948 val_uar=0.7030 lr=9.71e-05
[02:02:35] INFO   ep12: train_loss=1.1539 val_acc=0.6970 val_f1=0.6893 val_uar=0.6970 lr=9.61e-05
[02:02:46] INFO   ep13: train_loss=1.1359 val_acc=0.6940 val_f1=0.6880 val_uar=0.6940 lr=9.49e-05
[02:02:57] INFO   ep14: train_loss=1.1137 val_acc=0.7020 val_f1=0.6961 val_uar=0.7020 lr=9.35e-05
[02:03:08] INFO   ep15: train_loss=1.0845 val_acc=0.7040 val_f1=0.6931 val_uar=0.7040 lr=9.21e-05
[02:03:19] INFO   ep16: train_loss=1.0687 val_acc=0.7000 val_f1=0.6940 val_uar=0.7000 lr=9.05e-05
[02:03:30] INFO   ep17: train_loss=1.0592 val_acc=0.7220 val_f1=0.7146 val_uar=0.7220 lr=8.87e-05
[02:03:41] INFO   ep18: train_loss=1.0449 val_acc=0.7160 val_f1=0.7050 val_uar=0.7160 lr=8.68e-05
[02:03:51] INFO   ep19: train_loss=1.0388 val_acc=0.7300 val_f1=0.7250 val_uar=0.7300 lr=8.48e-05
[02:04:03] INFO   ep20: train_loss=1.0366 val_acc=0.7290 val_f1=0.7202 val_uar=0.7290 lr=8.27e-05
[02:04:13] INFO   ep21: train_loss=1.0217 val_acc=0.7200 val_f1=0.7100 val_uar=0.7200 lr=8.05e-05
[02:04:24] INFO   ep22: train_loss=1.0138 val_acc=0.7260 val_f1=0.7182 val_uar=0.7260 lr=7.82e-05
[02:04:35] INFO   ep23: train_loss=1.0028 val_acc=0.7290 val_f1=0.7249 val_uar=0.7290 lr=7.58e-05
[02:04:46] INFO   ep24: train_loss=1.0049 val_acc=0.7210 val_f1=0.7141 val_uar=0.7210 lr=7.33e-05
[02:04:57] INFO   ep25: train_loss=0.9973 val_acc=0.7260 val_f1=0.7162 val_uar=0.7260 lr=7.08e-05
[02:05:08] INFO   ep26: train_loss=0.9947 val_acc=0.7350 val_f1=0.7272 val_uar=0.7350 lr=6.81e-05
[02:05:19] INFO   ep27: train_loss=0.9861 val_acc=0.7250 val_f1=0.7152 val_uar=0.7250 lr=6.55e-05
[02:05:30] INFO   ep28: train_loss=0.9814 val_acc=0.7300 val_f1=0.7232 val_uar=0.7300 lr=6.27e-05
[02:05:41] INFO   ep29: train_loss=0.9800 val_acc=0.7430 val_f1=0.7310 val_uar=0.7430 lr=5.99e-05
[02:05:52] INFO   ep30: train_loss=0.9649 val_acc=0.7400 val_f1=0.7308 val_uar=0.7400 lr=5.71e-05
[02:06:03] INFO   ep31: train_loss=0.9623 val_acc=0.7290 val_f1=0.7195 val_uar=0.7290 lr=5.43e-05
[02:06:14] INFO   ep32: train_loss=0.9627 val_acc=0.7320 val_f1=0.7219 val_uar=0.7320 lr=5.14e-05
[02:06:25] INFO   ep33: train_loss=0.9587 val_acc=0.7320 val_f1=0.7224 val_uar=0.7320 lr=4.86e-05
[02:06:36] INFO   ep34: train_loss=0.9573 val_acc=0.7390 val_f1=0.7291 val_uar=0.7390 lr=4.57e-05
[02:06:47] INFO   ep35: train_loss=0.9539 val_acc=0.7350 val_f1=0.7256 val_uar=0.7350 lr=4.29e-05
[02:06:58] INFO   ep36: train_loss=0.9585 val_acc=0.7490 val_f1=0.7406 val_uar=0.7490 lr=4.01e-05
[02:07:09] INFO   ep37: train_loss=0.9551 val_acc=0.7450 val_f1=0.7375 val_uar=0.7450 lr=3.73e-05
[02:07:20] INFO   ep38: train_loss=0.9499 val_acc=0.7420 val_f1=0.7338 val_uar=0.7420 lr=3.45e-05
[02:07:31] INFO   ep39: train_loss=0.9488 val_acc=0.7490 val_f1=0.7398 val_uar=0.7490 lr=3.19e-05
[02:07:42] INFO   ep40: train_loss=0.9460 val_acc=0.7390 val_f1=0.7328 val_uar=0.7390 lr=2.92e-05
[02:07:53] INFO   ep41: train_loss=0.9477 val_acc=0.7540 val_f1=0.7447 val_uar=0.7540 lr=2.67e-05
[02:08:04] INFO   ep42: train_loss=0.9390 val_acc=0.7450 val_f1=0.7368 val_uar=0.7450 lr=2.42e-05
[02:08:16] INFO   ep43: train_loss=0.9356 val_acc=0.7450 val_f1=0.7369 val_uar=0.7450 lr=2.18e-05
[02:08:27] INFO   ep44: train_loss=0.9325 val_acc=0.7450 val_f1=0.7366 val_uar=0.7450 lr=1.95e-05
[02:08:38] INFO   ep45: train_loss=0.9361 val_acc=0.7450 val_f1=0.7375 val_uar=0.7450 lr=1.73e-05
[02:08:49] INFO   ep46: train_loss=0.9357 val_acc=0.7520 val_f1=0.7444 val_uar=0.7520 lr=1.52e-05
[02:09:00] INFO   ep47: train_loss=0.9295 val_acc=0.7490 val_f1=0.7407 val_uar=0.7490 lr=1.32e-05
[02:09:11] INFO   ep48: train_loss=0.9260 val_acc=0.7500 val_f1=0.7422 val_uar=0.7500 lr=1.13e-05
[02:09:22] INFO   ep49: train_loss=0.9342 val_acc=0.7560 val_f1=0.7491 val_uar=0.7560 lr=9.55e-06
[02:09:33] INFO   ep50: train_loss=0.9319 val_acc=0.7550 val_f1=0.7467 val_uar=0.7550 lr=7.94e-06
[02:09:44] INFO   ep51: train_loss=0.9246 val_acc=0.7540 val_f1=0.7452 val_uar=0.7540 lr=6.46e-06
[02:09:55] INFO   ep52: train_loss=0.9282 val_acc=0.7510 val_f1=0.7422 val_uar=0.7510 lr=5.13e-06
[02:10:06] INFO   ep53: train_loss=0.9269 val_acc=0.7540 val_f1=0.7451 val_uar=0.7540 lr=3.94e-06
[02:10:17] INFO   ep54: train_loss=0.9245 val_acc=0.7530 val_f1=0.7447 val_uar=0.7530 lr=2.91e-06
[02:10:28] INFO   ep55: train_loss=0.9260 val_acc=0.7510 val_f1=0.7418 val_uar=0.7510 lr=2.03e-06
[02:10:39] INFO   ep56: train_loss=0.9227 val_acc=0.7510 val_f1=0.7420 val_uar=0.7510 lr=1.30e-06
[02:10:50] INFO   ep57: train_loss=0.9227 val_acc=0.7520 val_f1=0.7426 val_uar=0.7520 lr=7.32e-07
[02:11:01] INFO   ep58: train_loss=0.9234 val_acc=0.7540 val_f1=0.7453 val_uar=0.7540 lr=3.26e-07
[02:11:12] INFO   ep59: train_loss=0.9259 val_acc=0.7540 val_f1=0.7453 val_uar=0.7540 lr=8.15e-08
[02:11:23] INFO   ep60: train_loss=0.9281 val_acc=0.7540 val_f1=0.7452 val_uar=0.7540 lr=0.00e+00
[02:11:23] INFO [done] swin_tiny_gray best_val_acc=0.7560 lr_used=0.0001 ckpt=checkpoints\cub200_swin_tiny_gray_seed3.pt time=11.2min
[02:11:25] INFO   [E1] eval clean + per colorfulness bin
[02:11:42] INFO   [E2] eval perturbasi warna
[02:16:01] INFO   done swin_tiny_gray seed3
[02:16:01] INFO ==== cub200 / swin_tiny_gray / seed4 (recipe=adamw gray=True) ====
[02:16:02] INFO [train] cub200/swin_tiny_gray/seed4 recipe=adamw opt=adamw lr=0.0001 wd=0.05 grayscale=True epochs=60 device=cuda n_train=4994 n_val=1000 bs=64 accum=1
[02:16:27] INFO   ep1: train_loss=5.2471 val_acc=0.0400 val_f1=0.0308 val_uar=0.0400 lr=4.00e-05
[02:16:38] INFO   ep2: train_loss=4.4480 val_acc=0.3010 val_f1=0.2654 val_uar=0.3010 lr=6.00e-05
[02:16:48] INFO   ep3: train_loss=3.1415 val_acc=0.5180 val_f1=0.4970 val_uar=0.5180 lr=8.00e-05
[02:16:59] INFO   ep4: train_loss=2.4064 val_acc=0.5800 val_f1=0.5580 val_uar=0.5800 lr=1.00e-04
[02:17:10] INFO   ep5: train_loss=1.9714 val_acc=0.6130 val_f1=0.6036 val_uar=0.6130 lr=1.00e-04
[02:17:21] INFO   ep6: train_loss=1.6900 val_acc=0.6560 val_f1=0.6448 val_uar=0.6560 lr=9.99e-05
[02:17:32] INFO   ep7: train_loss=1.4787 val_acc=0.6830 val_f1=0.6777 val_uar=0.6830 lr=9.97e-05
[02:17:43] INFO   ep8: train_loss=1.3754 val_acc=0.6820 val_f1=0.6698 val_uar=0.6820 lr=9.93e-05
[02:17:54] INFO   ep9: train_loss=1.2812 val_acc=0.6900 val_f1=0.6819 val_uar=0.6900 lr=9.87e-05
[02:18:05] INFO   ep10: train_loss=1.2172 val_acc=0.7050 val_f1=0.6999 val_uar=0.7050 lr=9.80e-05
[02:18:16] INFO   ep11: train_loss=1.1849 val_acc=0.7020 val_f1=0.6941 val_uar=0.7020 lr=9.71e-05
[02:18:27] INFO   ep12: train_loss=1.1356 val_acc=0.7020 val_f1=0.6952 val_uar=0.7020 lr=9.61e-05
[02:18:37] INFO   ep13: train_loss=1.1220 val_acc=0.7070 val_f1=0.7030 val_uar=0.7070 lr=9.49e-05
[02:18:48] INFO   ep14: train_loss=1.0926 val_acc=0.7020 val_f1=0.6967 val_uar=0.7020 lr=9.35e-05
[02:18:59] INFO   ep15: train_loss=1.0766 val_acc=0.7170 val_f1=0.7088 val_uar=0.7170 lr=9.21e-05
[02:19:10] INFO   ep16: train_loss=1.0642 val_acc=0.7220 val_f1=0.7165 val_uar=0.7220 lr=9.05e-05
[02:19:21] INFO   ep17: train_loss=1.0587 val_acc=0.7330 val_f1=0.7235 val_uar=0.7330 lr=8.87e-05
[02:19:32] INFO   ep18: train_loss=1.0385 val_acc=0.7360 val_f1=0.7314 val_uar=0.7360 lr=8.68e-05
[02:19:43] INFO   ep19: train_loss=1.0335 val_acc=0.7410 val_f1=0.7366 val_uar=0.7410 lr=8.48e-05
[02:19:54] INFO   ep20: train_loss=1.0215 val_acc=0.7310 val_f1=0.7253 val_uar=0.7310 lr=8.27e-05
[02:20:05] INFO   ep21: train_loss=1.0287 val_acc=0.7130 val_f1=0.7090 val_uar=0.7130 lr=8.05e-05
[02:20:16] INFO   ep22: train_loss=1.0106 val_acc=0.7250 val_f1=0.7206 val_uar=0.7250 lr=7.82e-05
[02:20:28] INFO   ep23: train_loss=0.9997 val_acc=0.7210 val_f1=0.7169 val_uar=0.7210 lr=7.58e-05
[02:20:39] INFO   ep24: train_loss=1.0012 val_acc=0.7190 val_f1=0.7102 val_uar=0.7190 lr=7.33e-05
[02:20:50] INFO   ep25: train_loss=0.9975 val_acc=0.7250 val_f1=0.7200 val_uar=0.7250 lr=7.08e-05
[02:21:00] INFO   ep26: train_loss=0.9907 val_acc=0.7400 val_f1=0.7332 val_uar=0.7400 lr=6.81e-05
[02:21:11] INFO   ep27: train_loss=0.9829 val_acc=0.7440 val_f1=0.7396 val_uar=0.7440 lr=6.55e-05
[02:21:22] INFO   ep28: train_loss=0.9813 val_acc=0.7390 val_f1=0.7323 val_uar=0.7390 lr=6.27e-05
[02:21:34] INFO   ep29: train_loss=0.9728 val_acc=0.7400 val_f1=0.7357 val_uar=0.7400 lr=5.99e-05
[02:21:45] INFO   ep30: train_loss=0.9803 val_acc=0.7270 val_f1=0.7199 val_uar=0.7270 lr=5.71e-05
[02:21:55] INFO   ep31: train_loss=0.9650 val_acc=0.7500 val_f1=0.7448 val_uar=0.7500 lr=5.43e-05
[02:22:06] INFO   ep32: train_loss=0.9628 val_acc=0.7390 val_f1=0.7323 val_uar=0.7390 lr=5.14e-05
[02:22:17] INFO   ep33: train_loss=0.9625 val_acc=0.7440 val_f1=0.7381 val_uar=0.7440 lr=4.86e-05
[02:22:28] INFO   ep34: train_loss=0.9525 val_acc=0.7530 val_f1=0.7476 val_uar=0.7530 lr=4.57e-05
[02:22:40] INFO   ep35: train_loss=0.9542 val_acc=0.7620 val_f1=0.7565 val_uar=0.7620 lr=4.29e-05
[02:22:51] INFO   ep36: train_loss=0.9516 val_acc=0.7510 val_f1=0.7463 val_uar=0.7510 lr=4.01e-05
[02:23:02] INFO   ep37: train_loss=0.9481 val_acc=0.7400 val_f1=0.7352 val_uar=0.7400 lr=3.73e-05
[02:23:13] INFO   ep38: train_loss=0.9554 val_acc=0.7480 val_f1=0.7410 val_uar=0.7480 lr=3.45e-05
[02:23:24] INFO   ep39: train_loss=0.9410 val_acc=0.7580 val_f1=0.7535 val_uar=0.7580 lr=3.19e-05
[02:23:35] INFO   ep40: train_loss=0.9392 val_acc=0.7500 val_f1=0.7443 val_uar=0.7500 lr=2.92e-05
[02:23:46] INFO   ep41: train_loss=0.9378 val_acc=0.7510 val_f1=0.7468 val_uar=0.7510 lr=2.67e-05
[02:23:57] INFO   ep42: train_loss=0.9316 val_acc=0.7620 val_f1=0.7554 val_uar=0.7620 lr=2.42e-05
[02:24:08] INFO   ep43: train_loss=0.9319 val_acc=0.7560 val_f1=0.7500 val_uar=0.7560 lr=2.18e-05
[02:24:19] INFO   ep44: train_loss=0.9367 val_acc=0.7520 val_f1=0.7487 val_uar=0.7520 lr=1.95e-05
[02:24:30] INFO   ep45: train_loss=0.9298 val_acc=0.7600 val_f1=0.7560 val_uar=0.7600 lr=1.73e-05
[02:24:41] INFO   ep46: train_loss=0.9345 val_acc=0.7550 val_f1=0.7497 val_uar=0.7550 lr=1.52e-05
[02:24:52] INFO   ep47: train_loss=0.9275 val_acc=0.7520 val_f1=0.7472 val_uar=0.7520 lr=1.32e-05
[02:25:03] INFO   ep48: train_loss=0.9258 val_acc=0.7570 val_f1=0.7526 val_uar=0.7570 lr=1.13e-05
[02:25:14] INFO   ep49: train_loss=0.9239 val_acc=0.7540 val_f1=0.7483 val_uar=0.7540 lr=9.55e-06
[02:25:25] INFO   ep50: train_loss=0.9292 val_acc=0.7580 val_f1=0.7528 val_uar=0.7580 lr=7.94e-06
[02:25:36] INFO   ep51: train_loss=0.9252 val_acc=0.7560 val_f1=0.7499 val_uar=0.7560 lr=6.46e-06
[02:25:47] INFO   ep52: train_loss=0.9259 val_acc=0.7580 val_f1=0.7535 val_uar=0.7580 lr=5.13e-06
[02:25:58] INFO   ep53: train_loss=0.9231 val_acc=0.7590 val_f1=0.7542 val_uar=0.7590 lr=3.94e-06
[02:26:09] INFO   ep54: train_loss=0.9214 val_acc=0.7590 val_f1=0.7559 val_uar=0.7590 lr=2.91e-06
[02:26:20] INFO   ep55: train_loss=0.9236 val_acc=0.7570 val_f1=0.7535 val_uar=0.7570 lr=2.03e-06
[02:26:31] INFO   ep56: train_loss=0.9276 val_acc=0.7560 val_f1=0.7518 val_uar=0.7560 lr=1.30e-06
[02:26:42] INFO   ep57: train_loss=0.9238 val_acc=0.7570 val_f1=0.7523 val_uar=0.7570 lr=7.32e-07
[02:26:53] INFO   ep58: train_loss=0.9221 val_acc=0.7570 val_f1=0.7524 val_uar=0.7570 lr=3.26e-07
[02:27:04] INFO   ep59: train_loss=0.9270 val_acc=0.7580 val_f1=0.7537 val_uar=0.7580 lr=8.15e-08
[02:27:15] INFO   ep60: train_loss=0.9243 val_acc=0.7590 val_f1=0.7550 val_uar=0.7590 lr=0.00e+00
[02:27:15] INFO [done] swin_tiny_gray best_val_acc=0.7620 lr_used=0.0001 ckpt=checkpoints\cub200_swin_tiny_gray_seed4.pt time=11.2min
[02:27:17] INFO   [E1] eval clean + per colorfulness bin
[02:27:33] INFO   [E2] eval perturbasi warna
[02:31:53] INFO   done swin_tiny_gray seed4
[02:31:53] INFO ALL DONE
[02:32:00] INFO dataset=cub200 models=['convnext_tiny_in1k'] seeds=[0, 1, 2, 3, 4] epochs=None recipe=adamw
[02:32:00] INFO ==== cub200 / convnext_tiny_in1k_gray / seed0 (recipe=adamw gray=True) ====
[02:32:02] INFO [train] cub200/convnext_tiny_in1k_gray/seed0 recipe=adamw opt=adamw lr=0.0001 wd=0.05 grayscale=True epochs=60 device=cuda n_train=4994 n_val=1000 bs=64 accum=1
[02:32:34] INFO   ep1: train_loss=5.2800 val_acc=0.0150 val_f1=0.0106 val_uar=0.0150 lr=4.00e-05
[02:32:43] INFO   ep2: train_loss=5.1507 val_acc=0.1250 val_f1=0.0970 val_uar=0.1250 lr=6.00e-05
[02:32:52] INFO   ep3: train_loss=4.7879 val_acc=0.3030 val_f1=0.2628 val_uar=0.3030 lr=8.00e-05
[02:33:01] INFO   ep4: train_loss=4.0733 val_acc=0.4540 val_f1=0.4144 val_uar=0.4540 lr=1.00e-04
[02:33:10] INFO   ep5: train_loss=3.2752 val_acc=0.5580 val_f1=0.5292 val_uar=0.5580 lr=1.00e-04
[02:33:20] INFO   ep6: train_loss=2.5778 val_acc=0.6410 val_f1=0.6194 val_uar=0.6410 lr=9.99e-05
[02:33:29] INFO   ep7: train_loss=2.0910 val_acc=0.7020 val_f1=0.6869 val_uar=0.7020 lr=9.97e-05
[02:33:38] INFO   ep8: train_loss=1.7453 val_acc=0.7130 val_f1=0.7041 val_uar=0.7130 lr=9.93e-05
[02:33:47] INFO   ep9: train_loss=1.4959 val_acc=0.7320 val_f1=0.7210 val_uar=0.7320 lr=9.87e-05
[02:33:57] INFO   ep10: train_loss=1.3249 val_acc=0.7370 val_f1=0.7281 val_uar=0.7370 lr=9.80e-05
[02:34:06] INFO   ep11: train_loss=1.1966 val_acc=0.7380 val_f1=0.7323 val_uar=0.7380 lr=9.71e-05
[02:34:15] INFO   ep12: train_loss=1.1150 val_acc=0.7430 val_f1=0.7377 val_uar=0.7430 lr=9.61e-05
[02:34:24] INFO   ep13: train_loss=1.0530 val_acc=0.7390 val_f1=0.7345 val_uar=0.7390 lr=9.49e-05
[02:34:33] INFO   ep14: train_loss=1.0018 val_acc=0.7390 val_f1=0.7328 val_uar=0.7390 lr=9.35e-05
[02:34:42] INFO   ep15: train_loss=0.9746 val_acc=0.7480 val_f1=0.7430 val_uar=0.7480 lr=9.21e-05
[02:34:52] INFO   ep16: train_loss=0.9504 val_acc=0.7550 val_f1=0.7491 val_uar=0.7550 lr=9.05e-05
[02:35:01] INFO   ep17: train_loss=0.9388 val_acc=0.7460 val_f1=0.7412 val_uar=0.7460 lr=8.87e-05
[02:35:10] INFO   ep18: train_loss=0.9254 val_acc=0.7360 val_f1=0.7325 val_uar=0.7360 lr=8.68e-05
[02:35:19] INFO   ep19: train_loss=0.9189 val_acc=0.7490 val_f1=0.7422 val_uar=0.7490 lr=8.48e-05
[02:35:28] INFO   ep20: train_loss=0.9104 val_acc=0.7460 val_f1=0.7374 val_uar=0.7460 lr=8.27e-05
[02:35:38] INFO   ep21: train_loss=0.9052 val_acc=0.7430 val_f1=0.7382 val_uar=0.7430 lr=8.05e-05
[02:35:47] INFO   ep22: train_loss=0.9033 val_acc=0.7470 val_f1=0.7377 val_uar=0.7470 lr=7.82e-05
[02:35:56] INFO   ep23: train_loss=0.9023 val_acc=0.7560 val_f1=0.7513 val_uar=0.7560 lr=7.58e-05
[02:36:05] INFO   ep24: train_loss=0.8940 val_acc=0.7530 val_f1=0.7458 val_uar=0.7530 lr=7.33e-05
[02:36:14] INFO   ep25: train_loss=0.8914 val_acc=0.7390 val_f1=0.7315 val_uar=0.7390 lr=7.08e-05
[02:36:23] INFO   ep26: train_loss=0.8912 val_acc=0.7510 val_f1=0.7466 val_uar=0.7510 lr=6.81e-05
[02:36:33] INFO   ep27: train_loss=0.8889 val_acc=0.7480 val_f1=0.7398 val_uar=0.7480 lr=6.55e-05
[02:36:42] INFO   ep28: train_loss=0.8854 val_acc=0.7510 val_f1=0.7443 val_uar=0.7510 lr=6.27e-05
[02:36:51] INFO   ep29: train_loss=0.8866 val_acc=0.7520 val_f1=0.7459 val_uar=0.7520 lr=5.99e-05
[02:37:00] INFO   ep30: train_loss=0.8840 val_acc=0.7530 val_f1=0.7462 val_uar=0.7530 lr=5.71e-05
[02:37:10] INFO   ep31: train_loss=0.8843 val_acc=0.7490 val_f1=0.7406 val_uar=0.7490 lr=5.43e-05
[02:37:19] INFO   ep32: train_loss=0.8839 val_acc=0.7470 val_f1=0.7405 val_uar=0.7470 lr=5.14e-05
[02:37:28] INFO   ep33: train_loss=0.8829 val_acc=0.7410 val_f1=0.7328 val_uar=0.7410 lr=4.86e-05
[02:37:37] INFO   ep34: train_loss=0.8812 val_acc=0.7450 val_f1=0.7385 val_uar=0.7450 lr=4.57e-05
[02:37:46] INFO   ep35: train_loss=0.8801 val_acc=0.7470 val_f1=0.7425 val_uar=0.7470 lr=4.29e-05
[02:37:55] INFO   ep36: train_loss=0.8783 val_acc=0.7420 val_f1=0.7335 val_uar=0.7420 lr=4.01e-05
[02:38:05] INFO   ep37: train_loss=0.8764 val_acc=0.7470 val_f1=0.7393 val_uar=0.7470 lr=3.73e-05
[02:38:14] INFO   ep38: train_loss=0.8757 val_acc=0.7410 val_f1=0.7336 val_uar=0.7410 lr=3.45e-05
[02:38:23] INFO   ep39: train_loss=0.8750 val_acc=0.7480 val_f1=0.7409 val_uar=0.7480 lr=3.19e-05
[02:38:32] INFO   ep40: train_loss=0.8768 val_acc=0.7480 val_f1=0.7418 val_uar=0.7480 lr=2.92e-05
[02:38:42] INFO   ep41: train_loss=0.8747 val_acc=0.7470 val_f1=0.7403 val_uar=0.7470 lr=2.67e-05
[02:38:51] INFO   ep42: train_loss=0.8747 val_acc=0.7480 val_f1=0.7423 val_uar=0.7480 lr=2.42e-05
[02:39:00] INFO   ep43: train_loss=0.8733 val_acc=0.7500 val_f1=0.7431 val_uar=0.7500 lr=2.18e-05
[02:39:09] INFO   ep44: train_loss=0.8723 val_acc=0.7430 val_f1=0.7373 val_uar=0.7430 lr=1.95e-05
[02:39:19] INFO   ep45: train_loss=0.8723 val_acc=0.7490 val_f1=0.7415 val_uar=0.7490 lr=1.73e-05
[02:39:28] INFO   ep46: train_loss=0.8721 val_acc=0.7460 val_f1=0.7397 val_uar=0.7460 lr=1.52e-05
[02:39:37] INFO   ep47: train_loss=0.8720 val_acc=0.7420 val_f1=0.7357 val_uar=0.7420 lr=1.32e-05
[02:39:46] INFO   ep48: train_loss=0.8718 val_acc=0.7440 val_f1=0.7371 val_uar=0.7440 lr=1.13e-05
[02:39:55] INFO   ep49: train_loss=0.8732 val_acc=0.7510 val_f1=0.7440 val_uar=0.7510 lr=9.55e-06
[02:40:05] INFO   ep50: train_loss=0.8718 val_acc=0.7480 val_f1=0.7411 val_uar=0.7480 lr=7.94e-06
[02:40:14] INFO   ep51: train_loss=0.8719 val_acc=0.7430 val_f1=0.7355 val_uar=0.7430 lr=6.46e-06
[02:40:23] INFO   ep52: train_loss=0.8714 val_acc=0.7380 val_f1=0.7300 val_uar=0.7380 lr=5.13e-06
[02:40:33] INFO   ep53: train_loss=0.8717 val_acc=0.7490 val_f1=0.7405 val_uar=0.7490 lr=3.94e-06
[02:40:42] INFO   ep54: train_loss=0.8706 val_acc=0.7450 val_f1=0.7360 val_uar=0.7450 lr=2.91e-06
[02:40:51] INFO   ep55: train_loss=0.8700 val_acc=0.7400 val_f1=0.7318 val_uar=0.7400 lr=2.03e-06
[02:41:00] INFO   ep56: train_loss=0.8704 val_acc=0.7430 val_f1=0.7338 val_uar=0.7430 lr=1.30e-06
[02:41:09] INFO   ep57: train_loss=0.8714 val_acc=0.7420 val_f1=0.7333 val_uar=0.7420 lr=7.32e-07
[02:41:18] INFO   ep58: train_loss=0.8719 val_acc=0.7430 val_f1=0.7351 val_uar=0.7430 lr=3.26e-07
[02:41:28] INFO   ep59: train_loss=0.8715 val_acc=0.7420 val_f1=0.7333 val_uar=0.7420 lr=8.15e-08
[02:41:37] INFO   ep60: train_loss=0.8707 val_acc=0.7410 val_f1=0.7324 val_uar=0.7410 lr=0.00e+00
[02:41:37] INFO [done] convnext_tiny_in1k_gray best_val_acc=0.7560 lr_used=0.0001 ckpt=checkpoints\cub200_convnext_tiny_in1k_gray_seed0.pt time=9.6min
[02:41:38] INFO   [E1] eval clean + per colorfulness bin
[02:41:57] INFO   [E2] eval perturbasi warna
[02:46:15] INFO   done convnext_tiny_in1k_gray seed0
[02:46:15] INFO ==== cub200 / convnext_tiny_in1k_gray / seed1 (recipe=adamw gray=True) ====
[02:46:16] INFO [train] cub200/convnext_tiny_in1k_gray/seed1 recipe=adamw opt=adamw lr=0.0001 wd=0.05 grayscale=True epochs=60 device=cuda n_train=4994 n_val=1000 bs=64 accum=1
[02:46:40] INFO   ep1: train_loss=5.2774 val_acc=0.0250 val_f1=0.0144 val_uar=0.0250 lr=4.00e-05
[02:46:48] INFO   ep2: train_loss=5.1558 val_acc=0.1240 val_f1=0.1054 val_uar=0.1240 lr=6.00e-05
[02:46:58] INFO   ep3: train_loss=4.8166 val_acc=0.2670 val_f1=0.2299 val_uar=0.2670 lr=8.00e-05
[02:47:07] INFO   ep4: train_loss=4.0939 val_acc=0.4170 val_f1=0.3810 val_uar=0.4170 lr=1.00e-04
[02:47:16] INFO   ep5: train_loss=3.2643 val_acc=0.5400 val_f1=0.5028 val_uar=0.5400 lr=1.00e-04
[02:47:25] INFO   ep6: train_loss=2.5724 val_acc=0.6410 val_f1=0.6111 val_uar=0.6410 lr=9.99e-05
[02:47:34] INFO   ep7: train_loss=2.0813 val_acc=0.6830 val_f1=0.6652 val_uar=0.6830 lr=9.97e-05
[02:47:43] INFO   ep8: train_loss=1.7478 val_acc=0.6950 val_f1=0.6833 val_uar=0.6950 lr=9.93e-05
[02:47:52] INFO   ep9: train_loss=1.5017 val_acc=0.7370 val_f1=0.7283 val_uar=0.7370 lr=9.87e-05
[02:48:02] INFO   ep10: train_loss=1.3270 val_acc=0.7260 val_f1=0.7141 val_uar=0.7260 lr=9.80e-05
[02:48:11] INFO   ep11: train_loss=1.2016 val_acc=0.7320 val_f1=0.7224 val_uar=0.7320 lr=9.71e-05
[02:48:20] INFO   ep12: train_loss=1.1138 val_acc=0.7320 val_f1=0.7242 val_uar=0.7320 lr=9.61e-05
[02:48:29] INFO   ep13: train_loss=1.0480 val_acc=0.7390 val_f1=0.7332 val_uar=0.7390 lr=9.49e-05
[02:48:38] INFO   ep14: train_loss=1.0060 val_acc=0.7470 val_f1=0.7387 val_uar=0.7470 lr=9.35e-05
[02:48:48] INFO   ep15: train_loss=0.9713 val_acc=0.7400 val_f1=0.7314 val_uar=0.7400 lr=9.21e-05
[02:48:57] INFO   ep16: train_loss=0.9533 val_acc=0.7500 val_f1=0.7419 val_uar=0.7500 lr=9.05e-05
[02:49:06] INFO   ep17: train_loss=0.9407 val_acc=0.7350 val_f1=0.7265 val_uar=0.7350 lr=8.87e-05
[02:49:15] INFO   ep18: train_loss=0.9247 val_acc=0.7480 val_f1=0.7411 val_uar=0.7480 lr=8.68e-05
[02:49:24] INFO   ep19: train_loss=0.9173 val_acc=0.7450 val_f1=0.7350 val_uar=0.7450 lr=8.48e-05
[02:49:34] INFO   ep20: train_loss=0.9095 val_acc=0.7390 val_f1=0.7338 val_uar=0.7390 lr=8.27e-05
[02:49:43] INFO   ep21: train_loss=0.9062 val_acc=0.7460 val_f1=0.7402 val_uar=0.7460 lr=8.05e-05
[02:49:52] INFO   ep22: train_loss=0.9039 val_acc=0.7490 val_f1=0.7422 val_uar=0.7490 lr=7.82e-05
[02:50:01] INFO   ep23: train_loss=0.8982 val_acc=0.7510 val_f1=0.7428 val_uar=0.7510 lr=7.58e-05
[02:50:11] INFO   ep24: train_loss=0.8946 val_acc=0.7540 val_f1=0.7484 val_uar=0.7540 lr=7.33e-05
[02:50:20] INFO   ep25: train_loss=0.8947 val_acc=0.7490 val_f1=0.7426 val_uar=0.7490 lr=7.08e-05
[02:50:29] INFO   ep26: train_loss=0.8913 val_acc=0.7440 val_f1=0.7384 val_uar=0.7440 lr=6.81e-05
[02:50:38] INFO   ep27: train_loss=0.8901 val_acc=0.7450 val_f1=0.7393 val_uar=0.7450 lr=6.55e-05
[02:50:47] INFO   ep28: train_loss=0.8879 val_acc=0.7470 val_f1=0.7403 val_uar=0.7470 lr=6.27e-05
[02:50:57] INFO   ep29: train_loss=0.8850 val_acc=0.7500 val_f1=0.7436 val_uar=0.7500 lr=5.99e-05
[02:51:06] INFO   ep30: train_loss=0.8843 val_acc=0.7500 val_f1=0.7445 val_uar=0.7500 lr=5.71e-05
[02:51:15] INFO   ep31: train_loss=0.8821 val_acc=0.7490 val_f1=0.7433 val_uar=0.7490 lr=5.43e-05
[02:51:24] INFO   ep32: train_loss=0.8795 val_acc=0.7560 val_f1=0.7504 val_uar=0.7560 lr=5.14e-05
[02:51:34] INFO   ep33: train_loss=0.8821 val_acc=0.7490 val_f1=0.7412 val_uar=0.7490 lr=4.86e-05
[02:51:43] INFO   ep34: train_loss=0.8809 val_acc=0.7480 val_f1=0.7414 val_uar=0.7480 lr=4.57e-05
[02:51:52] INFO   ep35: train_loss=0.8792 val_acc=0.7460 val_f1=0.7397 val_uar=0.7460 lr=4.29e-05
[02:52:01] INFO   ep36: train_loss=0.8782 val_acc=0.7410 val_f1=0.7353 val_uar=0.7410 lr=4.01e-05
[02:52:11] INFO   ep37: train_loss=0.8776 val_acc=0.7510 val_f1=0.7470 val_uar=0.7510 lr=3.73e-05
[02:52:20] INFO   ep38: train_loss=0.8767 val_acc=0.7550 val_f1=0.7484 val_uar=0.7550 lr=3.45e-05
[02:52:29] INFO   ep39: train_loss=0.8747 val_acc=0.7490 val_f1=0.7429 val_uar=0.7490 lr=3.19e-05
[02:52:38] INFO   ep40: train_loss=0.8747 val_acc=0.7460 val_f1=0.7404 val_uar=0.7460 lr=2.92e-05
[02:52:48] INFO   ep41: train_loss=0.8761 val_acc=0.7450 val_f1=0.7395 val_uar=0.7450 lr=2.67e-05
[02:52:57] INFO   ep42: train_loss=0.8748 val_acc=0.7480 val_f1=0.7413 val_uar=0.7480 lr=2.42e-05
[02:53:06] INFO   ep43: train_loss=0.8739 val_acc=0.7470 val_f1=0.7403 val_uar=0.7470 lr=2.18e-05
[02:53:15] INFO   ep44: train_loss=0.8728 val_acc=0.7530 val_f1=0.7466 val_uar=0.7530 lr=1.95e-05
[02:53:25] INFO   ep45: train_loss=0.8731 val_acc=0.7510 val_f1=0.7445 val_uar=0.7510 lr=1.73e-05
[02:53:34] INFO   ep46: train_loss=0.8724 val_acc=0.7500 val_f1=0.7439 val_uar=0.7500 lr=1.52e-05
[02:53:43] INFO   ep47: train_loss=0.8722 val_acc=0.7520 val_f1=0.7461 val_uar=0.7520 lr=1.32e-05
[02:53:52] INFO   ep48: train_loss=0.8717 val_acc=0.7510 val_f1=0.7455 val_uar=0.7510 lr=1.13e-05
[02:54:02] INFO   ep49: train_loss=0.8710 val_acc=0.7490 val_f1=0.7425 val_uar=0.7490 lr=9.55e-06
[02:54:11] INFO   ep50: train_loss=0.8719 val_acc=0.7510 val_f1=0.7448 val_uar=0.7510 lr=7.94e-06
[02:54:20] INFO   ep51: train_loss=0.8716 val_acc=0.7520 val_f1=0.7454 val_uar=0.7520 lr=6.46e-06
[02:54:29] INFO   ep52: train_loss=0.8713 val_acc=0.7480 val_f1=0.7425 val_uar=0.7480 lr=5.13e-06
[02:54:39] INFO   ep53: train_loss=0.8698 val_acc=0.7500 val_f1=0.7439 val_uar=0.7500 lr=3.94e-06
[02:54:48] INFO   ep54: train_loss=0.8698 val_acc=0.7490 val_f1=0.7426 val_uar=0.7490 lr=2.91e-06
[02:54:57] INFO   ep55: train_loss=0.8709 val_acc=0.7540 val_f1=0.7481 val_uar=0.7540 lr=2.03e-06
[02:55:06] INFO   ep56: train_loss=0.8707 val_acc=0.7510 val_f1=0.7448 val_uar=0.7510 lr=1.30e-06
[02:55:16] INFO   ep57: train_loss=0.8711 val_acc=0.7490 val_f1=0.7430 val_uar=0.7490 lr=7.32e-07
[02:55:25] INFO   ep58: train_loss=0.8705 val_acc=0.7500 val_f1=0.7439 val_uar=0.7500 lr=3.26e-07
[02:55:34] INFO   ep59: train_loss=0.8706 val_acc=0.7480 val_f1=0.7420 val_uar=0.7480 lr=8.15e-08
[02:55:44] INFO   ep60: train_loss=0.8713 val_acc=0.7480 val_f1=0.7420 val_uar=0.7480 lr=0.00e+00
[02:55:44] INFO [done] convnext_tiny_in1k_gray best_val_acc=0.7560 lr_used=0.0001 ckpt=checkpoints\cub200_convnext_tiny_in1k_gray_seed1.pt time=9.5min
[02:55:45] INFO   [E1] eval clean + per colorfulness bin
[02:56:01] INFO   [E2] eval perturbasi warna
[03:00:28] INFO   done convnext_tiny_in1k_gray seed1
[03:00:28] INFO ==== cub200 / convnext_tiny_in1k_gray / seed2 (recipe=adamw gray=True) ====
[03:00:29] INFO [train] cub200/convnext_tiny_in1k_gray/seed2 recipe=adamw opt=adamw lr=0.0001 wd=0.05 grayscale=True epochs=60 device=cuda n_train=4994 n_val=1000 bs=64 accum=1
[03:00:53] INFO   ep1: train_loss=5.2860 val_acc=0.0140 val_f1=0.0065 val_uar=0.0140 lr=4.00e-05
[03:01:02] INFO   ep2: train_loss=5.1777 val_acc=0.1010 val_f1=0.0722 val_uar=0.1010 lr=6.00e-05
[03:01:11] INFO   ep3: train_loss=4.8614 val_acc=0.2660 val_f1=0.2318 val_uar=0.2660 lr=8.00e-05
[03:01:20] INFO   ep4: train_loss=4.1541 val_acc=0.4210 val_f1=0.3872 val_uar=0.4210 lr=1.00e-04
[03:01:29] INFO   ep5: train_loss=3.2980 val_acc=0.5660 val_f1=0.5377 val_uar=0.5660 lr=1.00e-04
[03:01:38] INFO   ep6: train_loss=2.5845 val_acc=0.6510 val_f1=0.6317 val_uar=0.6510 lr=9.99e-05
[03:01:47] INFO   ep7: train_loss=2.0764 val_acc=0.6920 val_f1=0.6761 val_uar=0.6920 lr=9.97e-05
[03:01:57] INFO   ep8: train_loss=1.7314 val_acc=0.7230 val_f1=0.7120 val_uar=0.7230 lr=9.93e-05
[03:02:06] INFO   ep9: train_loss=1.4952 val_acc=0.7420 val_f1=0.7294 val_uar=0.7420 lr=9.87e-05
[03:02:15] INFO   ep10: train_loss=1.3194 val_acc=0.7370 val_f1=0.7293 val_uar=0.7370 lr=9.80e-05
[03:02:24] INFO   ep11: train_loss=1.2039 val_acc=0.7340 val_f1=0.7272 val_uar=0.7340 lr=9.71e-05
[03:02:34] INFO   ep12: train_loss=1.1074 val_acc=0.7390 val_f1=0.7314 val_uar=0.7390 lr=9.61e-05
[03:02:43] INFO   ep13: train_loss=1.0481 val_acc=0.7420 val_f1=0.7358 val_uar=0.7420 lr=9.49e-05
[03:02:52] INFO   ep14: train_loss=1.0039 val_acc=0.7330 val_f1=0.7265 val_uar=0.7330 lr=9.35e-05
[03:03:01] INFO   ep15: train_loss=0.9754 val_acc=0.7380 val_f1=0.7332 val_uar=0.7380 lr=9.21e-05
[03:03:10] INFO   ep16: train_loss=0.9537 val_acc=0.7400 val_f1=0.7350 val_uar=0.7400 lr=9.05e-05
[03:03:20] INFO   ep17: train_loss=0.9389 val_acc=0.7390 val_f1=0.7321 val_uar=0.7390 lr=8.87e-05
[03:03:29] INFO   ep18: train_loss=0.9264 val_acc=0.7330 val_f1=0.7261 val_uar=0.7330 lr=8.68e-05
[03:03:38] INFO   ep19: train_loss=0.9177 val_acc=0.7420 val_f1=0.7363 val_uar=0.7420 lr=8.48e-05
[03:03:47] INFO   ep20: train_loss=0.9132 val_acc=0.7400 val_f1=0.7351 val_uar=0.7400 lr=8.27e-05
[03:03:56] INFO   ep21: train_loss=0.9063 val_acc=0.7450 val_f1=0.7400 val_uar=0.7450 lr=8.05e-05
[03:04:05] INFO   ep22: train_loss=0.9041 val_acc=0.7380 val_f1=0.7308 val_uar=0.7380 lr=7.82e-05
[03:04:14] INFO   ep23: train_loss=0.9018 val_acc=0.7480 val_f1=0.7433 val_uar=0.7480 lr=7.58e-05
[03:04:24] INFO   ep24: train_loss=0.8962 val_acc=0.7420 val_f1=0.7379 val_uar=0.7420 lr=7.33e-05
[03:04:33] INFO   ep25: train_loss=0.8944 val_acc=0.7450 val_f1=0.7382 val_uar=0.7450 lr=7.08e-05
[03:04:42] INFO   ep26: train_loss=0.8896 val_acc=0.7430 val_f1=0.7381 val_uar=0.7430 lr=6.81e-05
[03:04:51] INFO   ep27: train_loss=0.8900 val_acc=0.7440 val_f1=0.7383 val_uar=0.7440 lr=6.55e-05
[03:05:01] INFO   ep28: train_loss=0.8894 val_acc=0.7330 val_f1=0.7260 val_uar=0.7330 lr=6.27e-05
[03:05:10] INFO   ep29: train_loss=0.8869 val_acc=0.7420 val_f1=0.7333 val_uar=0.7420 lr=5.99e-05
[03:05:19] INFO   ep30: train_loss=0.8872 val_acc=0.7450 val_f1=0.7382 val_uar=0.7450 lr=5.71e-05
[03:05:28] INFO   ep31: train_loss=0.8831 val_acc=0.7430 val_f1=0.7370 val_uar=0.7430 lr=5.43e-05
[03:05:38] INFO   ep32: train_loss=0.8813 val_acc=0.7440 val_f1=0.7368 val_uar=0.7440 lr=5.14e-05
[03:05:47] INFO   ep33: train_loss=0.8796 val_acc=0.7400 val_f1=0.7340 val_uar=0.7400 lr=4.86e-05
[03:05:56] INFO   ep34: train_loss=0.8798 val_acc=0.7470 val_f1=0.7408 val_uar=0.7470 lr=4.57e-05
[03:06:05] INFO   ep35: train_loss=0.8800 val_acc=0.7530 val_f1=0.7467 val_uar=0.7530 lr=4.29e-05
[03:06:14] INFO   ep36: train_loss=0.8802 val_acc=0.7480 val_f1=0.7418 val_uar=0.7480 lr=4.01e-05
[03:06:23] INFO   ep37: train_loss=0.8780 val_acc=0.7400 val_f1=0.7340 val_uar=0.7400 lr=3.73e-05
[03:06:33] INFO   ep38: train_loss=0.8769 val_acc=0.7430 val_f1=0.7370 val_uar=0.7430 lr=3.45e-05
[03:06:42] INFO   ep39: train_loss=0.8776 val_acc=0.7470 val_f1=0.7390 val_uar=0.7470 lr=3.19e-05
[03:06:51] INFO   ep40: train_loss=0.8752 val_acc=0.7500 val_f1=0.7406 val_uar=0.7500 lr=2.92e-05
[03:07:00] INFO   ep41: train_loss=0.8762 val_acc=0.7530 val_f1=0.7454 val_uar=0.7530 lr=2.67e-05
[03:07:10] INFO   ep42: train_loss=0.8759 val_acc=0.7490 val_f1=0.7419 val_uar=0.7490 lr=2.42e-05
[03:07:19] INFO   ep43: train_loss=0.8740 val_acc=0.7500 val_f1=0.7443 val_uar=0.7500 lr=2.18e-05
[03:07:28] INFO   ep44: train_loss=0.8734 val_acc=0.7510 val_f1=0.7449 val_uar=0.7510 lr=1.95e-05
[03:07:37] INFO   ep45: train_loss=0.8717 val_acc=0.7500 val_f1=0.7441 val_uar=0.7500 lr=1.73e-05
[03:07:47] INFO   ep46: train_loss=0.8727 val_acc=0.7430 val_f1=0.7362 val_uar=0.7430 lr=1.52e-05
[03:07:56] INFO   ep47: train_loss=0.8720 val_acc=0.7560 val_f1=0.7490 val_uar=0.7560 lr=1.32e-05
[03:08:05] INFO   ep48: train_loss=0.8734 val_acc=0.7540 val_f1=0.7462 val_uar=0.7540 lr=1.13e-05
[03:08:15] INFO   ep49: train_loss=0.8725 val_acc=0.7530 val_f1=0.7451 val_uar=0.7530 lr=9.55e-06
[03:08:24] INFO   ep50: train_loss=0.8713 val_acc=0.7580 val_f1=0.7509 val_uar=0.7580 lr=7.94e-06
[03:08:33] INFO   ep51: train_loss=0.8712 val_acc=0.7560 val_f1=0.7491 val_uar=0.7560 lr=6.46e-06
[03:08:42] INFO   ep52: train_loss=0.8706 val_acc=0.7590 val_f1=0.7522 val_uar=0.7590 lr=5.13e-06
[03:08:52] INFO   ep53: train_loss=0.8716 val_acc=0.7550 val_f1=0.7477 val_uar=0.7550 lr=3.94e-06
[03:09:01] INFO   ep54: train_loss=0.8723 val_acc=0.7550 val_f1=0.7477 val_uar=0.7550 lr=2.91e-06
[03:09:10] INFO   ep55: train_loss=0.8705 val_acc=0.7580 val_f1=0.7514 val_uar=0.7580 lr=2.03e-06
[03:09:20] INFO   ep56: train_loss=0.8720 val_acc=0.7560 val_f1=0.7491 val_uar=0.7560 lr=1.30e-06
[03:09:29] INFO   ep57: train_loss=0.8699 val_acc=0.7590 val_f1=0.7517 val_uar=0.7590 lr=7.32e-07
[03:09:38] INFO   ep58: train_loss=0.8720 val_acc=0.7600 val_f1=0.7524 val_uar=0.7600 lr=3.26e-07
[03:09:47] INFO   ep59: train_loss=0.8705 val_acc=0.7610 val_f1=0.7533 val_uar=0.7610 lr=8.15e-08
[03:09:57] INFO   ep60: train_loss=0.8705 val_acc=0.7610 val_f1=0.7533 val_uar=0.7610 lr=0.00e+00
[03:09:57] INFO [done] convnext_tiny_in1k_gray best_val_acc=0.7610 lr_used=0.0001 ckpt=checkpoints\cub200_convnext_tiny_in1k_gray_seed2.pt time=9.5min
[03:09:58] INFO   [E1] eval clean + per colorfulness bin
[03:10:15] INFO   [E2] eval perturbasi warna
[03:14:35] INFO   done convnext_tiny_in1k_gray seed2
[03:14:35] INFO ==== cub200 / convnext_tiny_in1k_gray / seed3 (recipe=adamw gray=True) ====
[03:14:35] INFO [train] cub200/convnext_tiny_in1k_gray/seed3 recipe=adamw opt=adamw lr=0.0001 wd=0.05 grayscale=True epochs=60 device=cuda n_train=4994 n_val=1000 bs=64 accum=1
[03:14:59] INFO   ep1: train_loss=5.2867 val_acc=0.0120 val_f1=0.0071 val_uar=0.0120 lr=4.00e-05
[03:15:08] INFO   ep2: train_loss=5.1643 val_acc=0.1110 val_f1=0.0784 val_uar=0.1110 lr=6.00e-05
[03:15:17] INFO   ep3: train_loss=4.8036 val_acc=0.2530 val_f1=0.2013 val_uar=0.2530 lr=8.00e-05
[03:15:27] INFO   ep4: train_loss=4.0781 val_acc=0.4140 val_f1=0.3692 val_uar=0.4140 lr=1.00e-04
[03:15:36] INFO   ep5: train_loss=3.2787 val_acc=0.5640 val_f1=0.5326 val_uar=0.5640 lr=1.00e-04
[03:15:45] INFO   ep6: train_loss=2.6064 val_acc=0.6320 val_f1=0.6079 val_uar=0.6320 lr=9.99e-05
[03:15:54] INFO   ep7: train_loss=2.1136 val_acc=0.6660 val_f1=0.6477 val_uar=0.6660 lr=9.97e-05
[03:16:04] INFO   ep8: train_loss=1.7704 val_acc=0.6980 val_f1=0.6793 val_uar=0.6980 lr=9.93e-05
[03:16:13] INFO   ep9: train_loss=1.5258 val_acc=0.7040 val_f1=0.6882 val_uar=0.7040 lr=9.87e-05
[03:16:22] INFO   ep10: train_loss=1.3459 val_acc=0.7110 val_f1=0.6988 val_uar=0.7110 lr=9.80e-05
[03:16:31] INFO   ep11: train_loss=1.2212 val_acc=0.7160 val_f1=0.7034 val_uar=0.7160 lr=9.71e-05
[03:16:41] INFO   ep12: train_loss=1.1250 val_acc=0.7290 val_f1=0.7206 val_uar=0.7290 lr=9.61e-05
[03:16:50] INFO   ep13: train_loss=1.0585 val_acc=0.7240 val_f1=0.7111 val_uar=0.7240 lr=9.49e-05
[03:16:59] INFO   ep14: train_loss=1.0123 val_acc=0.7350 val_f1=0.7272 val_uar=0.7350 lr=9.35e-05
[03:17:08] INFO   ep15: train_loss=0.9824 val_acc=0.7280 val_f1=0.7216 val_uar=0.7280 lr=9.21e-05
[03:17:18] INFO   ep16: train_loss=0.9591 val_acc=0.7330 val_f1=0.7248 val_uar=0.7330 lr=9.05e-05
[03:17:27] INFO   ep17: train_loss=0.9407 val_acc=0.7380 val_f1=0.7340 val_uar=0.7380 lr=8.87e-05
[03:17:36] INFO   ep18: train_loss=0.9276 val_acc=0.7420 val_f1=0.7349 val_uar=0.7420 lr=8.68e-05
[03:17:46] INFO   ep19: train_loss=0.9226 val_acc=0.7380 val_f1=0.7288 val_uar=0.7380 lr=8.48e-05
[03:17:55] INFO   ep20: train_loss=0.9134 val_acc=0.7320 val_f1=0.7229 val_uar=0.7320 lr=8.27e-05
[03:18:04] INFO   ep21: train_loss=0.9082 val_acc=0.7350 val_f1=0.7283 val_uar=0.7350 lr=8.05e-05
[03:18:13] INFO   ep22: train_loss=0.9032 val_acc=0.7440 val_f1=0.7365 val_uar=0.7440 lr=7.82e-05
[03:18:23] INFO   ep23: train_loss=0.9002 val_acc=0.7480 val_f1=0.7431 val_uar=0.7480 lr=7.58e-05
[03:18:32] INFO   ep24: train_loss=0.8983 val_acc=0.7510 val_f1=0.7415 val_uar=0.7510 lr=7.33e-05
[03:18:42] INFO   ep25: train_loss=0.8945 val_acc=0.7460 val_f1=0.7388 val_uar=0.7460 lr=7.08e-05
[03:18:51] INFO   ep26: train_loss=0.8947 val_acc=0.7540 val_f1=0.7476 val_uar=0.7540 lr=6.81e-05
[03:19:00] INFO   ep27: train_loss=0.8924 val_acc=0.7400 val_f1=0.7314 val_uar=0.7400 lr=6.55e-05
[03:19:09] INFO   ep28: train_loss=0.8905 val_acc=0.7520 val_f1=0.7458 val_uar=0.7520 lr=6.27e-05
[03:19:19] INFO   ep29: train_loss=0.8886 val_acc=0.7500 val_f1=0.7434 val_uar=0.7500 lr=5.99e-05
[03:19:28] INFO   ep30: train_loss=0.8857 val_acc=0.7490 val_f1=0.7409 val_uar=0.7490 lr=5.71e-05
[03:19:37] INFO   ep31: train_loss=0.8826 val_acc=0.7460 val_f1=0.7400 val_uar=0.7460 lr=5.43e-05
[03:19:46] INFO   ep32: train_loss=0.8815 val_acc=0.7530 val_f1=0.7454 val_uar=0.7530 lr=5.14e-05
[03:19:55] INFO   ep33: train_loss=0.8825 val_acc=0.7570 val_f1=0.7500 val_uar=0.7570 lr=4.86e-05
[03:20:05] INFO   ep34: train_loss=0.8804 val_acc=0.7500 val_f1=0.7409 val_uar=0.7500 lr=4.57e-05
[03:20:14] INFO   ep35: train_loss=0.8789 val_acc=0.7540 val_f1=0.7486 val_uar=0.7540 lr=4.29e-05
[03:20:23] INFO   ep36: train_loss=0.8779 val_acc=0.7490 val_f1=0.7413 val_uar=0.7490 lr=4.01e-05
[03:20:32] INFO   ep37: train_loss=0.8778 val_acc=0.7570 val_f1=0.7485 val_uar=0.7570 lr=3.73e-05
[03:20:41] INFO   ep38: train_loss=0.8770 val_acc=0.7470 val_f1=0.7405 val_uar=0.7470 lr=3.45e-05
[03:20:51] INFO   ep39: train_loss=0.8780 val_acc=0.7530 val_f1=0.7456 val_uar=0.7530 lr=3.19e-05
[03:21:00] INFO   ep40: train_loss=0.8766 val_acc=0.7610 val_f1=0.7521 val_uar=0.7610 lr=2.92e-05
[03:21:09] INFO   ep41: train_loss=0.8759 val_acc=0.7520 val_f1=0.7459 val_uar=0.7520 lr=2.67e-05
[03:21:19] INFO   ep42: train_loss=0.8750 val_acc=0.7570 val_f1=0.7488 val_uar=0.7570 lr=2.42e-05
[03:21:28] INFO   ep43: train_loss=0.8741 val_acc=0.7500 val_f1=0.7422 val_uar=0.7500 lr=2.18e-05
[03:21:37] INFO   ep44: train_loss=0.8774 val_acc=0.7520 val_f1=0.7437 val_uar=0.7520 lr=1.95e-05
[03:21:46] INFO   ep45: train_loss=0.8756 val_acc=0.7520 val_f1=0.7436 val_uar=0.7520 lr=1.73e-05
[03:21:55] INFO   ep46: train_loss=0.8741 val_acc=0.7500 val_f1=0.7402 val_uar=0.7500 lr=1.52e-05
[03:22:05] INFO   ep47: train_loss=0.8731 val_acc=0.7480 val_f1=0.7403 val_uar=0.7480 lr=1.32e-05
[03:22:14] INFO   ep48: train_loss=0.8725 val_acc=0.7510 val_f1=0.7421 val_uar=0.7510 lr=1.13e-05
[03:22:23] INFO   ep49: train_loss=0.8729 val_acc=0.7490 val_f1=0.7424 val_uar=0.7490 lr=9.55e-06
[03:22:32] INFO   ep50: train_loss=0.8726 val_acc=0.7540 val_f1=0.7466 val_uar=0.7540 lr=7.94e-06
[03:22:41] INFO   ep51: train_loss=0.8721 val_acc=0.7570 val_f1=0.7486 val_uar=0.7570 lr=6.46e-06
[03:22:51] INFO   ep52: train_loss=0.8716 val_acc=0.7540 val_f1=0.7457 val_uar=0.7540 lr=5.13e-06
[03:23:00] INFO   ep53: train_loss=0.8718 val_acc=0.7480 val_f1=0.7400 val_uar=0.7480 lr=3.94e-06
[03:23:09] INFO   ep54: train_loss=0.8715 val_acc=0.7520 val_f1=0.7437 val_uar=0.7520 lr=2.91e-06
[03:23:19] INFO   ep55: train_loss=0.8710 val_acc=0.7500 val_f1=0.7422 val_uar=0.7500 lr=2.03e-06
[03:23:28] INFO   ep56: train_loss=0.8712 val_acc=0.7500 val_f1=0.7426 val_uar=0.7500 lr=1.30e-06
[03:23:37] INFO   ep57: train_loss=0.8725 val_acc=0.7510 val_f1=0.7434 val_uar=0.7510 lr=7.32e-07
[03:23:46] INFO   ep58: train_loss=0.8717 val_acc=0.7500 val_f1=0.7425 val_uar=0.7500 lr=3.26e-07
[03:23:56] INFO   ep59: train_loss=0.8719 val_acc=0.7510 val_f1=0.7433 val_uar=0.7510 lr=8.15e-08
[03:24:05] INFO   ep60: train_loss=0.8729 val_acc=0.7510 val_f1=0.7434 val_uar=0.7510 lr=0.00e+00
[03:24:05] INFO [done] convnext_tiny_in1k_gray best_val_acc=0.7610 lr_used=0.0001 ckpt=checkpoints\cub200_convnext_tiny_in1k_gray_seed3.pt time=9.5min
[03:24:06] INFO   [E1] eval clean + per colorfulness bin
[03:24:23] INFO   [E2] eval perturbasi warna
[03:28:42] INFO   done convnext_tiny_in1k_gray seed3
[03:28:42] INFO ==== cub200 / convnext_tiny_in1k_gray / seed4 (recipe=adamw gray=True) ====
[03:28:43] INFO [train] cub200/convnext_tiny_in1k_gray/seed4 recipe=adamw opt=adamw lr=0.0001 wd=0.05 grayscale=True epochs=60 device=cuda n_train=4994 n_val=1000 bs=64 accum=1
[03:29:06] INFO   ep1: train_loss=5.2741 val_acc=0.0220 val_f1=0.0115 val_uar=0.0220 lr=4.00e-05
[03:29:15] INFO   ep2: train_loss=5.1581 val_acc=0.1020 val_f1=0.0781 val_uar=0.1020 lr=6.00e-05
[03:29:24] INFO   ep3: train_loss=4.8288 val_acc=0.2630 val_f1=0.2255 val_uar=0.2630 lr=8.00e-05
[03:29:33] INFO   ep4: train_loss=4.1294 val_acc=0.4190 val_f1=0.3829 val_uar=0.4190 lr=1.00e-04
[03:29:43] INFO   ep5: train_loss=3.3148 val_acc=0.5460 val_f1=0.5164 val_uar=0.5460 lr=1.00e-04
[03:29:52] INFO   ep6: train_loss=2.6180 val_acc=0.6410 val_f1=0.6176 val_uar=0.6410 lr=9.99e-05
[03:30:01] INFO   ep7: train_loss=2.1070 val_acc=0.6760 val_f1=0.6618 val_uar=0.6760 lr=9.97e-05
[03:30:10] INFO   ep8: train_loss=1.7664 val_acc=0.6920 val_f1=0.6765 val_uar=0.6920 lr=9.93e-05
[03:30:20] INFO   ep9: train_loss=1.5159 val_acc=0.7130 val_f1=0.7012 val_uar=0.7130 lr=9.87e-05
[03:30:29] INFO   ep10: train_loss=1.3338 val_acc=0.7280 val_f1=0.7160 val_uar=0.7280 lr=9.80e-05
[03:30:38] INFO   ep11: train_loss=1.2109 val_acc=0.7280 val_f1=0.7190 val_uar=0.7280 lr=9.71e-05
[03:30:47] INFO   ep12: train_loss=1.1162 val_acc=0.7370 val_f1=0.7261 val_uar=0.7370 lr=9.61e-05
[03:30:57] INFO   ep13: train_loss=1.0524 val_acc=0.7350 val_f1=0.7247 val_uar=0.7350 lr=9.49e-05
[03:31:06] INFO   ep14: train_loss=1.0056 val_acc=0.7280 val_f1=0.7194 val_uar=0.7280 lr=9.35e-05
[03:31:15] INFO   ep15: train_loss=0.9743 val_acc=0.7470 val_f1=0.7391 val_uar=0.7470 lr=9.21e-05
[03:31:24] INFO   ep16: train_loss=0.9501 val_acc=0.7480 val_f1=0.7419 val_uar=0.7480 lr=9.05e-05
[03:31:34] INFO   ep17: train_loss=0.9387 val_acc=0.7410 val_f1=0.7319 val_uar=0.7410 lr=8.87e-05
[03:31:43] INFO   ep18: train_loss=0.9263 val_acc=0.7390 val_f1=0.7316 val_uar=0.7390 lr=8.68e-05
[03:31:52] INFO   ep19: train_loss=0.9195 val_acc=0.7340 val_f1=0.7245 val_uar=0.7340 lr=8.48e-05
[03:32:01] INFO   ep20: train_loss=0.9111 val_acc=0.7360 val_f1=0.7275 val_uar=0.7360 lr=8.27e-05
[03:32:11] INFO   ep21: train_loss=0.9050 val_acc=0.7350 val_f1=0.7260 val_uar=0.7350 lr=8.05e-05
[03:32:20] INFO   ep22: train_loss=0.9010 val_acc=0.7350 val_f1=0.7271 val_uar=0.7350 lr=7.82e-05
[03:32:29] INFO   ep23: train_loss=0.8991 val_acc=0.7340 val_f1=0.7269 val_uar=0.7340 lr=7.58e-05
[03:32:38] INFO   ep24: train_loss=0.8944 val_acc=0.7310 val_f1=0.7235 val_uar=0.7310 lr=7.33e-05
[03:32:47] INFO   ep25: train_loss=0.8940 val_acc=0.7390 val_f1=0.7303 val_uar=0.7390 lr=7.08e-05
[03:32:56] INFO   ep26: train_loss=0.8919 val_acc=0.7370 val_f1=0.7293 val_uar=0.7370 lr=6.81e-05
[03:33:06] INFO   ep27: train_loss=0.8904 val_acc=0.7350 val_f1=0.7271 val_uar=0.7350 lr=6.55e-05
[03:33:15] INFO   ep28: train_loss=0.8865 val_acc=0.7400 val_f1=0.7329 val_uar=0.7400 lr=6.27e-05
[03:33:24] INFO   ep29: train_loss=0.8856 val_acc=0.7390 val_f1=0.7301 val_uar=0.7390 lr=5.99e-05
[03:33:33] INFO   ep30: train_loss=0.8849 val_acc=0.7420 val_f1=0.7337 val_uar=0.7420 lr=5.71e-05
[03:33:42] INFO   ep31: train_loss=0.8817 val_acc=0.7360 val_f1=0.7298 val_uar=0.7360 lr=5.43e-05
[03:33:51] INFO   ep32: train_loss=0.8803 val_acc=0.7420 val_f1=0.7363 val_uar=0.7420 lr=5.14e-05
[03:34:00] INFO   ep33: train_loss=0.8806 val_acc=0.7400 val_f1=0.7294 val_uar=0.7400 lr=4.86e-05
[03:34:10] INFO   ep34: train_loss=0.8797 val_acc=0.7340 val_f1=0.7250 val_uar=0.7340 lr=4.57e-05
[03:34:19] INFO   ep35: train_loss=0.8780 val_acc=0.7450 val_f1=0.7340 val_uar=0.7450 lr=4.29e-05
[03:34:28] INFO   ep36: train_loss=0.8781 val_acc=0.7410 val_f1=0.7322 val_uar=0.7410 lr=4.01e-05
[03:34:37] INFO   ep37: train_loss=0.8769 val_acc=0.7390 val_f1=0.7299 val_uar=0.7390 lr=3.73e-05
[03:34:47] INFO   ep38: train_loss=0.8765 val_acc=0.7370 val_f1=0.7275 val_uar=0.7370 lr=3.45e-05
[03:34:56] INFO   ep39: train_loss=0.8752 val_acc=0.7430 val_f1=0.7333 val_uar=0.7430 lr=3.19e-05
[03:35:05] INFO   ep40: train_loss=0.8764 val_acc=0.7440 val_f1=0.7348 val_uar=0.7440 lr=2.92e-05
[03:35:14] INFO   ep41: train_loss=0.8760 val_acc=0.7350 val_f1=0.7244 val_uar=0.7350 lr=2.67e-05
[03:35:24] INFO   ep42: train_loss=0.8745 val_acc=0.7430 val_f1=0.7346 val_uar=0.7430 lr=2.42e-05
[03:35:33] INFO   ep43: train_loss=0.8737 val_acc=0.7420 val_f1=0.7317 val_uar=0.7420 lr=2.18e-05
[03:35:42] INFO   ep44: train_loss=0.8740 val_acc=0.7400 val_f1=0.7309 val_uar=0.7400 lr=1.95e-05
[03:35:51] INFO   ep45: train_loss=0.8722 val_acc=0.7360 val_f1=0.7272 val_uar=0.7360 lr=1.73e-05
[03:36:00] INFO   ep46: train_loss=0.8738 val_acc=0.7440 val_f1=0.7350 val_uar=0.7440 lr=1.52e-05
[03:36:10] INFO   ep47: train_loss=0.8746 val_acc=0.7370 val_f1=0.7299 val_uar=0.7370 lr=1.32e-05
[03:36:19] INFO   ep48: train_loss=0.8745 val_acc=0.7390 val_f1=0.7301 val_uar=0.7390 lr=1.13e-05
[03:36:29] INFO   ep49: train_loss=0.8721 val_acc=0.7370 val_f1=0.7271 val_uar=0.7370 lr=9.55e-06
[03:36:38] INFO   ep50: train_loss=0.8722 val_acc=0.7450 val_f1=0.7361 val_uar=0.7450 lr=7.94e-06
[03:36:47] INFO   ep51: train_loss=0.8707 val_acc=0.7400 val_f1=0.7303 val_uar=0.7400 lr=6.46e-06
[03:36:57] INFO   ep52: train_loss=0.8706 val_acc=0.7460 val_f1=0.7378 val_uar=0.7460 lr=5.13e-06
[03:37:06] INFO   ep53: train_loss=0.8716 val_acc=0.7450 val_f1=0.7369 val_uar=0.7450 lr=3.94e-06
[03:37:15] INFO   ep54: train_loss=0.8715 val_acc=0.7400 val_f1=0.7319 val_uar=0.7400 lr=2.91e-06
[03:37:25] INFO   ep55: train_loss=0.8710 val_acc=0.7410 val_f1=0.7324 val_uar=0.7410 lr=2.03e-06
[03:37:34] INFO   ep56: train_loss=0.8712 val_acc=0.7410 val_f1=0.7313 val_uar=0.7410 lr=1.30e-06
[03:37:43] INFO   ep57: train_loss=0.8701 val_acc=0.7410 val_f1=0.7309 val_uar=0.7410 lr=7.32e-07
[03:37:52] INFO   ep58: train_loss=0.8703 val_acc=0.7410 val_f1=0.7322 val_uar=0.7410 lr=3.26e-07
[03:38:02] INFO   ep59: train_loss=0.8704 val_acc=0.7410 val_f1=0.7323 val_uar=0.7410 lr=8.15e-08
[03:38:11] INFO   ep60: train_loss=0.8715 val_acc=0.7410 val_f1=0.7323 val_uar=0.7410 lr=0.00e+00
[03:38:11] INFO [done] convnext_tiny_in1k_gray best_val_acc=0.7480 lr_used=0.0001 ckpt=checkpoints\cub200_convnext_tiny_in1k_gray_seed4.pt time=9.5min
[03:38:12] INFO   [E1] eval clean + per colorfulness bin
[03:38:29] INFO   [E2] eval perturbasi warna
[03:42:47] INFO   done convnext_tiny_in1k_gray seed4
[03:42:47] INFO ALL DONE
[03:42:53] INFO dataset=cub200 models=['vit_small_in1k'] seeds=[0, 1, 2, 3, 4] epochs=None recipe=adamw
[03:42:53] INFO ==== cub200 / vit_small_in1k_gray / seed0 (recipe=adamw gray=True) ====
[03:42:54] INFO [train] cub200/vit_small_in1k_gray/seed0 recipe=adamw opt=adamw lr=0.0001 wd=0.05 grayscale=True epochs=60 device=cuda n_train=4994 n_val=1000 bs=64 accum=1
[03:43:17] INFO   ep1: train_loss=5.3012 val_acc=0.0380 val_f1=0.0327 val_uar=0.0380 lr=4.00e-05
[03:43:25] INFO   ep2: train_loss=4.5123 val_acc=0.2130 val_f1=0.1818 val_uar=0.2130 lr=6.00e-05
[03:43:33] INFO   ep3: train_loss=3.5384 val_acc=0.3840 val_f1=0.3484 val_uar=0.3840 lr=8.00e-05
[03:43:41] INFO   ep4: train_loss=2.7912 val_acc=0.4750 val_f1=0.4511 val_uar=0.4750 lr=1.00e-04
[03:43:49] INFO   ep5: train_loss=2.2095 val_acc=0.5540 val_f1=0.5357 val_uar=0.5540 lr=1.00e-04
[03:43:57] INFO   ep6: train_loss=1.7559 val_acc=0.5760 val_f1=0.5635 val_uar=0.5760 lr=9.99e-05
[03:44:05] INFO   ep7: train_loss=1.4488 val_acc=0.5860 val_f1=0.5833 val_uar=0.5860 lr=9.97e-05
[03:44:13] INFO   ep8: train_loss=1.2445 val_acc=0.5960 val_f1=0.5889 val_uar=0.5960 lr=9.93e-05
[03:44:22] INFO   ep9: train_loss=1.1189 val_acc=0.6000 val_f1=0.5929 val_uar=0.6000 lr=9.87e-05
[03:44:30] INFO   ep10: train_loss=1.0377 val_acc=0.6050 val_f1=0.5959 val_uar=0.6050 lr=9.80e-05
[03:44:38] INFO   ep11: train_loss=0.9952 val_acc=0.6190 val_f1=0.6096 val_uar=0.6190 lr=9.71e-05
[03:44:46] INFO   ep12: train_loss=0.9722 val_acc=0.6170 val_f1=0.6105 val_uar=0.6170 lr=9.61e-05
[03:44:54] INFO   ep13: train_loss=0.9588 val_acc=0.6270 val_f1=0.6216 val_uar=0.6270 lr=9.49e-05
[03:45:02] INFO   ep14: train_loss=0.9509 val_acc=0.6160 val_f1=0.6084 val_uar=0.6160 lr=9.35e-05
[03:45:11] INFO   ep15: train_loss=0.9411 val_acc=0.6370 val_f1=0.6317 val_uar=0.6370 lr=9.21e-05
[03:45:19] INFO   ep16: train_loss=0.9377 val_acc=0.6230 val_f1=0.6130 val_uar=0.6230 lr=9.05e-05
[03:45:27] INFO   ep17: train_loss=0.9297 val_acc=0.6310 val_f1=0.6235 val_uar=0.6310 lr=8.87e-05
[03:45:35] INFO   ep18: train_loss=0.9257 val_acc=0.6250 val_f1=0.6188 val_uar=0.6250 lr=8.68e-05
[03:45:43] INFO   ep19: train_loss=0.9225 val_acc=0.6240 val_f1=0.6158 val_uar=0.6240 lr=8.48e-05
[03:45:51] INFO   ep20: train_loss=0.9195 val_acc=0.6200 val_f1=0.6144 val_uar=0.6200 lr=8.27e-05
[03:46:00] INFO   ep21: train_loss=0.9144 val_acc=0.6280 val_f1=0.6258 val_uar=0.6280 lr=8.05e-05
[03:46:08] INFO   ep22: train_loss=0.9125 val_acc=0.6250 val_f1=0.6085 val_uar=0.6250 lr=7.82e-05
[03:46:16] INFO   ep23: train_loss=0.9105 val_acc=0.6170 val_f1=0.6065 val_uar=0.6170 lr=7.58e-05
[03:46:24] INFO   ep24: train_loss=0.9078 val_acc=0.6340 val_f1=0.6249 val_uar=0.6340 lr=7.33e-05
[03:46:32] INFO   ep25: train_loss=0.9056 val_acc=0.6250 val_f1=0.6141 val_uar=0.6250 lr=7.08e-05
[03:46:41] INFO   ep26: train_loss=0.9047 val_acc=0.6340 val_f1=0.6278 val_uar=0.6340 lr=6.81e-05
[03:46:49] INFO   ep27: train_loss=0.9025 val_acc=0.6310 val_f1=0.6234 val_uar=0.6310 lr=6.55e-05
[03:46:57] INFO   ep28: train_loss=0.8992 val_acc=0.6280 val_f1=0.6237 val_uar=0.6280 lr=6.27e-05
[03:47:05] INFO   ep29: train_loss=0.8993 val_acc=0.6300 val_f1=0.6192 val_uar=0.6300 lr=5.99e-05
[03:47:13] INFO   ep30: train_loss=0.8982 val_acc=0.6430 val_f1=0.6390 val_uar=0.6430 lr=5.71e-05
[03:47:22] INFO   ep31: train_loss=0.8936 val_acc=0.6410 val_f1=0.6359 val_uar=0.6410 lr=5.43e-05
[03:47:30] INFO   ep32: train_loss=0.8929 val_acc=0.6420 val_f1=0.6366 val_uar=0.6420 lr=5.14e-05
[03:47:38] INFO   ep33: train_loss=0.8925 val_acc=0.6280 val_f1=0.6205 val_uar=0.6280 lr=4.86e-05
[03:47:46] INFO   ep34: train_loss=0.8930 val_acc=0.6350 val_f1=0.6277 val_uar=0.6350 lr=4.57e-05
[03:47:54] INFO   ep35: train_loss=0.8905 val_acc=0.6400 val_f1=0.6350 val_uar=0.6400 lr=4.29e-05
[03:48:02] INFO   ep36: train_loss=0.8891 val_acc=0.6390 val_f1=0.6345 val_uar=0.6390 lr=4.01e-05
[03:48:11] INFO   ep37: train_loss=0.8899 val_acc=0.6440 val_f1=0.6397 val_uar=0.6440 lr=3.73e-05
[03:48:19] INFO   ep38: train_loss=0.8867 val_acc=0.6470 val_f1=0.6430 val_uar=0.6470 lr=3.45e-05
[03:48:27] INFO   ep39: train_loss=0.8857 val_acc=0.6470 val_f1=0.6434 val_uar=0.6470 lr=3.19e-05
[03:48:35] INFO   ep40: train_loss=0.8850 val_acc=0.6510 val_f1=0.6445 val_uar=0.6510 lr=2.92e-05
[03:48:43] INFO   ep41: train_loss=0.8841 val_acc=0.6480 val_f1=0.6418 val_uar=0.6480 lr=2.67e-05
[03:48:51] INFO   ep42: train_loss=0.8827 val_acc=0.6450 val_f1=0.6418 val_uar=0.6450 lr=2.42e-05
[03:49:00] INFO   ep43: train_loss=0.8821 val_acc=0.6420 val_f1=0.6409 val_uar=0.6420 lr=2.18e-05
[03:49:08] INFO   ep44: train_loss=0.8824 val_acc=0.6480 val_f1=0.6475 val_uar=0.6480 lr=1.95e-05
[03:49:16] INFO   ep45: train_loss=0.8813 val_acc=0.6420 val_f1=0.6366 val_uar=0.6420 lr=1.73e-05
[03:49:24] INFO   ep46: train_loss=0.8815 val_acc=0.6510 val_f1=0.6473 val_uar=0.6510 lr=1.52e-05
[03:49:32] INFO   ep47: train_loss=0.8803 val_acc=0.6460 val_f1=0.6421 val_uar=0.6460 lr=1.32e-05
[03:49:40] INFO   ep48: train_loss=0.8806 val_acc=0.6490 val_f1=0.6456 val_uar=0.6490 lr=1.13e-05
[03:49:48] INFO   ep49: train_loss=0.8790 val_acc=0.6530 val_f1=0.6505 val_uar=0.6530 lr=9.55e-06
[03:49:56] INFO   ep50: train_loss=0.8787 val_acc=0.6500 val_f1=0.6472 val_uar=0.6500 lr=7.94e-06
[03:50:04] INFO   ep51: train_loss=0.8789 val_acc=0.6460 val_f1=0.6447 val_uar=0.6460 lr=6.46e-06
[03:50:12] INFO   ep52: train_loss=0.8792 val_acc=0.6470 val_f1=0.6449 val_uar=0.6470 lr=5.13e-06
[03:50:20] INFO   ep53: train_loss=0.8785 val_acc=0.6450 val_f1=0.6416 val_uar=0.6450 lr=3.94e-06
[03:50:28] INFO   ep54: train_loss=0.8785 val_acc=0.6550 val_f1=0.6526 val_uar=0.6550 lr=2.91e-06
[03:50:37] INFO   ep55: train_loss=0.8789 val_acc=0.6510 val_f1=0.6492 val_uar=0.6510 lr=2.03e-06
[03:50:45] INFO   ep56: train_loss=0.8773 val_acc=0.6510 val_f1=0.6490 val_uar=0.6510 lr=1.30e-06
[03:50:53] INFO   ep57: train_loss=0.8776 val_acc=0.6500 val_f1=0.6475 val_uar=0.6500 lr=7.32e-07
[03:51:01] INFO   ep58: train_loss=0.8773 val_acc=0.6480 val_f1=0.6452 val_uar=0.6480 lr=3.26e-07
[03:51:10] INFO   ep59: train_loss=0.8777 val_acc=0.6480 val_f1=0.6448 val_uar=0.6480 lr=8.15e-08
[03:51:18] INFO   ep60: train_loss=0.8771 val_acc=0.6480 val_f1=0.6451 val_uar=0.6480 lr=0.00e+00
[03:51:18] INFO [done] vit_small_in1k_gray best_val_acc=0.6550 lr_used=0.0001 ckpt=checkpoints\cub200_vit_small_in1k_gray_seed0.pt time=8.4min
[03:51:20] INFO   [E1] eval clean + per colorfulness bin
[03:51:36] INFO   [E2] eval perturbasi warna
[03:55:56] INFO   done vit_small_in1k_gray seed0
[03:55:56] INFO ==== cub200 / vit_small_in1k_gray / seed1 (recipe=adamw gray=True) ====
[03:55:57] INFO [train] cub200/vit_small_in1k_gray/seed1 recipe=adamw opt=adamw lr=0.0001 wd=0.05 grayscale=True epochs=60 device=cuda n_train=4994 n_val=1000 bs=64 accum=1
[03:56:20] INFO   ep1: train_loss=5.2929 val_acc=0.0520 val_f1=0.0407 val_uar=0.0520 lr=4.00e-05
[03:56:28] INFO   ep2: train_loss=4.5294 val_acc=0.2260 val_f1=0.1855 val_uar=0.2260 lr=6.00e-05
[03:56:36] INFO   ep3: train_loss=3.5634 val_acc=0.3880 val_f1=0.3628 val_uar=0.3880 lr=8.00e-05
[03:56:43] INFO   ep4: train_loss=2.7842 val_acc=0.4860 val_f1=0.4645 val_uar=0.4860 lr=1.00e-04
[03:56:51] INFO   ep5: train_loss=2.2098 val_acc=0.5170 val_f1=0.5058 val_uar=0.5170 lr=1.00e-04
[03:56:59] INFO   ep6: train_loss=1.7682 val_acc=0.5670 val_f1=0.5509 val_uar=0.5670 lr=9.99e-05
[03:57:07] INFO   ep7: train_loss=1.4652 val_acc=0.5830 val_f1=0.5797 val_uar=0.5830 lr=9.97e-05
[03:57:15] INFO   ep8: train_loss=1.2609 val_acc=0.5890 val_f1=0.5802 val_uar=0.5890 lr=9.93e-05
[03:57:23] INFO   ep9: train_loss=1.1203 val_acc=0.6170 val_f1=0.6068 val_uar=0.6170 lr=9.87e-05
[03:57:32] INFO   ep10: train_loss=1.0473 val_acc=0.6110 val_f1=0.5997 val_uar=0.6110 lr=9.80e-05
[03:57:40] INFO   ep11: train_loss=0.9973 val_acc=0.6110 val_f1=0.6025 val_uar=0.6110 lr=9.71e-05
[03:57:48] INFO   ep12: train_loss=0.9693 val_acc=0.6050 val_f1=0.5995 val_uar=0.6050 lr=9.61e-05
[03:57:56] INFO   ep13: train_loss=0.9615 val_acc=0.6040 val_f1=0.5976 val_uar=0.6040 lr=9.49e-05
[03:58:04] INFO   ep14: train_loss=0.9506 val_acc=0.6080 val_f1=0.6035 val_uar=0.6080 lr=9.35e-05
[03:58:12] INFO   ep15: train_loss=0.9419 val_acc=0.6160 val_f1=0.6096 val_uar=0.6160 lr=9.21e-05
[03:58:21] INFO   ep16: train_loss=0.9371 val_acc=0.6140 val_f1=0.6049 val_uar=0.6140 lr=9.05e-05
[03:58:29] INFO   ep17: train_loss=0.9313 val_acc=0.6230 val_f1=0.6130 val_uar=0.6230 lr=8.87e-05
[03:58:37] INFO   ep18: train_loss=0.9263 val_acc=0.6090 val_f1=0.5995 val_uar=0.6090 lr=8.68e-05
[03:58:45] INFO   ep19: train_loss=0.9236 val_acc=0.6130 val_f1=0.6046 val_uar=0.6130 lr=8.48e-05
[03:58:53] INFO   ep20: train_loss=0.9193 val_acc=0.6250 val_f1=0.6157 val_uar=0.6250 lr=8.27e-05
[03:59:01] INFO   ep21: train_loss=0.9152 val_acc=0.6280 val_f1=0.6189 val_uar=0.6280 lr=8.05e-05
[03:59:10] INFO   ep22: train_loss=0.9125 val_acc=0.6360 val_f1=0.6258 val_uar=0.6360 lr=7.82e-05
[03:59:18] INFO   ep23: train_loss=0.9133 val_acc=0.6150 val_f1=0.6048 val_uar=0.6150 lr=7.58e-05
[03:59:26] INFO   ep24: train_loss=0.9096 val_acc=0.6420 val_f1=0.6347 val_uar=0.6420 lr=7.33e-05
[03:59:34] INFO   ep25: train_loss=0.9079 val_acc=0.6170 val_f1=0.6068 val_uar=0.6170 lr=7.08e-05
[03:59:42] INFO   ep26: train_loss=0.9076 val_acc=0.6290 val_f1=0.6194 val_uar=0.6290 lr=6.81e-05
[03:59:50] INFO   ep27: train_loss=0.9035 val_acc=0.6210 val_f1=0.6109 val_uar=0.6210 lr=6.55e-05
[03:59:58] INFO   ep28: train_loss=0.9021 val_acc=0.6220 val_f1=0.6109 val_uar=0.6220 lr=6.27e-05
[04:00:07] INFO   ep29: train_loss=0.8999 val_acc=0.6150 val_f1=0.6062 val_uar=0.6150 lr=5.99e-05
[04:00:15] INFO   ep30: train_loss=0.8988 val_acc=0.6280 val_f1=0.6173 val_uar=0.6280 lr=5.71e-05
[04:00:23] INFO   ep31: train_loss=0.8960 val_acc=0.6240 val_f1=0.6156 val_uar=0.6240 lr=5.43e-05
[04:00:31] INFO   ep32: train_loss=0.8967 val_acc=0.6150 val_f1=0.6025 val_uar=0.6150 lr=5.14e-05
[04:00:39] INFO   ep33: train_loss=0.8951 val_acc=0.6150 val_f1=0.6062 val_uar=0.6150 lr=4.86e-05
[04:00:47] INFO   ep34: train_loss=0.8938 val_acc=0.6190 val_f1=0.6097 val_uar=0.6190 lr=4.57e-05
[04:00:55] INFO   ep35: train_loss=0.8917 val_acc=0.6360 val_f1=0.6253 val_uar=0.6360 lr=4.29e-05
[04:01:03] INFO   ep36: train_loss=0.8887 val_acc=0.6340 val_f1=0.6222 val_uar=0.6340 lr=4.01e-05
[04:01:11] INFO   ep37: train_loss=0.8870 val_acc=0.6330 val_f1=0.6212 val_uar=0.6330 lr=3.73e-05
[04:01:20] INFO   ep38: train_loss=0.8879 val_acc=0.6230 val_f1=0.6113 val_uar=0.6230 lr=3.45e-05
[04:01:28] INFO   ep39: train_loss=0.8867 val_acc=0.6330 val_f1=0.6238 val_uar=0.6330 lr=3.19e-05
[04:01:36] INFO   ep40: train_loss=0.8841 val_acc=0.6330 val_f1=0.6225 val_uar=0.6330 lr=2.92e-05
[04:01:44] INFO   ep41: train_loss=0.8847 val_acc=0.6310 val_f1=0.6214 val_uar=0.6310 lr=2.67e-05
[04:01:52] INFO   ep42: train_loss=0.8824 val_acc=0.6370 val_f1=0.6278 val_uar=0.6370 lr=2.42e-05
[04:02:00] INFO   ep43: train_loss=0.8832 val_acc=0.6390 val_f1=0.6287 val_uar=0.6390 lr=2.18e-05
[04:02:08] INFO   ep44: train_loss=0.8823 val_acc=0.6400 val_f1=0.6296 val_uar=0.6400 lr=1.95e-05
[04:02:16] INFO   ep45: train_loss=0.8819 val_acc=0.6380 val_f1=0.6296 val_uar=0.6380 lr=1.73e-05
[04:02:24] INFO   ep46: train_loss=0.8816 val_acc=0.6420 val_f1=0.6337 val_uar=0.6420 lr=1.52e-05
[04:02:32] INFO   ep47: train_loss=0.8804 val_acc=0.6350 val_f1=0.6253 val_uar=0.6350 lr=1.32e-05
[04:02:40] INFO   ep48: train_loss=0.8800 val_acc=0.6410 val_f1=0.6326 val_uar=0.6410 lr=1.13e-05
[04:02:48] INFO   ep49: train_loss=0.8797 val_acc=0.6450 val_f1=0.6353 val_uar=0.6450 lr=9.55e-06
[04:02:56] INFO   ep50: train_loss=0.8797 val_acc=0.6420 val_f1=0.6325 val_uar=0.6420 lr=7.94e-06
[04:03:04] INFO   ep51: train_loss=0.8798 val_acc=0.6340 val_f1=0.6253 val_uar=0.6340 lr=6.46e-06
[04:03:12] INFO   ep52: train_loss=0.8786 val_acc=0.6450 val_f1=0.6358 val_uar=0.6450 lr=5.13e-06
[04:03:20] INFO   ep53: train_loss=0.8784 val_acc=0.6480 val_f1=0.6379 val_uar=0.6480 lr=3.94e-06
[04:03:28] INFO   ep54: train_loss=0.8780 val_acc=0.6400 val_f1=0.6304 val_uar=0.6400 lr=2.91e-06
[04:03:36] INFO   ep55: train_loss=0.8773 val_acc=0.6450 val_f1=0.6355 val_uar=0.6450 lr=2.03e-06
[04:03:45] INFO   ep56: train_loss=0.8781 val_acc=0.6450 val_f1=0.6366 val_uar=0.6450 lr=1.30e-06
[04:03:53] INFO   ep57: train_loss=0.8774 val_acc=0.6440 val_f1=0.6346 val_uar=0.6440 lr=7.32e-07
[04:04:01] INFO   ep58: train_loss=0.8777 val_acc=0.6440 val_f1=0.6357 val_uar=0.6440 lr=3.26e-07
[04:04:09] INFO   ep59: train_loss=0.8772 val_acc=0.6420 val_f1=0.6336 val_uar=0.6420 lr=8.15e-08
[04:04:17] INFO   ep60: train_loss=0.8784 val_acc=0.6420 val_f1=0.6332 val_uar=0.6420 lr=0.00e+00
[04:04:17] INFO [done] vit_small_in1k_gray best_val_acc=0.6480 lr_used=0.0001 ckpt=checkpoints\cub200_vit_small_in1k_gray_seed1.pt time=8.3min
[04:04:18] INFO   [E1] eval clean + per colorfulness bin
[04:04:35] INFO   [E2] eval perturbasi warna
[04:08:52] INFO   done vit_small_in1k_gray seed1
[04:08:52] INFO ==== cub200 / vit_small_in1k_gray / seed2 (recipe=adamw gray=True) ====
[04:08:52] INFO [train] cub200/vit_small_in1k_gray/seed2 recipe=adamw opt=adamw lr=0.0001 wd=0.05 grayscale=True epochs=60 device=cuda n_train=4994 n_val=1000 bs=64 accum=1
[04:09:15] INFO   ep1: train_loss=5.2769 val_acc=0.0330 val_f1=0.0279 val_uar=0.0330 lr=4.00e-05
[04:09:23] INFO   ep2: train_loss=4.5668 val_acc=0.1920 val_f1=0.1602 val_uar=0.1920 lr=6.00e-05
[04:09:31] INFO   ep3: train_loss=3.6184 val_acc=0.3370 val_f1=0.3104 val_uar=0.3370 lr=8.00e-05
[04:09:39] INFO   ep4: train_loss=2.8327 val_acc=0.4820 val_f1=0.4537 val_uar=0.4820 lr=1.00e-04
[04:09:47] INFO   ep5: train_loss=2.2590 val_acc=0.5440 val_f1=0.5283 val_uar=0.5440 lr=1.00e-04
[04:09:54] INFO   ep6: train_loss=1.7895 val_acc=0.5730 val_f1=0.5601 val_uar=0.5730 lr=9.99e-05
[04:10:02] INFO   ep7: train_loss=1.4770 val_acc=0.5850 val_f1=0.5714 val_uar=0.5850 lr=9.97e-05
[04:10:11] INFO   ep8: train_loss=1.2720 val_acc=0.5880 val_f1=0.5769 val_uar=0.5880 lr=9.93e-05
[04:10:19] INFO   ep9: train_loss=1.1282 val_acc=0.6060 val_f1=0.5920 val_uar=0.6060 lr=9.87e-05
[04:10:27] INFO   ep10: train_loss=1.0494 val_acc=0.5950 val_f1=0.5854 val_uar=0.5950 lr=9.80e-05
[04:10:35] INFO   ep11: train_loss=0.9952 val_acc=0.6060 val_f1=0.5934 val_uar=0.6060 lr=9.71e-05
[04:10:43] INFO   ep12: train_loss=0.9706 val_acc=0.6200 val_f1=0.6115 val_uar=0.6200 lr=9.61e-05
[04:10:51] INFO   ep13: train_loss=0.9569 val_acc=0.6000 val_f1=0.5923 val_uar=0.6000 lr=9.49e-05
[04:10:59] INFO   ep14: train_loss=0.9467 val_acc=0.6290 val_f1=0.6195 val_uar=0.6290 lr=9.35e-05
[04:11:07] INFO   ep15: train_loss=0.9450 val_acc=0.6210 val_f1=0.6123 val_uar=0.6210 lr=9.21e-05
[04:11:15] INFO   ep16: train_loss=0.9396 val_acc=0.6170 val_f1=0.6082 val_uar=0.6170 lr=9.05e-05
[04:11:23] INFO   ep17: train_loss=0.9329 val_acc=0.6160 val_f1=0.6108 val_uar=0.6160 lr=8.87e-05
[04:11:31] INFO   ep18: train_loss=0.9272 val_acc=0.6270 val_f1=0.6161 val_uar=0.6270 lr=8.68e-05
[04:11:39] INFO   ep19: train_loss=0.9232 val_acc=0.6190 val_f1=0.6060 val_uar=0.6190 lr=8.48e-05
[04:11:47] INFO   ep20: train_loss=0.9216 val_acc=0.6230 val_f1=0.6107 val_uar=0.6230 lr=8.27e-05
[04:11:55] INFO   ep21: train_loss=0.9169 val_acc=0.6240 val_f1=0.6209 val_uar=0.6240 lr=8.05e-05
[04:12:03] INFO   ep22: train_loss=0.9161 val_acc=0.6110 val_f1=0.5983 val_uar=0.6110 lr=7.82e-05
[04:12:11] INFO   ep23: train_loss=0.9126 val_acc=0.6240 val_f1=0.6138 val_uar=0.6240 lr=7.58e-05
[04:12:19] INFO   ep24: train_loss=0.9095 val_acc=0.6230 val_f1=0.6128 val_uar=0.6230 lr=7.33e-05
[04:12:28] INFO   ep25: train_loss=0.9071 val_acc=0.6320 val_f1=0.6202 val_uar=0.6320 lr=7.08e-05
[04:12:36] INFO   ep26: train_loss=0.9051 val_acc=0.6220 val_f1=0.6125 val_uar=0.6220 lr=6.81e-05
[04:12:44] INFO   ep27: train_loss=0.9048 val_acc=0.6260 val_f1=0.6166 val_uar=0.6260 lr=6.55e-05
[04:12:52] INFO   ep28: train_loss=0.9004 val_acc=0.6200 val_f1=0.6075 val_uar=0.6200 lr=6.27e-05
[04:13:00] INFO   ep29: train_loss=0.8980 val_acc=0.6320 val_f1=0.6194 val_uar=0.6320 lr=5.99e-05
[04:13:08] INFO   ep30: train_loss=0.8967 val_acc=0.6280 val_f1=0.6156 val_uar=0.6280 lr=5.71e-05
[04:13:16] INFO   ep31: train_loss=0.8958 val_acc=0.6220 val_f1=0.6172 val_uar=0.6220 lr=5.43e-05
[04:13:25] INFO   ep32: train_loss=0.8932 val_acc=0.6280 val_f1=0.6185 val_uar=0.6280 lr=5.14e-05
[04:13:33] INFO   ep33: train_loss=0.8926 val_acc=0.6270 val_f1=0.6176 val_uar=0.6270 lr=4.86e-05
[04:13:41] INFO   ep34: train_loss=0.8922 val_acc=0.6340 val_f1=0.6231 val_uar=0.6340 lr=4.57e-05
[04:13:49] INFO   ep35: train_loss=0.8903 val_acc=0.6430 val_f1=0.6368 val_uar=0.6430 lr=4.29e-05
[04:13:57] INFO   ep36: train_loss=0.8898 val_acc=0.6370 val_f1=0.6267 val_uar=0.6370 lr=4.01e-05
[04:14:05] INFO   ep37: train_loss=0.8888 val_acc=0.6340 val_f1=0.6256 val_uar=0.6340 lr=3.73e-05
[04:14:13] INFO   ep38: train_loss=0.8874 val_acc=0.6470 val_f1=0.6382 val_uar=0.6470 lr=3.45e-05
[04:14:22] INFO   ep39: train_loss=0.8856 val_acc=0.6450 val_f1=0.6344 val_uar=0.6450 lr=3.19e-05
[04:14:30] INFO   ep40: train_loss=0.8857 val_acc=0.6460 val_f1=0.6361 val_uar=0.6460 lr=2.92e-05
[04:14:38] INFO   ep41: train_loss=0.8840 val_acc=0.6420 val_f1=0.6331 val_uar=0.6420 lr=2.67e-05
[04:14:46] INFO   ep42: train_loss=0.8832 val_acc=0.6390 val_f1=0.6300 val_uar=0.6390 lr=2.42e-05
[04:14:54] INFO   ep43: train_loss=0.8847 val_acc=0.6400 val_f1=0.6297 val_uar=0.6400 lr=2.18e-05
[04:15:03] INFO   ep44: train_loss=0.8828 val_acc=0.6430 val_f1=0.6326 val_uar=0.6430 lr=1.95e-05
[04:15:11] INFO   ep45: train_loss=0.8819 val_acc=0.6380 val_f1=0.6276 val_uar=0.6380 lr=1.73e-05
[04:15:19] INFO   ep46: train_loss=0.8808 val_acc=0.6360 val_f1=0.6245 val_uar=0.6360 lr=1.52e-05
[04:15:27] INFO   ep47: train_loss=0.8809 val_acc=0.6440 val_f1=0.6346 val_uar=0.6440 lr=1.32e-05
[04:15:35] INFO   ep48: train_loss=0.8808 val_acc=0.6440 val_f1=0.6348 val_uar=0.6440 lr=1.13e-05
[04:15:43] INFO   ep49: train_loss=0.8796 val_acc=0.6480 val_f1=0.6379 val_uar=0.6480 lr=9.55e-06
[04:15:51] INFO   ep50: train_loss=0.8788 val_acc=0.6500 val_f1=0.6405 val_uar=0.6500 lr=7.94e-06
[04:15:59] INFO   ep51: train_loss=0.8799 val_acc=0.6470 val_f1=0.6375 val_uar=0.6470 lr=6.46e-06
[04:16:08] INFO   ep52: train_loss=0.8787 val_acc=0.6460 val_f1=0.6365 val_uar=0.6460 lr=5.13e-06
[04:16:16] INFO   ep53: train_loss=0.8780 val_acc=0.6420 val_f1=0.6328 val_uar=0.6420 lr=3.94e-06
[04:16:24] INFO   ep54: train_loss=0.8780 val_acc=0.6470 val_f1=0.6378 val_uar=0.6470 lr=2.91e-06
[04:16:32] INFO   ep55: train_loss=0.8795 val_acc=0.6500 val_f1=0.6385 val_uar=0.6500 lr=2.03e-06
[04:16:40] INFO   ep56: train_loss=0.8784 val_acc=0.6440 val_f1=0.6342 val_uar=0.6440 lr=1.30e-06
[04:16:48] INFO   ep57: train_loss=0.8779 val_acc=0.6430 val_f1=0.6337 val_uar=0.6430 lr=7.32e-07
[04:16:56] INFO   ep58: train_loss=0.8777 val_acc=0.6470 val_f1=0.6372 val_uar=0.6470 lr=3.26e-07
[04:17:04] INFO   ep59: train_loss=0.8787 val_acc=0.6460 val_f1=0.6366 val_uar=0.6460 lr=8.15e-08
[04:17:12] INFO   ep60: train_loss=0.8778 val_acc=0.6470 val_f1=0.6373 val_uar=0.6470 lr=0.00e+00
[04:17:12] INFO [done] vit_small_in1k_gray best_val_acc=0.6500 lr_used=0.0001 ckpt=checkpoints\cub200_vit_small_in1k_gray_seed2.pt time=8.3min
[04:17:14] INFO   [E1] eval clean + per colorfulness bin
[04:17:29] INFO   [E2] eval perturbasi warna
[04:21:45] INFO   done vit_small_in1k_gray seed2
[04:21:45] INFO ==== cub200 / vit_small_in1k_gray / seed3 (recipe=adamw gray=True) ====
[04:21:46] INFO [train] cub200/vit_small_in1k_gray/seed3 recipe=adamw opt=adamw lr=0.0001 wd=0.05 grayscale=True epochs=60 device=cuda n_train=4994 n_val=1000 bs=64 accum=1
[04:22:09] INFO   ep1: train_loss=5.3104 val_acc=0.0360 val_f1=0.0273 val_uar=0.0360 lr=4.00e-05
[04:22:16] INFO   ep2: train_loss=4.6425 val_acc=0.1810 val_f1=0.1554 val_uar=0.1810 lr=6.00e-05
[04:22:24] INFO   ep3: train_loss=3.6536 val_acc=0.3320 val_f1=0.3005 val_uar=0.3320 lr=8.00e-05
[04:22:32] INFO   ep4: train_loss=2.8615 val_acc=0.4530 val_f1=0.4190 val_uar=0.4530 lr=1.00e-04
[04:22:40] INFO   ep5: train_loss=2.2722 val_acc=0.5100 val_f1=0.4946 val_uar=0.5100 lr=1.00e-04
[04:22:48] INFO   ep6: train_loss=1.8040 val_acc=0.5500 val_f1=0.5280 val_uar=0.5500 lr=9.99e-05
[04:22:57] INFO   ep7: train_loss=1.4960 val_acc=0.5700 val_f1=0.5609 val_uar=0.5700 lr=9.97e-05
[04:23:05] INFO   ep8: train_loss=1.2793 val_acc=0.5800 val_f1=0.5718 val_uar=0.5800 lr=9.93e-05
[04:23:13] INFO   ep9: train_loss=1.1325 val_acc=0.5900 val_f1=0.5829 val_uar=0.5900 lr=9.87e-05
[04:23:21] INFO   ep10: train_loss=1.0414 val_acc=0.5850 val_f1=0.5793 val_uar=0.5850 lr=9.80e-05
[04:23:29] INFO   ep11: train_loss=0.9959 val_acc=0.5940 val_f1=0.5847 val_uar=0.5940 lr=9.71e-05
[04:23:37] INFO   ep12: train_loss=0.9759 val_acc=0.5950 val_f1=0.5897 val_uar=0.5950 lr=9.61e-05
[04:23:45] INFO   ep13: train_loss=0.9583 val_acc=0.5840 val_f1=0.5780 val_uar=0.5840 lr=9.49e-05
[04:23:53] INFO   ep14: train_loss=0.9456 val_acc=0.5930 val_f1=0.5834 val_uar=0.5930 lr=9.35e-05
[04:24:01] INFO   ep15: train_loss=0.9404 val_acc=0.5970 val_f1=0.5924 val_uar=0.5970 lr=9.21e-05
[04:24:09] INFO   ep16: train_loss=0.9347 val_acc=0.5960 val_f1=0.5896 val_uar=0.5960 lr=9.05e-05
[04:24:17] INFO   ep17: train_loss=0.9332 val_acc=0.5970 val_f1=0.5940 val_uar=0.5970 lr=8.87e-05
[04:24:25] INFO   ep18: train_loss=0.9285 val_acc=0.6080 val_f1=0.6017 val_uar=0.6080 lr=8.68e-05
[04:24:33] INFO   ep19: train_loss=0.9276 val_acc=0.5880 val_f1=0.5800 val_uar=0.5880 lr=8.48e-05
[04:24:42] INFO   ep20: train_loss=0.9187 val_acc=0.5990 val_f1=0.5932 val_uar=0.5990 lr=8.27e-05
[04:24:50] INFO   ep21: train_loss=0.9173 val_acc=0.6050 val_f1=0.5968 val_uar=0.6050 lr=8.05e-05
[04:24:58] INFO   ep22: train_loss=0.9165 val_acc=0.5910 val_f1=0.5813 val_uar=0.5910 lr=7.82e-05
[04:25:06] INFO   ep23: train_loss=0.9126 val_acc=0.6010 val_f1=0.5977 val_uar=0.6010 lr=7.58e-05
[04:25:14] INFO   ep24: train_loss=0.9099 val_acc=0.6030 val_f1=0.5995 val_uar=0.6030 lr=7.33e-05
[04:25:22] INFO   ep25: train_loss=0.9060 val_acc=0.6020 val_f1=0.5939 val_uar=0.6020 lr=7.08e-05
[04:25:30] INFO   ep26: train_loss=0.9054 val_acc=0.6120 val_f1=0.6057 val_uar=0.6120 lr=6.81e-05
[04:25:38] INFO   ep27: train_loss=0.9042 val_acc=0.6090 val_f1=0.6030 val_uar=0.6090 lr=6.55e-05
[04:25:46] INFO   ep28: train_loss=0.8998 val_acc=0.6180 val_f1=0.6082 val_uar=0.6180 lr=6.27e-05
[04:25:55] INFO   ep29: train_loss=0.8976 val_acc=0.5920 val_f1=0.5851 val_uar=0.5920 lr=5.99e-05
[04:26:03] INFO   ep30: train_loss=0.8965 val_acc=0.6070 val_f1=0.6027 val_uar=0.6070 lr=5.71e-05
[04:26:11] INFO   ep31: train_loss=0.8945 val_acc=0.6140 val_f1=0.6031 val_uar=0.6140 lr=5.43e-05
[04:26:19] INFO   ep32: train_loss=0.8940 val_acc=0.6180 val_f1=0.6129 val_uar=0.6180 lr=5.14e-05
[04:26:27] INFO   ep33: train_loss=0.8933 val_acc=0.6070 val_f1=0.6022 val_uar=0.6070 lr=4.86e-05
[04:26:35] INFO   ep34: train_loss=0.8909 val_acc=0.6060 val_f1=0.5972 val_uar=0.6060 lr=4.57e-05
[04:26:43] INFO   ep35: train_loss=0.8900 val_acc=0.6130 val_f1=0.6031 val_uar=0.6130 lr=4.29e-05
[04:26:51] INFO   ep36: train_loss=0.8886 val_acc=0.6180 val_f1=0.6096 val_uar=0.6180 lr=4.01e-05
[04:26:59] INFO   ep37: train_loss=0.8877 val_acc=0.6200 val_f1=0.6086 val_uar=0.6200 lr=3.73e-05
[04:27:08] INFO   ep38: train_loss=0.8875 val_acc=0.6200 val_f1=0.6121 val_uar=0.6200 lr=3.45e-05
[04:27:16] INFO   ep39: train_loss=0.8863 val_acc=0.6280 val_f1=0.6193 val_uar=0.6280 lr=3.19e-05
[04:27:24] INFO   ep40: train_loss=0.8852 val_acc=0.6200 val_f1=0.6139 val_uar=0.6200 lr=2.92e-05
[04:27:32] INFO   ep41: train_loss=0.8839 val_acc=0.6200 val_f1=0.6136 val_uar=0.6200 lr=2.67e-05
[04:27:40] INFO   ep42: train_loss=0.8841 val_acc=0.6190 val_f1=0.6115 val_uar=0.6190 lr=2.42e-05
[04:27:48] INFO   ep43: train_loss=0.8822 val_acc=0.6210 val_f1=0.6128 val_uar=0.6210 lr=2.18e-05
[04:27:56] INFO   ep44: train_loss=0.8811 val_acc=0.6180 val_f1=0.6094 val_uar=0.6180 lr=1.95e-05
[04:28:04] INFO   ep45: train_loss=0.8810 val_acc=0.6250 val_f1=0.6171 val_uar=0.6250 lr=1.73e-05
[04:28:13] INFO   ep46: train_loss=0.8811 val_acc=0.6260 val_f1=0.6172 val_uar=0.6260 lr=1.52e-05
[04:28:21] INFO   ep47: train_loss=0.8800 val_acc=0.6210 val_f1=0.6115 val_uar=0.6210 lr=1.32e-05
[04:28:29] INFO   ep48: train_loss=0.8802 val_acc=0.6250 val_f1=0.6149 val_uar=0.6250 lr=1.13e-05
[04:28:37] INFO   ep49: train_loss=0.8798 val_acc=0.6240 val_f1=0.6165 val_uar=0.6240 lr=9.55e-06
[04:28:46] INFO   ep50: train_loss=0.8790 val_acc=0.6310 val_f1=0.6249 val_uar=0.6310 lr=7.94e-06
[04:28:54] INFO   ep51: train_loss=0.8779 val_acc=0.6310 val_f1=0.6242 val_uar=0.6310 lr=6.46e-06
[04:29:02] INFO   ep52: train_loss=0.8787 val_acc=0.6290 val_f1=0.6217 val_uar=0.6290 lr=5.13e-06
[04:29:10] INFO   ep53: train_loss=0.8787 val_acc=0.6260 val_f1=0.6182 val_uar=0.6260 lr=3.94e-06
[04:29:18] INFO   ep54: train_loss=0.8781 val_acc=0.6240 val_f1=0.6152 val_uar=0.6240 lr=2.91e-06
[04:29:27] INFO   ep55: train_loss=0.8781 val_acc=0.6290 val_f1=0.6215 val_uar=0.6290 lr=2.03e-06
[04:29:35] INFO   ep56: train_loss=0.8774 val_acc=0.6310 val_f1=0.6237 val_uar=0.6310 lr=1.30e-06
[04:29:43] INFO   ep57: train_loss=0.8776 val_acc=0.6290 val_f1=0.6213 val_uar=0.6290 lr=7.32e-07
[04:29:51] INFO   ep58: train_loss=0.8783 val_acc=0.6290 val_f1=0.6214 val_uar=0.6290 lr=3.26e-07
[04:29:59] INFO   ep59: train_loss=0.8770 val_acc=0.6290 val_f1=0.6214 val_uar=0.6290 lr=8.15e-08
[04:30:07] INFO   ep60: train_loss=0.8771 val_acc=0.6290 val_f1=0.6214 val_uar=0.6290 lr=0.00e+00
[04:30:07] INFO [done] vit_small_in1k_gray best_val_acc=0.6310 lr_used=0.0001 ckpt=checkpoints\cub200_vit_small_in1k_gray_seed3.pt time=8.4min
[04:30:09] INFO   [E1] eval clean + per colorfulness bin
[04:30:25] INFO   [E2] eval perturbasi warna
[04:34:41] INFO   done vit_small_in1k_gray seed3
[04:34:41] INFO ==== cub200 / vit_small_in1k_gray / seed4 (recipe=adamw gray=True) ====
[04:34:41] INFO [train] cub200/vit_small_in1k_gray/seed4 recipe=adamw opt=adamw lr=0.0001 wd=0.05 grayscale=True epochs=60 device=cuda n_train=4994 n_val=1000 bs=64 accum=1
[04:35:04] INFO   ep1: train_loss=5.2852 val_acc=0.0530 val_f1=0.0375 val_uar=0.0530 lr=4.00e-05
[04:35:12] INFO   ep2: train_loss=4.5326 val_acc=0.2000 val_f1=0.1698 val_uar=0.2000 lr=6.00e-05
[04:35:19] INFO   ep3: train_loss=3.5565 val_acc=0.3700 val_f1=0.3293 val_uar=0.3700 lr=8.00e-05
[04:35:27] INFO   ep4: train_loss=2.7920 val_acc=0.4770 val_f1=0.4518 val_uar=0.4770 lr=1.00e-04
[04:35:35] INFO   ep5: train_loss=2.2223 val_acc=0.5490 val_f1=0.5393 val_uar=0.5490 lr=1.00e-04
[04:35:43] INFO   ep6: train_loss=1.7626 val_acc=0.5790 val_f1=0.5717 val_uar=0.5790 lr=9.99e-05
[04:35:51] INFO   ep7: train_loss=1.4777 val_acc=0.5860 val_f1=0.5812 val_uar=0.5860 lr=9.97e-05
[04:35:59] INFO   ep8: train_loss=1.2663 val_acc=0.6050 val_f1=0.5929 val_uar=0.6050 lr=9.93e-05
[04:36:07] INFO   ep9: train_loss=1.1250 val_acc=0.6010 val_f1=0.5889 val_uar=0.6010 lr=9.87e-05
[04:36:15] INFO   ep10: train_loss=1.0420 val_acc=0.6160 val_f1=0.6057 val_uar=0.6160 lr=9.80e-05
[04:36:23] INFO   ep11: train_loss=1.0007 val_acc=0.6250 val_f1=0.6197 val_uar=0.6250 lr=9.71e-05
[04:36:31] INFO   ep12: train_loss=0.9698 val_acc=0.6390 val_f1=0.6310 val_uar=0.6390 lr=9.61e-05
[04:36:39] INFO   ep13: train_loss=0.9599 val_acc=0.6280 val_f1=0.6218 val_uar=0.6280 lr=9.49e-05
[04:36:47] INFO   ep14: train_loss=0.9479 val_acc=0.6190 val_f1=0.6108 val_uar=0.6190 lr=9.35e-05
[04:36:55] INFO   ep15: train_loss=0.9438 val_acc=0.6270 val_f1=0.6205 val_uar=0.6270 lr=9.21e-05
[04:37:03] INFO   ep16: train_loss=0.9371 val_acc=0.6370 val_f1=0.6305 val_uar=0.6370 lr=9.05e-05
[04:37:11] INFO   ep17: train_loss=0.9294 val_acc=0.6340 val_f1=0.6280 val_uar=0.6340 lr=8.87e-05
[04:37:19] INFO   ep18: train_loss=0.9263 val_acc=0.6270 val_f1=0.6181 val_uar=0.6270 lr=8.68e-05
[04:37:27] INFO   ep19: train_loss=0.9208 val_acc=0.6200 val_f1=0.6106 val_uar=0.6200 lr=8.48e-05
[04:37:35] INFO   ep20: train_loss=0.9183 val_acc=0.6370 val_f1=0.6308 val_uar=0.6370 lr=8.27e-05
[04:37:44] INFO   ep21: train_loss=0.9183 val_acc=0.6400 val_f1=0.6308 val_uar=0.6400 lr=8.05e-05
[04:37:52] INFO   ep22: train_loss=0.9176 val_acc=0.6320 val_f1=0.6211 val_uar=0.6320 lr=7.82e-05
[04:38:00] INFO   ep23: train_loss=0.9143 val_acc=0.6550 val_f1=0.6474 val_uar=0.6550 lr=7.58e-05
[04:38:08] INFO   ep24: train_loss=0.9111 val_acc=0.6520 val_f1=0.6406 val_uar=0.6520 lr=7.33e-05
[04:38:16] INFO   ep25: train_loss=0.9088 val_acc=0.6400 val_f1=0.6331 val_uar=0.6400 lr=7.08e-05
[04:38:24] INFO   ep26: train_loss=0.9071 val_acc=0.6430 val_f1=0.6371 val_uar=0.6430 lr=6.81e-05
[04:38:32] INFO   ep27: train_loss=0.9038 val_acc=0.6510 val_f1=0.6436 val_uar=0.6510 lr=6.55e-05
[04:38:40] INFO   ep28: train_loss=0.8998 val_acc=0.6590 val_f1=0.6497 val_uar=0.6590 lr=6.27e-05
[04:38:49] INFO   ep29: train_loss=0.8982 val_acc=0.6520 val_f1=0.6432 val_uar=0.6520 lr=5.99e-05
[04:38:57] INFO   ep30: train_loss=0.8963 val_acc=0.6630 val_f1=0.6532 val_uar=0.6630 lr=5.71e-05
[04:39:05] INFO   ep31: train_loss=0.8947 val_acc=0.6520 val_f1=0.6441 val_uar=0.6520 lr=5.43e-05
[04:39:13] INFO   ep32: train_loss=0.8935 val_acc=0.6560 val_f1=0.6490 val_uar=0.6560 lr=5.14e-05
[04:39:21] INFO   ep33: train_loss=0.8920 val_acc=0.6550 val_f1=0.6481 val_uar=0.6550 lr=4.86e-05
[04:39:29] INFO   ep34: train_loss=0.8907 val_acc=0.6700 val_f1=0.6603 val_uar=0.6700 lr=4.57e-05
[04:39:37] INFO   ep35: train_loss=0.8900 val_acc=0.6630 val_f1=0.6533 val_uar=0.6630 lr=4.29e-05
[04:39:45] INFO   ep36: train_loss=0.8914 val_acc=0.6660 val_f1=0.6583 val_uar=0.6660 lr=4.01e-05
[04:39:53] INFO   ep37: train_loss=0.8874 val_acc=0.6710 val_f1=0.6634 val_uar=0.6710 lr=3.73e-05
[04:40:01] INFO   ep38: train_loss=0.8863 val_acc=0.6670 val_f1=0.6590 val_uar=0.6670 lr=3.45e-05
[04:40:09] INFO   ep39: train_loss=0.8860 val_acc=0.6630 val_f1=0.6548 val_uar=0.6630 lr=3.19e-05
[04:40:17] INFO   ep40: train_loss=0.8848 val_acc=0.6590 val_f1=0.6487 val_uar=0.6590 lr=2.92e-05
[04:40:26] INFO   ep41: train_loss=0.8841 val_acc=0.6550 val_f1=0.6450 val_uar=0.6550 lr=2.67e-05
[04:40:34] INFO   ep42: train_loss=0.8827 val_acc=0.6680 val_f1=0.6615 val_uar=0.6680 lr=2.42e-05
[04:40:42] INFO   ep43: train_loss=0.8825 val_acc=0.6740 val_f1=0.6677 val_uar=0.6740 lr=2.18e-05
[04:40:50] INFO   ep44: train_loss=0.8812 val_acc=0.6720 val_f1=0.6635 val_uar=0.6720 lr=1.95e-05
[04:40:59] INFO   ep45: train_loss=0.8803 val_acc=0.6640 val_f1=0.6543 val_uar=0.6640 lr=1.73e-05
[04:41:07] INFO   ep46: train_loss=0.8796 val_acc=0.6640 val_f1=0.6548 val_uar=0.6640 lr=1.52e-05
[04:41:15] INFO   ep47: train_loss=0.8800 val_acc=0.6630 val_f1=0.6548 val_uar=0.6630 lr=1.32e-05
[04:41:23] INFO   ep48: train_loss=0.8799 val_acc=0.6660 val_f1=0.6569 val_uar=0.6660 lr=1.13e-05
[04:41:32] INFO   ep49: train_loss=0.8792 val_acc=0.6640 val_f1=0.6546 val_uar=0.6640 lr=9.55e-06
[04:41:40] INFO   ep50: train_loss=0.8788 val_acc=0.6700 val_f1=0.6611 val_uar=0.6700 lr=7.94e-06
[04:41:48] INFO   ep51: train_loss=0.8791 val_acc=0.6650 val_f1=0.6560 val_uar=0.6650 lr=6.46e-06
[04:41:56] INFO   ep52: train_loss=0.8780 val_acc=0.6660 val_f1=0.6570 val_uar=0.6660 lr=5.13e-06
[04:42:04] INFO   ep53: train_loss=0.8778 val_acc=0.6780 val_f1=0.6689 val_uar=0.6780 lr=3.94e-06
[04:42:12] INFO   ep54: train_loss=0.8784 val_acc=0.6740 val_f1=0.6646 val_uar=0.6740 lr=2.91e-06
[04:42:20] INFO   ep55: train_loss=0.8779 val_acc=0.6680 val_f1=0.6584 val_uar=0.6680 lr=2.03e-06
[04:42:29] INFO   ep56: train_loss=0.8779 val_acc=0.6670 val_f1=0.6579 val_uar=0.6670 lr=1.30e-06
[04:42:37] INFO   ep57: train_loss=0.8782 val_acc=0.6690 val_f1=0.6602 val_uar=0.6690 lr=7.32e-07
[04:42:45] INFO   ep58: train_loss=0.8768 val_acc=0.6700 val_f1=0.6610 val_uar=0.6700 lr=3.26e-07
[04:42:53] INFO   ep59: train_loss=0.8784 val_acc=0.6700 val_f1=0.6610 val_uar=0.6700 lr=8.15e-08
[04:43:01] INFO   ep60: train_loss=0.8772 val_acc=0.6700 val_f1=0.6610 val_uar=0.6700 lr=0.00e+00
[04:43:01] INFO [done] vit_small_in1k_gray best_val_acc=0.6780 lr_used=0.0001 ckpt=checkpoints\cub200_vit_small_in1k_gray_seed4.pt time=8.3min
[04:43:02] INFO   [E1] eval clean + per colorfulness bin
[04:43:18] INFO   [E2] eval perturbasi warna
[04:47:35] INFO   done vit_small_in1k_gray seed4
[04:47:35] INFO ALL DONE
