[10:59:20] INFO dataset=flowers102 models=['resnet50', 'convnext_tiny', 'vit_small', 'swin_tiny'] seeds=[0, 1, 2, 3, 4] epochs=None recipe=adamw
[10:59:20] INFO ==== flowers102 / resnet50_gray / seed0 (recipe=adamw gray=True) ====
[10:59:22] INFO [train] flowers102/resnet50_gray/seed0 recipe=adamw opt=adamw lr=0.0001 wd=0.05 grayscale=True epochs=60 device=cuda n_train=1020 n_val=1020 bs=64 accum=1
[10:59:53] INFO   ep1: train_loss=4.6243 val_acc=0.0098 val_f1=0.0034 val_uar=0.0098 lr=4.00e-05
[10:59:56] INFO   ep2: train_loss=4.6147 val_acc=0.0157 val_f1=0.0048 val_uar=0.0157 lr=6.00e-05
[10:59:59] INFO   ep3: train_loss=4.6038 val_acc=0.0225 val_f1=0.0118 val_uar=0.0225 lr=8.00e-05
[11:00:01] INFO   ep4: train_loss=4.5791 val_acc=0.0284 val_f1=0.0179 val_uar=0.0284 lr=1.00e-04
[11:00:04] INFO   ep5: train_loss=4.5492 val_acc=0.0578 val_f1=0.0472 val_uar=0.0578 lr=1.00e-04
[11:00:07] INFO   ep6: train_loss=4.5089 val_acc=0.0941 val_f1=0.0778 val_uar=0.0941 lr=9.99e-05
[11:00:10] INFO   ep7: train_loss=4.4592 val_acc=0.1402 val_f1=0.1153 val_uar=0.1402 lr=9.97e-05
[11:00:12] INFO   ep8: train_loss=4.3964 val_acc=0.2225 val_f1=0.2065 val_uar=0.2225 lr=9.93e-05
[11:00:15] INFO   ep9: train_loss=4.3098 val_acc=0.2735 val_f1=0.2565 val_uar=0.2735 lr=9.87e-05
[11:00:18] INFO   ep10: train_loss=4.2015 val_acc=0.3373 val_f1=0.3133 val_uar=0.3373 lr=9.80e-05
[11:00:21] INFO   ep11: train_loss=4.0709 val_acc=0.3843 val_f1=0.3600 val_uar=0.3843 lr=9.71e-05
[11:00:23] INFO   ep12: train_loss=3.9055 val_acc=0.4255 val_f1=0.4012 val_uar=0.4255 lr=9.61e-05
[11:00:26] INFO   ep13: train_loss=3.7236 val_acc=0.4735 val_f1=0.4476 val_uar=0.4735 lr=9.49e-05
[11:00:29] INFO   ep14: train_loss=3.5310 val_acc=0.5157 val_f1=0.4957 val_uar=0.5157 lr=9.35e-05
[11:00:32] INFO   ep15: train_loss=3.3123 val_acc=0.5206 val_f1=0.4923 val_uar=0.5206 lr=9.21e-05
[11:00:34] INFO   ep16: train_loss=3.1080 val_acc=0.5696 val_f1=0.5468 val_uar=0.5696 lr=9.05e-05
[11:00:37] INFO   ep17: train_loss=2.9091 val_acc=0.5667 val_f1=0.5483 val_uar=0.5667 lr=8.87e-05
[11:00:40] INFO   ep18: train_loss=2.6904 val_acc=0.5814 val_f1=0.5662 val_uar=0.5814 lr=8.68e-05
[11:00:43] INFO   ep19: train_loss=2.5199 val_acc=0.6235 val_f1=0.6096 val_uar=0.6235 lr=8.48e-05
[11:00:45] INFO   ep20: train_loss=2.3336 val_acc=0.6500 val_f1=0.6313 val_uar=0.6500 lr=8.27e-05
[11:00:48] INFO   ep21: train_loss=2.1904 val_acc=0.6608 val_f1=0.6430 val_uar=0.6608 lr=8.05e-05
[11:00:51] INFO   ep22: train_loss=2.0432 val_acc=0.6882 val_f1=0.6778 val_uar=0.6882 lr=7.82e-05
[11:00:54] INFO   ep23: train_loss=1.9048 val_acc=0.7088 val_f1=0.6957 val_uar=0.7088 lr=7.58e-05
[11:00:56] INFO   ep24: train_loss=1.8159 val_acc=0.7029 val_f1=0.6893 val_uar=0.7029 lr=7.33e-05
[11:00:59] INFO   ep25: train_loss=1.7122 val_acc=0.7235 val_f1=0.7137 val_uar=0.7235 lr=7.08e-05
[11:01:02] INFO   ep26: train_loss=1.6546 val_acc=0.7382 val_f1=0.7291 val_uar=0.7382 lr=6.81e-05
[11:01:05] INFO   ep27: train_loss=1.5632 val_acc=0.7441 val_f1=0.7383 val_uar=0.7441 lr=6.55e-05
[11:01:08] INFO   ep28: train_loss=1.4974 val_acc=0.7480 val_f1=0.7430 val_uar=0.7480 lr=6.27e-05
[11:01:10] INFO   ep29: train_loss=1.4433 val_acc=0.7480 val_f1=0.7423 val_uar=0.7480 lr=5.99e-05
[11:01:13] INFO   ep30: train_loss=1.4016 val_acc=0.7569 val_f1=0.7521 val_uar=0.7569 lr=5.71e-05
[11:01:16] INFO   ep31: train_loss=1.3669 val_acc=0.7578 val_f1=0.7522 val_uar=0.7578 lr=5.43e-05
[11:01:19] INFO   ep32: train_loss=1.3224 val_acc=0.7784 val_f1=0.7720 val_uar=0.7784 lr=5.14e-05
[11:01:21] INFO   ep33: train_loss=1.3073 val_acc=0.7794 val_f1=0.7760 val_uar=0.7794 lr=4.86e-05
[11:01:24] INFO   ep34: train_loss=1.2686 val_acc=0.7755 val_f1=0.7700 val_uar=0.7755 lr=4.57e-05
[11:01:27] INFO   ep35: train_loss=1.2246 val_acc=0.7804 val_f1=0.7770 val_uar=0.7804 lr=4.29e-05
[11:01:30] INFO   ep36: train_loss=1.2196 val_acc=0.7833 val_f1=0.7786 val_uar=0.7833 lr=4.01e-05
[11:01:32] INFO   ep37: train_loss=1.1982 val_acc=0.7961 val_f1=0.7921 val_uar=0.7961 lr=3.73e-05
[11:01:35] INFO   ep38: train_loss=1.1812 val_acc=0.7922 val_f1=0.7892 val_uar=0.7922 lr=3.45e-05
[11:01:38] INFO   ep39: train_loss=1.1736 val_acc=0.7990 val_f1=0.7944 val_uar=0.7990 lr=3.19e-05
[11:01:41] INFO   ep40: train_loss=1.1582 val_acc=0.8010 val_f1=0.7977 val_uar=0.8010 lr=2.92e-05
[11:01:44] INFO   ep41: train_loss=1.1448 val_acc=0.7951 val_f1=0.7921 val_uar=0.7951 lr=2.67e-05
[11:01:46] INFO   ep42: train_loss=1.1300 val_acc=0.8020 val_f1=0.7987 val_uar=0.8020 lr=2.42e-05
[11:01:49] INFO   ep43: train_loss=1.1375 val_acc=0.7941 val_f1=0.7931 val_uar=0.7941 lr=2.18e-05
[11:01:52] INFO   ep44: train_loss=1.1160 val_acc=0.7951 val_f1=0.7939 val_uar=0.7951 lr=1.95e-05
[11:01:54] INFO   ep45: train_loss=1.1098 val_acc=0.8020 val_f1=0.8003 val_uar=0.8020 lr=1.73e-05
[11:01:57] INFO   ep46: train_loss=1.1096 val_acc=0.8029 val_f1=0.8017 val_uar=0.8029 lr=1.52e-05
[11:02:00] INFO   ep47: train_loss=1.0904 val_acc=0.8010 val_f1=0.8000 val_uar=0.8010 lr=1.32e-05
[11:02:03] INFO   ep48: train_loss=1.0947 val_acc=0.7980 val_f1=0.7966 val_uar=0.7980 lr=1.13e-05
[11:02:05] INFO   ep49: train_loss=1.1012 val_acc=0.7990 val_f1=0.7980 val_uar=0.7990 lr=9.55e-06
[11:02:08] INFO   ep50: train_loss=1.0831 val_acc=0.8010 val_f1=0.7993 val_uar=0.8010 lr=7.94e-06
[11:02:11] INFO   ep51: train_loss=1.0881 val_acc=0.7980 val_f1=0.7968 val_uar=0.7980 lr=6.46e-06
[11:02:14] INFO   ep52: train_loss=1.0840 val_acc=0.7990 val_f1=0.7975 val_uar=0.7990 lr=5.13e-06
[11:02:16] INFO   ep53: train_loss=1.0812 val_acc=0.8010 val_f1=0.8000 val_uar=0.8010 lr=3.94e-06
[11:02:19] INFO   ep54: train_loss=1.0727 val_acc=0.7980 val_f1=0.7964 val_uar=0.7980 lr=2.91e-06
[11:02:22] INFO   ep55: train_loss=1.0743 val_acc=0.8000 val_f1=0.7991 val_uar=0.8000 lr=2.03e-06
[11:02:24] INFO   ep56: train_loss=1.0696 val_acc=0.8029 val_f1=0.8018 val_uar=0.8029 lr=1.30e-06
[11:02:27] INFO   ep57: train_loss=1.0844 val_acc=0.8020 val_f1=0.8010 val_uar=0.8020 lr=7.32e-07
[11:02:30] INFO   ep58: train_loss=1.0664 val_acc=0.8000 val_f1=0.7993 val_uar=0.8000 lr=3.26e-07
[11:02:33] INFO   ep59: train_loss=1.0859 val_acc=0.8000 val_f1=0.7982 val_uar=0.8000 lr=8.15e-08
[11:02:35] INFO   ep60: train_loss=1.0807 val_acc=0.8000 val_f1=0.7989 val_uar=0.8000 lr=0.00e+00
[11:02:35] INFO [done] resnet50_gray best_val_acc=0.8029 lr_used=0.0001 ckpt=checkpoints\flowers102_resnet50_gray_seed0.pt time=3.3min
[11:02:37] INFO   [E1] eval clean + per colorfulness bin
[11:02:57] INFO   [E2] eval perturbasi warna
[11:08:32] INFO   done resnet50_gray seed0
[11:08:32] INFO ==== flowers102 / resnet50_gray / seed1 (recipe=adamw gray=True) ====
[11:08:32] INFO [train] flowers102/resnet50_gray/seed1 recipe=adamw opt=adamw lr=0.0001 wd=0.05 grayscale=True epochs=60 device=cuda n_train=1020 n_val=1020 bs=64 accum=1
[11:09:03] INFO   ep1: train_loss=4.6290 val_acc=0.0108 val_f1=0.0074 val_uar=0.0108 lr=4.00e-05
[11:09:05] INFO   ep2: train_loss=4.6190 val_acc=0.0088 val_f1=0.0069 val_uar=0.0088 lr=6.00e-05
[11:09:08] INFO   ep3: train_loss=4.6039 val_acc=0.0255 val_f1=0.0175 val_uar=0.0255 lr=8.00e-05
[11:09:11] INFO   ep4: train_loss=4.5840 val_acc=0.0441 val_f1=0.0365 val_uar=0.0441 lr=1.00e-04
[11:09:13] INFO   ep5: train_loss=4.5510 val_acc=0.0520 val_f1=0.0482 val_uar=0.0520 lr=1.00e-04
[11:09:16] INFO   ep6: train_loss=4.5142 val_acc=0.1029 val_f1=0.0983 val_uar=0.1029 lr=9.99e-05
[11:09:19] INFO   ep7: train_loss=4.4575 val_acc=0.1490 val_f1=0.1424 val_uar=0.1490 lr=9.97e-05
[11:09:22] INFO   ep8: train_loss=4.3973 val_acc=0.2137 val_f1=0.2102 val_uar=0.2137 lr=9.93e-05
[11:09:24] INFO   ep9: train_loss=4.3142 val_acc=0.2745 val_f1=0.2598 val_uar=0.2745 lr=9.87e-05
[11:09:27] INFO   ep10: train_loss=4.2039 val_acc=0.3853 val_f1=0.3675 val_uar=0.3853 lr=9.80e-05
[11:09:30] INFO   ep11: train_loss=4.0616 val_acc=0.4039 val_f1=0.3854 val_uar=0.4039 lr=9.71e-05
[11:09:32] INFO   ep12: train_loss=3.8913 val_acc=0.4216 val_f1=0.4046 val_uar=0.4216 lr=9.61e-05
[11:09:35] INFO   ep13: train_loss=3.7081 val_acc=0.4569 val_f1=0.4400 val_uar=0.4569 lr=9.49e-05
[11:09:38] INFO   ep14: train_loss=3.5014 val_acc=0.5147 val_f1=0.4885 val_uar=0.5147 lr=9.35e-05
[11:09:40] INFO   ep15: train_loss=3.2877 val_acc=0.5353 val_f1=0.5270 val_uar=0.5353 lr=9.21e-05
[11:09:43] INFO   ep16: train_loss=3.0846 val_acc=0.5598 val_f1=0.5499 val_uar=0.5598 lr=9.05e-05
[11:09:46] INFO   ep17: train_loss=2.8809 val_acc=0.6186 val_f1=0.6052 val_uar=0.6186 lr=8.87e-05
[11:09:49] INFO   ep18: train_loss=2.6783 val_acc=0.6294 val_f1=0.6147 val_uar=0.6294 lr=8.68e-05
[11:09:51] INFO   ep19: train_loss=2.4962 val_acc=0.6578 val_f1=0.6449 val_uar=0.6578 lr=8.48e-05
[11:09:54] INFO   ep20: train_loss=2.3324 val_acc=0.6892 val_f1=0.6709 val_uar=0.6892 lr=8.27e-05
[11:09:57] INFO   ep21: train_loss=2.1838 val_acc=0.6922 val_f1=0.6758 val_uar=0.6922 lr=8.05e-05
[11:10:00] INFO   ep22: train_loss=2.0379 val_acc=0.7010 val_f1=0.6844 val_uar=0.7010 lr=7.82e-05
[11:10:02] INFO   ep23: train_loss=1.9127 val_acc=0.7235 val_f1=0.7088 val_uar=0.7235 lr=7.58e-05
[11:10:05] INFO   ep24: train_loss=1.8045 val_acc=0.7451 val_f1=0.7298 val_uar=0.7451 lr=7.33e-05
[11:10:08] INFO   ep25: train_loss=1.7155 val_acc=0.7441 val_f1=0.7317 val_uar=0.7441 lr=7.08e-05
[11:10:11] INFO   ep26: train_loss=1.6330 val_acc=0.7559 val_f1=0.7452 val_uar=0.7559 lr=6.81e-05
[11:10:13] INFO   ep27: train_loss=1.5779 val_acc=0.7588 val_f1=0.7482 val_uar=0.7588 lr=6.55e-05
[11:10:16] INFO   ep28: train_loss=1.4854 val_acc=0.7667 val_f1=0.7559 val_uar=0.7667 lr=6.27e-05
[11:10:19] INFO   ep29: train_loss=1.4279 val_acc=0.7725 val_f1=0.7665 val_uar=0.7725 lr=5.99e-05
[11:10:22] INFO   ep30: train_loss=1.3850 val_acc=0.7755 val_f1=0.7683 val_uar=0.7755 lr=5.71e-05
[11:10:24] INFO   ep31: train_loss=1.3338 val_acc=0.7853 val_f1=0.7775 val_uar=0.7853 lr=5.43e-05
[11:10:27] INFO   ep32: train_loss=1.3180 val_acc=0.7902 val_f1=0.7832 val_uar=0.7902 lr=5.14e-05
[11:10:30] INFO   ep33: train_loss=1.2812 val_acc=0.7951 val_f1=0.7906 val_uar=0.7951 lr=4.86e-05
[11:10:33] INFO   ep34: train_loss=1.2528 val_acc=0.7990 val_f1=0.7947 val_uar=0.7990 lr=4.57e-05
[11:10:36] INFO   ep35: train_loss=1.2193 val_acc=0.7990 val_f1=0.7920 val_uar=0.7990 lr=4.29e-05
[11:10:38] INFO   ep36: train_loss=1.2064 val_acc=0.7951 val_f1=0.7884 val_uar=0.7951 lr=4.01e-05
[11:10:41] INFO   ep37: train_loss=1.1817 val_acc=0.8059 val_f1=0.7998 val_uar=0.8059 lr=3.73e-05
[11:10:44] INFO   ep38: train_loss=1.1765 val_acc=0.8029 val_f1=0.7975 val_uar=0.8029 lr=3.45e-05
[11:10:46] INFO   ep39: train_loss=1.1611 val_acc=0.8059 val_f1=0.8007 val_uar=0.8059 lr=3.19e-05
[11:10:49] INFO   ep40: train_loss=1.1515 val_acc=0.8029 val_f1=0.7982 val_uar=0.8029 lr=2.92e-05
[11:10:52] INFO   ep41: train_loss=1.1147 val_acc=0.8029 val_f1=0.7978 val_uar=0.8029 lr=2.67e-05
[11:10:54] INFO   ep42: train_loss=1.1221 val_acc=0.8108 val_f1=0.8057 val_uar=0.8108 lr=2.42e-05
[11:10:57] INFO   ep43: train_loss=1.1077 val_acc=0.8098 val_f1=0.8053 val_uar=0.8098 lr=2.18e-05
[11:11:00] INFO   ep44: train_loss=1.1137 val_acc=0.8108 val_f1=0.8061 val_uar=0.8108 lr=1.95e-05
[11:11:03] INFO   ep45: train_loss=1.1026 val_acc=0.8118 val_f1=0.8064 val_uar=0.8118 lr=1.73e-05
[11:11:05] INFO   ep46: train_loss=1.0859 val_acc=0.8088 val_f1=0.8037 val_uar=0.8088 lr=1.52e-05
[11:11:08] INFO   ep47: train_loss=1.0881 val_acc=0.8127 val_f1=0.8089 val_uar=0.8127 lr=1.32e-05
[11:11:11] INFO   ep48: train_loss=1.0851 val_acc=0.8049 val_f1=0.8005 val_uar=0.8049 lr=1.13e-05
[11:11:14] INFO   ep49: train_loss=1.0656 val_acc=0.8098 val_f1=0.8050 val_uar=0.8098 lr=9.55e-06
[11:11:17] INFO   ep50: train_loss=1.0657 val_acc=0.8127 val_f1=0.8088 val_uar=0.8127 lr=7.94e-06
[11:11:19] INFO   ep51: train_loss=1.0698 val_acc=0.8127 val_f1=0.8067 val_uar=0.8127 lr=6.46e-06
[11:11:22] INFO   ep52: train_loss=1.0679 val_acc=0.8147 val_f1=0.8101 val_uar=0.8147 lr=5.13e-06
[11:11:25] INFO   ep53: train_loss=1.0614 val_acc=0.8127 val_f1=0.8081 val_uar=0.8127 lr=3.94e-06
[11:11:28] INFO   ep54: train_loss=1.0607 val_acc=0.8127 val_f1=0.8085 val_uar=0.8127 lr=2.91e-06
[11:11:30] INFO   ep55: train_loss=1.0657 val_acc=0.8147 val_f1=0.8098 val_uar=0.8147 lr=2.03e-06
[11:11:33] INFO   ep56: train_loss=1.0694 val_acc=0.8157 val_f1=0.8096 val_uar=0.8157 lr=1.30e-06
[11:11:36] INFO   ep57: train_loss=1.0781 val_acc=0.8147 val_f1=0.8102 val_uar=0.8147 lr=7.32e-07
[11:11:38] INFO   ep58: train_loss=1.0649 val_acc=0.8137 val_f1=0.8080 val_uar=0.8137 lr=3.26e-07
[11:11:41] INFO   ep59: train_loss=1.0762 val_acc=0.8118 val_f1=0.8075 val_uar=0.8118 lr=8.15e-08
[11:11:44] INFO   ep60: train_loss=1.0719 val_acc=0.8127 val_f1=0.8081 val_uar=0.8127 lr=0.00e+00
[11:11:44] INFO [done] resnet50_gray best_val_acc=0.8157 lr_used=0.0001 ckpt=checkpoints\flowers102_resnet50_gray_seed1.pt time=3.2min
[11:11:45] INFO   [E1] eval clean + per colorfulness bin
[11:12:06] INFO   [E2] eval perturbasi warna
[11:17:39] INFO   done resnet50_gray seed1
[11:17:39] INFO ==== flowers102 / resnet50_gray / seed2 (recipe=adamw gray=True) ====
[11:17:40] INFO [train] flowers102/resnet50_gray/seed2 recipe=adamw opt=adamw lr=0.0001 wd=0.05 grayscale=True epochs=60 device=cuda n_train=1020 n_val=1020 bs=64 accum=1
[11:18:11] INFO   ep1: train_loss=4.6286 val_acc=0.0088 val_f1=0.0063 val_uar=0.0088 lr=4.00e-05
[11:18:14] INFO   ep2: train_loss=4.6212 val_acc=0.0078 val_f1=0.0049 val_uar=0.0078 lr=6.00e-05
[11:18:16] INFO   ep3: train_loss=4.6060 val_acc=0.0147 val_f1=0.0058 val_uar=0.0147 lr=8.00e-05
[11:18:19] INFO   ep4: train_loss=4.5847 val_acc=0.0324 val_f1=0.0224 val_uar=0.0324 lr=1.00e-04
[11:18:22] INFO   ep5: train_loss=4.5545 val_acc=0.0529 val_f1=0.0439 val_uar=0.0529 lr=1.00e-04
[11:18:24] INFO   ep6: train_loss=4.5135 val_acc=0.1049 val_f1=0.0924 val_uar=0.1049 lr=9.99e-05
[11:18:27] INFO   ep7: train_loss=4.4624 val_acc=0.1588 val_f1=0.1398 val_uar=0.1588 lr=9.97e-05
[11:18:30] INFO   ep8: train_loss=4.3935 val_acc=0.1725 val_f1=0.1689 val_uar=0.1725 lr=9.93e-05
[11:18:32] INFO   ep9: train_loss=4.3161 val_acc=0.2794 val_f1=0.2636 val_uar=0.2794 lr=9.87e-05
[11:18:35] INFO   ep10: train_loss=4.2057 val_acc=0.3255 val_f1=0.3046 val_uar=0.3255 lr=9.80e-05
[11:18:38] INFO   ep11: train_loss=4.0674 val_acc=0.3529 val_f1=0.3383 val_uar=0.3529 lr=9.71e-05
[11:18:41] INFO   ep12: train_loss=3.9119 val_acc=0.4382 val_f1=0.4170 val_uar=0.4382 lr=9.61e-05
[11:18:43] INFO   ep13: train_loss=3.7242 val_acc=0.4765 val_f1=0.4521 val_uar=0.4765 lr=9.49e-05
[11:18:46] INFO   ep14: train_loss=3.5315 val_acc=0.5078 val_f1=0.4941 val_uar=0.5078 lr=9.35e-05
[11:18:49] INFO   ep15: train_loss=3.3067 val_acc=0.5588 val_f1=0.5390 val_uar=0.5588 lr=9.21e-05
[11:18:52] INFO   ep16: train_loss=3.0832 val_acc=0.5843 val_f1=0.5666 val_uar=0.5843 lr=9.05e-05
[11:18:54] INFO   ep17: train_loss=2.8856 val_acc=0.5922 val_f1=0.5801 val_uar=0.5922 lr=8.87e-05
[11:18:57] INFO   ep18: train_loss=2.6852 val_acc=0.6363 val_f1=0.6214 val_uar=0.6363 lr=8.68e-05
[11:19:00] INFO   ep19: train_loss=2.5084 val_acc=0.6392 val_f1=0.6232 val_uar=0.6392 lr=8.48e-05
[11:19:03] INFO   ep20: train_loss=2.3572 val_acc=0.6480 val_f1=0.6289 val_uar=0.6480 lr=8.27e-05
[11:19:05] INFO   ep21: train_loss=2.1741 val_acc=0.6843 val_f1=0.6684 val_uar=0.6843 lr=8.05e-05
[11:19:08] INFO   ep22: train_loss=2.0673 val_acc=0.6873 val_f1=0.6744 val_uar=0.6873 lr=7.82e-05
[11:19:11] INFO   ep23: train_loss=1.9242 val_acc=0.6912 val_f1=0.6775 val_uar=0.6912 lr=7.58e-05
[11:19:14] INFO   ep24: train_loss=1.8326 val_acc=0.7225 val_f1=0.7090 val_uar=0.7225 lr=7.33e-05
[11:19:16] INFO   ep25: train_loss=1.7118 val_acc=0.7186 val_f1=0.7093 val_uar=0.7186 lr=7.08e-05
[11:19:19] INFO   ep26: train_loss=1.6103 val_acc=0.7363 val_f1=0.7291 val_uar=0.7363 lr=6.81e-05
[11:19:22] INFO   ep27: train_loss=1.5492 val_acc=0.7363 val_f1=0.7288 val_uar=0.7363 lr=6.55e-05
[11:19:24] INFO   ep28: train_loss=1.5096 val_acc=0.7373 val_f1=0.7291 val_uar=0.7373 lr=6.27e-05
[11:19:27] INFO   ep29: train_loss=1.4433 val_acc=0.7569 val_f1=0.7488 val_uar=0.7569 lr=5.99e-05
[11:19:30] INFO   ep30: train_loss=1.3953 val_acc=0.7618 val_f1=0.7550 val_uar=0.7618 lr=5.71e-05
[11:19:33] INFO   ep31: train_loss=1.3497 val_acc=0.7696 val_f1=0.7629 val_uar=0.7696 lr=5.43e-05
[11:19:35] INFO   ep32: train_loss=1.3280 val_acc=0.7765 val_f1=0.7696 val_uar=0.7765 lr=5.14e-05
[11:19:38] INFO   ep33: train_loss=1.2720 val_acc=0.7784 val_f1=0.7714 val_uar=0.7784 lr=4.86e-05
[11:19:41] INFO   ep34: train_loss=1.2538 val_acc=0.7735 val_f1=0.7675 val_uar=0.7735 lr=4.57e-05
[11:19:44] INFO   ep35: train_loss=1.2202 val_acc=0.7804 val_f1=0.7734 val_uar=0.7804 lr=4.29e-05
[11:19:46] INFO   ep36: train_loss=1.2155 val_acc=0.7824 val_f1=0.7757 val_uar=0.7824 lr=4.01e-05
[11:19:49] INFO   ep37: train_loss=1.1818 val_acc=0.7892 val_f1=0.7820 val_uar=0.7892 lr=3.73e-05
[11:19:52] INFO   ep38: train_loss=1.1742 val_acc=0.7833 val_f1=0.7781 val_uar=0.7833 lr=3.45e-05
[11:19:55] INFO   ep39: train_loss=1.1536 val_acc=0.7892 val_f1=0.7839 val_uar=0.7892 lr=3.19e-05
[11:19:57] INFO   ep40: train_loss=1.1557 val_acc=0.7931 val_f1=0.7882 val_uar=0.7931 lr=2.92e-05
[11:20:00] INFO   ep41: train_loss=1.1400 val_acc=0.7961 val_f1=0.7916 val_uar=0.7961 lr=2.67e-05
[11:20:03] INFO   ep42: train_loss=1.1346 val_acc=0.7951 val_f1=0.7900 val_uar=0.7951 lr=2.42e-05
[11:20:06] INFO   ep43: train_loss=1.1188 val_acc=0.7990 val_f1=0.7941 val_uar=0.7990 lr=2.18e-05
[11:20:09] INFO   ep44: train_loss=1.1065 val_acc=0.7961 val_f1=0.7907 val_uar=0.7961 lr=1.95e-05
[11:20:11] INFO   ep45: train_loss=1.1008 val_acc=0.7980 val_f1=0.7928 val_uar=0.7980 lr=1.73e-05
[11:20:14] INFO   ep46: train_loss=1.0900 val_acc=0.7931 val_f1=0.7882 val_uar=0.7931 lr=1.52e-05
[11:20:16] INFO   ep47: train_loss=1.0841 val_acc=0.7980 val_f1=0.7930 val_uar=0.7980 lr=1.32e-05
[11:20:19] INFO   ep48: train_loss=1.0886 val_acc=0.8069 val_f1=0.8015 val_uar=0.8069 lr=1.13e-05
[11:20:22] INFO   ep49: train_loss=1.0805 val_acc=0.8078 val_f1=0.8020 val_uar=0.8078 lr=9.55e-06
[11:20:25] INFO   ep50: train_loss=1.0672 val_acc=0.8039 val_f1=0.7981 val_uar=0.8039 lr=7.94e-06
[11:20:27] INFO   ep51: train_loss=1.0676 val_acc=0.7951 val_f1=0.7901 val_uar=0.7951 lr=6.46e-06
[11:20:30] INFO   ep52: train_loss=1.0754 val_acc=0.7990 val_f1=0.7938 val_uar=0.7990 lr=5.13e-06
[11:20:33] INFO   ep53: train_loss=1.0671 val_acc=0.8029 val_f1=0.7976 val_uar=0.8029 lr=3.94e-06
[11:20:35] INFO   ep54: train_loss=1.0572 val_acc=0.8010 val_f1=0.7958 val_uar=0.8010 lr=2.91e-06
[11:20:38] INFO   ep55: train_loss=1.0720 val_acc=0.8039 val_f1=0.7980 val_uar=0.8039 lr=2.03e-06
[11:20:41] INFO   ep56: train_loss=1.0705 val_acc=0.8029 val_f1=0.7975 val_uar=0.8029 lr=1.30e-06
[11:20:43] INFO   ep57: train_loss=1.0641 val_acc=0.7990 val_f1=0.7949 val_uar=0.7990 lr=7.32e-07
[11:20:46] INFO   ep58: train_loss=1.0592 val_acc=0.8049 val_f1=0.7992 val_uar=0.8049 lr=3.26e-07
[11:20:49] INFO   ep59: train_loss=1.0742 val_acc=0.8039 val_f1=0.7989 val_uar=0.8039 lr=8.15e-08
[11:20:51] INFO   ep60: train_loss=1.0770 val_acc=0.8039 val_f1=0.7986 val_uar=0.8039 lr=0.00e+00
[11:20:51] INFO [done] resnet50_gray best_val_acc=0.8078 lr_used=0.0001 ckpt=checkpoints\flowers102_resnet50_gray_seed2.pt time=3.2min
[11:20:53] INFO   [E1] eval clean + per colorfulness bin
[11:21:14] INFO   [E2] eval perturbasi warna
[11:27:02] INFO   done resnet50_gray seed2
[11:27:02] INFO ==== flowers102 / resnet50_gray / seed3 (recipe=adamw gray=True) ====
[11:27:03] INFO [train] flowers102/resnet50_gray/seed3 recipe=adamw opt=adamw lr=0.0001 wd=0.05 grayscale=True epochs=60 device=cuda n_train=1020 n_val=1020 bs=64 accum=1
[11:27:35] INFO   ep1: train_loss=4.6256 val_acc=0.0137 val_f1=0.0039 val_uar=0.0137 lr=4.00e-05
[11:27:38] INFO   ep2: train_loss=4.6183 val_acc=0.0167 val_f1=0.0068 val_uar=0.0167 lr=6.00e-05
[11:27:41] INFO   ep3: train_loss=4.6011 val_acc=0.0157 val_f1=0.0089 val_uar=0.0157 lr=8.00e-05
[11:27:44] INFO   ep4: train_loss=4.5807 val_acc=0.0314 val_f1=0.0179 val_uar=0.0314 lr=1.00e-04
[11:27:46] INFO   ep5: train_loss=4.5498 val_acc=0.0637 val_f1=0.0497 val_uar=0.0637 lr=1.00e-04
[11:27:49] INFO   ep6: train_loss=4.5073 val_acc=0.0971 val_f1=0.0863 val_uar=0.0971 lr=9.99e-05
[11:27:52] INFO   ep7: train_loss=4.4530 val_acc=0.1078 val_f1=0.0951 val_uar=0.1078 lr=9.97e-05
[11:27:54] INFO   ep8: train_loss=4.3912 val_acc=0.1863 val_f1=0.1780 val_uar=0.1863 lr=9.93e-05
[11:27:57] INFO   ep9: train_loss=4.3087 val_acc=0.2627 val_f1=0.2594 val_uar=0.2627 lr=9.87e-05
[11:28:00] INFO   ep10: train_loss=4.1985 val_acc=0.2980 val_f1=0.2962 val_uar=0.2980 lr=9.80e-05
[11:28:03] INFO   ep11: train_loss=4.0686 val_acc=0.3716 val_f1=0.3577 val_uar=0.3716 lr=9.71e-05
[11:28:05] INFO   ep12: train_loss=3.9199 val_acc=0.3686 val_f1=0.3575 val_uar=0.3686 lr=9.61e-05
[11:28:08] INFO   ep13: train_loss=3.7237 val_acc=0.4578 val_f1=0.4324 val_uar=0.4578 lr=9.49e-05
[11:28:11] INFO   ep14: train_loss=3.5181 val_acc=0.4618 val_f1=0.4460 val_uar=0.4618 lr=9.35e-05
[11:28:13] INFO   ep15: train_loss=3.3193 val_acc=0.5490 val_f1=0.5353 val_uar=0.5490 lr=9.21e-05
[11:28:16] INFO   ep16: train_loss=3.1011 val_acc=0.5765 val_f1=0.5592 val_uar=0.5765 lr=9.05e-05
[11:28:19] INFO   ep17: train_loss=2.8786 val_acc=0.6098 val_f1=0.5920 val_uar=0.6098 lr=8.87e-05
[11:28:21] INFO   ep18: train_loss=2.6795 val_acc=0.6206 val_f1=0.6048 val_uar=0.6206 lr=8.68e-05
[11:28:24] INFO   ep19: train_loss=2.4814 val_acc=0.6647 val_f1=0.6488 val_uar=0.6647 lr=8.48e-05
[11:28:27] INFO   ep20: train_loss=2.3117 val_acc=0.6725 val_f1=0.6585 val_uar=0.6725 lr=8.27e-05
[11:28:30] INFO   ep21: train_loss=2.1714 val_acc=0.6931 val_f1=0.6792 val_uar=0.6931 lr=8.05e-05
[11:28:32] INFO   ep22: train_loss=2.0259 val_acc=0.7069 val_f1=0.6951 val_uar=0.7069 lr=7.82e-05
[11:28:35] INFO   ep23: train_loss=1.9219 val_acc=0.7324 val_f1=0.7217 val_uar=0.7324 lr=7.58e-05
[11:28:38] INFO   ep24: train_loss=1.7878 val_acc=0.7402 val_f1=0.7294 val_uar=0.7402 lr=7.33e-05
[11:28:40] INFO   ep25: train_loss=1.7161 val_acc=0.7422 val_f1=0.7291 val_uar=0.7422 lr=7.08e-05
[11:28:43] INFO   ep26: train_loss=1.6145 val_acc=0.7431 val_f1=0.7323 val_uar=0.7431 lr=6.81e-05
[11:28:46] INFO   ep27: train_loss=1.5431 val_acc=0.7608 val_f1=0.7497 val_uar=0.7608 lr=6.55e-05
[11:28:48] INFO   ep28: train_loss=1.4773 val_acc=0.7745 val_f1=0.7663 val_uar=0.7745 lr=6.27e-05
[11:28:51] INFO   ep29: train_loss=1.4269 val_acc=0.7735 val_f1=0.7642 val_uar=0.7735 lr=5.99e-05
[11:28:54] INFO   ep30: train_loss=1.3884 val_acc=0.7814 val_f1=0.7733 val_uar=0.7814 lr=5.71e-05
[11:28:57] INFO   ep31: train_loss=1.3437 val_acc=0.7765 val_f1=0.7701 val_uar=0.7765 lr=5.43e-05
[11:28:59] INFO   ep32: train_loss=1.3143 val_acc=0.7873 val_f1=0.7776 val_uar=0.7873 lr=5.14e-05
[11:29:02] INFO   ep33: train_loss=1.2933 val_acc=0.7941 val_f1=0.7873 val_uar=0.7941 lr=4.86e-05
[11:29:05] INFO   ep34: train_loss=1.2465 val_acc=0.8029 val_f1=0.7953 val_uar=0.8029 lr=4.57e-05
[11:29:07] INFO   ep35: train_loss=1.2186 val_acc=0.8000 val_f1=0.7920 val_uar=0.8000 lr=4.29e-05
[11:29:10] INFO   ep36: train_loss=1.2035 val_acc=0.8000 val_f1=0.7922 val_uar=0.8000 lr=4.01e-05
[11:29:13] INFO   ep37: train_loss=1.1878 val_acc=0.8049 val_f1=0.7997 val_uar=0.8049 lr=3.73e-05
[11:29:15] INFO   ep38: train_loss=1.1724 val_acc=0.8049 val_f1=0.7988 val_uar=0.8049 lr=3.45e-05
[11:29:18] INFO   ep39: train_loss=1.1538 val_acc=0.8020 val_f1=0.7956 val_uar=0.8020 lr=3.19e-05
[11:29:21] INFO   ep40: train_loss=1.1361 val_acc=0.8108 val_f1=0.8063 val_uar=0.8108 lr=2.92e-05
[11:29:23] INFO   ep41: train_loss=1.1360 val_acc=0.8157 val_f1=0.8095 val_uar=0.8157 lr=2.67e-05
[11:29:26] INFO   ep42: train_loss=1.1083 val_acc=0.8147 val_f1=0.8087 val_uar=0.8147 lr=2.42e-05
[11:29:29] INFO   ep43: train_loss=1.1192 val_acc=0.8167 val_f1=0.8108 val_uar=0.8167 lr=2.18e-05
[11:29:31] INFO   ep44: train_loss=1.0963 val_acc=0.8206 val_f1=0.8159 val_uar=0.8206 lr=1.95e-05
[11:29:34] INFO   ep45: train_loss=1.1030 val_acc=0.8235 val_f1=0.8194 val_uar=0.8235 lr=1.73e-05
[11:29:37] INFO   ep46: train_loss=1.0944 val_acc=0.8157 val_f1=0.8108 val_uar=0.8157 lr=1.52e-05
[11:29:40] INFO   ep47: train_loss=1.0926 val_acc=0.8225 val_f1=0.8172 val_uar=0.8225 lr=1.32e-05
[11:29:43] INFO   ep48: train_loss=1.0870 val_acc=0.8176 val_f1=0.8108 val_uar=0.8176 lr=1.13e-05
[11:29:45] INFO   ep49: train_loss=1.0911 val_acc=0.8147 val_f1=0.8096 val_uar=0.8147 lr=9.55e-06
[11:29:48] INFO   ep50: train_loss=1.0868 val_acc=0.8216 val_f1=0.8164 val_uar=0.8216 lr=7.94e-06
[11:29:51] INFO   ep51: train_loss=1.0718 val_acc=0.8225 val_f1=0.8187 val_uar=0.8225 lr=6.46e-06
[11:29:53] INFO   ep52: train_loss=1.0683 val_acc=0.8206 val_f1=0.8162 val_uar=0.8206 lr=5.13e-06
[11:29:56] INFO   ep53: train_loss=1.0574 val_acc=0.8206 val_f1=0.8163 val_uar=0.8206 lr=3.94e-06
[11:29:59] INFO   ep54: train_loss=1.0781 val_acc=0.8245 val_f1=0.8205 val_uar=0.8245 lr=2.91e-06
[11:30:02] INFO   ep55: train_loss=1.0624 val_acc=0.8225 val_f1=0.8178 val_uar=0.8225 lr=2.03e-06
[11:30:04] INFO   ep56: train_loss=1.0767 val_acc=0.8225 val_f1=0.8167 val_uar=0.8225 lr=1.30e-06
[11:30:07] INFO   ep57: train_loss=1.0621 val_acc=0.8206 val_f1=0.8154 val_uar=0.8206 lr=7.32e-07
[11:30:10] INFO   ep58: train_loss=1.0606 val_acc=0.8206 val_f1=0.8157 val_uar=0.8206 lr=3.26e-07
[11:30:13] INFO   ep59: train_loss=1.0730 val_acc=0.8284 val_f1=0.8246 val_uar=0.8284 lr=8.15e-08
[11:30:16] INFO   ep60: train_loss=1.0703 val_acc=0.8225 val_f1=0.8174 val_uar=0.8225 lr=0.00e+00
[11:30:16] INFO [done] resnet50_gray best_val_acc=0.8284 lr_used=0.0001 ckpt=checkpoints\flowers102_resnet50_gray_seed3.pt time=3.2min
[11:30:17] INFO   [E1] eval clean + per colorfulness bin
[11:30:38] INFO   [E2] eval perturbasi warna
[11:36:22] INFO   done resnet50_gray seed3
[11:36:22] INFO ==== flowers102 / resnet50_gray / seed4 (recipe=adamw gray=True) ====
[11:36:22] INFO [train] flowers102/resnet50_gray/seed4 recipe=adamw opt=adamw lr=0.0001 wd=0.05 grayscale=True epochs=60 device=cuda n_train=1020 n_val=1020 bs=64 accum=1
[11:36:52] INFO   ep1: train_loss=4.6263 val_acc=0.0078 val_f1=0.0034 val_uar=0.0078 lr=4.00e-05
[11:36:55] INFO   ep2: train_loss=4.6203 val_acc=0.0157 val_f1=0.0046 val_uar=0.0157 lr=6.00e-05
[11:36:58] INFO   ep3: train_loss=4.6036 val_acc=0.0176 val_f1=0.0101 val_uar=0.0176 lr=8.00e-05
[11:37:01] INFO   ep4: train_loss=4.5811 val_acc=0.0353 val_f1=0.0262 val_uar=0.0353 lr=1.00e-04
[11:37:03] INFO   ep5: train_loss=4.5513 val_acc=0.0559 val_f1=0.0481 val_uar=0.0559 lr=1.00e-04
[11:37:06] INFO   ep6: train_loss=4.5110 val_acc=0.1020 val_f1=0.0891 val_uar=0.1020 lr=9.99e-05
[11:37:09] INFO   ep7: train_loss=4.4580 val_acc=0.1343 val_f1=0.1203 val_uar=0.1343 lr=9.97e-05
[11:37:11] INFO   ep8: train_loss=4.3947 val_acc=0.2118 val_f1=0.1877 val_uar=0.2118 lr=9.93e-05
[11:37:14] INFO   ep9: train_loss=4.3139 val_acc=0.2333 val_f1=0.2149 val_uar=0.2333 lr=9.87e-05
[11:37:17] INFO   ep10: train_loss=4.2071 val_acc=0.2843 val_f1=0.2765 val_uar=0.2843 lr=9.80e-05
[11:37:20] INFO   ep11: train_loss=4.0722 val_acc=0.3206 val_f1=0.3089 val_uar=0.3206 lr=9.71e-05
[11:37:22] INFO   ep12: train_loss=3.9143 val_acc=0.4020 val_f1=0.3812 val_uar=0.4020 lr=9.61e-05
[11:37:25] INFO   ep13: train_loss=3.7347 val_acc=0.4304 val_f1=0.4030 val_uar=0.4304 lr=9.49e-05
[11:37:28] INFO   ep14: train_loss=3.5507 val_acc=0.5000 val_f1=0.4799 val_uar=0.5000 lr=9.35e-05
[11:37:31] INFO   ep15: train_loss=3.3328 val_acc=0.5059 val_f1=0.4817 val_uar=0.5059 lr=9.21e-05
[11:37:34] INFO   ep16: train_loss=3.1238 val_acc=0.5637 val_f1=0.5450 val_uar=0.5637 lr=9.05e-05
[11:37:37] INFO   ep17: train_loss=2.9050 val_acc=0.5765 val_f1=0.5559 val_uar=0.5765 lr=8.87e-05
[11:37:39] INFO   ep18: train_loss=2.6931 val_acc=0.6245 val_f1=0.6038 val_uar=0.6245 lr=8.68e-05
[11:37:42] INFO   ep19: train_loss=2.5037 val_acc=0.6588 val_f1=0.6392 val_uar=0.6588 lr=8.48e-05
[11:37:45] INFO   ep20: train_loss=2.3135 val_acc=0.6627 val_f1=0.6428 val_uar=0.6627 lr=8.27e-05
[11:37:48] INFO   ep21: train_loss=2.1904 val_acc=0.6892 val_f1=0.6709 val_uar=0.6892 lr=8.05e-05
[11:37:51] INFO   ep22: train_loss=2.0462 val_acc=0.6971 val_f1=0.6800 val_uar=0.6971 lr=7.82e-05
[11:37:54] INFO   ep23: train_loss=1.9101 val_acc=0.7118 val_f1=0.7007 val_uar=0.7118 lr=7.58e-05
[11:37:57] INFO   ep24: train_loss=1.8143 val_acc=0.7314 val_f1=0.7186 val_uar=0.7314 lr=7.33e-05
[11:38:00] INFO   ep25: train_loss=1.7248 val_acc=0.7431 val_f1=0.7313 val_uar=0.7431 lr=7.08e-05
[11:38:02] INFO   ep26: train_loss=1.6410 val_acc=0.7422 val_f1=0.7325 val_uar=0.7422 lr=6.81e-05
[11:38:05] INFO   ep27: train_loss=1.5550 val_acc=0.7647 val_f1=0.7566 val_uar=0.7647 lr=6.55e-05
[11:38:08] INFO   ep28: train_loss=1.5118 val_acc=0.7686 val_f1=0.7583 val_uar=0.7686 lr=6.27e-05
[11:38:11] INFO   ep29: train_loss=1.4495 val_acc=0.7853 val_f1=0.7798 val_uar=0.7853 lr=5.99e-05
[11:38:14] INFO   ep30: train_loss=1.4130 val_acc=0.7843 val_f1=0.7773 val_uar=0.7843 lr=5.71e-05
[11:38:16] INFO   ep31: train_loss=1.3743 val_acc=0.7863 val_f1=0.7801 val_uar=0.7863 lr=5.43e-05
[11:38:19] INFO   ep32: train_loss=1.3191 val_acc=0.7814 val_f1=0.7767 val_uar=0.7814 lr=5.14e-05
[11:38:22] INFO   ep33: train_loss=1.3072 val_acc=0.8000 val_f1=0.7952 val_uar=0.8000 lr=4.86e-05
[11:38:25] INFO   ep34: train_loss=1.2680 val_acc=0.7941 val_f1=0.7908 val_uar=0.7941 lr=4.57e-05
[11:38:28] INFO   ep35: train_loss=1.2256 val_acc=0.8000 val_f1=0.7957 val_uar=0.8000 lr=4.29e-05
[11:38:30] INFO   ep36: train_loss=1.2177 val_acc=0.8059 val_f1=0.8029 val_uar=0.8059 lr=4.01e-05
[11:38:33] INFO   ep37: train_loss=1.2092 val_acc=0.8020 val_f1=0.7982 val_uar=0.8020 lr=3.73e-05
[11:38:36] INFO   ep38: train_loss=1.1819 val_acc=0.8098 val_f1=0.8056 val_uar=0.8098 lr=3.45e-05
[11:38:39] INFO   ep39: train_loss=1.1674 val_acc=0.8078 val_f1=0.8041 val_uar=0.8078 lr=3.19e-05
[11:38:42] INFO   ep40: train_loss=1.1437 val_acc=0.8088 val_f1=0.8058 val_uar=0.8088 lr=2.92e-05
[11:38:45] INFO   ep41: train_loss=1.1288 val_acc=0.7980 val_f1=0.7953 val_uar=0.7980 lr=2.67e-05
[11:38:48] INFO   ep42: train_loss=1.1285 val_acc=0.8059 val_f1=0.8022 val_uar=0.8059 lr=2.42e-05
[11:38:50] INFO   ep43: train_loss=1.1239 val_acc=0.8029 val_f1=0.7994 val_uar=0.8029 lr=2.18e-05
[11:38:53] INFO   ep44: train_loss=1.1052 val_acc=0.8157 val_f1=0.8129 val_uar=0.8157 lr=1.95e-05
[11:38:56] INFO   ep45: train_loss=1.0942 val_acc=0.8108 val_f1=0.8079 val_uar=0.8108 lr=1.73e-05
[11:38:59] INFO   ep46: train_loss=1.0945 val_acc=0.8147 val_f1=0.8109 val_uar=0.8147 lr=1.52e-05
[11:39:02] INFO   ep47: train_loss=1.0973 val_acc=0.8167 val_f1=0.8135 val_uar=0.8167 lr=1.32e-05
[11:39:05] INFO   ep48: train_loss=1.0877 val_acc=0.8118 val_f1=0.8078 val_uar=0.8118 lr=1.13e-05
[11:39:07] INFO   ep49: train_loss=1.0881 val_acc=0.8157 val_f1=0.8140 val_uar=0.8157 lr=9.55e-06
[11:39:10] INFO   ep50: train_loss=1.0803 val_acc=0.8118 val_f1=0.8086 val_uar=0.8118 lr=7.94e-06
[11:39:13] INFO   ep51: train_loss=1.0756 val_acc=0.8147 val_f1=0.8122 val_uar=0.8147 lr=6.46e-06
[11:39:16] INFO   ep52: train_loss=1.0740 val_acc=0.8157 val_f1=0.8128 val_uar=0.8157 lr=5.13e-06
[11:39:18] INFO   ep53: train_loss=1.0695 val_acc=0.8186 val_f1=0.8157 val_uar=0.8186 lr=3.94e-06
[11:39:21] INFO   ep54: train_loss=1.0747 val_acc=0.8137 val_f1=0.8116 val_uar=0.8137 lr=2.91e-06
[11:39:24] INFO   ep55: train_loss=1.0806 val_acc=0.8137 val_f1=0.8109 val_uar=0.8137 lr=2.03e-06
[11:39:26] INFO   ep56: train_loss=1.0726 val_acc=0.8147 val_f1=0.8123 val_uar=0.8147 lr=1.30e-06
[11:39:29] INFO   ep57: train_loss=1.0717 val_acc=0.8137 val_f1=0.8108 val_uar=0.8137 lr=7.32e-07
[11:39:32] INFO   ep58: train_loss=1.0803 val_acc=0.8167 val_f1=0.8139 val_uar=0.8167 lr=3.26e-07
[11:39:35] INFO   ep59: train_loss=1.0653 val_acc=0.8176 val_f1=0.8151 val_uar=0.8176 lr=8.15e-08
[11:39:37] INFO   ep60: train_loss=1.0712 val_acc=0.8157 val_f1=0.8125 val_uar=0.8157 lr=0.00e+00
[11:39:37] INFO [done] resnet50_gray best_val_acc=0.8186 lr_used=0.0001 ckpt=checkpoints\flowers102_resnet50_gray_seed4.pt time=3.3min
[11:39:39] INFO   [E1] eval clean + per colorfulness bin
[11:39:59] INFO   [E2] eval perturbasi warna
[11:45:33] INFO   done resnet50_gray seed4
[11:45:33] INFO ==== flowers102 / convnext_tiny_gray / seed0 (recipe=adamw gray=True) ====
[11:45:34] INFO [train] flowers102/convnext_tiny_gray/seed0 recipe=adamw opt=adamw lr=0.0001 wd=0.05 grayscale=True epochs=60 device=cuda n_train=1020 n_val=1020 bs=64 accum=1
[11:46:12] INFO   ep1: train_loss=4.7543 val_acc=0.0814 val_f1=0.0506 val_uar=0.0814 lr=4.00e-05
[11:46:15] INFO   ep2: train_loss=3.7603 val_acc=0.5343 val_f1=0.4990 val_uar=0.5343 lr=6.00e-05
[11:46:18] INFO   ep3: train_loss=1.9393 val_acc=0.8490 val_f1=0.8427 val_uar=0.8490 lr=8.00e-05
[11:46:21] INFO   ep4: train_loss=1.0600 val_acc=0.9098 val_f1=0.9094 val_uar=0.9098 lr=1.00e-04
[11:46:24] INFO   ep5: train_loss=0.9023 val_acc=0.9333 val_f1=0.9326 val_uar=0.9333 lr=1.00e-04
[11:46:27] INFO   ep6: train_loss=0.8651 val_acc=0.9431 val_f1=0.9414 val_uar=0.9431 lr=9.99e-05
[11:46:30] INFO   ep7: train_loss=0.8438 val_acc=0.9549 val_f1=0.9544 val_uar=0.9549 lr=9.97e-05
[11:46:33] INFO   ep8: train_loss=0.8278 val_acc=0.9539 val_f1=0.9532 val_uar=0.9539 lr=9.93e-05
[11:46:35] INFO   ep9: train_loss=0.8211 val_acc=0.9637 val_f1=0.9633 val_uar=0.9637 lr=9.87e-05
[11:46:38] INFO   ep10: train_loss=0.8156 val_acc=0.9627 val_f1=0.9624 val_uar=0.9627 lr=9.80e-05
[11:46:41] INFO   ep11: train_loss=0.8125 val_acc=0.9588 val_f1=0.9578 val_uar=0.9588 lr=9.71e-05
[11:46:44] INFO   ep12: train_loss=0.8095 val_acc=0.9598 val_f1=0.9591 val_uar=0.9598 lr=9.61e-05
[11:46:47] INFO   ep13: train_loss=0.8079 val_acc=0.9627 val_f1=0.9619 val_uar=0.9627 lr=9.49e-05
[11:46:49] INFO   ep14: train_loss=0.8050 val_acc=0.9637 val_f1=0.9630 val_uar=0.9637 lr=9.35e-05
[11:46:52] INFO   ep15: train_loss=0.8036 val_acc=0.9637 val_f1=0.9630 val_uar=0.9637 lr=9.21e-05
[11:46:55] INFO   ep16: train_loss=0.8021 val_acc=0.9686 val_f1=0.9681 val_uar=0.9686 lr=9.05e-05
[11:46:58] INFO   ep17: train_loss=0.8014 val_acc=0.9618 val_f1=0.9609 val_uar=0.9618 lr=8.87e-05
[11:47:01] INFO   ep18: train_loss=0.8000 val_acc=0.9637 val_f1=0.9632 val_uar=0.9637 lr=8.68e-05
[11:47:04] INFO   ep19: train_loss=0.7989 val_acc=0.9647 val_f1=0.9641 val_uar=0.9647 lr=8.48e-05
[11:47:07] INFO   ep20: train_loss=0.7991 val_acc=0.9667 val_f1=0.9660 val_uar=0.9667 lr=8.27e-05
[11:47:09] INFO   ep21: train_loss=0.7980 val_acc=0.9647 val_f1=0.9638 val_uar=0.9647 lr=8.05e-05
[11:47:12] INFO   ep22: train_loss=0.7974 val_acc=0.9647 val_f1=0.9640 val_uar=0.9647 lr=7.82e-05
[11:47:15] INFO   ep23: train_loss=0.7966 val_acc=0.9618 val_f1=0.9609 val_uar=0.9618 lr=7.58e-05
[11:47:18] INFO   ep24: train_loss=0.7958 val_acc=0.9686 val_f1=0.9680 val_uar=0.9686 lr=7.33e-05
[11:47:21] INFO   ep25: train_loss=0.7950 val_acc=0.9676 val_f1=0.9672 val_uar=0.9676 lr=7.08e-05
[11:47:23] INFO   ep26: train_loss=0.7938 val_acc=0.9657 val_f1=0.9650 val_uar=0.9657 lr=6.81e-05
[11:47:26] INFO   ep27: train_loss=0.7935 val_acc=0.9686 val_f1=0.9680 val_uar=0.9686 lr=6.55e-05
[11:47:29] INFO   ep28: train_loss=0.7928 val_acc=0.9618 val_f1=0.9611 val_uar=0.9618 lr=6.27e-05
[11:47:32] INFO   ep29: train_loss=0.7924 val_acc=0.9686 val_f1=0.9678 val_uar=0.9686 lr=5.99e-05
[11:47:35] INFO   ep30: train_loss=0.7923 val_acc=0.9686 val_f1=0.9678 val_uar=0.9686 lr=5.71e-05
[11:47:38] INFO   ep31: train_loss=0.7916 val_acc=0.9657 val_f1=0.9650 val_uar=0.9657 lr=5.43e-05
[11:47:40] INFO   ep32: train_loss=0.7913 val_acc=0.9686 val_f1=0.9680 val_uar=0.9686 lr=5.14e-05
[11:47:43] INFO   ep33: train_loss=0.7917 val_acc=0.9676 val_f1=0.9669 val_uar=0.9676 lr=4.86e-05
[11:47:46] INFO   ep34: train_loss=0.7912 val_acc=0.9696 val_f1=0.9689 val_uar=0.9696 lr=4.57e-05
[11:47:49] INFO   ep35: train_loss=0.7909 val_acc=0.9657 val_f1=0.9650 val_uar=0.9657 lr=4.29e-05
[11:47:52] INFO   ep36: train_loss=0.7905 val_acc=0.9686 val_f1=0.9680 val_uar=0.9686 lr=4.01e-05
[11:47:55] INFO   ep37: train_loss=0.7903 val_acc=0.9667 val_f1=0.9660 val_uar=0.9667 lr=3.73e-05
[11:47:58] INFO   ep38: train_loss=0.7903 val_acc=0.9676 val_f1=0.9670 val_uar=0.9676 lr=3.45e-05
[11:48:00] INFO   ep39: train_loss=0.7903 val_acc=0.9686 val_f1=0.9680 val_uar=0.9686 lr=3.19e-05
[11:48:03] INFO   ep40: train_loss=0.7897 val_acc=0.9696 val_f1=0.9692 val_uar=0.9696 lr=2.92e-05
[11:48:06] INFO   ep41: train_loss=0.7898 val_acc=0.9676 val_f1=0.9668 val_uar=0.9676 lr=2.67e-05
[11:48:09] INFO   ep42: train_loss=0.7893 val_acc=0.9686 val_f1=0.9680 val_uar=0.9686 lr=2.42e-05
[11:48:12] INFO   ep43: train_loss=0.7890 val_acc=0.9686 val_f1=0.9680 val_uar=0.9686 lr=2.18e-05
[11:48:15] INFO   ep44: train_loss=0.7887 val_acc=0.9686 val_f1=0.9680 val_uar=0.9686 lr=1.95e-05
[11:48:18] INFO   ep45: train_loss=0.7886 val_acc=0.9676 val_f1=0.9668 val_uar=0.9676 lr=1.73e-05
[11:48:20] INFO   ep46: train_loss=0.7885 val_acc=0.9686 val_f1=0.9680 val_uar=0.9686 lr=1.52e-05
[11:48:23] INFO   ep47: train_loss=0.7885 val_acc=0.9686 val_f1=0.9680 val_uar=0.9686 lr=1.32e-05
[11:48:26] INFO   ep48: train_loss=0.7887 val_acc=0.9686 val_f1=0.9680 val_uar=0.9686 lr=1.13e-05
[11:48:29] INFO   ep49: train_loss=0.7883 val_acc=0.9696 val_f1=0.9690 val_uar=0.9696 lr=9.55e-06
[11:48:32] INFO   ep50: train_loss=0.7884 val_acc=0.9706 val_f1=0.9701 val_uar=0.9706 lr=7.94e-06
[11:48:35] INFO   ep51: train_loss=0.7887 val_acc=0.9696 val_f1=0.9692 val_uar=0.9696 lr=6.46e-06
[11:48:38] INFO   ep52: train_loss=0.7883 val_acc=0.9696 val_f1=0.9692 val_uar=0.9696 lr=5.13e-06
[11:48:40] INFO   ep53: train_loss=0.7881 val_acc=0.9696 val_f1=0.9692 val_uar=0.9696 lr=3.94e-06
[11:48:43] INFO   ep54: train_loss=0.7881 val_acc=0.9696 val_f1=0.9692 val_uar=0.9696 lr=2.91e-06
[11:48:46] INFO   ep55: train_loss=0.7880 val_acc=0.9696 val_f1=0.9692 val_uar=0.9696 lr=2.03e-06
[11:48:49] INFO   ep56: train_loss=0.7880 val_acc=0.9696 val_f1=0.9692 val_uar=0.9696 lr=1.30e-06
[11:48:52] INFO   ep57: train_loss=0.7880 val_acc=0.9696 val_f1=0.9692 val_uar=0.9696 lr=7.32e-07
[11:48:55] INFO   ep58: train_loss=0.7880 val_acc=0.9696 val_f1=0.9692 val_uar=0.9696 lr=3.26e-07
[11:48:57] INFO   ep59: train_loss=0.7881 val_acc=0.9696 val_f1=0.9692 val_uar=0.9696 lr=8.15e-08
[11:49:00] INFO   ep60: train_loss=0.7881 val_acc=0.9696 val_f1=0.9692 val_uar=0.9696 lr=0.00e+00
[11:49:00] INFO [done] convnext_tiny_gray best_val_acc=0.9706 lr_used=0.0001 ckpt=checkpoints\flowers102_convnext_tiny_gray_seed0.pt time=3.5min
[11:49:02] INFO   [E1] eval clean + per colorfulness bin
[11:49:23] INFO   [E2] eval perturbasi warna
[11:54:56] INFO   done convnext_tiny_gray seed0
[11:54:56] INFO ==== flowers102 / convnext_tiny_gray / seed1 (recipe=adamw gray=True) ====
[11:54:56] INFO [train] flowers102/convnext_tiny_gray/seed1 recipe=adamw opt=adamw lr=0.0001 wd=0.05 grayscale=True epochs=60 device=cuda n_train=1020 n_val=1020 bs=64 accum=1
[11:55:27] INFO   ep1: train_loss=4.7070 val_acc=0.0990 val_f1=0.0726 val_uar=0.0990 lr=4.00e-05
[11:55:30] INFO   ep2: train_loss=3.6335 val_acc=0.5755 val_f1=0.5452 val_uar=0.5755 lr=6.00e-05
[11:55:32] INFO   ep3: train_loss=1.7395 val_acc=0.8706 val_f1=0.8652 val_uar=0.8706 lr=8.00e-05
[11:55:35] INFO   ep4: train_loss=1.0164 val_acc=0.9196 val_f1=0.9211 val_uar=0.9196 lr=1.00e-04
[11:55:38] INFO   ep5: train_loss=0.9058 val_acc=0.9235 val_f1=0.9227 val_uar=0.9235 lr=1.00e-04
[11:55:41] INFO   ep6: train_loss=0.8634 val_acc=0.9461 val_f1=0.9457 val_uar=0.9461 lr=9.99e-05
[11:55:43] INFO   ep7: train_loss=0.8404 val_acc=0.9480 val_f1=0.9480 val_uar=0.9480 lr=9.97e-05
[11:55:46] INFO   ep8: train_loss=0.8298 val_acc=0.9451 val_f1=0.9447 val_uar=0.9451 lr=9.93e-05
[11:55:49] INFO   ep9: train_loss=0.8234 val_acc=0.9539 val_f1=0.9532 val_uar=0.9539 lr=9.87e-05
[11:55:52] INFO   ep10: train_loss=0.8174 val_acc=0.9578 val_f1=0.9576 val_uar=0.9578 lr=9.80e-05
[11:55:55] INFO   ep11: train_loss=0.8123 val_acc=0.9578 val_f1=0.9574 val_uar=0.9578 lr=9.71e-05
[11:55:58] INFO   ep12: train_loss=0.8085 val_acc=0.9569 val_f1=0.9565 val_uar=0.9569 lr=9.61e-05
[11:56:00] INFO   ep13: train_loss=0.8070 val_acc=0.9608 val_f1=0.9604 val_uar=0.9608 lr=9.49e-05
[11:56:03] INFO   ep14: train_loss=0.8053 val_acc=0.9598 val_f1=0.9602 val_uar=0.9598 lr=9.35e-05
[11:56:06] INFO   ep15: train_loss=0.8035 val_acc=0.9637 val_f1=0.9634 val_uar=0.9637 lr=9.21e-05
[11:56:09] INFO   ep16: train_loss=0.8034 val_acc=0.9637 val_f1=0.9629 val_uar=0.9637 lr=9.05e-05
[11:56:12] INFO   ep17: train_loss=0.8039 val_acc=0.9667 val_f1=0.9668 val_uar=0.9667 lr=8.87e-05
[11:56:15] INFO   ep18: train_loss=0.8011 val_acc=0.9627 val_f1=0.9623 val_uar=0.9627 lr=8.68e-05
[11:56:17] INFO   ep19: train_loss=0.7992 val_acc=0.9637 val_f1=0.9634 val_uar=0.9637 lr=8.48e-05
[11:56:20] INFO   ep20: train_loss=0.7984 val_acc=0.9618 val_f1=0.9614 val_uar=0.9618 lr=8.27e-05
[11:56:23] INFO   ep21: train_loss=0.7974 val_acc=0.9618 val_f1=0.9609 val_uar=0.9618 lr=8.05e-05
[11:56:26] INFO   ep22: train_loss=0.7968 val_acc=0.9647 val_f1=0.9639 val_uar=0.9647 lr=7.82e-05
[11:56:29] INFO   ep23: train_loss=0.7963 val_acc=0.9657 val_f1=0.9658 val_uar=0.9657 lr=7.58e-05
[11:56:31] INFO   ep24: train_loss=0.7954 val_acc=0.9667 val_f1=0.9663 val_uar=0.9667 lr=7.33e-05
[11:56:34] INFO   ep25: train_loss=0.7947 val_acc=0.9657 val_f1=0.9649 val_uar=0.9657 lr=7.08e-05
[11:56:37] INFO   ep26: train_loss=0.7942 val_acc=0.9657 val_f1=0.9655 val_uar=0.9657 lr=6.81e-05
[11:56:40] INFO   ep27: train_loss=0.7940 val_acc=0.9647 val_f1=0.9645 val_uar=0.9647 lr=6.55e-05
[11:56:43] INFO   ep28: train_loss=0.7936 val_acc=0.9647 val_f1=0.9643 val_uar=0.9647 lr=6.27e-05
[11:56:45] INFO   ep29: train_loss=0.7933 val_acc=0.9637 val_f1=0.9631 val_uar=0.9637 lr=5.99e-05
[11:56:48] INFO   ep30: train_loss=0.7924 val_acc=0.9657 val_f1=0.9655 val_uar=0.9657 lr=5.71e-05
[11:56:51] INFO   ep31: train_loss=0.7920 val_acc=0.9647 val_f1=0.9642 val_uar=0.9647 lr=5.43e-05
[11:56:54] INFO   ep32: train_loss=0.7917 val_acc=0.9618 val_f1=0.9611 val_uar=0.9618 lr=5.14e-05
[11:56:56] INFO   ep33: train_loss=0.7914 val_acc=0.9657 val_f1=0.9654 val_uar=0.9657 lr=4.86e-05
[11:56:59] INFO   ep34: train_loss=0.7910 val_acc=0.9647 val_f1=0.9643 val_uar=0.9647 lr=4.57e-05
[11:57:02] INFO   ep35: train_loss=0.7906 val_acc=0.9676 val_f1=0.9671 val_uar=0.9676 lr=4.29e-05
[11:57:05] INFO   ep36: train_loss=0.7902 val_acc=0.9667 val_f1=0.9664 val_uar=0.9667 lr=4.01e-05
[11:57:08] INFO   ep37: train_loss=0.7900 val_acc=0.9657 val_f1=0.9653 val_uar=0.9657 lr=3.73e-05
[11:57:10] INFO   ep38: train_loss=0.7900 val_acc=0.9647 val_f1=0.9644 val_uar=0.9647 lr=3.45e-05
[11:57:13] INFO   ep39: train_loss=0.7895 val_acc=0.9657 val_f1=0.9651 val_uar=0.9657 lr=3.19e-05
[11:57:16] INFO   ep40: train_loss=0.7892 val_acc=0.9637 val_f1=0.9633 val_uar=0.9637 lr=2.92e-05
[11:57:19] INFO   ep41: train_loss=0.7891 val_acc=0.9676 val_f1=0.9673 val_uar=0.9676 lr=2.67e-05
[11:57:22] INFO   ep42: train_loss=0.7888 val_acc=0.9667 val_f1=0.9661 val_uar=0.9667 lr=2.42e-05
[11:57:25] INFO   ep43: train_loss=0.7887 val_acc=0.9657 val_f1=0.9651 val_uar=0.9657 lr=2.18e-05
[11:57:27] INFO   ep44: train_loss=0.7887 val_acc=0.9647 val_f1=0.9642 val_uar=0.9647 lr=1.95e-05
[11:57:30] INFO   ep45: train_loss=0.7885 val_acc=0.9647 val_f1=0.9642 val_uar=0.9647 lr=1.73e-05
[11:57:33] INFO   ep46: train_loss=0.7886 val_acc=0.9647 val_f1=0.9641 val_uar=0.9647 lr=1.52e-05
[11:57:36] INFO   ep47: train_loss=0.7885 val_acc=0.9657 val_f1=0.9650 val_uar=0.9657 lr=1.32e-05
[11:57:38] INFO   ep48: train_loss=0.7882 val_acc=0.9637 val_f1=0.9630 val_uar=0.9637 lr=1.13e-05
[11:57:41] INFO   ep49: train_loss=0.7880 val_acc=0.9627 val_f1=0.9621 val_uar=0.9627 lr=9.55e-06
[11:57:44] INFO   ep50: train_loss=0.7881 val_acc=0.9627 val_f1=0.9620 val_uar=0.9627 lr=7.94e-06
[11:57:47] INFO   ep51: train_loss=0.7879 val_acc=0.9647 val_f1=0.9641 val_uar=0.9647 lr=6.46e-06
[11:57:50] INFO   ep52: train_loss=0.7880 val_acc=0.9647 val_f1=0.9641 val_uar=0.9647 lr=5.13e-06
[11:57:52] INFO   ep53: train_loss=0.7881 val_acc=0.9647 val_f1=0.9640 val_uar=0.9647 lr=3.94e-06
[11:57:55] INFO   ep54: train_loss=0.7878 val_acc=0.9647 val_f1=0.9640 val_uar=0.9647 lr=2.91e-06
[11:57:58] INFO   ep55: train_loss=0.7881 val_acc=0.9637 val_f1=0.9630 val_uar=0.9637 lr=2.03e-06
[11:58:01] INFO   ep56: train_loss=0.7878 val_acc=0.9647 val_f1=0.9640 val_uar=0.9647 lr=1.30e-06
[11:58:04] INFO   ep57: train_loss=0.7878 val_acc=0.9647 val_f1=0.9640 val_uar=0.9647 lr=7.32e-07
[11:58:07] INFO   ep58: train_loss=0.7879 val_acc=0.9647 val_f1=0.9640 val_uar=0.9647 lr=3.26e-07
[11:58:09] INFO   ep59: train_loss=0.7878 val_acc=0.9647 val_f1=0.9640 val_uar=0.9647 lr=8.15e-08
[11:58:12] INFO   ep60: train_loss=0.7878 val_acc=0.9647 val_f1=0.9640 val_uar=0.9647 lr=0.00e+00
[11:58:12] INFO [done] convnext_tiny_gray best_val_acc=0.9676 lr_used=0.0001 ckpt=checkpoints\flowers102_convnext_tiny_gray_seed1.pt time=3.3min
[11:58:14] INFO   [E1] eval clean + per colorfulness bin
[11:58:33] INFO   [E2] eval perturbasi warna
[12:03:57] INFO   done convnext_tiny_gray seed1
[12:03:57] INFO ==== flowers102 / convnext_tiny_gray / seed2 (recipe=adamw gray=True) ====
[12:03:58] INFO [train] flowers102/convnext_tiny_gray/seed2 recipe=adamw opt=adamw lr=0.0001 wd=0.05 grayscale=True epochs=60 device=cuda n_train=1020 n_val=1020 bs=64 accum=1
[12:04:28] INFO   ep1: train_loss=4.6659 val_acc=0.1049 val_f1=0.0761 val_uar=0.1049 lr=4.00e-05
[12:04:30] INFO   ep2: train_loss=3.5557 val_acc=0.5961 val_f1=0.5699 val_uar=0.5961 lr=6.00e-05
[12:04:33] INFO   ep3: train_loss=1.7351 val_acc=0.9039 val_f1=0.9046 val_uar=0.9039 lr=8.00e-05
[12:04:36] INFO   ep4: train_loss=0.9917 val_acc=0.9343 val_f1=0.9330 val_uar=0.9343 lr=1.00e-04
[12:04:39] INFO   ep5: train_loss=0.8950 val_acc=0.9422 val_f1=0.9414 val_uar=0.9422 lr=1.00e-04
[12:04:42] INFO   ep6: train_loss=0.8584 val_acc=0.9539 val_f1=0.9532 val_uar=0.9539 lr=9.99e-05
[12:04:44] INFO   ep7: train_loss=0.8364 val_acc=0.9618 val_f1=0.9613 val_uar=0.9618 lr=9.97e-05
[12:04:47] INFO   ep8: train_loss=0.8264 val_acc=0.9588 val_f1=0.9585 val_uar=0.9588 lr=9.93e-05
[12:04:50] INFO   ep9: train_loss=0.8206 val_acc=0.9667 val_f1=0.9663 val_uar=0.9667 lr=9.87e-05
[12:04:53] INFO   ep10: train_loss=0.8163 val_acc=0.9686 val_f1=0.9682 val_uar=0.9686 lr=9.80e-05
[12:04:56] INFO   ep11: train_loss=0.8123 val_acc=0.9676 val_f1=0.9673 val_uar=0.9676 lr=9.71e-05
[12:04:58] INFO   ep12: train_loss=0.8095 val_acc=0.9716 val_f1=0.9712 val_uar=0.9716 lr=9.61e-05
[12:05:01] INFO   ep13: train_loss=0.8079 val_acc=0.9696 val_f1=0.9691 val_uar=0.9696 lr=9.49e-05
[12:05:04] INFO   ep14: train_loss=0.8074 val_acc=0.9716 val_f1=0.9711 val_uar=0.9716 lr=9.35e-05
[12:05:07] INFO   ep15: train_loss=0.8055 val_acc=0.9696 val_f1=0.9691 val_uar=0.9696 lr=9.21e-05
[12:05:09] INFO   ep16: train_loss=0.8036 val_acc=0.9725 val_f1=0.9721 val_uar=0.9725 lr=9.05e-05
[12:05:12] INFO   ep17: train_loss=0.8022 val_acc=0.9725 val_f1=0.9721 val_uar=0.9725 lr=8.87e-05
[12:05:15] INFO   ep18: train_loss=0.8009 val_acc=0.9686 val_f1=0.9683 val_uar=0.9686 lr=8.68e-05
[12:05:18] INFO   ep19: train_loss=0.7998 val_acc=0.9706 val_f1=0.9700 val_uar=0.9706 lr=8.48e-05
[12:05:20] INFO   ep20: train_loss=0.7987 val_acc=0.9745 val_f1=0.9741 val_uar=0.9745 lr=8.27e-05
[12:05:23] INFO   ep21: train_loss=0.7977 val_acc=0.9696 val_f1=0.9694 val_uar=0.9696 lr=8.05e-05
[12:05:26] INFO   ep22: train_loss=0.7969 val_acc=0.9745 val_f1=0.9739 val_uar=0.9745 lr=7.82e-05
[12:05:29] INFO   ep23: train_loss=0.7959 val_acc=0.9696 val_f1=0.9691 val_uar=0.9696 lr=7.58e-05
[12:05:31] INFO   ep24: train_loss=0.7956 val_acc=0.9745 val_f1=0.9742 val_uar=0.9745 lr=7.33e-05
[12:05:34] INFO   ep25: train_loss=0.7952 val_acc=0.9755 val_f1=0.9750 val_uar=0.9755 lr=7.08e-05
[12:05:37] INFO   ep26: train_loss=0.7946 val_acc=0.9706 val_f1=0.9700 val_uar=0.9706 lr=6.81e-05
[12:05:40] INFO   ep27: train_loss=0.7940 val_acc=0.9745 val_f1=0.9740 val_uar=0.9745 lr=6.55e-05
[12:05:43] INFO   ep28: train_loss=0.7931 val_acc=0.9735 val_f1=0.9731 val_uar=0.9735 lr=6.27e-05
[12:05:45] INFO   ep29: train_loss=0.7926 val_acc=0.9725 val_f1=0.9722 val_uar=0.9725 lr=5.99e-05
[12:05:48] INFO   ep30: train_loss=0.7922 val_acc=0.9755 val_f1=0.9751 val_uar=0.9755 lr=5.71e-05
[12:05:51] INFO   ep31: train_loss=0.7919 val_acc=0.9735 val_f1=0.9731 val_uar=0.9735 lr=5.43e-05
[12:05:54] INFO   ep32: train_loss=0.7915 val_acc=0.9745 val_f1=0.9741 val_uar=0.9745 lr=5.14e-05
[12:05:56] INFO   ep33: train_loss=0.7911 val_acc=0.9725 val_f1=0.9720 val_uar=0.9725 lr=4.86e-05
[12:05:59] INFO   ep34: train_loss=0.7909 val_acc=0.9745 val_f1=0.9741 val_uar=0.9745 lr=4.57e-05
[12:06:02] INFO   ep35: train_loss=0.7906 val_acc=0.9745 val_f1=0.9740 val_uar=0.9745 lr=4.29e-05
[12:06:05] INFO   ep36: train_loss=0.7907 val_acc=0.9735 val_f1=0.9731 val_uar=0.9735 lr=4.01e-05
[12:06:07] INFO   ep37: train_loss=0.7903 val_acc=0.9735 val_f1=0.9731 val_uar=0.9735 lr=3.73e-05
[12:06:10] INFO   ep38: train_loss=0.7898 val_acc=0.9745 val_f1=0.9740 val_uar=0.9745 lr=3.45e-05
[12:06:13] INFO   ep39: train_loss=0.7897 val_acc=0.9755 val_f1=0.9751 val_uar=0.9755 lr=3.19e-05
[12:06:16] INFO   ep40: train_loss=0.7894 val_acc=0.9765 val_f1=0.9761 val_uar=0.9765 lr=2.92e-05
[12:06:19] INFO   ep41: train_loss=0.7892 val_acc=0.9765 val_f1=0.9761 val_uar=0.9765 lr=2.67e-05
[12:06:21] INFO   ep42: train_loss=0.7891 val_acc=0.9775 val_f1=0.9771 val_uar=0.9775 lr=2.42e-05
[12:06:24] INFO   ep43: train_loss=0.7888 val_acc=0.9784 val_f1=0.9781 val_uar=0.9784 lr=2.18e-05
[12:06:27] INFO   ep44: train_loss=0.7887 val_acc=0.9765 val_f1=0.9761 val_uar=0.9765 lr=1.95e-05
[12:06:30] INFO   ep45: train_loss=0.7886 val_acc=0.9775 val_f1=0.9770 val_uar=0.9775 lr=1.73e-05
[12:06:33] INFO   ep46: train_loss=0.7884 val_acc=0.9765 val_f1=0.9760 val_uar=0.9765 lr=1.52e-05
[12:06:36] INFO   ep47: train_loss=0.7882 val_acc=0.9775 val_f1=0.9771 val_uar=0.9775 lr=1.32e-05
[12:06:38] INFO   ep48: train_loss=0.7882 val_acc=0.9775 val_f1=0.9771 val_uar=0.9775 lr=1.13e-05
[12:06:41] INFO   ep49: train_loss=0.7881 val_acc=0.9765 val_f1=0.9761 val_uar=0.9765 lr=9.55e-06
[12:06:44] INFO   ep50: train_loss=0.7885 val_acc=0.9775 val_f1=0.9771 val_uar=0.9775 lr=7.94e-06
[12:06:47] INFO   ep51: train_loss=0.7880 val_acc=0.9765 val_f1=0.9761 val_uar=0.9765 lr=6.46e-06
[12:06:49] INFO   ep52: train_loss=0.7882 val_acc=0.9775 val_f1=0.9770 val_uar=0.9775 lr=5.13e-06
[12:06:52] INFO   ep53: train_loss=0.7880 val_acc=0.9775 val_f1=0.9770 val_uar=0.9775 lr=3.94e-06
[12:06:55] INFO   ep54: train_loss=0.7879 val_acc=0.9765 val_f1=0.9761 val_uar=0.9765 lr=2.91e-06
[12:06:58] INFO   ep55: train_loss=0.7880 val_acc=0.9775 val_f1=0.9770 val_uar=0.9775 lr=2.03e-06
[12:07:01] INFO   ep56: train_loss=0.7884 val_acc=0.9775 val_f1=0.9770 val_uar=0.9775 lr=1.30e-06
[12:07:03] INFO   ep57: train_loss=0.7880 val_acc=0.9775 val_f1=0.9770 val_uar=0.9775 lr=7.32e-07
[12:07:06] INFO   ep58: train_loss=0.7878 val_acc=0.9775 val_f1=0.9770 val_uar=0.9775 lr=3.26e-07
[12:07:09] INFO   ep59: train_loss=0.7879 val_acc=0.9775 val_f1=0.9770 val_uar=0.9775 lr=8.15e-08
[12:07:12] INFO   ep60: train_loss=0.7879 val_acc=0.9775 val_f1=0.9770 val_uar=0.9775 lr=0.00e+00
[12:07:12] INFO [done] convnext_tiny_gray best_val_acc=0.9784 lr_used=0.0001 ckpt=checkpoints\flowers102_convnext_tiny_gray_seed2.pt time=3.2min
[12:07:13] INFO   [E1] eval clean + per colorfulness bin
[12:07:33] INFO   [E2] eval perturbasi warna
[12:12:59] INFO   done convnext_tiny_gray seed2
[12:12:59] INFO ==== flowers102 / convnext_tiny_gray / seed3 (recipe=adamw gray=True) ====
[12:13:00] INFO [train] flowers102/convnext_tiny_gray/seed3 recipe=adamw opt=adamw lr=0.0001 wd=0.05 grayscale=True epochs=60 device=cuda n_train=1020 n_val=1020 bs=64 accum=1
[12:13:31] INFO   ep1: train_loss=4.7993 val_acc=0.0608 val_f1=0.0325 val_uar=0.0608 lr=4.00e-05
[12:13:34] INFO   ep2: train_loss=3.8724 val_acc=0.4961 val_f1=0.4594 val_uar=0.4961 lr=6.00e-05
[12:13:36] INFO   ep3: train_loss=2.0392 val_acc=0.8461 val_f1=0.8423 val_uar=0.8461 lr=8.00e-05
[12:13:39] INFO   ep4: train_loss=1.0622 val_acc=0.9088 val_f1=0.9078 val_uar=0.9088 lr=1.00e-04
[12:13:42] INFO   ep5: train_loss=0.9201 val_acc=0.9245 val_f1=0.9222 val_uar=0.9245 lr=1.00e-04
[12:13:45] INFO   ep6: train_loss=0.8708 val_acc=0.9510 val_f1=0.9505 val_uar=0.9510 lr=9.99e-05
[12:13:48] INFO   ep7: train_loss=0.8421 val_acc=0.9588 val_f1=0.9586 val_uar=0.9588 lr=9.97e-05
[12:13:51] INFO   ep8: train_loss=0.8297 val_acc=0.9598 val_f1=0.9594 val_uar=0.9598 lr=9.93e-05
[12:13:54] INFO   ep9: train_loss=0.8212 val_acc=0.9667 val_f1=0.9664 val_uar=0.9667 lr=9.87e-05
[12:13:57] INFO   ep10: train_loss=0.8157 val_acc=0.9647 val_f1=0.9652 val_uar=0.9647 lr=9.80e-05
[12:14:00] INFO   ep11: train_loss=0.8124 val_acc=0.9647 val_f1=0.9645 val_uar=0.9647 lr=9.71e-05
[12:14:03] INFO   ep12: train_loss=0.8103 val_acc=0.9706 val_f1=0.9703 val_uar=0.9706 lr=9.61e-05
[12:14:06] INFO   ep13: train_loss=0.8078 val_acc=0.9706 val_f1=0.9706 val_uar=0.9706 lr=9.49e-05
[12:14:09] INFO   ep14: train_loss=0.8059 val_acc=0.9716 val_f1=0.9711 val_uar=0.9716 lr=9.35e-05
[12:14:12] INFO   ep15: train_loss=0.8037 val_acc=0.9676 val_f1=0.9673 val_uar=0.9676 lr=9.21e-05
[12:14:15] INFO   ep16: train_loss=0.8018 val_acc=0.9706 val_f1=0.9703 val_uar=0.9706 lr=9.05e-05
[12:14:18] INFO   ep17: train_loss=0.8013 val_acc=0.9755 val_f1=0.9754 val_uar=0.9755 lr=8.87e-05
[12:14:21] INFO   ep18: train_loss=0.8001 val_acc=0.9716 val_f1=0.9715 val_uar=0.9716 lr=8.68e-05
[12:14:24] INFO   ep19: train_loss=0.7999 val_acc=0.9735 val_f1=0.9733 val_uar=0.9735 lr=8.48e-05
[12:14:27] INFO   ep20: train_loss=0.7982 val_acc=0.9696 val_f1=0.9694 val_uar=0.9696 lr=8.27e-05
[12:14:30] INFO   ep21: train_loss=0.7973 val_acc=0.9676 val_f1=0.9676 val_uar=0.9676 lr=8.05e-05
[12:14:32] INFO   ep22: train_loss=0.7967 val_acc=0.9765 val_f1=0.9761 val_uar=0.9765 lr=7.82e-05
[12:14:35] INFO   ep23: train_loss=0.7966 val_acc=0.9755 val_f1=0.9753 val_uar=0.9755 lr=7.58e-05
[12:14:38] INFO   ep24: train_loss=0.7955 val_acc=0.9725 val_f1=0.9722 val_uar=0.9725 lr=7.33e-05
[12:14:41] INFO   ep25: train_loss=0.7946 val_acc=0.9755 val_f1=0.9754 val_uar=0.9755 lr=7.08e-05
[12:14:44] INFO   ep26: train_loss=0.7941 val_acc=0.9745 val_f1=0.9742 val_uar=0.9745 lr=6.81e-05
[12:14:47] INFO   ep27: train_loss=0.7932 val_acc=0.9755 val_f1=0.9753 val_uar=0.9755 lr=6.55e-05
[12:14:50] INFO   ep28: train_loss=0.7935 val_acc=0.9775 val_f1=0.9773 val_uar=0.9775 lr=6.27e-05
[12:14:53] INFO   ep29: train_loss=0.7931 val_acc=0.9755 val_f1=0.9752 val_uar=0.9755 lr=5.99e-05
[12:14:56] INFO   ep30: train_loss=0.7922 val_acc=0.9755 val_f1=0.9753 val_uar=0.9755 lr=5.71e-05
[12:14:59] INFO   ep31: train_loss=0.7918 val_acc=0.9725 val_f1=0.9723 val_uar=0.9725 lr=5.43e-05
[12:15:03] INFO   ep32: train_loss=0.7917 val_acc=0.9735 val_f1=0.9733 val_uar=0.9735 lr=5.14e-05
[12:15:06] INFO   ep33: train_loss=0.7913 val_acc=0.9725 val_f1=0.9723 val_uar=0.9725 lr=4.86e-05
[12:15:09] INFO   ep34: train_loss=0.7909 val_acc=0.9716 val_f1=0.9713 val_uar=0.9716 lr=4.57e-05
[12:15:12] INFO   ep35: train_loss=0.7905 val_acc=0.9745 val_f1=0.9744 val_uar=0.9745 lr=4.29e-05
[12:15:15] INFO   ep36: train_loss=0.7902 val_acc=0.9745 val_f1=0.9743 val_uar=0.9745 lr=4.01e-05
[12:15:18] INFO   ep37: train_loss=0.7898 val_acc=0.9745 val_f1=0.9743 val_uar=0.9745 lr=3.73e-05
[12:15:21] INFO   ep38: train_loss=0.7896 val_acc=0.9725 val_f1=0.9724 val_uar=0.9725 lr=3.45e-05
[12:15:24] INFO   ep39: train_loss=0.7897 val_acc=0.9745 val_f1=0.9744 val_uar=0.9745 lr=3.19e-05
[12:15:27] INFO   ep40: train_loss=0.7894 val_acc=0.9745 val_f1=0.9743 val_uar=0.9745 lr=2.92e-05
[12:15:30] INFO   ep41: train_loss=0.7892 val_acc=0.9745 val_f1=0.9743 val_uar=0.9745 lr=2.67e-05
[12:15:33] INFO   ep42: train_loss=0.7890 val_acc=0.9735 val_f1=0.9733 val_uar=0.9735 lr=2.42e-05
[12:15:36] INFO   ep43: train_loss=0.7891 val_acc=0.9716 val_f1=0.9713 val_uar=0.9716 lr=2.18e-05
[12:15:38] INFO   ep44: train_loss=0.7887 val_acc=0.9745 val_f1=0.9743 val_uar=0.9745 lr=1.95e-05
[12:15:41] INFO   ep45: train_loss=0.7887 val_acc=0.9716 val_f1=0.9713 val_uar=0.9716 lr=1.73e-05
[12:15:44] INFO   ep46: train_loss=0.7884 val_acc=0.9725 val_f1=0.9723 val_uar=0.9725 lr=1.52e-05
[12:15:47] INFO   ep47: train_loss=0.7883 val_acc=0.9716 val_f1=0.9713 val_uar=0.9716 lr=1.32e-05
[12:15:50] INFO   ep48: train_loss=0.7882 val_acc=0.9735 val_f1=0.9733 val_uar=0.9735 lr=1.13e-05
[12:15:53] INFO   ep49: train_loss=0.7882 val_acc=0.9745 val_f1=0.9743 val_uar=0.9745 lr=9.55e-06
[12:15:56] INFO   ep50: train_loss=0.7880 val_acc=0.9765 val_f1=0.9762 val_uar=0.9765 lr=7.94e-06
[12:15:59] INFO   ep51: train_loss=0.7880 val_acc=0.9765 val_f1=0.9762 val_uar=0.9765 lr=6.46e-06
[12:16:02] INFO   ep52: train_loss=0.7880 val_acc=0.9765 val_f1=0.9762 val_uar=0.9765 lr=5.13e-06
[12:16:05] INFO   ep53: train_loss=0.7880 val_acc=0.9765 val_f1=0.9762 val_uar=0.9765 lr=3.94e-06
[12:16:08] INFO   ep54: train_loss=0.7878 val_acc=0.9755 val_f1=0.9752 val_uar=0.9755 lr=2.91e-06
[12:16:11] INFO   ep55: train_loss=0.7879 val_acc=0.9755 val_f1=0.9752 val_uar=0.9755 lr=2.03e-06
[12:16:14] INFO   ep56: train_loss=0.7878 val_acc=0.9755 val_f1=0.9752 val_uar=0.9755 lr=1.30e-06
[12:16:17] INFO   ep57: train_loss=0.7878 val_acc=0.9755 val_f1=0.9752 val_uar=0.9755 lr=7.32e-07
[12:16:20] INFO   ep58: train_loss=0.7879 val_acc=0.9755 val_f1=0.9752 val_uar=0.9755 lr=3.26e-07
[12:16:22] INFO   ep59: train_loss=0.7877 val_acc=0.9765 val_f1=0.9762 val_uar=0.9765 lr=8.15e-08
[12:16:25] INFO   ep60: train_loss=0.7878 val_acc=0.9765 val_f1=0.9762 val_uar=0.9765 lr=0.00e+00
[12:16:25] INFO [done] convnext_tiny_gray best_val_acc=0.9775 lr_used=0.0001 ckpt=checkpoints\flowers102_convnext_tiny_gray_seed3.pt time=3.4min
[12:16:27] INFO   [E1] eval clean + per colorfulness bin
[12:16:48] INFO   [E2] eval perturbasi warna
[12:22:39] INFO   done convnext_tiny_gray seed3
[12:22:39] INFO ==== flowers102 / convnext_tiny_gray / seed4 (recipe=adamw gray=True) ====
[12:22:40] INFO [train] flowers102/convnext_tiny_gray/seed4 recipe=adamw opt=adamw lr=0.0001 wd=0.05 grayscale=True epochs=60 device=cuda n_train=1020 n_val=1020 bs=64 accum=1
[12:23:19] INFO   ep1: train_loss=4.7458 val_acc=0.0794 val_f1=0.0497 val_uar=0.0794 lr=4.00e-05
[12:23:22] INFO   ep2: train_loss=3.8106 val_acc=0.5078 val_f1=0.4724 val_uar=0.5078 lr=6.00e-05
[12:23:25] INFO   ep3: train_loss=1.9600 val_acc=0.8510 val_f1=0.8450 val_uar=0.8510 lr=8.00e-05
[12:23:28] INFO   ep4: train_loss=1.0594 val_acc=0.9137 val_f1=0.9133 val_uar=0.9137 lr=1.00e-04
[12:23:31] INFO   ep5: train_loss=0.9198 val_acc=0.9265 val_f1=0.9270 val_uar=0.9265 lr=1.00e-04
[12:23:33] INFO   ep6: train_loss=0.8740 val_acc=0.9422 val_f1=0.9418 val_uar=0.9422 lr=9.99e-05
[12:23:36] INFO   ep7: train_loss=0.8469 val_acc=0.9441 val_f1=0.9436 val_uar=0.9441 lr=9.97e-05
[12:23:39] INFO   ep8: train_loss=0.8319 val_acc=0.9598 val_f1=0.9596 val_uar=0.9598 lr=9.93e-05
[12:23:42] INFO   ep9: train_loss=0.8222 val_acc=0.9647 val_f1=0.9645 val_uar=0.9647 lr=9.87e-05
[12:23:45] INFO   ep10: train_loss=0.8164 val_acc=0.9657 val_f1=0.9654 val_uar=0.9657 lr=9.80e-05
[12:23:48] INFO   ep11: train_loss=0.8118 val_acc=0.9676 val_f1=0.9672 val_uar=0.9676 lr=9.71e-05
[12:23:51] INFO   ep12: train_loss=0.8097 val_acc=0.9706 val_f1=0.9703 val_uar=0.9706 lr=9.61e-05
[12:23:53] INFO   ep13: train_loss=0.8073 val_acc=0.9686 val_f1=0.9683 val_uar=0.9686 lr=9.49e-05
[12:23:56] INFO   ep14: train_loss=0.8060 val_acc=0.9686 val_f1=0.9684 val_uar=0.9686 lr=9.35e-05
[12:23:59] INFO   ep15: train_loss=0.8045 val_acc=0.9696 val_f1=0.9692 val_uar=0.9696 lr=9.21e-05
[12:28:28] INFO dataset=flowers102 models=['convnext_tiny'] seeds=[4] epochs=None recipe=adamw
[12:28:28] INFO ==== flowers102 / convnext_tiny_gray / seed4 (recipe=adamw gray=True) ====
[12:28:30] INFO [train] flowers102/convnext_tiny_gray/seed4 recipe=adamw opt=adamw lr=0.0001 wd=0.05 grayscale=True epochs=60 device=cuda n_train=1020 n_val=1020 bs=64 accum=1
[12:28:59] INFO   ep1: train_loss=4.6900 val_acc=0.0961 val_f1=0.0644 val_uar=0.0961 lr=4.00e-05
[12:29:02] INFO   ep2: train_loss=3.6138 val_acc=0.5333 val_f1=0.5027 val_uar=0.5333 lr=6.00e-05
[12:29:06] INFO   ep3: train_loss=1.8607 val_acc=0.8500 val_f1=0.8441 val_uar=0.8500 lr=8.00e-05
[12:29:10] INFO   ep4: train_loss=1.0467 val_acc=0.9255 val_f1=0.9253 val_uar=0.9255 lr=1.00e-04
[12:29:14] INFO   ep5: train_loss=0.9104 val_acc=0.9294 val_f1=0.9281 val_uar=0.9294 lr=1.00e-04
[12:29:18] INFO   ep6: train_loss=0.8677 val_acc=0.9510 val_f1=0.9503 val_uar=0.9510 lr=9.99e-05
[12:29:22] INFO   ep7: train_loss=0.8438 val_acc=0.9559 val_f1=0.9555 val_uar=0.9559 lr=9.97e-05
[12:29:26] INFO   ep8: train_loss=0.8316 val_acc=0.9637 val_f1=0.9636 val_uar=0.9637 lr=9.93e-05
[12:29:30] INFO   ep9: train_loss=0.8230 val_acc=0.9637 val_f1=0.9636 val_uar=0.9637 lr=9.87e-05
[12:29:34] INFO   ep10: train_loss=0.8189 val_acc=0.9637 val_f1=0.9637 val_uar=0.9637 lr=9.80e-05
[12:29:38] INFO   ep11: train_loss=0.8155 val_acc=0.9647 val_f1=0.9648 val_uar=0.9647 lr=9.71e-05
[12:29:42] INFO   ep12: train_loss=0.8118 val_acc=0.9667 val_f1=0.9666 val_uar=0.9667 lr=9.61e-05
[12:29:46] INFO   ep13: train_loss=0.8101 val_acc=0.9657 val_f1=0.9654 val_uar=0.9657 lr=9.49e-05
[12:29:50] INFO   ep14: train_loss=0.8075 val_acc=0.9696 val_f1=0.9696 val_uar=0.9696 lr=9.35e-05
[12:29:54] INFO   ep15: train_loss=0.8053 val_acc=0.9676 val_f1=0.9673 val_uar=0.9676 lr=9.21e-05
[12:29:58] INFO   ep16: train_loss=0.8043 val_acc=0.9706 val_f1=0.9704 val_uar=0.9706 lr=9.05e-05
[12:30:02] INFO   ep17: train_loss=0.8021 val_acc=0.9686 val_f1=0.9683 val_uar=0.9686 lr=8.87e-05
[12:30:05] INFO   ep18: train_loss=0.8008 val_acc=0.9676 val_f1=0.9671 val_uar=0.9676 lr=8.68e-05
[12:30:09] INFO   ep19: train_loss=0.7993 val_acc=0.9686 val_f1=0.9683 val_uar=0.9686 lr=8.48e-05
[12:30:13] INFO   ep20: train_loss=0.7985 val_acc=0.9716 val_f1=0.9711 val_uar=0.9716 lr=8.27e-05
[12:30:17] INFO   ep21: train_loss=0.7985 val_acc=0.9686 val_f1=0.9681 val_uar=0.9686 lr=8.05e-05
[12:30:21] INFO   ep22: train_loss=0.7985 val_acc=0.9716 val_f1=0.9712 val_uar=0.9716 lr=7.82e-05
[12:30:24] INFO   ep23: train_loss=0.7967 val_acc=0.9706 val_f1=0.9699 val_uar=0.9706 lr=7.58e-05
[12:30:28] INFO   ep24: train_loss=0.7965 val_acc=0.9725 val_f1=0.9720 val_uar=0.9725 lr=7.33e-05
[12:30:32] INFO   ep25: train_loss=0.7954 val_acc=0.9696 val_f1=0.9691 val_uar=0.9696 lr=7.08e-05
[12:30:36] INFO   ep26: train_loss=0.7946 val_acc=0.9696 val_f1=0.9689 val_uar=0.9696 lr=6.81e-05
[12:30:40] INFO   ep27: train_loss=0.7943 val_acc=0.9676 val_f1=0.9672 val_uar=0.9676 lr=6.55e-05
[12:30:43] INFO   ep28: train_loss=0.7937 val_acc=0.9716 val_f1=0.9713 val_uar=0.9716 lr=6.27e-05
[12:30:47] INFO   ep29: train_loss=0.7935 val_acc=0.9686 val_f1=0.9680 val_uar=0.9686 lr=5.99e-05
[12:30:50] INFO   ep30: train_loss=0.7926 val_acc=0.9716 val_f1=0.9710 val_uar=0.9716 lr=5.71e-05
[12:30:54] INFO   ep31: train_loss=0.7922 val_acc=0.9735 val_f1=0.9732 val_uar=0.9735 lr=5.43e-05
[12:30:57] INFO   ep32: train_loss=0.7923 val_acc=0.9725 val_f1=0.9721 val_uar=0.9725 lr=5.14e-05
[12:31:01] INFO   ep33: train_loss=0.7917 val_acc=0.9725 val_f1=0.9722 val_uar=0.9725 lr=4.86e-05
[12:31:04] INFO   ep34: train_loss=0.7915 val_acc=0.9696 val_f1=0.9689 val_uar=0.9696 lr=4.57e-05
[12:31:08] INFO   ep35: train_loss=0.7910 val_acc=0.9706 val_f1=0.9703 val_uar=0.9706 lr=4.29e-05
[12:31:11] INFO   ep36: train_loss=0.7904 val_acc=0.9696 val_f1=0.9690 val_uar=0.9696 lr=4.01e-05
[12:31:14] INFO   ep37: train_loss=0.7902 val_acc=0.9716 val_f1=0.9711 val_uar=0.9716 lr=3.73e-05
[12:31:18] INFO   ep38: train_loss=0.7899 val_acc=0.9696 val_f1=0.9693 val_uar=0.9696 lr=3.45e-05
[12:31:21] INFO   ep39: train_loss=0.7898 val_acc=0.9706 val_f1=0.9700 val_uar=0.9706 lr=3.19e-05
[12:31:25] INFO   ep40: train_loss=0.7895 val_acc=0.9725 val_f1=0.9720 val_uar=0.9725 lr=2.92e-05
[12:31:28] INFO   ep41: train_loss=0.7894 val_acc=0.9696 val_f1=0.9691 val_uar=0.9696 lr=2.67e-05
[12:31:32] INFO   ep42: train_loss=0.7893 val_acc=0.9716 val_f1=0.9711 val_uar=0.9716 lr=2.42e-05
[12:31:35] INFO   ep43: train_loss=0.7889 val_acc=0.9696 val_f1=0.9692 val_uar=0.9696 lr=2.18e-05
[12:31:38] INFO   ep44: train_loss=0.7888 val_acc=0.9706 val_f1=0.9701 val_uar=0.9706 lr=1.95e-05
[12:31:42] INFO   ep45: train_loss=0.7887 val_acc=0.9706 val_f1=0.9700 val_uar=0.9706 lr=1.73e-05
[12:31:45] INFO   ep46: train_loss=0.7887 val_acc=0.9686 val_f1=0.9681 val_uar=0.9686 lr=1.52e-05
[12:31:48] INFO   ep47: train_loss=0.7886 val_acc=0.9716 val_f1=0.9710 val_uar=0.9716 lr=1.32e-05
[12:31:52] INFO   ep48: train_loss=0.7885 val_acc=0.9725 val_f1=0.9721 val_uar=0.9725 lr=1.13e-05
[12:31:55] INFO   ep49: train_loss=0.7884 val_acc=0.9706 val_f1=0.9700 val_uar=0.9706 lr=9.55e-06
[12:31:59] INFO   ep50: train_loss=0.7884 val_acc=0.9716 val_f1=0.9711 val_uar=0.9716 lr=7.94e-06
[12:32:02] INFO   ep51: train_loss=0.7883 val_acc=0.9725 val_f1=0.9721 val_uar=0.9725 lr=6.46e-06
[12:32:05] INFO   ep52: train_loss=0.7884 val_acc=0.9716 val_f1=0.9710 val_uar=0.9716 lr=5.13e-06
[12:32:09] INFO   ep53: train_loss=0.7882 val_acc=0.9716 val_f1=0.9710 val_uar=0.9716 lr=3.94e-06
[12:32:12] INFO   ep54: train_loss=0.7881 val_acc=0.9725 val_f1=0.9720 val_uar=0.9725 lr=2.91e-06
[12:32:16] INFO   ep55: train_loss=0.7881 val_acc=0.9725 val_f1=0.9720 val_uar=0.9725 lr=2.03e-06
[12:32:19] INFO   ep56: train_loss=0.7880 val_acc=0.9725 val_f1=0.9720 val_uar=0.9725 lr=1.30e-06
[12:32:22] INFO   ep57: train_loss=0.7879 val_acc=0.9725 val_f1=0.9720 val_uar=0.9725 lr=7.32e-07
[12:32:26] INFO   ep58: train_loss=0.7880 val_acc=0.9725 val_f1=0.9720 val_uar=0.9725 lr=3.26e-07
[12:32:29] INFO   ep59: train_loss=0.7882 val_acc=0.9725 val_f1=0.9720 val_uar=0.9725 lr=8.15e-08
[12:32:32] INFO   ep60: train_loss=0.7881 val_acc=0.9725 val_f1=0.9720 val_uar=0.9725 lr=0.00e+00
[12:32:32] INFO [done] convnext_tiny_gray best_val_acc=0.9735 lr_used=0.0001 ckpt=checkpoints\flowers102_convnext_tiny_gray_seed4.pt time=4.1min
[12:32:34] INFO   [E1] eval clean + per colorfulness bin
[12:32:55] INFO   [E2] eval perturbasi warna
[12:38:08] INFO   done convnext_tiny_gray seed4
[12:38:08] INFO ALL DONE
[12:38:13] INFO dataset=flowers102 models=['vit_small'] seeds=[0, 1, 2, 3, 4] epochs=None recipe=adamw
[12:38:13] INFO ==== flowers102 / vit_small_gray / seed0 (recipe=adamw gray=True) ====
[12:38:15] INFO [train] flowers102/vit_small_gray/seed0 recipe=adamw opt=adamw lr=0.0001 wd=0.05 grayscale=True epochs=60 device=cuda n_train=1020 n_val=1020 bs=64 accum=1
[12:38:33] INFO   ep1: train_loss=4.8434 val_acc=0.0510 val_f1=0.0425 val_uar=0.0510 lr=4.00e-05
[12:38:36] INFO   ep2: train_loss=4.0342 val_acc=0.2706 val_f1=0.2364 val_uar=0.2706 lr=6.00e-05
[12:38:40] INFO   ep3: train_loss=3.0011 val_acc=0.6314 val_f1=0.6080 val_uar=0.6314 lr=8.00e-05
[12:38:44] INFO   ep4: train_loss=1.9253 val_acc=0.8000 val_f1=0.7902 val_uar=0.8000 lr=1.00e-04
[12:38:48] INFO   ep5: train_loss=1.2566 val_acc=0.8716 val_f1=0.8664 val_uar=0.8716 lr=1.00e-04
[12:38:52] INFO   ep6: train_loss=0.9785 val_acc=0.8951 val_f1=0.8946 val_uar=0.8951 lr=9.99e-05
[12:38:56] INFO   ep7: train_loss=0.8881 val_acc=0.9147 val_f1=0.9142 val_uar=0.9147 lr=9.97e-05
[12:38:59] INFO   ep8: train_loss=0.8600 val_acc=0.9206 val_f1=0.9191 val_uar=0.9206 lr=9.93e-05
[12:39:03] INFO   ep9: train_loss=0.8513 val_acc=0.9225 val_f1=0.9214 val_uar=0.9225 lr=9.87e-05
[12:39:07] INFO   ep10: train_loss=0.8433 val_acc=0.9245 val_f1=0.9237 val_uar=0.9245 lr=9.80e-05
[12:39:11] INFO   ep11: train_loss=0.8385 val_acc=0.9255 val_f1=0.9246 val_uar=0.9255 lr=9.71e-05
[12:39:15] INFO   ep12: train_loss=0.8366 val_acc=0.9235 val_f1=0.9233 val_uar=0.9235 lr=9.61e-05
[12:39:19] INFO   ep13: train_loss=0.8308 val_acc=0.9235 val_f1=0.9221 val_uar=0.9235 lr=9.49e-05
[12:39:22] INFO   ep14: train_loss=0.8301 val_acc=0.9275 val_f1=0.9261 val_uar=0.9275 lr=9.35e-05
[12:39:26] INFO   ep15: train_loss=0.8279 val_acc=0.9225 val_f1=0.9211 val_uar=0.9225 lr=9.21e-05
[12:39:30] INFO   ep16: train_loss=0.8256 val_acc=0.9284 val_f1=0.9269 val_uar=0.9284 lr=9.05e-05
[12:39:34] INFO   ep17: train_loss=0.8233 val_acc=0.9265 val_f1=0.9249 val_uar=0.9265 lr=8.87e-05
[12:39:37] INFO   ep18: train_loss=0.8231 val_acc=0.9304 val_f1=0.9295 val_uar=0.9304 lr=8.68e-05
[12:39:41] INFO   ep19: train_loss=0.8211 val_acc=0.9245 val_f1=0.9231 val_uar=0.9245 lr=8.48e-05
[12:39:45] INFO   ep20: train_loss=0.8192 val_acc=0.9324 val_f1=0.9314 val_uar=0.9324 lr=8.27e-05
[12:39:49] INFO   ep21: train_loss=0.8171 val_acc=0.9373 val_f1=0.9369 val_uar=0.9373 lr=8.05e-05
[12:39:52] INFO   ep22: train_loss=0.8167 val_acc=0.9363 val_f1=0.9347 val_uar=0.9363 lr=7.82e-05
[12:39:56] INFO   ep23: train_loss=0.8147 val_acc=0.9373 val_f1=0.9364 val_uar=0.9373 lr=7.58e-05
[12:40:00] INFO   ep24: train_loss=0.8129 val_acc=0.9373 val_f1=0.9366 val_uar=0.9373 lr=7.33e-05
[12:40:04] INFO   ep25: train_loss=0.8136 val_acc=0.9333 val_f1=0.9323 val_uar=0.9333 lr=7.08e-05
[12:40:07] INFO   ep26: train_loss=0.8120 val_acc=0.9373 val_f1=0.9359 val_uar=0.9373 lr=6.81e-05
[12:40:11] INFO   ep27: train_loss=0.8118 val_acc=0.9412 val_f1=0.9400 val_uar=0.9412 lr=6.55e-05
[12:40:15] INFO   ep28: train_loss=0.8110 val_acc=0.9431 val_f1=0.9416 val_uar=0.9431 lr=6.27e-05
[12:40:18] INFO   ep29: train_loss=0.8099 val_acc=0.9402 val_f1=0.9389 val_uar=0.9402 lr=5.99e-05
[12:40:21] INFO   ep30: train_loss=0.8084 val_acc=0.9392 val_f1=0.9379 val_uar=0.9392 lr=5.71e-05
[12:40:25] INFO   ep31: train_loss=0.8090 val_acc=0.9431 val_f1=0.9420 val_uar=0.9431 lr=5.43e-05
[12:40:29] INFO   ep32: train_loss=0.8076 val_acc=0.9451 val_f1=0.9441 val_uar=0.9451 lr=5.14e-05
[12:40:32] INFO   ep33: train_loss=0.8077 val_acc=0.9441 val_f1=0.9429 val_uar=0.9441 lr=4.86e-05
[12:40:36] INFO   ep34: train_loss=0.8076 val_acc=0.9441 val_f1=0.9431 val_uar=0.9441 lr=4.57e-05
[12:40:39] INFO   ep35: train_loss=0.8070 val_acc=0.9422 val_f1=0.9411 val_uar=0.9422 lr=4.29e-05
[12:40:42] INFO   ep36: train_loss=0.8059 val_acc=0.9431 val_f1=0.9417 val_uar=0.9431 lr=4.01e-05
[12:40:46] INFO   ep37: train_loss=0.8059 val_acc=0.9441 val_f1=0.9427 val_uar=0.9441 lr=3.73e-05
[12:40:49] INFO   ep38: train_loss=0.8046 val_acc=0.9451 val_f1=0.9438 val_uar=0.9451 lr=3.45e-05
[12:40:52] INFO   ep39: train_loss=0.8040 val_acc=0.9451 val_f1=0.9441 val_uar=0.9451 lr=3.19e-05
[12:40:56] INFO   ep40: train_loss=0.8038 val_acc=0.9461 val_f1=0.9450 val_uar=0.9461 lr=2.92e-05
[12:40:59] INFO   ep41: train_loss=0.8036 val_acc=0.9461 val_f1=0.9450 val_uar=0.9461 lr=2.67e-05
[12:41:02] INFO   ep42: train_loss=0.8035 val_acc=0.9441 val_f1=0.9431 val_uar=0.9441 lr=2.42e-05
[12:41:06] INFO   ep43: train_loss=0.8031 val_acc=0.9461 val_f1=0.9450 val_uar=0.9461 lr=2.18e-05
[12:41:10] INFO   ep44: train_loss=0.8032 val_acc=0.9441 val_f1=0.9431 val_uar=0.9441 lr=1.95e-05
[12:41:13] INFO   ep45: train_loss=0.8027 val_acc=0.9461 val_f1=0.9451 val_uar=0.9461 lr=1.73e-05
[12:41:17] INFO   ep46: train_loss=0.8034 val_acc=0.9441 val_f1=0.9434 val_uar=0.9441 lr=1.52e-05
[12:41:20] INFO   ep47: train_loss=0.8024 val_acc=0.9431 val_f1=0.9423 val_uar=0.9431 lr=1.32e-05
[12:41:23] INFO   ep48: train_loss=0.8027 val_acc=0.9431 val_f1=0.9425 val_uar=0.9431 lr=1.13e-05
[12:41:27] INFO   ep49: train_loss=0.8022 val_acc=0.9402 val_f1=0.9393 val_uar=0.9402 lr=9.55e-06
[12:41:30] INFO   ep50: train_loss=0.8021 val_acc=0.9412 val_f1=0.9403 val_uar=0.9412 lr=7.94e-06
[12:41:34] INFO   ep51: train_loss=0.8022 val_acc=0.9402 val_f1=0.9395 val_uar=0.9402 lr=6.46e-06
[12:41:38] INFO   ep52: train_loss=0.8017 val_acc=0.9392 val_f1=0.9385 val_uar=0.9392 lr=5.13e-06
[12:41:41] INFO   ep53: train_loss=0.8018 val_acc=0.9402 val_f1=0.9394 val_uar=0.9402 lr=3.94e-06
[12:41:45] INFO   ep54: train_loss=0.8012 val_acc=0.9402 val_f1=0.9394 val_uar=0.9402 lr=2.91e-06
[12:41:48] INFO   ep55: train_loss=0.8015 val_acc=0.9402 val_f1=0.9394 val_uar=0.9402 lr=2.03e-06
[12:41:52] INFO   ep56: train_loss=0.8017 val_acc=0.9402 val_f1=0.9394 val_uar=0.9402 lr=1.30e-06
[12:41:55] INFO   ep57: train_loss=0.8019 val_acc=0.9412 val_f1=0.9403 val_uar=0.9412 lr=7.32e-07
[12:41:59] INFO   ep58: train_loss=0.8016 val_acc=0.9412 val_f1=0.9403 val_uar=0.9412 lr=3.26e-07
[12:42:03] INFO   ep59: train_loss=0.8019 val_acc=0.9412 val_f1=0.9403 val_uar=0.9412 lr=8.15e-08
[12:42:06] INFO   ep60: train_loss=0.8015 val_acc=0.9412 val_f1=0.9403 val_uar=0.9412 lr=0.00e+00
[12:42:06] INFO [done] vit_small_gray best_val_acc=0.9461 lr_used=0.0001 ckpt=checkpoints\flowers102_vit_small_gray_seed0.pt time=3.9min
[12:42:08] INFO   [E1] eval clean + per colorfulness bin
[12:42:26] INFO   [E2] eval perturbasi warna
[12:47:18] INFO   done vit_small_gray seed0
[12:47:18] INFO ==== flowers102 / vit_small_gray / seed1 (recipe=adamw gray=True) ====
[12:47:18] INFO [train] flowers102/vit_small_gray/seed1 recipe=adamw opt=adamw lr=0.0001 wd=0.05 grayscale=True epochs=60 device=cuda n_train=1020 n_val=1020 bs=64 accum=1
[12:47:36] INFO   ep1: train_loss=4.9041 val_acc=0.0402 val_f1=0.0266 val_uar=0.0402 lr=4.00e-05
[12:47:40] INFO   ep2: train_loss=4.1738 val_acc=0.1882 val_f1=0.1562 val_uar=0.1882 lr=6.00e-05
[12:47:43] INFO   ep3: train_loss=3.2351 val_acc=0.4892 val_f1=0.4602 val_uar=0.4892 lr=8.00e-05
[12:47:46] INFO   ep4: train_loss=2.1476 val_acc=0.7157 val_f1=0.7024 val_uar=0.7157 lr=1.00e-04
[12:47:50] INFO   ep5: train_loss=1.3874 val_acc=0.8225 val_f1=0.8186 val_uar=0.8225 lr=1.00e-04
[12:47:53] INFO   ep6: train_loss=1.0378 val_acc=0.8598 val_f1=0.8580 val_uar=0.8598 lr=9.99e-05
[12:47:57] INFO   ep7: train_loss=0.9194 val_acc=0.8725 val_f1=0.8700 val_uar=0.8725 lr=9.97e-05
[12:48:00] INFO   ep8: train_loss=0.8814 val_acc=0.8951 val_f1=0.8937 val_uar=0.8951 lr=9.93e-05
[12:48:03] INFO   ep9: train_loss=0.8610 val_acc=0.8873 val_f1=0.8851 val_uar=0.8873 lr=9.87e-05
[12:48:07] INFO   ep10: train_loss=0.8530 val_acc=0.8892 val_f1=0.8866 val_uar=0.8892 lr=9.80e-05
[12:48:10] INFO   ep11: train_loss=0.8465 val_acc=0.9020 val_f1=0.8993 val_uar=0.9020 lr=9.71e-05
[12:48:13] INFO   ep12: train_loss=0.8417 val_acc=0.9029 val_f1=0.9009 val_uar=0.9029 lr=9.61e-05
[12:48:16] INFO   ep13: train_loss=0.8395 val_acc=0.9029 val_f1=0.9003 val_uar=0.9029 lr=9.49e-05
[12:48:20] INFO   ep14: train_loss=0.8340 val_acc=0.9059 val_f1=0.9033 val_uar=0.9059 lr=9.35e-05
[12:48:23] INFO   ep15: train_loss=0.8311 val_acc=0.9020 val_f1=0.8998 val_uar=0.9020 lr=9.21e-05
[12:48:26] INFO   ep16: train_loss=0.8290 val_acc=0.9078 val_f1=0.9064 val_uar=0.9078 lr=9.05e-05
[12:48:29] INFO   ep17: train_loss=0.8265 val_acc=0.9069 val_f1=0.9039 val_uar=0.9069 lr=8.87e-05
[12:48:33] INFO   ep18: train_loss=0.8300 val_acc=0.9020 val_f1=0.8994 val_uar=0.9020 lr=8.68e-05
[12:48:36] INFO   ep19: train_loss=0.8269 val_acc=0.9078 val_f1=0.9052 val_uar=0.9078 lr=8.48e-05
[12:48:39] INFO   ep20: train_loss=0.8240 val_acc=0.9010 val_f1=0.8982 val_uar=0.9010 lr=8.27e-05
[12:48:42] INFO   ep21: train_loss=0.8234 val_acc=0.9078 val_f1=0.9059 val_uar=0.9078 lr=8.05e-05
[12:48:46] INFO   ep22: train_loss=0.8211 val_acc=0.9059 val_f1=0.9038 val_uar=0.9059 lr=7.82e-05
[12:48:49] INFO   ep23: train_loss=0.8208 val_acc=0.9069 val_f1=0.9040 val_uar=0.9069 lr=7.58e-05
[12:48:52] INFO   ep24: train_loss=0.8186 val_acc=0.9127 val_f1=0.9102 val_uar=0.9127 lr=7.33e-05
[12:48:55] INFO   ep25: train_loss=0.8161 val_acc=0.9078 val_f1=0.9051 val_uar=0.9078 lr=7.08e-05
[12:48:59] INFO   ep26: train_loss=0.8145 val_acc=0.9098 val_f1=0.9064 val_uar=0.9098 lr=6.81e-05
[12:49:02] INFO   ep27: train_loss=0.8145 val_acc=0.9088 val_f1=0.9059 val_uar=0.9088 lr=6.55e-05
[12:49:05] INFO   ep28: train_loss=0.8137 val_acc=0.9108 val_f1=0.9077 val_uar=0.9108 lr=6.27e-05
[12:49:09] INFO   ep29: train_loss=0.8133 val_acc=0.9098 val_f1=0.9069 val_uar=0.9098 lr=5.99e-05
[12:49:12] INFO   ep30: train_loss=0.8123 val_acc=0.9108 val_f1=0.9076 val_uar=0.9108 lr=5.71e-05
[12:49:15] INFO   ep31: train_loss=0.8120 val_acc=0.9118 val_f1=0.9084 val_uar=0.9118 lr=5.43e-05
[12:49:18] INFO   ep32: train_loss=0.8109 val_acc=0.9147 val_f1=0.9125 val_uar=0.9147 lr=5.14e-05
[12:49:22] INFO   ep33: train_loss=0.8098 val_acc=0.9137 val_f1=0.9113 val_uar=0.9137 lr=4.86e-05
[12:49:25] INFO   ep34: train_loss=0.8105 val_acc=0.9157 val_f1=0.9135 val_uar=0.9157 lr=4.57e-05
[12:49:28] INFO   ep35: train_loss=0.8093 val_acc=0.9137 val_f1=0.9117 val_uar=0.9137 lr=4.29e-05
[12:49:31] INFO   ep36: train_loss=0.8086 val_acc=0.9147 val_f1=0.9129 val_uar=0.9147 lr=4.01e-05
[12:49:35] INFO   ep37: train_loss=0.8086 val_acc=0.9167 val_f1=0.9143 val_uar=0.9167 lr=3.73e-05
[12:49:38] INFO   ep38: train_loss=0.8081 val_acc=0.9167 val_f1=0.9140 val_uar=0.9167 lr=3.45e-05
[12:49:41] INFO   ep39: train_loss=0.8076 val_acc=0.9157 val_f1=0.9136 val_uar=0.9157 lr=3.19e-05
[12:49:44] INFO   ep40: train_loss=0.8068 val_acc=0.9157 val_f1=0.9134 val_uar=0.9157 lr=2.92e-05
[12:49:48] INFO   ep41: train_loss=0.8069 val_acc=0.9137 val_f1=0.9114 val_uar=0.9137 lr=2.67e-05
[12:49:51] INFO   ep42: train_loss=0.8063 val_acc=0.9137 val_f1=0.9114 val_uar=0.9137 lr=2.42e-05
[12:49:54] INFO   ep43: train_loss=0.8062 val_acc=0.9108 val_f1=0.9087 val_uar=0.9108 lr=2.18e-05
[12:49:57] INFO   ep44: train_loss=0.8065 val_acc=0.9127 val_f1=0.9105 val_uar=0.9127 lr=1.95e-05
[12:50:01] INFO   ep45: train_loss=0.8051 val_acc=0.9127 val_f1=0.9105 val_uar=0.9127 lr=1.73e-05
[12:50:04] INFO   ep46: train_loss=0.8050 val_acc=0.9108 val_f1=0.9083 val_uar=0.9108 lr=1.52e-05
[12:50:07] INFO   ep47: train_loss=0.8050 val_acc=0.9127 val_f1=0.9108 val_uar=0.9127 lr=1.32e-05
[12:50:11] INFO   ep48: train_loss=0.8047 val_acc=0.9157 val_f1=0.9137 val_uar=0.9157 lr=1.13e-05
[12:50:14] INFO   ep49: train_loss=0.8043 val_acc=0.9137 val_f1=0.9115 val_uar=0.9137 lr=9.55e-06
[12:50:17] INFO   ep50: train_loss=0.8046 val_acc=0.9157 val_f1=0.9136 val_uar=0.9157 lr=7.94e-06
[12:50:21] INFO   ep51: train_loss=0.8044 val_acc=0.9157 val_f1=0.9136 val_uar=0.9157 lr=6.46e-06
[12:50:24] INFO   ep52: train_loss=0.8044 val_acc=0.9157 val_f1=0.9136 val_uar=0.9157 lr=5.13e-06
[12:50:27] INFO   ep53: train_loss=0.8042 val_acc=0.9186 val_f1=0.9164 val_uar=0.9186 lr=3.94e-06
[12:50:31] INFO   ep54: train_loss=0.8044 val_acc=0.9186 val_f1=0.9164 val_uar=0.9186 lr=2.91e-06
[12:50:34] INFO   ep55: train_loss=0.8043 val_acc=0.9186 val_f1=0.9164 val_uar=0.9186 lr=2.03e-06
[12:50:38] INFO   ep56: train_loss=0.8038 val_acc=0.9176 val_f1=0.9154 val_uar=0.9176 lr=1.30e-06
[12:50:41] INFO   ep57: train_loss=0.8043 val_acc=0.9157 val_f1=0.9133 val_uar=0.9157 lr=7.32e-07
[12:50:44] INFO   ep58: train_loss=0.8050 val_acc=0.9167 val_f1=0.9143 val_uar=0.9167 lr=3.26e-07
[12:50:48] INFO   ep59: train_loss=0.8043 val_acc=0.9167 val_f1=0.9143 val_uar=0.9167 lr=8.15e-08
[12:50:51] INFO   ep60: train_loss=0.8043 val_acc=0.9167 val_f1=0.9143 val_uar=0.9167 lr=0.00e+00
[12:50:51] INFO [done] vit_small_gray best_val_acc=0.9186 lr_used=0.0001 ckpt=checkpoints\flowers102_vit_small_gray_seed1.pt time=3.6min
[12:50:53] INFO   [E1] eval clean + per colorfulness bin
[12:51:11] INFO   [E2] eval perturbasi warna
[12:56:15] INFO   done vit_small_gray seed1
[12:56:15] INFO ==== flowers102 / vit_small_gray / seed2 (recipe=adamw gray=True) ====
[12:56:15] INFO [train] flowers102/vit_small_gray/seed2 recipe=adamw opt=adamw lr=0.0001 wd=0.05 grayscale=True epochs=60 device=cuda n_train=1020 n_val=1020 bs=64 accum=1
[12:56:33] INFO   ep1: train_loss=4.9328 val_acc=0.0392 val_f1=0.0245 val_uar=0.0392 lr=4.00e-05
[12:56:37] INFO   ep2: train_loss=4.1459 val_acc=0.2176 val_f1=0.1869 val_uar=0.2176 lr=6.00e-05
[12:56:41] INFO   ep3: train_loss=3.1322 val_acc=0.5520 val_f1=0.5171 val_uar=0.5520 lr=8.00e-05
[12:56:45] INFO   ep4: train_loss=2.0770 val_acc=0.7598 val_f1=0.7477 val_uar=0.7598 lr=1.00e-04
[12:56:48] INFO   ep5: train_loss=1.3869 val_acc=0.8500 val_f1=0.8477 val_uar=0.8500 lr=1.00e-04
[12:56:52] INFO   ep6: train_loss=1.0257 val_acc=0.8853 val_f1=0.8864 val_uar=0.8853 lr=9.99e-05
[12:56:55] INFO   ep7: train_loss=0.9012 val_acc=0.8990 val_f1=0.8991 val_uar=0.8990 lr=9.97e-05
[12:56:59] INFO   ep8: train_loss=0.8686 val_acc=0.9088 val_f1=0.9095 val_uar=0.9088 lr=9.93e-05
[12:57:02] INFO   ep9: train_loss=0.8555 val_acc=0.9118 val_f1=0.9110 val_uar=0.9118 lr=9.87e-05
[12:57:06] INFO   ep10: train_loss=0.8468 val_acc=0.9127 val_f1=0.9129 val_uar=0.9127 lr=9.80e-05
[12:57:10] INFO   ep11: train_loss=0.8408 val_acc=0.9196 val_f1=0.9190 val_uar=0.9196 lr=9.71e-05
[12:57:13] INFO   ep12: train_loss=0.8359 val_acc=0.9255 val_f1=0.9239 val_uar=0.9255 lr=9.61e-05
[12:57:17] INFO   ep13: train_loss=0.8339 val_acc=0.9275 val_f1=0.9267 val_uar=0.9275 lr=9.49e-05
[12:57:21] INFO   ep14: train_loss=0.8324 val_acc=0.9265 val_f1=0.9258 val_uar=0.9265 lr=9.35e-05
[12:57:24] INFO   ep15: train_loss=0.8288 val_acc=0.9176 val_f1=0.9169 val_uar=0.9176 lr=9.21e-05
[12:57:28] INFO   ep16: train_loss=0.8267 val_acc=0.9265 val_f1=0.9258 val_uar=0.9265 lr=9.05e-05
[12:57:31] INFO   ep17: train_loss=0.8254 val_acc=0.9275 val_f1=0.9262 val_uar=0.9275 lr=8.87e-05
[12:57:35] INFO   ep18: train_loss=0.8265 val_acc=0.9275 val_f1=0.9271 val_uar=0.9275 lr=8.68e-05
[12:57:38] INFO   ep19: train_loss=0.8225 val_acc=0.9275 val_f1=0.9262 val_uar=0.9275 lr=8.48e-05
[12:57:42] INFO   ep20: train_loss=0.8207 val_acc=0.9284 val_f1=0.9273 val_uar=0.9284 lr=8.27e-05
[12:57:45] INFO   ep21: train_loss=0.8187 val_acc=0.9333 val_f1=0.9319 val_uar=0.9333 lr=8.05e-05
[12:57:49] INFO   ep22: train_loss=0.8179 val_acc=0.9324 val_f1=0.9313 val_uar=0.9324 lr=7.82e-05
[12:57:52] INFO   ep23: train_loss=0.8169 val_acc=0.9294 val_f1=0.9288 val_uar=0.9294 lr=7.58e-05
[12:57:56] INFO   ep24: train_loss=0.8153 val_acc=0.9343 val_f1=0.9336 val_uar=0.9343 lr=7.33e-05
[12:58:00] INFO   ep25: train_loss=0.8152 val_acc=0.9353 val_f1=0.9342 val_uar=0.9353 lr=7.08e-05
[12:58:03] INFO   ep26: train_loss=0.8142 val_acc=0.9304 val_f1=0.9299 val_uar=0.9304 lr=6.81e-05
[12:58:07] INFO   ep27: train_loss=0.8129 val_acc=0.9324 val_f1=0.9310 val_uar=0.9324 lr=6.55e-05
[12:58:10] INFO   ep28: train_loss=0.8147 val_acc=0.9363 val_f1=0.9348 val_uar=0.9363 lr=6.27e-05
[12:58:14] INFO   ep29: train_loss=0.8127 val_acc=0.9304 val_f1=0.9294 val_uar=0.9304 lr=5.99e-05
[12:58:18] INFO   ep30: train_loss=0.8112 val_acc=0.9343 val_f1=0.9336 val_uar=0.9343 lr=5.71e-05
[12:58:21] INFO   ep31: train_loss=0.8100 val_acc=0.9422 val_f1=0.9410 val_uar=0.9422 lr=5.43e-05
[12:58:25] INFO   ep32: train_loss=0.8090 val_acc=0.9373 val_f1=0.9361 val_uar=0.9373 lr=5.14e-05
[12:58:28] INFO   ep33: train_loss=0.8081 val_acc=0.9382 val_f1=0.9373 val_uar=0.9382 lr=4.86e-05
[12:58:31] INFO   ep34: train_loss=0.8097 val_acc=0.9412 val_f1=0.9404 val_uar=0.9412 lr=4.57e-05
[12:58:35] INFO   ep35: train_loss=0.8078 val_acc=0.9373 val_f1=0.9369 val_uar=0.9373 lr=4.29e-05
[12:58:38] INFO   ep36: train_loss=0.8068 val_acc=0.9363 val_f1=0.9355 val_uar=0.9363 lr=4.01e-05
[12:58:41] INFO   ep37: train_loss=0.8069 val_acc=0.9373 val_f1=0.9366 val_uar=0.9373 lr=3.73e-05
[12:58:45] INFO   ep38: train_loss=0.8063 val_acc=0.9402 val_f1=0.9394 val_uar=0.9402 lr=3.45e-05
[12:58:48] INFO   ep39: train_loss=0.8064 val_acc=0.9392 val_f1=0.9385 val_uar=0.9392 lr=3.19e-05
[12:58:51] INFO   ep40: train_loss=0.8051 val_acc=0.9402 val_f1=0.9392 val_uar=0.9402 lr=2.92e-05
[12:58:55] INFO   ep41: train_loss=0.8053 val_acc=0.9412 val_f1=0.9400 val_uar=0.9412 lr=2.67e-05
[12:58:58] INFO   ep42: train_loss=0.8051 val_acc=0.9392 val_f1=0.9383 val_uar=0.9392 lr=2.42e-05
[12:59:02] INFO   ep43: train_loss=0.8046 val_acc=0.9412 val_f1=0.9398 val_uar=0.9412 lr=2.18e-05
[12:59:05] INFO   ep44: train_loss=0.8042 val_acc=0.9402 val_f1=0.9390 val_uar=0.9402 lr=1.95e-05
[12:59:09] INFO   ep45: train_loss=0.8038 val_acc=0.9382 val_f1=0.9371 val_uar=0.9382 lr=1.73e-05
[12:59:12] INFO   ep46: train_loss=0.8039 val_acc=0.9422 val_f1=0.9414 val_uar=0.9422 lr=1.52e-05
[12:59:15] INFO   ep47: train_loss=0.8040 val_acc=0.9382 val_f1=0.9370 val_uar=0.9382 lr=1.32e-05
[12:59:19] INFO   ep48: train_loss=0.8029 val_acc=0.9402 val_f1=0.9393 val_uar=0.9402 lr=1.13e-05
[12:59:22] INFO   ep49: train_loss=0.8037 val_acc=0.9402 val_f1=0.9392 val_uar=0.9402 lr=9.55e-06
[12:59:26] INFO   ep50: train_loss=0.8031 val_acc=0.9392 val_f1=0.9383 val_uar=0.9392 lr=7.94e-06
[12:59:29] INFO   ep51: train_loss=0.8032 val_acc=0.9392 val_f1=0.9383 val_uar=0.9392 lr=6.46e-06
[12:59:32] INFO   ep52: train_loss=0.8029 val_acc=0.9392 val_f1=0.9381 val_uar=0.9392 lr=5.13e-06
[12:59:36] INFO   ep53: train_loss=0.8037 val_acc=0.9382 val_f1=0.9370 val_uar=0.9382 lr=3.94e-06
[12:59:39] INFO   ep54: train_loss=0.8028 val_acc=0.9373 val_f1=0.9360 val_uar=0.9373 lr=2.91e-06
[12:59:42] INFO   ep55: train_loss=0.8022 val_acc=0.9373 val_f1=0.9360 val_uar=0.9373 lr=2.03e-06
[12:59:46] INFO   ep56: train_loss=0.8029 val_acc=0.9382 val_f1=0.9372 val_uar=0.9382 lr=1.30e-06
[12:59:49] INFO   ep57: train_loss=0.8026 val_acc=0.9382 val_f1=0.9372 val_uar=0.9382 lr=7.32e-07
[12:59:52] INFO   ep58: train_loss=0.8026 val_acc=0.9392 val_f1=0.9382 val_uar=0.9392 lr=3.26e-07
[12:59:56] INFO   ep59: train_loss=0.8025 val_acc=0.9382 val_f1=0.9370 val_uar=0.9382 lr=8.15e-08
[12:59:59] INFO   ep60: train_loss=0.8028 val_acc=0.9392 val_f1=0.9381 val_uar=0.9392 lr=0.00e+00
[12:59:59] INFO [done] vit_small_gray best_val_acc=0.9422 lr_used=0.0001 ckpt=checkpoints\flowers102_vit_small_gray_seed2.pt time=3.7min
[13:00:01] INFO   [E1] eval clean + per colorfulness bin
[13:00:19] INFO   [E2] eval perturbasi warna
[13:05:20] INFO   done vit_small_gray seed2
[13:05:20] INFO ==== flowers102 / vit_small_gray / seed3 (recipe=adamw gray=True) ====
[13:05:21] INFO [train] flowers102/vit_small_gray/seed3 recipe=adamw opt=adamw lr=0.0001 wd=0.05 grayscale=True epochs=60 device=cuda n_train=1020 n_val=1020 bs=64 accum=1
[13:05:39] INFO   ep1: train_loss=4.8667 val_acc=0.0529 val_f1=0.0333 val_uar=0.0529 lr=4.00e-05
[13:05:42] INFO   ep2: train_loss=4.1178 val_acc=0.2304 val_f1=0.1853 val_uar=0.2304 lr=6.00e-05
[13:05:46] INFO   ep3: train_loss=3.1091 val_acc=0.5520 val_f1=0.5208 val_uar=0.5520 lr=8.00e-05
[13:05:49] INFO   ep4: train_loss=2.0300 val_acc=0.7833 val_f1=0.7736 val_uar=0.7833 lr=1.00e-04
[13:05:53] INFO   ep5: train_loss=1.3038 val_acc=0.8647 val_f1=0.8622 val_uar=0.8647 lr=1.00e-04
[13:05:57] INFO   ep6: train_loss=1.0076 val_acc=0.8931 val_f1=0.8915 val_uar=0.8931 lr=9.99e-05
[13:06:00] INFO   ep7: train_loss=0.8993 val_acc=0.9078 val_f1=0.9054 val_uar=0.9078 lr=9.97e-05
[13:06:04] INFO   ep8: train_loss=0.8675 val_acc=0.9000 val_f1=0.8995 val_uar=0.9000 lr=9.93e-05
[13:06:08] INFO   ep9: train_loss=0.8577 val_acc=0.9196 val_f1=0.9197 val_uar=0.9196 lr=9.87e-05
[13:06:11] INFO   ep10: train_loss=0.8480 val_acc=0.9127 val_f1=0.9121 val_uar=0.9127 lr=9.80e-05
[13:06:15] INFO   ep11: train_loss=0.8407 val_acc=0.9127 val_f1=0.9118 val_uar=0.9127 lr=9.71e-05
[13:06:18] INFO   ep12: train_loss=0.8371 val_acc=0.9186 val_f1=0.9186 val_uar=0.9186 lr=9.61e-05
[13:06:22] INFO   ep13: train_loss=0.8346 val_acc=0.9196 val_f1=0.9182 val_uar=0.9196 lr=9.49e-05
[13:06:25] INFO   ep14: train_loss=0.8300 val_acc=0.9245 val_f1=0.9237 val_uar=0.9245 lr=9.35e-05
[13:06:28] INFO   ep15: train_loss=0.8279 val_acc=0.9196 val_f1=0.9187 val_uar=0.9196 lr=9.21e-05
[13:06:32] INFO   ep16: train_loss=0.8268 val_acc=0.9235 val_f1=0.9230 val_uar=0.9235 lr=9.05e-05
[13:06:35] INFO   ep17: train_loss=0.8251 val_acc=0.9176 val_f1=0.9166 val_uar=0.9176 lr=8.87e-05
[13:06:39] INFO   ep18: train_loss=0.8240 val_acc=0.9206 val_f1=0.9195 val_uar=0.9206 lr=8.68e-05
[13:06:42] INFO   ep19: train_loss=0.8213 val_acc=0.9206 val_f1=0.9202 val_uar=0.9206 lr=8.48e-05
[13:06:46] INFO   ep20: train_loss=0.8198 val_acc=0.9255 val_f1=0.9253 val_uar=0.9255 lr=8.27e-05
[13:06:49] INFO   ep21: train_loss=0.8184 val_acc=0.9265 val_f1=0.9251 val_uar=0.9265 lr=8.05e-05
[13:06:53] INFO   ep22: train_loss=0.8171 val_acc=0.9304 val_f1=0.9296 val_uar=0.9304 lr=7.82e-05
[13:06:57] INFO   ep23: train_loss=0.8167 val_acc=0.9284 val_f1=0.9278 val_uar=0.9284 lr=7.58e-05
[13:07:00] INFO   ep24: train_loss=0.8163 val_acc=0.9275 val_f1=0.9267 val_uar=0.9275 lr=7.33e-05
[13:07:04] INFO   ep25: train_loss=0.8142 val_acc=0.9333 val_f1=0.9328 val_uar=0.9333 lr=7.08e-05
[13:07:08] INFO   ep26: train_loss=0.8133 val_acc=0.9294 val_f1=0.9292 val_uar=0.9294 lr=6.81e-05
[13:07:11] INFO   ep27: train_loss=0.8120 val_acc=0.9275 val_f1=0.9268 val_uar=0.9275 lr=6.55e-05
[13:07:14] INFO   ep28: train_loss=0.8113 val_acc=0.9245 val_f1=0.9240 val_uar=0.9245 lr=6.27e-05
[13:07:18] INFO   ep29: train_loss=0.8111 val_acc=0.9265 val_f1=0.9263 val_uar=0.9265 lr=5.99e-05
[13:07:21] INFO   ep30: train_loss=0.8098 val_acc=0.9294 val_f1=0.9293 val_uar=0.9294 lr=5.71e-05
[13:07:25] INFO   ep31: train_loss=0.8119 val_acc=0.9275 val_f1=0.9270 val_uar=0.9275 lr=5.43e-05
[13:07:28] INFO   ep32: train_loss=0.8095 val_acc=0.9275 val_f1=0.9272 val_uar=0.9275 lr=5.14e-05
[13:07:32] INFO   ep33: train_loss=0.8091 val_acc=0.9265 val_f1=0.9262 val_uar=0.9265 lr=4.86e-05
[13:07:35] INFO   ep34: train_loss=0.8079 val_acc=0.9304 val_f1=0.9300 val_uar=0.9304 lr=4.57e-05
[13:07:38] INFO   ep35: train_loss=0.8077 val_acc=0.9314 val_f1=0.9310 val_uar=0.9314 lr=4.29e-05
[13:07:42] INFO   ep36: train_loss=0.8070 val_acc=0.9284 val_f1=0.9279 val_uar=0.9284 lr=4.01e-05
[13:07:45] INFO   ep37: train_loss=0.8060 val_acc=0.9324 val_f1=0.9317 val_uar=0.9324 lr=3.73e-05
[13:07:49] INFO   ep38: train_loss=0.8057 val_acc=0.9314 val_f1=0.9305 val_uar=0.9314 lr=3.45e-05
[13:07:52] INFO   ep39: train_loss=0.8061 val_acc=0.9333 val_f1=0.9327 val_uar=0.9333 lr=3.19e-05
[13:07:56] INFO   ep40: train_loss=0.8052 val_acc=0.9304 val_f1=0.9297 val_uar=0.9304 lr=2.92e-05
[13:07:59] INFO   ep41: train_loss=0.8050 val_acc=0.9314 val_f1=0.9308 val_uar=0.9314 lr=2.67e-05
[13:08:03] INFO   ep42: train_loss=0.8046 val_acc=0.9314 val_f1=0.9306 val_uar=0.9314 lr=2.42e-05
[13:08:06] INFO   ep43: train_loss=0.8072 val_acc=0.9353 val_f1=0.9345 val_uar=0.9353 lr=2.18e-05
[13:08:10] INFO   ep44: train_loss=0.8049 val_acc=0.9324 val_f1=0.9313 val_uar=0.9324 lr=1.95e-05
[13:08:13] INFO   ep45: train_loss=0.8047 val_acc=0.9343 val_f1=0.9335 val_uar=0.9343 lr=1.73e-05
[13:08:17] INFO   ep46: train_loss=0.8037 val_acc=0.9353 val_f1=0.9345 val_uar=0.9353 lr=1.52e-05
[13:08:20] INFO   ep47: train_loss=0.8049 val_acc=0.9343 val_f1=0.9340 val_uar=0.9343 lr=1.32e-05
[13:08:24] INFO   ep48: train_loss=0.8031 val_acc=0.9333 val_f1=0.9330 val_uar=0.9333 lr=1.13e-05
[13:08:27] INFO   ep49: train_loss=0.8035 val_acc=0.9324 val_f1=0.9320 val_uar=0.9324 lr=9.55e-06
[13:08:31] INFO   ep50: train_loss=0.8034 val_acc=0.9314 val_f1=0.9310 val_uar=0.9314 lr=7.94e-06
[13:08:35] INFO   ep51: train_loss=0.8031 val_acc=0.9314 val_f1=0.9309 val_uar=0.9314 lr=6.46e-06
[13:08:38] INFO   ep52: train_loss=0.8027 val_acc=0.9324 val_f1=0.9320 val_uar=0.9324 lr=5.13e-06
[13:08:41] INFO   ep53: train_loss=0.8030 val_acc=0.9353 val_f1=0.9348 val_uar=0.9353 lr=3.94e-06
[13:08:45] INFO   ep54: train_loss=0.8025 val_acc=0.9343 val_f1=0.9338 val_uar=0.9343 lr=2.91e-06
[13:08:49] INFO   ep55: train_loss=0.8029 val_acc=0.9353 val_f1=0.9348 val_uar=0.9353 lr=2.03e-06
[13:08:53] INFO   ep56: train_loss=0.8030 val_acc=0.9353 val_f1=0.9348 val_uar=0.9353 lr=1.30e-06
[13:08:56] INFO   ep57: train_loss=0.8027 val_acc=0.9343 val_f1=0.9338 val_uar=0.9343 lr=7.32e-07
[13:09:00] INFO   ep58: train_loss=0.8027 val_acc=0.9353 val_f1=0.9348 val_uar=0.9353 lr=3.26e-07
[13:09:03] INFO   ep59: train_loss=0.8030 val_acc=0.9353 val_f1=0.9348 val_uar=0.9353 lr=8.15e-08
[13:09:07] INFO   ep60: train_loss=0.8028 val_acc=0.9353 val_f1=0.9348 val_uar=0.9353 lr=0.00e+00
[13:09:07] INFO [done] vit_small_gray best_val_acc=0.9353 lr_used=0.0001 ckpt=checkpoints\flowers102_vit_small_gray_seed3.pt time=3.8min
[13:09:09] INFO   [E1] eval clean + per colorfulness bin
[13:09:27] INFO   [E2] eval perturbasi warna
[13:14:37] INFO   done vit_small_gray seed3
[13:14:37] INFO ==== flowers102 / vit_small_gray / seed4 (recipe=adamw gray=True) ====
[13:14:37] INFO [train] flowers102/vit_small_gray/seed4 recipe=adamw opt=adamw lr=0.0001 wd=0.05 grayscale=True epochs=60 device=cuda n_train=1020 n_val=1020 bs=64 accum=1
[13:14:59] INFO   ep1: train_loss=4.8156 val_acc=0.0667 val_f1=0.0444 val_uar=0.0667 lr=4.00e-05
[13:15:03] INFO   ep2: train_loss=3.9905 val_acc=0.2686 val_f1=0.2324 val_uar=0.2686 lr=6.00e-05
[13:15:06] INFO   ep3: train_loss=2.9584 val_acc=0.6108 val_f1=0.5841 val_uar=0.6108 lr=8.00e-05
[13:15:09] INFO   ep4: train_loss=1.9080 val_acc=0.8078 val_f1=0.8000 val_uar=0.8078 lr=1.00e-04
[13:15:13] INFO   ep5: train_loss=1.2562 val_acc=0.8814 val_f1=0.8816 val_uar=0.8814 lr=1.00e-04
[13:15:16] INFO   ep6: train_loss=0.9664 val_acc=0.9098 val_f1=0.9088 val_uar=0.9098 lr=9.99e-05
[13:15:19] INFO   ep7: train_loss=0.8883 val_acc=0.9186 val_f1=0.9175 val_uar=0.9186 lr=9.97e-05
[13:15:23] INFO   ep8: train_loss=0.8600 val_acc=0.9294 val_f1=0.9277 val_uar=0.9294 lr=9.93e-05
[13:15:26] INFO   ep9: train_loss=0.8494 val_acc=0.9304 val_f1=0.9297 val_uar=0.9304 lr=9.87e-05
[13:15:29] INFO   ep10: train_loss=0.8434 val_acc=0.9265 val_f1=0.9251 val_uar=0.9265 lr=9.80e-05
[13:15:33] INFO   ep11: train_loss=0.8387 val_acc=0.9275 val_f1=0.9264 val_uar=0.9275 lr=9.71e-05
[13:15:36] INFO   ep12: train_loss=0.8342 val_acc=0.9353 val_f1=0.9338 val_uar=0.9353 lr=9.61e-05
[13:15:39] INFO   ep13: train_loss=0.8321 val_acc=0.9333 val_f1=0.9326 val_uar=0.9333 lr=9.49e-05
[13:15:43] INFO   ep14: train_loss=0.8290 val_acc=0.9373 val_f1=0.9362 val_uar=0.9373 lr=9.35e-05
[13:15:46] INFO   ep15: train_loss=0.8273 val_acc=0.9314 val_f1=0.9298 val_uar=0.9314 lr=9.21e-05
[13:15:49] INFO   ep16: train_loss=0.8246 val_acc=0.9333 val_f1=0.9320 val_uar=0.9333 lr=9.05e-05
[13:15:52] INFO   ep17: train_loss=0.8232 val_acc=0.9343 val_f1=0.9327 val_uar=0.9343 lr=8.87e-05
[13:15:56] INFO   ep18: train_loss=0.8228 val_acc=0.9353 val_f1=0.9345 val_uar=0.9353 lr=8.68e-05
[13:15:59] INFO   ep19: train_loss=0.8209 val_acc=0.9373 val_f1=0.9360 val_uar=0.9373 lr=8.48e-05
[13:16:02] INFO   ep20: train_loss=0.8196 val_acc=0.9363 val_f1=0.9352 val_uar=0.9363 lr=8.27e-05
[13:16:06] INFO   ep21: train_loss=0.8182 val_acc=0.9412 val_f1=0.9401 val_uar=0.9412 lr=8.05e-05
[13:16:09] INFO   ep22: train_loss=0.8171 val_acc=0.9392 val_f1=0.9382 val_uar=0.9392 lr=7.82e-05
[13:16:13] INFO   ep23: train_loss=0.8159 val_acc=0.9343 val_f1=0.9338 val_uar=0.9343 lr=7.58e-05
[13:16:16] INFO   ep24: train_loss=0.8143 val_acc=0.9422 val_f1=0.9413 val_uar=0.9422 lr=7.33e-05
[13:16:19] INFO   ep25: train_loss=0.8134 val_acc=0.9363 val_f1=0.9356 val_uar=0.9363 lr=7.08e-05
[13:16:23] INFO   ep26: train_loss=0.8128 val_acc=0.9422 val_f1=0.9415 val_uar=0.9422 lr=6.81e-05
[13:16:26] INFO   ep27: train_loss=0.8114 val_acc=0.9451 val_f1=0.9443 val_uar=0.9451 lr=6.55e-05
[13:16:30] INFO   ep28: train_loss=0.8109 val_acc=0.9431 val_f1=0.9424 val_uar=0.9431 lr=6.27e-05
[13:16:33] INFO   ep29: train_loss=0.8110 val_acc=0.9412 val_f1=0.9404 val_uar=0.9412 lr=5.99e-05
[13:16:36] INFO   ep30: train_loss=0.8103 val_acc=0.9412 val_f1=0.9404 val_uar=0.9412 lr=5.71e-05
[13:16:40] INFO   ep31: train_loss=0.8092 val_acc=0.9412 val_f1=0.9401 val_uar=0.9412 lr=5.43e-05
[13:16:43] INFO   ep32: train_loss=0.8096 val_acc=0.9451 val_f1=0.9442 val_uar=0.9451 lr=5.14e-05
[13:16:46] INFO   ep33: train_loss=0.8090 val_acc=0.9441 val_f1=0.9431 val_uar=0.9441 lr=4.86e-05
[13:16:50] INFO   ep34: train_loss=0.8076 val_acc=0.9441 val_f1=0.9431 val_uar=0.9441 lr=4.57e-05
[13:16:53] INFO   ep35: train_loss=0.8067 val_acc=0.9422 val_f1=0.9412 val_uar=0.9422 lr=4.29e-05
[13:16:56] INFO   ep36: train_loss=0.8056 val_acc=0.9431 val_f1=0.9421 val_uar=0.9431 lr=4.01e-05
[13:17:00] INFO   ep37: train_loss=0.8055 val_acc=0.9451 val_f1=0.9443 val_uar=0.9451 lr=3.73e-05
[13:17:03] INFO   ep38: train_loss=0.8050 val_acc=0.9441 val_f1=0.9434 val_uar=0.9441 lr=3.45e-05
[13:17:06] INFO   ep39: train_loss=0.8047 val_acc=0.9471 val_f1=0.9463 val_uar=0.9471 lr=3.19e-05
[13:17:10] INFO   ep40: train_loss=0.8041 val_acc=0.9461 val_f1=0.9455 val_uar=0.9461 lr=2.92e-05
[13:17:13] INFO   ep41: train_loss=0.8045 val_acc=0.9490 val_f1=0.9483 val_uar=0.9490 lr=2.67e-05
[13:17:17] INFO   ep42: train_loss=0.8039 val_acc=0.9471 val_f1=0.9462 val_uar=0.9471 lr=2.42e-05
[13:17:20] INFO   ep43: train_loss=0.8040 val_acc=0.9490 val_f1=0.9483 val_uar=0.9490 lr=2.18e-05
[13:17:23] INFO   ep44: train_loss=0.8038 val_acc=0.9471 val_f1=0.9463 val_uar=0.9471 lr=1.95e-05
[13:17:27] INFO   ep45: train_loss=0.8032 val_acc=0.9471 val_f1=0.9465 val_uar=0.9471 lr=1.73e-05
[13:17:30] INFO   ep46: train_loss=0.8032 val_acc=0.9480 val_f1=0.9475 val_uar=0.9480 lr=1.52e-05
[13:17:33] INFO   ep47: train_loss=0.8027 val_acc=0.9480 val_f1=0.9472 val_uar=0.9480 lr=1.32e-05
[13:17:37] INFO   ep48: train_loss=0.8027 val_acc=0.9471 val_f1=0.9462 val_uar=0.9471 lr=1.13e-05
[13:17:40] INFO   ep49: train_loss=0.8027 val_acc=0.9471 val_f1=0.9462 val_uar=0.9471 lr=9.55e-06
[13:17:44] INFO   ep50: train_loss=0.8022 val_acc=0.9461 val_f1=0.9452 val_uar=0.9461 lr=7.94e-06
[13:17:47] INFO   ep51: train_loss=0.8024 val_acc=0.9471 val_f1=0.9464 val_uar=0.9471 lr=6.46e-06
[13:17:50] INFO   ep52: train_loss=0.8026 val_acc=0.9471 val_f1=0.9465 val_uar=0.9471 lr=5.13e-06
[13:17:53] INFO   ep53: train_loss=0.8025 val_acc=0.9471 val_f1=0.9464 val_uar=0.9471 lr=3.94e-06
[13:17:57] INFO   ep54: train_loss=0.8021 val_acc=0.9471 val_f1=0.9463 val_uar=0.9471 lr=2.91e-06
[13:18:00] INFO   ep55: train_loss=0.8021 val_acc=0.9471 val_f1=0.9463 val_uar=0.9471 lr=2.03e-06
[13:18:03] INFO   ep56: train_loss=0.8021 val_acc=0.9480 val_f1=0.9473 val_uar=0.9480 lr=1.30e-06
[13:18:07] INFO   ep57: train_loss=0.8020 val_acc=0.9490 val_f1=0.9482 val_uar=0.9490 lr=7.32e-07
[13:18:10] INFO   ep58: train_loss=0.8023 val_acc=0.9490 val_f1=0.9482 val_uar=0.9490 lr=3.26e-07
[13:18:13] INFO   ep59: train_loss=0.8022 val_acc=0.9490 val_f1=0.9482 val_uar=0.9490 lr=8.15e-08
[13:18:17] INFO   ep60: train_loss=0.8020 val_acc=0.9480 val_f1=0.9473 val_uar=0.9480 lr=0.00e+00
[13:18:17] INFO [done] vit_small_gray best_val_acc=0.9490 lr_used=0.0001 ckpt=checkpoints\flowers102_vit_small_gray_seed4.pt time=3.7min
[13:18:18] INFO   [E1] eval clean + per colorfulness bin
[13:18:37] INFO   [E2] eval perturbasi warna
[13:23:27] INFO   done vit_small_gray seed4
[13:23:27] INFO ALL DONE
[13:23:34] INFO dataset=flowers102 models=['swin_tiny'] seeds=[0, 1, 2, 3, 4] epochs=None recipe=adamw
[13:23:34] INFO ==== flowers102 / swin_tiny_gray / seed0 (recipe=adamw gray=True) ====
[13:23:36] INFO [train] flowers102/swin_tiny_gray/seed0 recipe=adamw opt=adamw lr=0.0001 wd=0.05 grayscale=True epochs=60 device=cuda n_train=1020 n_val=1020 bs=64 accum=1
[13:23:55] INFO   ep1: train_loss=4.6160 val_acc=0.0284 val_f1=0.0225 val_uar=0.0284 lr=4.00e-05
[13:23:59] INFO   ep2: train_loss=4.3970 val_acc=0.1402 val_f1=0.1074 val_uar=0.1402 lr=6.00e-05
[13:24:03] INFO   ep3: train_loss=3.7593 val_acc=0.4147 val_f1=0.3597 val_uar=0.4147 lr=8.00e-05
[13:24:06] INFO   ep4: train_loss=2.6848 val_acc=0.6353 val_f1=0.6151 val_uar=0.6353 lr=1.00e-04
[13:24:10] INFO   ep5: train_loss=1.8552 val_acc=0.7755 val_f1=0.7695 val_uar=0.7755 lr=1.00e-04
[13:24:14] INFO   ep6: train_loss=1.3846 val_acc=0.8235 val_f1=0.8189 val_uar=0.8235 lr=9.99e-05
[13:24:18] INFO   ep7: train_loss=1.1404 val_acc=0.8539 val_f1=0.8538 val_uar=0.8539 lr=9.97e-05
[13:24:22] INFO   ep8: train_loss=1.0637 val_acc=0.8373 val_f1=0.8386 val_uar=0.8373 lr=9.93e-05
[13:24:26] INFO   ep9: train_loss=1.0207 val_acc=0.8510 val_f1=0.8501 val_uar=0.8510 lr=9.87e-05
[13:24:30] INFO   ep10: train_loss=0.9930 val_acc=0.8725 val_f1=0.8714 val_uar=0.8725 lr=9.80e-05
[13:24:33] INFO   ep11: train_loss=0.9756 val_acc=0.8755 val_f1=0.8736 val_uar=0.8755 lr=9.71e-05
[13:24:37] INFO   ep12: train_loss=0.9434 val_acc=0.8755 val_f1=0.8732 val_uar=0.8755 lr=9.61e-05
[13:24:41] INFO   ep13: train_loss=0.9311 val_acc=0.8745 val_f1=0.8723 val_uar=0.8745 lr=9.49e-05
[13:24:45] INFO   ep14: train_loss=0.9144 val_acc=0.8745 val_f1=0.8736 val_uar=0.8745 lr=9.35e-05
[13:24:48] INFO   ep15: train_loss=0.9194 val_acc=0.8765 val_f1=0.8759 val_uar=0.8765 lr=9.21e-05
[13:24:52] INFO   ep16: train_loss=0.9134 val_acc=0.8824 val_f1=0.8791 val_uar=0.8824 lr=9.05e-05
[13:24:56] INFO   ep17: train_loss=0.9097 val_acc=0.8814 val_f1=0.8789 val_uar=0.8814 lr=8.87e-05
[13:25:00] INFO   ep18: train_loss=0.8936 val_acc=0.8873 val_f1=0.8856 val_uar=0.8873 lr=8.68e-05
[13:25:04] INFO   ep19: train_loss=0.8853 val_acc=0.8843 val_f1=0.8820 val_uar=0.8843 lr=8.48e-05
[13:25:07] INFO   ep20: train_loss=0.8806 val_acc=0.8922 val_f1=0.8909 val_uar=0.8922 lr=8.27e-05
[13:25:11] INFO   ep21: train_loss=0.8771 val_acc=0.8843 val_f1=0.8807 val_uar=0.8843 lr=8.05e-05
[13:25:15] INFO   ep22: train_loss=0.8721 val_acc=0.8853 val_f1=0.8831 val_uar=0.8853 lr=7.82e-05
[13:25:19] INFO   ep23: train_loss=0.8719 val_acc=0.8931 val_f1=0.8916 val_uar=0.8931 lr=7.58e-05
[13:25:23] INFO   ep24: train_loss=0.8613 val_acc=0.8882 val_f1=0.8863 val_uar=0.8882 lr=7.33e-05
[13:25:26] INFO   ep25: train_loss=0.8645 val_acc=0.8961 val_f1=0.8938 val_uar=0.8961 lr=7.08e-05
[13:25:30] INFO   ep26: train_loss=0.8575 val_acc=0.8941 val_f1=0.8925 val_uar=0.8941 lr=6.81e-05
[13:25:34] INFO   ep27: train_loss=0.8591 val_acc=0.8824 val_f1=0.8805 val_uar=0.8824 lr=6.55e-05
[13:25:38] INFO   ep28: train_loss=0.8451 val_acc=0.9039 val_f1=0.9023 val_uar=0.9039 lr=6.27e-05
[13:25:42] INFO   ep29: train_loss=0.8500 val_acc=0.8971 val_f1=0.8953 val_uar=0.8971 lr=5.99e-05
[13:25:46] INFO   ep30: train_loss=0.8562 val_acc=0.8990 val_f1=0.8989 val_uar=0.8990 lr=5.71e-05
[13:25:49] INFO   ep31: train_loss=0.8389 val_acc=0.8922 val_f1=0.8904 val_uar=0.8922 lr=5.43e-05
[13:25:53] INFO   ep32: train_loss=0.8425 val_acc=0.8971 val_f1=0.8954 val_uar=0.8971 lr=5.14e-05
[13:25:57] INFO   ep33: train_loss=0.8467 val_acc=0.9029 val_f1=0.9015 val_uar=0.9029 lr=4.86e-05
[13:26:01] INFO   ep34: train_loss=0.8412 val_acc=0.9029 val_f1=0.9015 val_uar=0.9029 lr=4.57e-05
[13:26:05] INFO   ep35: train_loss=0.8339 val_acc=0.8951 val_f1=0.8931 val_uar=0.8951 lr=4.29e-05
[13:26:09] INFO   ep36: train_loss=0.8318 val_acc=0.8971 val_f1=0.8953 val_uar=0.8971 lr=4.01e-05
[13:26:12] INFO   ep37: train_loss=0.8298 val_acc=0.8961 val_f1=0.8938 val_uar=0.8961 lr=3.73e-05
[13:26:16] INFO   ep38: train_loss=0.8345 val_acc=0.8990 val_f1=0.8973 val_uar=0.8990 lr=3.45e-05
[13:26:20] INFO   ep39: train_loss=0.8355 val_acc=0.9010 val_f1=0.8997 val_uar=0.9010 lr=3.19e-05
[13:26:24] INFO   ep40: train_loss=0.8271 val_acc=0.8980 val_f1=0.8955 val_uar=0.8980 lr=2.92e-05
[13:26:28] INFO   ep41: train_loss=0.8276 val_acc=0.8971 val_f1=0.8951 val_uar=0.8971 lr=2.67e-05
[13:26:31] INFO   ep42: train_loss=0.8340 val_acc=0.8961 val_f1=0.8940 val_uar=0.8961 lr=2.42e-05
[13:26:35] INFO   ep43: train_loss=0.8265 val_acc=0.8961 val_f1=0.8940 val_uar=0.8961 lr=2.18e-05
[13:26:39] INFO   ep44: train_loss=0.8284 val_acc=0.9020 val_f1=0.9000 val_uar=0.9020 lr=1.95e-05
[13:26:43] INFO   ep45: train_loss=0.8335 val_acc=0.9029 val_f1=0.9005 val_uar=0.9029 lr=1.73e-05
[13:26:47] INFO   ep46: train_loss=0.8316 val_acc=0.9069 val_f1=0.9052 val_uar=0.9069 lr=1.52e-05
[13:26:51] INFO   ep47: train_loss=0.8249 val_acc=0.9078 val_f1=0.9064 val_uar=0.9078 lr=1.32e-05
[13:26:55] INFO   ep48: train_loss=0.8268 val_acc=0.9088 val_f1=0.9072 val_uar=0.9088 lr=1.13e-05
[13:26:59] INFO   ep49: train_loss=0.8263 val_acc=0.9069 val_f1=0.9044 val_uar=0.9069 lr=9.55e-06
[13:27:03] INFO   ep50: train_loss=0.8243 val_acc=0.9039 val_f1=0.9015 val_uar=0.9039 lr=7.94e-06
[13:27:07] INFO   ep51: train_loss=0.8307 val_acc=0.9020 val_f1=0.8993 val_uar=0.9020 lr=6.46e-06
[13:27:11] INFO   ep52: train_loss=0.8238 val_acc=0.9078 val_f1=0.9063 val_uar=0.9078 lr=5.13e-06
[13:27:14] INFO   ep53: train_loss=0.8296 val_acc=0.9059 val_f1=0.9041 val_uar=0.9059 lr=3.94e-06
[13:27:18] INFO   ep54: train_loss=0.8249 val_acc=0.9059 val_f1=0.9043 val_uar=0.9059 lr=2.91e-06
[13:27:22] INFO   ep55: train_loss=0.8222 val_acc=0.9069 val_f1=0.9052 val_uar=0.9069 lr=2.03e-06
[13:27:26] INFO   ep56: train_loss=0.8265 val_acc=0.9059 val_f1=0.9042 val_uar=0.9059 lr=1.30e-06
[13:27:30] INFO   ep57: train_loss=0.8261 val_acc=0.9049 val_f1=0.9033 val_uar=0.9049 lr=7.32e-07
[13:27:34] INFO   ep58: train_loss=0.8247 val_acc=0.9049 val_f1=0.9033 val_uar=0.9049 lr=3.26e-07
[13:27:38] INFO   ep59: train_loss=0.8204 val_acc=0.9049 val_f1=0.9033 val_uar=0.9049 lr=8.15e-08
[13:27:42] INFO   ep60: train_loss=0.8265 val_acc=0.9049 val_f1=0.9033 val_uar=0.9049 lr=0.00e+00
[13:27:42] INFO [done] swin_tiny_gray best_val_acc=0.9088 lr_used=0.0001 ckpt=checkpoints\flowers102_swin_tiny_gray_seed0.pt time=4.1min
[13:27:43] INFO   [E1] eval clean + per colorfulness bin
[13:28:01] INFO   [E2] eval perturbasi warna
[13:32:52] INFO   done swin_tiny_gray seed0
[13:32:52] INFO ==== flowers102 / swin_tiny_gray / seed1 (recipe=adamw gray=True) ====
[13:32:53] INFO [train] flowers102/swin_tiny_gray/seed1 recipe=adamw opt=adamw lr=0.0001 wd=0.05 grayscale=True epochs=60 device=cuda n_train=1020 n_val=1020 bs=64 accum=1
[13:33:11] INFO   ep1: train_loss=4.6306 val_acc=0.0196 val_f1=0.0148 val_uar=0.0196 lr=4.00e-05
[13:33:15] INFO   ep2: train_loss=4.4141 val_acc=0.1314 val_f1=0.1039 val_uar=0.1314 lr=6.00e-05
[13:33:19] INFO   ep3: train_loss=3.8377 val_acc=0.3912 val_f1=0.3599 val_uar=0.3912 lr=8.00e-05
[13:33:22] INFO   ep4: train_loss=2.7270 val_acc=0.6657 val_f1=0.6514 val_uar=0.6657 lr=1.00e-04
[13:33:26] INFO   ep5: train_loss=1.8172 val_acc=0.7902 val_f1=0.7820 val_uar=0.7902 lr=1.00e-04
[13:33:30] INFO   ep6: train_loss=1.3422 val_acc=0.8284 val_f1=0.8288 val_uar=0.8284 lr=9.99e-05
[13:33:34] INFO   ep7: train_loss=1.1489 val_acc=0.8676 val_f1=0.8662 val_uar=0.8676 lr=9.97e-05
[13:33:38] INFO   ep8: train_loss=1.0700 val_acc=0.8598 val_f1=0.8558 val_uar=0.8598 lr=9.93e-05
[13:33:42] INFO   ep9: train_loss=1.0294 val_acc=0.8745 val_f1=0.8744 val_uar=0.8745 lr=9.87e-05
[13:33:45] INFO   ep10: train_loss=0.9740 val_acc=0.8667 val_f1=0.8679 val_uar=0.8667 lr=9.80e-05
[13:33:49] INFO   ep11: train_loss=0.9744 val_acc=0.8794 val_f1=0.8754 val_uar=0.8794 lr=9.71e-05
[13:33:53] INFO   ep12: train_loss=0.9471 val_acc=0.8892 val_f1=0.8906 val_uar=0.8892 lr=9.61e-05
[13:33:57] INFO   ep13: train_loss=0.9222 val_acc=0.8912 val_f1=0.8906 val_uar=0.8912 lr=9.49e-05
[13:34:00] INFO   ep14: train_loss=0.9102 val_acc=0.8951 val_f1=0.8941 val_uar=0.8951 lr=9.35e-05
[13:34:04] INFO   ep15: train_loss=0.9068 val_acc=0.8902 val_f1=0.8880 val_uar=0.8902 lr=9.21e-05
[13:34:08] INFO   ep16: train_loss=0.9049 val_acc=0.8931 val_f1=0.8915 val_uar=0.8931 lr=9.05e-05
[13:34:11] INFO   ep17: train_loss=0.8937 val_acc=0.8912 val_f1=0.8903 val_uar=0.8912 lr=8.87e-05
[13:34:15] INFO   ep18: train_loss=0.8876 val_acc=0.8980 val_f1=0.8971 val_uar=0.8980 lr=8.68e-05
[13:34:19] INFO   ep19: train_loss=0.8731 val_acc=0.9029 val_f1=0.9023 val_uar=0.9029 lr=8.48e-05
[13:34:23] INFO   ep20: train_loss=0.8781 val_acc=0.9069 val_f1=0.9059 val_uar=0.9069 lr=8.27e-05
[13:34:27] INFO   ep21: train_loss=0.8648 val_acc=0.9029 val_f1=0.9031 val_uar=0.9029 lr=8.05e-05
[13:34:30] INFO   ep22: train_loss=0.8648 val_acc=0.9010 val_f1=0.9001 val_uar=0.9010 lr=7.82e-05
[13:34:34] INFO   ep23: train_loss=0.8694 val_acc=0.8971 val_f1=0.8967 val_uar=0.8971 lr=7.58e-05
[13:34:38] INFO   ep24: train_loss=0.8621 val_acc=0.9069 val_f1=0.9057 val_uar=0.9069 lr=7.33e-05
[13:34:41] INFO   ep25: train_loss=0.8544 val_acc=0.9020 val_f1=0.9012 val_uar=0.9020 lr=7.08e-05
[13:34:45] INFO   ep26: train_loss=0.8504 val_acc=0.9108 val_f1=0.9106 val_uar=0.9108 lr=6.81e-05
[13:34:49] INFO   ep27: train_loss=0.8494 val_acc=0.9098 val_f1=0.9099 val_uar=0.9098 lr=6.55e-05
[13:34:52] INFO   ep28: train_loss=0.8395 val_acc=0.9078 val_f1=0.9079 val_uar=0.9078 lr=6.27e-05
[13:34:56] INFO   ep29: train_loss=0.8437 val_acc=0.9127 val_f1=0.9127 val_uar=0.9127 lr=5.99e-05
[13:35:00] INFO   ep30: train_loss=0.8407 val_acc=0.9098 val_f1=0.9096 val_uar=0.9098 lr=5.71e-05
[13:35:04] INFO   ep31: train_loss=0.8426 val_acc=0.9108 val_f1=0.9101 val_uar=0.9108 lr=5.43e-05
[13:35:08] INFO   ep32: train_loss=0.8457 val_acc=0.9059 val_f1=0.9061 val_uar=0.9059 lr=5.14e-05
[13:35:12] INFO   ep33: train_loss=0.8412 val_acc=0.9127 val_f1=0.9115 val_uar=0.9127 lr=4.86e-05
[13:35:16] INFO   ep34: train_loss=0.8393 val_acc=0.9098 val_f1=0.9090 val_uar=0.9098 lr=4.57e-05
[13:35:19] INFO   ep35: train_loss=0.8347 val_acc=0.9127 val_f1=0.9125 val_uar=0.9127 lr=4.29e-05
[13:35:23] INFO   ep36: train_loss=0.8406 val_acc=0.9137 val_f1=0.9143 val_uar=0.9137 lr=4.01e-05
[13:35:27] INFO   ep37: train_loss=0.8329 val_acc=0.9147 val_f1=0.9149 val_uar=0.9147 lr=3.73e-05
[13:35:31] INFO   ep38: train_loss=0.8274 val_acc=0.9186 val_f1=0.9190 val_uar=0.9186 lr=3.45e-05
[13:35:35] INFO   ep39: train_loss=0.8331 val_acc=0.9147 val_f1=0.9137 val_uar=0.9147 lr=3.19e-05
[13:35:39] INFO   ep40: train_loss=0.8315 val_acc=0.9167 val_f1=0.9161 val_uar=0.9167 lr=2.92e-05
[13:35:43] INFO   ep41: train_loss=0.8282 val_acc=0.9157 val_f1=0.9152 val_uar=0.9157 lr=2.67e-05
[13:35:46] INFO   ep42: train_loss=0.8268 val_acc=0.9176 val_f1=0.9166 val_uar=0.9176 lr=2.42e-05
[13:35:50] INFO   ep43: train_loss=0.8260 val_acc=0.9196 val_f1=0.9187 val_uar=0.9196 lr=2.18e-05
[13:35:54] INFO   ep44: train_loss=0.8306 val_acc=0.9186 val_f1=0.9180 val_uar=0.9186 lr=1.95e-05
[13:35:58] INFO   ep45: train_loss=0.8320 val_acc=0.9127 val_f1=0.9121 val_uar=0.9127 lr=1.73e-05
[13:36:02] INFO   ep46: train_loss=0.8336 val_acc=0.9176 val_f1=0.9166 val_uar=0.9176 lr=1.52e-05
[13:36:06] INFO   ep47: train_loss=0.8247 val_acc=0.9196 val_f1=0.9191 val_uar=0.9196 lr=1.32e-05
[13:36:09] INFO   ep48: train_loss=0.8236 val_acc=0.9216 val_f1=0.9211 val_uar=0.9216 lr=1.13e-05
[13:36:13] INFO   ep49: train_loss=0.8300 val_acc=0.9157 val_f1=0.9150 val_uar=0.9157 lr=9.55e-06
[13:36:17] INFO   ep50: train_loss=0.8211 val_acc=0.9167 val_f1=0.9159 val_uar=0.9167 lr=7.94e-06
[13:36:21] INFO   ep51: train_loss=0.8239 val_acc=0.9167 val_f1=0.9160 val_uar=0.9167 lr=6.46e-06
[13:36:25] INFO   ep52: train_loss=0.8299 val_acc=0.9167 val_f1=0.9161 val_uar=0.9167 lr=5.13e-06
[13:36:29] INFO   ep53: train_loss=0.8249 val_acc=0.9186 val_f1=0.9174 val_uar=0.9186 lr=3.94e-06
[13:36:33] INFO   ep54: train_loss=0.8241 val_acc=0.9196 val_f1=0.9185 val_uar=0.9196 lr=2.91e-06
[13:36:37] INFO   ep55: train_loss=0.8240 val_acc=0.9206 val_f1=0.9198 val_uar=0.9206 lr=2.03e-06
[13:36:40] INFO   ep56: train_loss=0.8220 val_acc=0.9206 val_f1=0.9198 val_uar=0.9206 lr=1.30e-06
[13:36:44] INFO   ep57: train_loss=0.8217 val_acc=0.9206 val_f1=0.9198 val_uar=0.9206 lr=7.32e-07
[13:36:48] INFO   ep58: train_loss=0.8290 val_acc=0.9196 val_f1=0.9186 val_uar=0.9196 lr=3.26e-07
[13:36:52] INFO   ep59: train_loss=0.8221 val_acc=0.9196 val_f1=0.9186 val_uar=0.9196 lr=8.15e-08
[13:36:56] INFO   ep60: train_loss=0.8215 val_acc=0.9196 val_f1=0.9186 val_uar=0.9196 lr=0.00e+00
[13:36:56] INFO [done] swin_tiny_gray best_val_acc=0.9216 lr_used=0.0001 ckpt=checkpoints\flowers102_swin_tiny_gray_seed1.pt time=4.1min
[13:36:57] INFO   [E1] eval clean + per colorfulness bin
[13:37:16] INFO   [E2] eval perturbasi warna
[13:42:20] INFO   done swin_tiny_gray seed1
[13:42:20] INFO ==== flowers102 / swin_tiny_gray / seed2 (recipe=adamw gray=True) ====
[13:42:21] INFO [train] flowers102/swin_tiny_gray/seed2 recipe=adamw opt=adamw lr=0.0001 wd=0.05 grayscale=True epochs=60 device=cuda n_train=1020 n_val=1020 bs=64 accum=1
[13:42:40] INFO   ep1: train_loss=4.6395 val_acc=0.0196 val_f1=0.0134 val_uar=0.0196 lr=4.00e-05
[13:42:43] INFO   ep2: train_loss=4.4737 val_acc=0.1137 val_f1=0.0850 val_uar=0.1137 lr=6.00e-05
[13:42:47] INFO   ep3: train_loss=4.0137 val_acc=0.3471 val_f1=0.3144 val_uar=0.3471 lr=8.00e-05
[13:42:52] INFO   ep4: train_loss=2.9381 val_acc=0.6324 val_f1=0.6136 val_uar=0.6324 lr=1.00e-04
[13:42:56] INFO   ep5: train_loss=1.9133 val_acc=0.7588 val_f1=0.7534 val_uar=0.7588 lr=1.00e-04
[13:43:00] INFO   ep6: train_loss=1.3625 val_acc=0.8412 val_f1=0.8410 val_uar=0.8412 lr=9.99e-05
[13:43:04] INFO   ep7: train_loss=1.1564 val_acc=0.8353 val_f1=0.8326 val_uar=0.8353 lr=9.97e-05
[13:43:08] INFO   ep8: train_loss=1.0638 val_acc=0.8667 val_f1=0.8651 val_uar=0.8667 lr=9.93e-05
[13:43:12] INFO   ep9: train_loss=0.9936 val_acc=0.8824 val_f1=0.8814 val_uar=0.8824 lr=9.87e-05
[13:43:16] INFO   ep10: train_loss=0.9719 val_acc=0.8784 val_f1=0.8779 val_uar=0.8784 lr=9.80e-05
[13:43:19] INFO   ep11: train_loss=0.9703 val_acc=0.8775 val_f1=0.8770 val_uar=0.8775 lr=9.71e-05
[13:43:23] INFO   ep12: train_loss=0.9402 val_acc=0.8833 val_f1=0.8824 val_uar=0.8833 lr=9.61e-05
[13:43:27] INFO   ep13: train_loss=0.9164 val_acc=0.8814 val_f1=0.8804 val_uar=0.8814 lr=9.49e-05
[13:43:31] INFO   ep14: train_loss=0.9071 val_acc=0.8971 val_f1=0.8971 val_uar=0.8971 lr=9.35e-05
[13:43:35] INFO   ep15: train_loss=0.8953 val_acc=0.8951 val_f1=0.8951 val_uar=0.8951 lr=9.21e-05
[13:43:39] INFO   ep16: train_loss=0.9017 val_acc=0.8892 val_f1=0.8898 val_uar=0.8892 lr=9.05e-05
[13:43:43] INFO   ep17: train_loss=0.8921 val_acc=0.8882 val_f1=0.8875 val_uar=0.8882 lr=8.87e-05
[13:43:47] INFO   ep18: train_loss=0.8884 val_acc=0.8922 val_f1=0.8914 val_uar=0.8922 lr=8.68e-05
[13:43:51] INFO   ep19: train_loss=0.8798 val_acc=0.9020 val_f1=0.9015 val_uar=0.9020 lr=8.48e-05
[13:43:55] INFO   ep20: train_loss=0.8759 val_acc=0.9000 val_f1=0.8990 val_uar=0.9000 lr=8.27e-05
[13:43:59] INFO   ep21: train_loss=0.8639 val_acc=0.9078 val_f1=0.9076 val_uar=0.9078 lr=8.05e-05
[13:44:03] INFO   ep22: train_loss=0.8767 val_acc=0.9000 val_f1=0.8988 val_uar=0.9000 lr=7.82e-05
[13:44:07] INFO   ep23: train_loss=0.8586 val_acc=0.9039 val_f1=0.9029 val_uar=0.9039 lr=7.58e-05
[13:44:11] INFO   ep24: train_loss=0.8628 val_acc=0.9039 val_f1=0.9036 val_uar=0.9039 lr=7.33e-05
[13:44:14] INFO   ep25: train_loss=0.8569 val_acc=0.8980 val_f1=0.8976 val_uar=0.8980 lr=7.08e-05
[13:44:18] INFO   ep26: train_loss=0.8516 val_acc=0.9029 val_f1=0.9018 val_uar=0.9029 lr=6.81e-05
[13:44:22] INFO   ep27: train_loss=0.8544 val_acc=0.9108 val_f1=0.9106 val_uar=0.9108 lr=6.55e-05
[13:44:26] INFO   ep28: train_loss=0.8456 val_acc=0.9118 val_f1=0.9111 val_uar=0.9118 lr=6.27e-05
[13:44:30] INFO   ep29: train_loss=0.8467 val_acc=0.9127 val_f1=0.9126 val_uar=0.9127 lr=5.99e-05
[13:44:34] INFO   ep30: train_loss=0.8388 val_acc=0.9069 val_f1=0.9063 val_uar=0.9069 lr=5.71e-05
[13:44:38] INFO   ep31: train_loss=0.8421 val_acc=0.9108 val_f1=0.9097 val_uar=0.9108 lr=5.43e-05
[13:44:41] INFO   ep32: train_loss=0.8403 val_acc=0.9157 val_f1=0.9149 val_uar=0.9157 lr=5.14e-05
[13:44:45] INFO   ep33: train_loss=0.8405 val_acc=0.9157 val_f1=0.9143 val_uar=0.9157 lr=4.86e-05
[13:44:49] INFO   ep34: train_loss=0.8382 val_acc=0.9137 val_f1=0.9126 val_uar=0.9137 lr=4.57e-05
[13:44:53] INFO   ep35: train_loss=0.8382 val_acc=0.9157 val_f1=0.9142 val_uar=0.9157 lr=4.29e-05
[13:44:56] INFO   ep36: train_loss=0.8354 val_acc=0.9078 val_f1=0.9070 val_uar=0.9078 lr=4.01e-05
[13:45:00] INFO   ep37: train_loss=0.8404 val_acc=0.9088 val_f1=0.9072 val_uar=0.9088 lr=3.73e-05
[13:45:04] INFO   ep38: train_loss=0.8323 val_acc=0.9176 val_f1=0.9164 val_uar=0.9176 lr=3.45e-05
[13:45:08] INFO   ep39: train_loss=0.8334 val_acc=0.9235 val_f1=0.9228 val_uar=0.9235 lr=3.19e-05
[13:45:12] INFO   ep40: train_loss=0.8272 val_acc=0.9186 val_f1=0.9172 val_uar=0.9186 lr=2.92e-05
[13:45:15] INFO   ep41: train_loss=0.8278 val_acc=0.9176 val_f1=0.9165 val_uar=0.9176 lr=2.67e-05
[13:45:19] INFO   ep42: train_loss=0.8298 val_acc=0.9147 val_f1=0.9134 val_uar=0.9147 lr=2.42e-05
[13:45:23] INFO   ep43: train_loss=0.8290 val_acc=0.9167 val_f1=0.9149 val_uar=0.9167 lr=2.18e-05
[13:45:27] INFO   ep44: train_loss=0.8265 val_acc=0.9167 val_f1=0.9148 val_uar=0.9167 lr=1.95e-05
[13:45:31] INFO   ep45: train_loss=0.8341 val_acc=0.9137 val_f1=0.9119 val_uar=0.9137 lr=1.73e-05
[13:45:34] INFO   ep46: train_loss=0.8250 val_acc=0.9176 val_f1=0.9170 val_uar=0.9176 lr=1.52e-05
[13:45:38] INFO   ep47: train_loss=0.8228 val_acc=0.9186 val_f1=0.9171 val_uar=0.9186 lr=1.32e-05
[13:45:42] INFO   ep48: train_loss=0.8225 val_acc=0.9176 val_f1=0.9162 val_uar=0.9176 lr=1.13e-05
[13:45:46] INFO   ep49: train_loss=0.8283 val_acc=0.9176 val_f1=0.9162 val_uar=0.9176 lr=9.55e-06
[13:45:49] INFO   ep50: train_loss=0.8248 val_acc=0.9206 val_f1=0.9194 val_uar=0.9206 lr=7.94e-06
[13:45:53] INFO   ep51: train_loss=0.8231 val_acc=0.9206 val_f1=0.9193 val_uar=0.9206 lr=6.46e-06
[13:45:57] INFO   ep52: train_loss=0.8199 val_acc=0.9196 val_f1=0.9183 val_uar=0.9196 lr=5.13e-06
[13:46:01] INFO   ep53: train_loss=0.8243 val_acc=0.9225 val_f1=0.9210 val_uar=0.9225 lr=3.94e-06
[13:46:04] INFO   ep54: train_loss=0.8286 val_acc=0.9196 val_f1=0.9182 val_uar=0.9196 lr=2.91e-06
[13:46:08] INFO   ep55: train_loss=0.8286 val_acc=0.9196 val_f1=0.9182 val_uar=0.9196 lr=2.03e-06
[13:46:12] INFO   ep56: train_loss=0.8256 val_acc=0.9196 val_f1=0.9183 val_uar=0.9196 lr=1.30e-06
[13:46:16] INFO   ep57: train_loss=0.8210 val_acc=0.9176 val_f1=0.9163 val_uar=0.9176 lr=7.32e-07
[13:46:19] INFO   ep58: train_loss=0.8224 val_acc=0.9176 val_f1=0.9163 val_uar=0.9176 lr=3.26e-07
[13:46:23] INFO   ep59: train_loss=0.8267 val_acc=0.9176 val_f1=0.9163 val_uar=0.9176 lr=8.15e-08
[13:46:27] INFO   ep60: train_loss=0.8221 val_acc=0.9176 val_f1=0.9163 val_uar=0.9176 lr=0.00e+00
[13:46:27] INFO [done] swin_tiny_gray best_val_acc=0.9235 lr_used=0.0001 ckpt=checkpoints\flowers102_swin_tiny_gray_seed2.pt time=4.1min
[13:46:28] INFO   [E1] eval clean + per colorfulness bin
[13:46:46] INFO   [E2] eval perturbasi warna
[13:51:33] INFO   done swin_tiny_gray seed2
[13:51:33] INFO ==== flowers102 / swin_tiny_gray / seed3 (recipe=adamw gray=True) ====
[13:51:34] INFO [train] flowers102/swin_tiny_gray/seed3 recipe=adamw opt=adamw lr=0.0001 wd=0.05 grayscale=True epochs=60 device=cuda n_train=1020 n_val=1020 bs=64 accum=1
[13:51:52] INFO   ep1: train_loss=4.6500 val_acc=0.0167 val_f1=0.0104 val_uar=0.0167 lr=4.00e-05
[13:51:56] INFO   ep2: train_loss=4.5163 val_acc=0.0931 val_f1=0.0713 val_uar=0.0931 lr=6.00e-05
[13:51:59] INFO   ep3: train_loss=4.1239 val_acc=0.2980 val_f1=0.2707 val_uar=0.2980 lr=8.00e-05
[13:52:03] INFO   ep4: train_loss=3.1861 val_acc=0.5490 val_f1=0.5141 val_uar=0.5490 lr=1.00e-04
[13:52:07] INFO   ep5: train_loss=2.0837 val_acc=0.7500 val_f1=0.7390 val_uar=0.7500 lr=1.00e-04
[13:52:11] INFO   ep6: train_loss=1.4349 val_acc=0.8069 val_f1=0.8078 val_uar=0.8069 lr=9.99e-05
[13:52:15] INFO   ep7: train_loss=1.1501 val_acc=0.8333 val_f1=0.8321 val_uar=0.8333 lr=9.97e-05
[13:52:18] INFO   ep8: train_loss=1.0374 val_acc=0.8578 val_f1=0.8563 val_uar=0.8578 lr=9.93e-05
[13:52:22] INFO   ep9: train_loss=1.0201 val_acc=0.8480 val_f1=0.8490 val_uar=0.8480 lr=9.87e-05
[13:52:26] INFO   ep10: train_loss=0.9914 val_acc=0.8686 val_f1=0.8697 val_uar=0.8686 lr=9.80e-05
[13:52:30] INFO   ep11: train_loss=0.9555 val_acc=0.8814 val_f1=0.8816 val_uar=0.8814 lr=9.71e-05
[13:52:33] INFO   ep12: train_loss=0.9515 val_acc=0.8775 val_f1=0.8763 val_uar=0.8775 lr=9.61e-05
[13:52:37] INFO   ep13: train_loss=0.9179 val_acc=0.8725 val_f1=0.8704 val_uar=0.8725 lr=9.49e-05
[13:52:41] INFO   ep14: train_loss=0.9210 val_acc=0.8863 val_f1=0.8850 val_uar=0.8863 lr=9.35e-05
[13:52:45] INFO   ep15: train_loss=0.9053 val_acc=0.8951 val_f1=0.8921 val_uar=0.8951 lr=9.21e-05
[13:52:48] INFO   ep16: train_loss=0.8993 val_acc=0.8902 val_f1=0.8891 val_uar=0.8902 lr=9.05e-05
[13:52:52] INFO   ep17: train_loss=0.8852 val_acc=0.8843 val_f1=0.8822 val_uar=0.8843 lr=8.87e-05
[13:52:56] INFO   ep18: train_loss=0.8926 val_acc=0.8961 val_f1=0.8927 val_uar=0.8961 lr=8.68e-05
[13:53:00] INFO   ep19: train_loss=0.8653 val_acc=0.9039 val_f1=0.9027 val_uar=0.9039 lr=8.48e-05
[13:53:04] INFO   ep20: train_loss=0.8739 val_acc=0.8961 val_f1=0.8930 val_uar=0.8961 lr=8.27e-05
[13:53:07] INFO   ep21: train_loss=0.8685 val_acc=0.8941 val_f1=0.8916 val_uar=0.8941 lr=8.05e-05
[13:53:11] INFO   ep22: train_loss=0.8668 val_acc=0.8941 val_f1=0.8907 val_uar=0.8941 lr=7.82e-05
[13:53:15] INFO   ep23: train_loss=0.8580 val_acc=0.9010 val_f1=0.8980 val_uar=0.9010 lr=7.58e-05
[13:53:18] INFO   ep24: train_loss=0.8709 val_acc=0.9059 val_f1=0.9039 val_uar=0.9059 lr=7.33e-05
[13:53:22] INFO   ep25: train_loss=0.8538 val_acc=0.9010 val_f1=0.8977 val_uar=0.9010 lr=7.08e-05
[13:53:26] INFO   ep26: train_loss=0.8657 val_acc=0.9039 val_f1=0.9005 val_uar=0.9039 lr=6.81e-05
[13:53:30] INFO   ep27: train_loss=0.8563 val_acc=0.9020 val_f1=0.8989 val_uar=0.9020 lr=6.55e-05
[13:53:33] INFO   ep28: train_loss=0.8435 val_acc=0.9127 val_f1=0.9097 val_uar=0.9127 lr=6.27e-05
[13:53:37] INFO   ep29: train_loss=0.8491 val_acc=0.9049 val_f1=0.9016 val_uar=0.9049 lr=5.99e-05
[13:53:41] INFO   ep30: train_loss=0.8447 val_acc=0.9039 val_f1=0.9000 val_uar=0.9039 lr=5.71e-05
[13:53:45] INFO   ep31: train_loss=0.8376 val_acc=0.9059 val_f1=0.9028 val_uar=0.9059 lr=5.43e-05
[13:53:48] INFO   ep32: train_loss=0.8431 val_acc=0.9000 val_f1=0.8977 val_uar=0.9000 lr=5.14e-05
[13:53:52] INFO   ep33: train_loss=0.8332 val_acc=0.9078 val_f1=0.9050 val_uar=0.9078 lr=4.86e-05
[13:53:56] INFO   ep34: train_loss=0.8314 val_acc=0.9078 val_f1=0.9055 val_uar=0.9078 lr=4.57e-05
[13:54:00] INFO   ep35: train_loss=0.8361 val_acc=0.9118 val_f1=0.9083 val_uar=0.9118 lr=4.29e-05
[13:54:03] INFO   ep36: train_loss=0.8381 val_acc=0.9020 val_f1=0.8995 val_uar=0.9020 lr=4.01e-05
[13:54:07] INFO   ep37: train_loss=0.8289 val_acc=0.9049 val_f1=0.9013 val_uar=0.9049 lr=3.73e-05
[13:54:11] INFO   ep38: train_loss=0.8304 val_acc=0.9069 val_f1=0.9037 val_uar=0.9069 lr=3.45e-05
[13:54:14] INFO   ep39: train_loss=0.8365 val_acc=0.9137 val_f1=0.9117 val_uar=0.9137 lr=3.19e-05
[13:54:18] INFO   ep40: train_loss=0.8339 val_acc=0.9108 val_f1=0.9075 val_uar=0.9108 lr=2.92e-05
[13:54:22] INFO   ep41: train_loss=0.8305 val_acc=0.9137 val_f1=0.9105 val_uar=0.9137 lr=2.67e-05
[13:54:26] INFO   ep42: train_loss=0.8303 val_acc=0.9127 val_f1=0.9098 val_uar=0.9127 lr=2.42e-05
[13:54:29] INFO   ep43: train_loss=0.8292 val_acc=0.9176 val_f1=0.9140 val_uar=0.9176 lr=2.18e-05
[13:54:33] INFO   ep44: train_loss=0.8315 val_acc=0.9186 val_f1=0.9158 val_uar=0.9186 lr=1.95e-05
[13:54:37] INFO   ep45: train_loss=0.8310 val_acc=0.9176 val_f1=0.9148 val_uar=0.9176 lr=1.73e-05
[13:54:41] INFO   ep46: train_loss=0.8294 val_acc=0.9186 val_f1=0.9153 val_uar=0.9186 lr=1.52e-05
[13:54:44] INFO   ep47: train_loss=0.8318 val_acc=0.9157 val_f1=0.9128 val_uar=0.9157 lr=1.32e-05
[13:54:48] INFO   ep48: train_loss=0.8278 val_acc=0.9167 val_f1=0.9131 val_uar=0.9167 lr=1.13e-05
[13:54:52] INFO   ep49: train_loss=0.8256 val_acc=0.9196 val_f1=0.9158 val_uar=0.9196 lr=9.55e-06
[13:54:56] INFO   ep50: train_loss=0.8229 val_acc=0.9196 val_f1=0.9158 val_uar=0.9196 lr=7.94e-06
[13:55:00] INFO   ep51: train_loss=0.8217 val_acc=0.9196 val_f1=0.9160 val_uar=0.9196 lr=6.46e-06
[13:55:03] INFO   ep52: train_loss=0.8252 val_acc=0.9225 val_f1=0.9194 val_uar=0.9225 lr=5.13e-06
[13:55:07] INFO   ep53: train_loss=0.8210 val_acc=0.9225 val_f1=0.9194 val_uar=0.9225 lr=3.94e-06
[13:55:11] INFO   ep54: train_loss=0.8207 val_acc=0.9216 val_f1=0.9183 val_uar=0.9216 lr=2.91e-06
[13:55:15] INFO   ep55: train_loss=0.8249 val_acc=0.9196 val_f1=0.9165 val_uar=0.9196 lr=2.03e-06
[13:55:18] INFO   ep56: train_loss=0.8210 val_acc=0.9196 val_f1=0.9165 val_uar=0.9196 lr=1.30e-06
[13:55:22] INFO   ep57: train_loss=0.8296 val_acc=0.9196 val_f1=0.9165 val_uar=0.9196 lr=7.32e-07
[13:55:26] INFO   ep58: train_loss=0.8235 val_acc=0.9196 val_f1=0.9165 val_uar=0.9196 lr=3.26e-07
[13:55:30] INFO   ep59: train_loss=0.8224 val_acc=0.9196 val_f1=0.9165 val_uar=0.9196 lr=8.15e-08
[13:55:33] INFO   ep60: train_loss=0.8230 val_acc=0.9196 val_f1=0.9165 val_uar=0.9196 lr=0.00e+00
[13:55:33] INFO [done] swin_tiny_gray best_val_acc=0.9225 lr_used=0.0001 ckpt=checkpoints\flowers102_swin_tiny_gray_seed3.pt time=4.0min
[13:55:35] INFO   [E1] eval clean + per colorfulness bin
[13:55:52] INFO   [E2] eval perturbasi warna
[14:00:48] INFO   done swin_tiny_gray seed3
[14:00:48] INFO ==== flowers102 / swin_tiny_gray / seed4 (recipe=adamw gray=True) ====
[14:00:49] INFO [train] flowers102/swin_tiny_gray/seed4 recipe=adamw opt=adamw lr=0.0001 wd=0.05 grayscale=True epochs=60 device=cuda n_train=1020 n_val=1020 bs=64 accum=1
[14:01:08] INFO   ep1: train_loss=4.5980 val_acc=0.0422 val_f1=0.0282 val_uar=0.0422 lr=4.00e-05
[14:01:12] INFO   ep2: train_loss=4.3702 val_acc=0.2000 val_f1=0.1656 val_uar=0.2000 lr=6.00e-05
[14:01:16] INFO   ep3: train_loss=3.7251 val_acc=0.4284 val_f1=0.3893 val_uar=0.4284 lr=8.00e-05
[14:01:20] INFO   ep4: train_loss=2.6302 val_acc=0.6716 val_f1=0.6532 val_uar=0.6716 lr=1.00e-04
[14:01:24] INFO   ep5: train_loss=1.7269 val_acc=0.7873 val_f1=0.7876 val_uar=0.7873 lr=1.00e-04
[14:01:28] INFO   ep6: train_loss=1.2928 val_acc=0.8265 val_f1=0.8257 val_uar=0.8265 lr=9.99e-05
[14:01:31] INFO   ep7: train_loss=1.1326 val_acc=0.8686 val_f1=0.8687 val_uar=0.8686 lr=9.97e-05
[14:01:35] INFO   ep8: train_loss=1.0501 val_acc=0.8627 val_f1=0.8597 val_uar=0.8627 lr=9.93e-05
[14:01:39] INFO   ep9: train_loss=1.0099 val_acc=0.8647 val_f1=0.8638 val_uar=0.8647 lr=9.87e-05
[14:01:42] INFO   ep10: train_loss=0.9732 val_acc=0.8833 val_f1=0.8817 val_uar=0.8833 lr=9.80e-05
[14:01:46] INFO   ep11: train_loss=0.9528 val_acc=0.8814 val_f1=0.8799 val_uar=0.8814 lr=9.71e-05
[14:01:50] INFO   ep12: train_loss=0.9441 val_acc=0.8833 val_f1=0.8817 val_uar=0.8833 lr=9.61e-05
[14:01:54] INFO   ep13: train_loss=0.9141 val_acc=0.8971 val_f1=0.8943 val_uar=0.8971 lr=9.49e-05
[14:01:58] INFO   ep14: train_loss=0.9082 val_acc=0.9010 val_f1=0.9001 val_uar=0.9010 lr=9.35e-05
[14:02:02] INFO   ep15: train_loss=0.8991 val_acc=0.9069 val_f1=0.9053 val_uar=0.9069 lr=9.21e-05
[14:02:05] INFO   ep16: train_loss=0.8893 val_acc=0.9000 val_f1=0.8974 val_uar=0.9000 lr=9.05e-05
[14:02:09] INFO   ep17: train_loss=0.8905 val_acc=0.8990 val_f1=0.8971 val_uar=0.8990 lr=8.87e-05
[14:02:13] INFO   ep18: train_loss=0.8849 val_acc=0.9029 val_f1=0.9010 val_uar=0.9029 lr=8.68e-05
[14:02:17] INFO   ep19: train_loss=0.8853 val_acc=0.9069 val_f1=0.9041 val_uar=0.9069 lr=8.48e-05
[14:02:21] INFO   ep20: train_loss=0.8793 val_acc=0.9098 val_f1=0.9058 val_uar=0.9098 lr=8.27e-05
[14:02:25] INFO   ep21: train_loss=0.8627 val_acc=0.9137 val_f1=0.9115 val_uar=0.9137 lr=8.05e-05
[14:02:29] INFO   ep22: train_loss=0.8602 val_acc=0.9108 val_f1=0.9087 val_uar=0.9108 lr=7.82e-05
[14:02:32] INFO   ep23: train_loss=0.8540 val_acc=0.9098 val_f1=0.9073 val_uar=0.9098 lr=7.58e-05
[14:02:36] INFO   ep24: train_loss=0.8559 val_acc=0.9108 val_f1=0.9087 val_uar=0.9108 lr=7.33e-05
[14:02:40] INFO   ep25: train_loss=0.8523 val_acc=0.9039 val_f1=0.9006 val_uar=0.9039 lr=7.08e-05
[14:02:44] INFO   ep26: train_loss=0.8566 val_acc=0.9137 val_f1=0.9116 val_uar=0.9137 lr=6.81e-05
[14:02:48] INFO   ep27: train_loss=0.8550 val_acc=0.9225 val_f1=0.9206 val_uar=0.9225 lr=6.55e-05
[14:02:52] INFO   ep28: train_loss=0.8422 val_acc=0.9098 val_f1=0.9071 val_uar=0.9098 lr=6.27e-05
[14:02:56] INFO   ep29: train_loss=0.8358 val_acc=0.9206 val_f1=0.9181 val_uar=0.9206 lr=5.99e-05
[14:03:00] INFO   ep30: train_loss=0.8425 val_acc=0.9078 val_f1=0.9061 val_uar=0.9078 lr=5.71e-05
[14:03:04] INFO   ep31: train_loss=0.8399 val_acc=0.9196 val_f1=0.9176 val_uar=0.9196 lr=5.43e-05
[14:03:07] INFO   ep32: train_loss=0.8402 val_acc=0.9137 val_f1=0.9110 val_uar=0.9137 lr=5.14e-05
[14:03:11] INFO   ep33: train_loss=0.8439 val_acc=0.9137 val_f1=0.9120 val_uar=0.9137 lr=4.86e-05
[14:03:15] INFO   ep34: train_loss=0.8412 val_acc=0.9167 val_f1=0.9143 val_uar=0.9167 lr=4.57e-05
[14:03:19] INFO   ep35: train_loss=0.8342 val_acc=0.9137 val_f1=0.9118 val_uar=0.9137 lr=4.29e-05
[14:03:23] INFO   ep36: train_loss=0.8388 val_acc=0.9167 val_f1=0.9147 val_uar=0.9167 lr=4.01e-05
[14:03:26] INFO   ep37: train_loss=0.8280 val_acc=0.9176 val_f1=0.9150 val_uar=0.9176 lr=3.73e-05
[14:03:30] INFO   ep38: train_loss=0.8309 val_acc=0.9225 val_f1=0.9203 val_uar=0.9225 lr=3.45e-05
[14:03:34] INFO   ep39: train_loss=0.8282 val_acc=0.9206 val_f1=0.9176 val_uar=0.9206 lr=3.19e-05
[14:03:38] INFO   ep40: train_loss=0.8345 val_acc=0.9167 val_f1=0.9148 val_uar=0.9167 lr=2.92e-05
[14:03:42] INFO   ep41: train_loss=0.8220 val_acc=0.9186 val_f1=0.9167 val_uar=0.9186 lr=2.67e-05
[14:03:46] INFO   ep42: train_loss=0.8280 val_acc=0.9206 val_f1=0.9177 val_uar=0.9206 lr=2.42e-05
[14:03:49] INFO   ep43: train_loss=0.8322 val_acc=0.9196 val_f1=0.9176 val_uar=0.9196 lr=2.18e-05
[14:03:53] INFO   ep44: train_loss=0.8273 val_acc=0.9216 val_f1=0.9203 val_uar=0.9216 lr=1.95e-05
[14:03:57] INFO   ep45: train_loss=0.8279 val_acc=0.9235 val_f1=0.9221 val_uar=0.9235 lr=1.73e-05
[14:04:01] INFO   ep46: train_loss=0.8247 val_acc=0.9235 val_f1=0.9213 val_uar=0.9235 lr=1.52e-05
[14:04:05] INFO   ep47: train_loss=0.8270 val_acc=0.9275 val_f1=0.9258 val_uar=0.9275 lr=1.32e-05
[14:04:08] INFO   ep48: train_loss=0.8249 val_acc=0.9284 val_f1=0.9262 val_uar=0.9284 lr=1.13e-05
[14:04:12] INFO   ep49: train_loss=0.8249 val_acc=0.9245 val_f1=0.9227 val_uar=0.9245 lr=9.55e-06
[14:04:16] INFO   ep50: train_loss=0.8209 val_acc=0.9245 val_f1=0.9226 val_uar=0.9245 lr=7.94e-06
[14:04:20] INFO   ep51: train_loss=0.8250 val_acc=0.9235 val_f1=0.9217 val_uar=0.9235 lr=6.46e-06
[14:04:23] INFO   ep52: train_loss=0.8226 val_acc=0.9235 val_f1=0.9219 val_uar=0.9235 lr=5.13e-06
[14:04:27] INFO   ep53: train_loss=0.8225 val_acc=0.9225 val_f1=0.9202 val_uar=0.9225 lr=3.94e-06
[14:04:31] INFO   ep54: train_loss=0.8259 val_acc=0.9225 val_f1=0.9199 val_uar=0.9225 lr=2.91e-06
[14:04:34] INFO   ep55: train_loss=0.8186 val_acc=0.9216 val_f1=0.9190 val_uar=0.9216 lr=2.03e-06
[14:04:38] INFO   ep56: train_loss=0.8278 val_acc=0.9235 val_f1=0.9209 val_uar=0.9235 lr=1.30e-06
[14:04:42] INFO   ep57: train_loss=0.8185 val_acc=0.9245 val_f1=0.9219 val_uar=0.9245 lr=7.32e-07
[14:04:46] INFO   ep58: train_loss=0.8215 val_acc=0.9235 val_f1=0.9209 val_uar=0.9235 lr=3.26e-07
[14:04:50] INFO   ep59: train_loss=0.8203 val_acc=0.9225 val_f1=0.9202 val_uar=0.9225 lr=8.15e-08
[14:04:54] INFO   ep60: train_loss=0.8189 val_acc=0.9225 val_f1=0.9202 val_uar=0.9225 lr=0.00e+00
[14:04:54] INFO [done] swin_tiny_gray best_val_acc=0.9284 lr_used=0.0001 ckpt=checkpoints\flowers102_swin_tiny_gray_seed4.pt time=4.1min
[14:04:55] INFO   [E1] eval clean + per colorfulness bin
[14:05:14] INFO   [E2] eval perturbasi warna
[14:10:08] INFO   done swin_tiny_gray seed4
[14:10:08] INFO ALL DONE
[04:47:41] INFO dataset=flowers102 models=['resnet50'] seeds=[0, 1, 2, 3, 4] epochs=None recipe=adamw
[04:47:41] INFO ==== flowers102 / resnet50_gray / seed0 (recipe=adamw gray=True) ====
[04:47:43] INFO [train] flowers102/resnet50_gray/seed0 recipe=adamw opt=adamw lr=0.0001 wd=0.05 grayscale=True epochs=60 device=cuda n_train=1020 n_val=1020 bs=64 accum=1
[04:48:06] INFO   ep1: train_loss=4.6246 val_acc=0.0118 val_f1=0.0039 val_uar=0.0118 lr=4.00e-05
[04:48:10] INFO   ep2: train_loss=4.6126 val_acc=0.0147 val_f1=0.0026 val_uar=0.0147 lr=6.00e-05
[04:48:14] INFO   ep3: train_loss=4.6002 val_acc=0.0196 val_f1=0.0068 val_uar=0.0196 lr=8.00e-05
[04:48:17] INFO   ep4: train_loss=4.5797 val_acc=0.0402 val_f1=0.0294 val_uar=0.0402 lr=1.00e-04
[04:48:21] INFO   ep5: train_loss=4.5487 val_acc=0.0657 val_f1=0.0467 val_uar=0.0657 lr=1.00e-04
[04:48:25] INFO   ep6: train_loss=4.5046 val_acc=0.1088 val_f1=0.0969 val_uar=0.1088 lr=9.99e-05
[04:48:28] INFO   ep7: train_loss=4.4550 val_acc=0.1529 val_f1=0.1379 val_uar=0.1529 lr=9.97e-05
[04:48:32] INFO   ep8: train_loss=4.3885 val_acc=0.2157 val_f1=0.1909 val_uar=0.2157 lr=9.93e-05
[04:48:35] INFO   ep9: train_loss=4.3072 val_acc=0.2794 val_f1=0.2625 val_uar=0.2794 lr=9.87e-05
[04:48:39] INFO   ep10: train_loss=4.1931 val_acc=0.3284 val_f1=0.3131 val_uar=0.3284 lr=9.80e-05
[04:48:42] INFO   ep11: train_loss=4.0572 val_acc=0.4020 val_f1=0.3780 val_uar=0.4020 lr=9.71e-05
[04:48:46] INFO   ep12: train_loss=3.8916 val_acc=0.4520 val_f1=0.4289 val_uar=0.4520 lr=9.61e-05
[04:48:49] INFO   ep13: train_loss=3.6962 val_acc=0.4765 val_f1=0.4526 val_uar=0.4765 lr=9.49e-05
[04:48:53] INFO   ep14: train_loss=3.5040 val_acc=0.5078 val_f1=0.4805 val_uar=0.5078 lr=9.35e-05
[04:48:56] INFO   ep15: train_loss=3.2885 val_acc=0.5471 val_f1=0.5219 val_uar=0.5471 lr=9.21e-05
[04:49:00] INFO   ep16: train_loss=3.0657 val_acc=0.5892 val_f1=0.5690 val_uar=0.5892 lr=9.05e-05
[04:49:03] INFO   ep17: train_loss=2.8683 val_acc=0.5853 val_f1=0.5617 val_uar=0.5853 lr=8.87e-05
[04:49:07] INFO   ep18: train_loss=2.6588 val_acc=0.5961 val_f1=0.5735 val_uar=0.5961 lr=8.68e-05
[04:49:10] INFO   ep19: train_loss=2.4955 val_acc=0.6373 val_f1=0.6217 val_uar=0.6373 lr=8.48e-05
[04:49:13] INFO   ep20: train_loss=2.3039 val_acc=0.6578 val_f1=0.6421 val_uar=0.6578 lr=8.27e-05
[04:49:17] INFO   ep21: train_loss=2.1653 val_acc=0.6627 val_f1=0.6457 val_uar=0.6627 lr=8.05e-05
[04:49:21] INFO   ep22: train_loss=2.0188 val_acc=0.6794 val_f1=0.6650 val_uar=0.6794 lr=7.82e-05
[04:49:24] INFO   ep23: train_loss=1.8836 val_acc=0.7049 val_f1=0.6908 val_uar=0.7049 lr=7.58e-05
[04:49:28] INFO   ep24: train_loss=1.7890 val_acc=0.7108 val_f1=0.6990 val_uar=0.7108 lr=7.33e-05
[04:49:31] INFO   ep25: train_loss=1.7043 val_acc=0.7343 val_f1=0.7250 val_uar=0.7343 lr=7.08e-05
[04:49:35] INFO   ep26: train_loss=1.6283 val_acc=0.7402 val_f1=0.7315 val_uar=0.7402 lr=6.81e-05
[04:49:38] INFO   ep27: train_loss=1.5491 val_acc=0.7422 val_f1=0.7355 val_uar=0.7422 lr=6.55e-05
[04:49:42] INFO   ep28: train_loss=1.4884 val_acc=0.7490 val_f1=0.7440 val_uar=0.7490 lr=6.27e-05
[04:49:45] INFO   ep29: train_loss=1.4295 val_acc=0.7402 val_f1=0.7367 val_uar=0.7402 lr=5.99e-05
[04:49:49] INFO   ep30: train_loss=1.3968 val_acc=0.7578 val_f1=0.7522 val_uar=0.7578 lr=5.71e-05
[04:49:52] INFO   ep31: train_loss=1.3488 val_acc=0.7559 val_f1=0.7522 val_uar=0.7559 lr=5.43e-05
[04:49:56] INFO   ep32: train_loss=1.3161 val_acc=0.7686 val_f1=0.7630 val_uar=0.7686 lr=5.14e-05
[04:49:59] INFO   ep33: train_loss=1.2959 val_acc=0.7745 val_f1=0.7702 val_uar=0.7745 lr=4.86e-05
[04:50:03] INFO   ep34: train_loss=1.2538 val_acc=0.7784 val_f1=0.7755 val_uar=0.7784 lr=4.57e-05
[04:50:06] INFO   ep35: train_loss=1.2141 val_acc=0.7853 val_f1=0.7808 val_uar=0.7853 lr=4.29e-05
[04:50:10] INFO   ep36: train_loss=1.2104 val_acc=0.7794 val_f1=0.7745 val_uar=0.7794 lr=4.01e-05
[04:50:13] INFO   ep37: train_loss=1.1877 val_acc=0.7814 val_f1=0.7767 val_uar=0.7814 lr=3.73e-05
[04:50:17] INFO   ep38: train_loss=1.1673 val_acc=0.7853 val_f1=0.7814 val_uar=0.7853 lr=3.45e-05
[04:50:20] INFO   ep39: train_loss=1.1553 val_acc=0.7882 val_f1=0.7843 val_uar=0.7882 lr=3.19e-05
[04:50:24] INFO   ep40: train_loss=1.1584 val_acc=0.7824 val_f1=0.7779 val_uar=0.7824 lr=2.92e-05
[04:50:27] INFO   ep41: train_loss=1.1305 val_acc=0.7853 val_f1=0.7808 val_uar=0.7853 lr=2.67e-05
[04:50:31] INFO   ep42: train_loss=1.1279 val_acc=0.7863 val_f1=0.7850 val_uar=0.7863 lr=2.42e-05
[04:50:34] INFO   ep43: train_loss=1.1229 val_acc=0.7912 val_f1=0.7901 val_uar=0.7912 lr=2.18e-05
[04:50:38] INFO   ep44: train_loss=1.1101 val_acc=0.7961 val_f1=0.7942 val_uar=0.7961 lr=1.95e-05
[04:50:41] INFO   ep45: train_loss=1.1046 val_acc=0.7922 val_f1=0.7897 val_uar=0.7922 lr=1.73e-05
[04:50:45] INFO   ep46: train_loss=1.0978 val_acc=0.7931 val_f1=0.7915 val_uar=0.7931 lr=1.52e-05
[04:50:48] INFO   ep47: train_loss=1.0825 val_acc=0.7912 val_f1=0.7881 val_uar=0.7912 lr=1.32e-05
[04:50:52] INFO   ep48: train_loss=1.0885 val_acc=0.7912 val_f1=0.7889 val_uar=0.7912 lr=1.13e-05
[04:50:55] INFO   ep49: train_loss=1.0928 val_acc=0.7961 val_f1=0.7944 val_uar=0.7961 lr=9.55e-06
[04:50:58] INFO   ep50: train_loss=1.0719 val_acc=0.7990 val_f1=0.7970 val_uar=0.7990 lr=7.94e-06
[04:51:02] INFO   ep51: train_loss=1.0785 val_acc=0.7882 val_f1=0.7861 val_uar=0.7882 lr=6.46e-06
[04:51:05] INFO   ep52: train_loss=1.0718 val_acc=0.7882 val_f1=0.7870 val_uar=0.7882 lr=5.13e-06
[04:51:09] INFO   ep53: train_loss=1.0789 val_acc=0.7912 val_f1=0.7885 val_uar=0.7912 lr=3.94e-06
[04:51:12] INFO   ep54: train_loss=1.0622 val_acc=0.7941 val_f1=0.7915 val_uar=0.7941 lr=2.91e-06
[04:51:16] INFO   ep55: train_loss=1.0648 val_acc=0.7941 val_f1=0.7917 val_uar=0.7941 lr=2.03e-06
[04:51:19] INFO   ep56: train_loss=1.0642 val_acc=0.7990 val_f1=0.7972 val_uar=0.7990 lr=1.30e-06
[04:51:22] INFO   ep57: train_loss=1.0709 val_acc=0.7941 val_f1=0.7928 val_uar=0.7941 lr=7.32e-07
[04:51:26] INFO   ep58: train_loss=1.0706 val_acc=0.7941 val_f1=0.7922 val_uar=0.7941 lr=3.26e-07
[04:51:30] INFO   ep59: train_loss=1.0774 val_acc=0.7922 val_f1=0.7903 val_uar=0.7922 lr=8.15e-08
[04:51:33] INFO   ep60: train_loss=1.0763 val_acc=0.7922 val_f1=0.7904 val_uar=0.7922 lr=0.00e+00
[04:51:33] INFO [done] resnet50_gray best_val_acc=0.7990 lr_used=0.0001 ckpt=checkpoints\flowers102_resnet50_gray_seed0.pt time=3.9min
[04:51:34] INFO   [E1] eval clean + per colorfulness bin
[04:52:06] INFO   [E2] eval perturbasi warna
[04:57:01] INFO   done resnet50_gray seed0
[04:57:01] INFO ==== flowers102 / resnet50_gray / seed1 (recipe=adamw gray=True) ====
[04:57:02] INFO [train] flowers102/resnet50_gray/seed1 recipe=adamw opt=adamw lr=0.0001 wd=0.05 grayscale=True epochs=60 device=cuda n_train=1020 n_val=1020 bs=64 accum=1
[04:57:20] INFO   ep1: train_loss=4.6284 val_acc=0.0108 val_f1=0.0079 val_uar=0.0108 lr=4.00e-05
[04:57:23] INFO   ep2: train_loss=4.6199 val_acc=0.0127 val_f1=0.0099 val_uar=0.0127 lr=6.00e-05
[04:57:27] INFO   ep3: train_loss=4.6027 val_acc=0.0186 val_f1=0.0126 val_uar=0.0186 lr=8.00e-05
[04:57:30] INFO   ep4: train_loss=4.5829 val_acc=0.0402 val_f1=0.0286 val_uar=0.0402 lr=1.00e-04
[04:57:34] INFO   ep5: train_loss=4.5512 val_acc=0.0490 val_f1=0.0408 val_uar=0.0490 lr=1.00e-04
[04:57:37] INFO   ep6: train_loss=4.5086 val_acc=0.0922 val_f1=0.0805 val_uar=0.0922 lr=9.99e-05
[04:57:41] INFO   ep7: train_loss=4.4582 val_acc=0.1637 val_f1=0.1539 val_uar=0.1637 lr=9.97e-05
[04:57:44] INFO   ep8: train_loss=4.3951 val_acc=0.2108 val_f1=0.2002 val_uar=0.2108 lr=9.93e-05
[04:57:48] INFO   ep9: train_loss=4.3105 val_acc=0.2520 val_f1=0.2324 val_uar=0.2520 lr=9.87e-05
[04:57:52] INFO   ep10: train_loss=4.1943 val_acc=0.3304 val_f1=0.3075 val_uar=0.3304 lr=9.80e-05
[04:57:55] INFO   ep11: train_loss=4.0467 val_acc=0.3510 val_f1=0.3329 val_uar=0.3510 lr=9.71e-05
[04:57:59] INFO   ep12: train_loss=3.8830 val_acc=0.3980 val_f1=0.3850 val_uar=0.3980 lr=9.61e-05
[04:58:02] INFO   ep13: train_loss=3.7020 val_acc=0.4147 val_f1=0.3973 val_uar=0.4147 lr=9.49e-05
[04:58:06] INFO   ep14: train_loss=3.5099 val_acc=0.4333 val_f1=0.4059 val_uar=0.4333 lr=9.35e-05
[04:58:09] INFO   ep15: train_loss=3.3019 val_acc=0.5608 val_f1=0.5390 val_uar=0.5608 lr=9.21e-05
[04:58:13] INFO   ep16: train_loss=3.0899 val_acc=0.5951 val_f1=0.5778 val_uar=0.5951 lr=9.05e-05
[04:58:16] INFO   ep17: train_loss=2.8810 val_acc=0.6206 val_f1=0.6039 val_uar=0.6206 lr=8.87e-05
[04:58:20] INFO   ep18: train_loss=2.6979 val_acc=0.6431 val_f1=0.6258 val_uar=0.6431 lr=8.68e-05
[04:58:23] INFO   ep19: train_loss=2.5101 val_acc=0.6520 val_f1=0.6347 val_uar=0.6520 lr=8.48e-05
[04:58:27] INFO   ep20: train_loss=2.3376 val_acc=0.6696 val_f1=0.6537 val_uar=0.6696 lr=8.27e-05
[04:58:30] INFO   ep21: train_loss=2.1916 val_acc=0.6882 val_f1=0.6700 val_uar=0.6882 lr=8.05e-05
[04:58:34] INFO   ep22: train_loss=2.0527 val_acc=0.7039 val_f1=0.6854 val_uar=0.7039 lr=7.82e-05
[04:58:37] INFO   ep23: train_loss=1.9277 val_acc=0.7245 val_f1=0.7112 val_uar=0.7245 lr=7.58e-05
[04:58:41] INFO   ep24: train_loss=1.8043 val_acc=0.7245 val_f1=0.7112 val_uar=0.7245 lr=7.33e-05
[04:58:44] INFO   ep25: train_loss=1.7190 val_acc=0.7392 val_f1=0.7243 val_uar=0.7392 lr=7.08e-05
[04:58:48] INFO   ep26: train_loss=1.6450 val_acc=0.7333 val_f1=0.7264 val_uar=0.7333 lr=6.81e-05
[04:58:51] INFO   ep27: train_loss=1.5684 val_acc=0.7539 val_f1=0.7427 val_uar=0.7539 lr=6.55e-05
[04:58:55] INFO   ep28: train_loss=1.4939 val_acc=0.7627 val_f1=0.7533 val_uar=0.7627 lr=6.27e-05
[04:58:58] INFO   ep29: train_loss=1.4293 val_acc=0.7676 val_f1=0.7607 val_uar=0.7676 lr=5.99e-05
[04:59:02] INFO   ep30: train_loss=1.3970 val_acc=0.7676 val_f1=0.7596 val_uar=0.7676 lr=5.71e-05
[04:59:06] INFO   ep31: train_loss=1.3438 val_acc=0.7784 val_f1=0.7720 val_uar=0.7784 lr=5.43e-05
[04:59:09] INFO   ep32: train_loss=1.3159 val_acc=0.7833 val_f1=0.7775 val_uar=0.7833 lr=5.14e-05
[04:59:13] INFO   ep33: train_loss=1.2816 val_acc=0.7794 val_f1=0.7736 val_uar=0.7794 lr=4.86e-05
[04:59:16] INFO   ep34: train_loss=1.2542 val_acc=0.7873 val_f1=0.7813 val_uar=0.7873 lr=4.57e-05
[04:59:20] INFO   ep35: train_loss=1.2185 val_acc=0.7902 val_f1=0.7832 val_uar=0.7902 lr=4.29e-05
[04:59:23] INFO   ep36: train_loss=1.2052 val_acc=0.8059 val_f1=0.8015 val_uar=0.8059 lr=4.01e-05
[04:59:27] INFO   ep37: train_loss=1.1845 val_acc=0.8029 val_f1=0.8007 val_uar=0.8029 lr=3.73e-05
[04:59:30] INFO   ep38: train_loss=1.1724 val_acc=0.8029 val_f1=0.7980 val_uar=0.8029 lr=3.45e-05
[04:59:34] INFO   ep39: train_loss=1.1577 val_acc=0.8088 val_f1=0.8041 val_uar=0.8088 lr=3.19e-05
[04:59:37] INFO   ep40: train_loss=1.1435 val_acc=0.8108 val_f1=0.8065 val_uar=0.8108 lr=2.92e-05
[04:59:41] INFO   ep41: train_loss=1.1199 val_acc=0.8147 val_f1=0.8111 val_uar=0.8147 lr=2.67e-05
[04:59:44] INFO   ep42: train_loss=1.1179 val_acc=0.8108 val_f1=0.8077 val_uar=0.8108 lr=2.42e-05
[04:59:48] INFO   ep43: train_loss=1.1130 val_acc=0.8078 val_f1=0.8051 val_uar=0.8078 lr=2.18e-05
[04:59:51] INFO   ep44: train_loss=1.1082 val_acc=0.8098 val_f1=0.8071 val_uar=0.8098 lr=1.95e-05
[04:59:55] INFO   ep45: train_loss=1.1038 val_acc=0.8098 val_f1=0.8056 val_uar=0.8098 lr=1.73e-05
[04:59:58] INFO   ep46: train_loss=1.0796 val_acc=0.8088 val_f1=0.8056 val_uar=0.8088 lr=1.52e-05
[05:00:02] INFO   ep47: train_loss=1.0829 val_acc=0.8147 val_f1=0.8112 val_uar=0.8147 lr=1.32e-05
[05:00:05] INFO   ep48: train_loss=1.0768 val_acc=0.8137 val_f1=0.8108 val_uar=0.8137 lr=1.13e-05
[05:00:08] INFO   ep49: train_loss=1.0640 val_acc=0.8127 val_f1=0.8087 val_uar=0.8127 lr=9.55e-06
[05:00:12] INFO   ep50: train_loss=1.0658 val_acc=0.8088 val_f1=0.8043 val_uar=0.8088 lr=7.94e-06
[05:00:15] INFO   ep51: train_loss=1.0680 val_acc=0.8176 val_f1=0.8131 val_uar=0.8176 lr=6.46e-06
[05:00:19] INFO   ep52: train_loss=1.0627 val_acc=0.8147 val_f1=0.8105 val_uar=0.8147 lr=5.13e-06
[05:00:22] INFO   ep53: train_loss=1.0632 val_acc=0.8157 val_f1=0.8113 val_uar=0.8157 lr=3.94e-06
[05:00:26] INFO   ep54: train_loss=1.0613 val_acc=0.8118 val_f1=0.8087 val_uar=0.8118 lr=2.91e-06
[05:00:29] INFO   ep55: train_loss=1.0715 val_acc=0.8167 val_f1=0.8132 val_uar=0.8167 lr=2.03e-06
[05:00:33] INFO   ep56: train_loss=1.0685 val_acc=0.8157 val_f1=0.8123 val_uar=0.8157 lr=1.30e-06
[05:00:36] INFO   ep57: train_loss=1.0805 val_acc=0.8167 val_f1=0.8121 val_uar=0.8167 lr=7.32e-07
[05:00:40] INFO   ep58: train_loss=1.0547 val_acc=0.8167 val_f1=0.8128 val_uar=0.8167 lr=3.26e-07
[05:00:43] INFO   ep59: train_loss=1.0766 val_acc=0.8127 val_f1=0.8085 val_uar=0.8127 lr=8.15e-08
[05:00:47] INFO   ep60: train_loss=1.0693 val_acc=0.8147 val_f1=0.8107 val_uar=0.8147 lr=0.00e+00
[05:00:47] INFO [done] resnet50_gray best_val_acc=0.8176 lr_used=0.0001 ckpt=checkpoints\flowers102_resnet50_gray_seed1.pt time=3.8min
[05:00:48] INFO   [E1] eval clean + per colorfulness bin
[05:01:06] INFO   [E2] eval perturbasi warna
[05:06:01] INFO   done resnet50_gray seed1
[05:06:01] INFO ==== flowers102 / resnet50_gray / seed2 (recipe=adamw gray=True) ====
[05:06:02] INFO [train] flowers102/resnet50_gray/seed2 recipe=adamw opt=adamw lr=0.0001 wd=0.05 grayscale=True epochs=60 device=cuda n_train=1020 n_val=1020 bs=64 accum=1
[05:06:20] INFO   ep1: train_loss=4.6282 val_acc=0.0088 val_f1=0.0053 val_uar=0.0088 lr=4.00e-05
[05:06:24] INFO   ep2: train_loss=4.6200 val_acc=0.0088 val_f1=0.0051 val_uar=0.0088 lr=6.00e-05
[05:06:27] INFO   ep3: train_loss=4.6076 val_acc=0.0167 val_f1=0.0101 val_uar=0.0167 lr=8.00e-05
[05:06:31] INFO   ep4: train_loss=4.5847 val_acc=0.0304 val_f1=0.0186 val_uar=0.0304 lr=1.00e-04
[05:06:34] INFO   ep5: train_loss=4.5524 val_acc=0.0686 val_f1=0.0523 val_uar=0.0686 lr=1.00e-04
[05:06:38] INFO   ep6: train_loss=4.5114 val_acc=0.1235 val_f1=0.1099 val_uar=0.1235 lr=9.99e-05
[05:06:41] INFO   ep7: train_loss=4.4621 val_acc=0.1490 val_f1=0.1450 val_uar=0.1490 lr=9.97e-05
[05:06:45] INFO   ep8: train_loss=4.3967 val_acc=0.2461 val_f1=0.2411 val_uar=0.2461 lr=9.93e-05
[05:06:48] INFO   ep9: train_loss=4.3227 val_acc=0.2931 val_f1=0.2695 val_uar=0.2931 lr=9.87e-05
[05:06:52] INFO   ep10: train_loss=4.2119 val_acc=0.3431 val_f1=0.3230 val_uar=0.3431 lr=9.80e-05
[05:06:55] INFO   ep11: train_loss=4.0770 val_acc=0.3706 val_f1=0.3518 val_uar=0.3706 lr=9.71e-05
[05:06:59] INFO   ep12: train_loss=3.9192 val_acc=0.3745 val_f1=0.3491 val_uar=0.3745 lr=9.61e-05
[05:07:02] INFO   ep13: train_loss=3.7321 val_acc=0.4931 val_f1=0.4793 val_uar=0.4931 lr=9.49e-05
[05:07:06] INFO   ep14: train_loss=3.5387 val_acc=0.5431 val_f1=0.5240 val_uar=0.5431 lr=9.35e-05
[05:07:09] INFO   ep15: train_loss=3.3077 val_acc=0.5480 val_f1=0.5256 val_uar=0.5480 lr=9.21e-05
[05:07:13] INFO   ep16: train_loss=3.0853 val_acc=0.5941 val_f1=0.5793 val_uar=0.5941 lr=9.05e-05
[05:07:16] INFO   ep17: train_loss=2.8887 val_acc=0.6167 val_f1=0.5991 val_uar=0.6167 lr=8.87e-05
[05:07:20] INFO   ep18: train_loss=2.6848 val_acc=0.6363 val_f1=0.6195 val_uar=0.6363 lr=8.68e-05
[05:07:23] INFO   ep19: train_loss=2.5092 val_acc=0.6412 val_f1=0.6242 val_uar=0.6412 lr=8.48e-05
[05:07:27] INFO   ep20: train_loss=2.3510 val_acc=0.6755 val_f1=0.6573 val_uar=0.6755 lr=8.27e-05
[05:07:30] INFO   ep21: train_loss=2.1782 val_acc=0.6902 val_f1=0.6761 val_uar=0.6902 lr=8.05e-05
[05:07:34] INFO   ep22: train_loss=2.0544 val_acc=0.6990 val_f1=0.6852 val_uar=0.6990 lr=7.82e-05
[05:07:37] INFO   ep23: train_loss=1.9305 val_acc=0.7186 val_f1=0.7028 val_uar=0.7186 lr=7.58e-05
[05:07:41] INFO   ep24: train_loss=1.8260 val_acc=0.7304 val_f1=0.7192 val_uar=0.7304 lr=7.33e-05
[05:07:44] INFO   ep25: train_loss=1.7140 val_acc=0.7304 val_f1=0.7220 val_uar=0.7304 lr=7.08e-05
[05:07:48] INFO   ep26: train_loss=1.6058 val_acc=0.7529 val_f1=0.7432 val_uar=0.7529 lr=6.81e-05
[05:07:51] INFO   ep27: train_loss=1.5515 val_acc=0.7529 val_f1=0.7451 val_uar=0.7529 lr=6.55e-05
[05:07:55] INFO   ep28: train_loss=1.5071 val_acc=0.7637 val_f1=0.7584 val_uar=0.7637 lr=6.27e-05
[05:07:58] INFO   ep29: train_loss=1.4279 val_acc=0.7667 val_f1=0.7581 val_uar=0.7667 lr=5.99e-05
[05:08:02] INFO   ep30: train_loss=1.3896 val_acc=0.7716 val_f1=0.7668 val_uar=0.7716 lr=5.71e-05
[05:08:05] INFO   ep31: train_loss=1.3419 val_acc=0.7843 val_f1=0.7773 val_uar=0.7843 lr=5.43e-05
[05:08:09] INFO   ep32: train_loss=1.3119 val_acc=0.7941 val_f1=0.7858 val_uar=0.7941 lr=5.14e-05
[05:08:12] INFO   ep33: train_loss=1.2773 val_acc=0.7941 val_f1=0.7896 val_uar=0.7941 lr=4.86e-05
[05:08:16] INFO   ep34: train_loss=1.2473 val_acc=0.7971 val_f1=0.7903 val_uar=0.7971 lr=4.57e-05
[05:08:19] INFO   ep35: train_loss=1.2373 val_acc=0.8000 val_f1=0.7928 val_uar=0.8000 lr=4.29e-05
[05:08:23] INFO   ep36: train_loss=1.2054 val_acc=0.8049 val_f1=0.7987 val_uar=0.8049 lr=4.01e-05
[05:08:26] INFO   ep37: train_loss=1.1829 val_acc=0.7980 val_f1=0.7924 val_uar=0.7980 lr=3.73e-05
[05:08:30] INFO   ep38: train_loss=1.1738 val_acc=0.8000 val_f1=0.7952 val_uar=0.8000 lr=3.45e-05
[05:08:33] INFO   ep39: train_loss=1.1563 val_acc=0.8069 val_f1=0.8011 val_uar=0.8069 lr=3.19e-05
[05:08:37] INFO   ep40: train_loss=1.1459 val_acc=0.8010 val_f1=0.7957 val_uar=0.8010 lr=2.92e-05
[05:08:40] INFO   ep41: train_loss=1.1261 val_acc=0.8039 val_f1=0.7996 val_uar=0.8039 lr=2.67e-05
[05:08:44] INFO   ep42: train_loss=1.1257 val_acc=0.8118 val_f1=0.8076 val_uar=0.8118 lr=2.42e-05
[05:08:47] INFO   ep43: train_loss=1.1115 val_acc=0.8088 val_f1=0.8049 val_uar=0.8088 lr=2.18e-05
[05:08:51] INFO   ep44: train_loss=1.1032 val_acc=0.8059 val_f1=0.7999 val_uar=0.8059 lr=1.95e-05
[05:08:54] INFO   ep45: train_loss=1.0941 val_acc=0.8157 val_f1=0.8098 val_uar=0.8157 lr=1.73e-05
[05:08:58] INFO   ep46: train_loss=1.0831 val_acc=0.8147 val_f1=0.8094 val_uar=0.8147 lr=1.52e-05
[05:09:01] INFO   ep47: train_loss=1.0774 val_acc=0.8186 val_f1=0.8123 val_uar=0.8186 lr=1.32e-05
[05:09:05] INFO   ep48: train_loss=1.0827 val_acc=0.8137 val_f1=0.8076 val_uar=0.8137 lr=1.13e-05
[05:09:08] INFO   ep49: train_loss=1.0828 val_acc=0.8147 val_f1=0.8091 val_uar=0.8147 lr=9.55e-06
[05:09:12] INFO   ep50: train_loss=1.0646 val_acc=0.8108 val_f1=0.8047 val_uar=0.8108 lr=7.94e-06
[05:09:15] INFO   ep51: train_loss=1.0613 val_acc=0.8118 val_f1=0.8068 val_uar=0.8118 lr=6.46e-06
[05:09:18] INFO   ep52: train_loss=1.0710 val_acc=0.8137 val_f1=0.8077 val_uar=0.8137 lr=5.13e-06
[05:09:22] INFO   ep53: train_loss=1.0659 val_acc=0.8176 val_f1=0.8113 val_uar=0.8176 lr=3.94e-06
[05:09:25] INFO   ep54: train_loss=1.0682 val_acc=0.8147 val_f1=0.8081 val_uar=0.8147 lr=2.91e-06
[05:09:29] INFO   ep55: train_loss=1.0711 val_acc=0.8147 val_f1=0.8098 val_uar=0.8147 lr=2.03e-06
[05:09:32] INFO   ep56: train_loss=1.0622 val_acc=0.8137 val_f1=0.8090 val_uar=0.8137 lr=1.30e-06
[05:09:36] INFO   ep57: train_loss=1.0656 val_acc=0.8147 val_f1=0.8103 val_uar=0.8147 lr=7.32e-07
[05:09:39] INFO   ep58: train_loss=1.0562 val_acc=0.8127 val_f1=0.8064 val_uar=0.8127 lr=3.26e-07
[05:09:43] INFO   ep59: train_loss=1.0745 val_acc=0.8157 val_f1=0.8090 val_uar=0.8157 lr=8.15e-08
[05:09:46] INFO   ep60: train_loss=1.0690 val_acc=0.8137 val_f1=0.8093 val_uar=0.8137 lr=0.00e+00
[05:09:46] INFO [done] resnet50_gray best_val_acc=0.8186 lr_used=0.0001 ckpt=checkpoints\flowers102_resnet50_gray_seed2.pt time=3.7min
[05:09:48] INFO   [E1] eval clean + per colorfulness bin
[05:10:06] INFO   [E2] eval perturbasi warna
[05:15:01] INFO   done resnet50_gray seed2
[05:15:01] INFO ==== flowers102 / resnet50_gray / seed3 (recipe=adamw gray=True) ====
[05:15:01] INFO [train] flowers102/resnet50_gray/seed3 recipe=adamw opt=adamw lr=0.0001 wd=0.05 grayscale=True epochs=60 device=cuda n_train=1020 n_val=1020 bs=64 accum=1
[05:15:19] INFO   ep1: train_loss=4.6238 val_acc=0.0137 val_f1=0.0038 val_uar=0.0137 lr=4.00e-05
[05:15:23] INFO   ep2: train_loss=4.6168 val_acc=0.0186 val_f1=0.0112 val_uar=0.0186 lr=6.00e-05
[05:15:26] INFO   ep3: train_loss=4.6014 val_acc=0.0196 val_f1=0.0146 val_uar=0.0196 lr=8.00e-05
[05:15:30] INFO   ep4: train_loss=4.5814 val_acc=0.0324 val_f1=0.0192 val_uar=0.0324 lr=1.00e-04
[05:15:33] INFO   ep5: train_loss=4.5512 val_acc=0.0686 val_f1=0.0525 val_uar=0.0686 lr=1.00e-04
[05:15:37] INFO   ep6: train_loss=4.5060 val_acc=0.0990 val_f1=0.0816 val_uar=0.0990 lr=9.99e-05
[05:15:40] INFO   ep7: train_loss=4.4543 val_acc=0.1382 val_f1=0.1217 val_uar=0.1382 lr=9.97e-05
[05:15:44] INFO   ep8: train_loss=4.3958 val_acc=0.2147 val_f1=0.1935 val_uar=0.2147 lr=9.93e-05
[05:15:47] INFO   ep9: train_loss=4.3107 val_acc=0.2667 val_f1=0.2561 val_uar=0.2667 lr=9.87e-05
[05:15:51] INFO   ep10: train_loss=4.2034 val_acc=0.2627 val_f1=0.2502 val_uar=0.2627 lr=9.80e-05
[05:15:54] INFO   ep11: train_loss=4.0781 val_acc=0.3892 val_f1=0.3750 val_uar=0.3892 lr=9.71e-05
[05:15:58] INFO   ep12: train_loss=3.9195 val_acc=0.4333 val_f1=0.4129 val_uar=0.4333 lr=9.61e-05
[05:16:01] INFO   ep13: train_loss=3.7324 val_acc=0.4078 val_f1=0.3966 val_uar=0.4078 lr=9.49e-05
[05:16:05] INFO   ep14: train_loss=3.5209 val_acc=0.5069 val_f1=0.4806 val_uar=0.5069 lr=9.35e-05
[05:16:08] INFO   ep15: train_loss=3.3121 val_acc=0.5461 val_f1=0.5251 val_uar=0.5461 lr=9.21e-05
[05:16:12] INFO   ep16: train_loss=3.0996 val_acc=0.5794 val_f1=0.5547 val_uar=0.5794 lr=9.05e-05
[05:16:15] INFO   ep17: train_loss=2.8765 val_acc=0.5892 val_f1=0.5706 val_uar=0.5892 lr=8.87e-05
[05:16:19] INFO   ep18: train_loss=2.6757 val_acc=0.6206 val_f1=0.6044 val_uar=0.6206 lr=8.68e-05
[05:16:22] INFO   ep19: train_loss=2.4692 val_acc=0.6539 val_f1=0.6418 val_uar=0.6539 lr=8.48e-05
[05:16:26] INFO   ep20: train_loss=2.3109 val_acc=0.6686 val_f1=0.6520 val_uar=0.6686 lr=8.27e-05
[05:16:30] INFO   ep21: train_loss=2.1722 val_acc=0.6853 val_f1=0.6677 val_uar=0.6853 lr=8.05e-05
[05:16:33] INFO   ep22: train_loss=2.0325 val_acc=0.7127 val_f1=0.7005 val_uar=0.7127 lr=7.82e-05
[05:16:37] INFO   ep23: train_loss=1.9085 val_acc=0.7245 val_f1=0.7142 val_uar=0.7245 lr=7.58e-05
[05:16:40] INFO   ep24: train_loss=1.7856 val_acc=0.7186 val_f1=0.7043 val_uar=0.7186 lr=7.33e-05
[05:16:44] INFO   ep25: train_loss=1.7019 val_acc=0.7412 val_f1=0.7264 val_uar=0.7412 lr=7.08e-05
[05:16:47] INFO   ep26: train_loss=1.6207 val_acc=0.7520 val_f1=0.7406 val_uar=0.7520 lr=6.81e-05
[05:16:51] INFO   ep27: train_loss=1.5345 val_acc=0.7775 val_f1=0.7653 val_uar=0.7775 lr=6.55e-05
[05:16:54] INFO   ep28: train_loss=1.4728 val_acc=0.7647 val_f1=0.7530 val_uar=0.7647 lr=6.27e-05
[05:16:58] INFO   ep29: train_loss=1.4334 val_acc=0.7833 val_f1=0.7754 val_uar=0.7833 lr=5.99e-05
[05:17:01] INFO   ep30: train_loss=1.3924 val_acc=0.7794 val_f1=0.7711 val_uar=0.7794 lr=5.71e-05
[05:17:05] INFO   ep31: train_loss=1.3435 val_acc=0.7873 val_f1=0.7790 val_uar=0.7873 lr=5.43e-05
[05:17:08] INFO   ep32: train_loss=1.3072 val_acc=0.7882 val_f1=0.7798 val_uar=0.7882 lr=5.14e-05
[05:17:12] INFO   ep33: train_loss=1.2684 val_acc=0.7971 val_f1=0.7898 val_uar=0.7971 lr=4.86e-05
[05:17:15] INFO   ep34: train_loss=1.2386 val_acc=0.7980 val_f1=0.7909 val_uar=0.7980 lr=4.57e-05
[05:17:19] INFO   ep35: train_loss=1.2211 val_acc=0.7961 val_f1=0.7890 val_uar=0.7961 lr=4.29e-05
[05:17:22] INFO   ep36: train_loss=1.1895 val_acc=0.8069 val_f1=0.8023 val_uar=0.8069 lr=4.01e-05
[05:17:26] INFO   ep37: train_loss=1.1813 val_acc=0.8098 val_f1=0.8048 val_uar=0.8098 lr=3.73e-05
[05:17:29] INFO   ep38: train_loss=1.1681 val_acc=0.8059 val_f1=0.8005 val_uar=0.8059 lr=3.45e-05
[05:17:33] INFO   ep39: train_loss=1.1421 val_acc=0.8078 val_f1=0.8029 val_uar=0.8078 lr=3.19e-05
[05:17:36] INFO   ep40: train_loss=1.1327 val_acc=0.8167 val_f1=0.8130 val_uar=0.8167 lr=2.92e-05
[05:17:40] INFO   ep41: train_loss=1.1295 val_acc=0.8098 val_f1=0.8036 val_uar=0.8098 lr=2.67e-05
[05:17:43] INFO   ep42: train_loss=1.1141 val_acc=0.8098 val_f1=0.8024 val_uar=0.8098 lr=2.42e-05
[05:17:47] INFO   ep43: train_loss=1.1118 val_acc=0.8167 val_f1=0.8114 val_uar=0.8167 lr=2.18e-05
[05:17:50] INFO   ep44: train_loss=1.0948 val_acc=0.8167 val_f1=0.8113 val_uar=0.8167 lr=1.95e-05
[05:17:54] INFO   ep45: train_loss=1.0982 val_acc=0.8186 val_f1=0.8148 val_uar=0.8186 lr=1.73e-05
[05:17:57] INFO   ep46: train_loss=1.0849 val_acc=0.8186 val_f1=0.8139 val_uar=0.8186 lr=1.52e-05
[05:18:01] INFO   ep47: train_loss=1.0844 val_acc=0.8157 val_f1=0.8111 val_uar=0.8157 lr=1.32e-05
[05:18:04] INFO   ep48: train_loss=1.0822 val_acc=0.8157 val_f1=0.8108 val_uar=0.8157 lr=1.13e-05
[05:18:08] INFO   ep49: train_loss=1.0905 val_acc=0.8157 val_f1=0.8120 val_uar=0.8157 lr=9.55e-06
[05:18:11] INFO   ep50: train_loss=1.0817 val_acc=0.8186 val_f1=0.8148 val_uar=0.8186 lr=7.94e-06
[05:18:15] INFO   ep51: train_loss=1.0713 val_acc=0.8167 val_f1=0.8127 val_uar=0.8167 lr=6.46e-06
[05:18:18] INFO   ep52: train_loss=1.0680 val_acc=0.8206 val_f1=0.8166 val_uar=0.8206 lr=5.13e-06
[05:18:22] INFO   ep53: train_loss=1.0588 val_acc=0.8216 val_f1=0.8180 val_uar=0.8216 lr=3.94e-06
[05:18:25] INFO   ep54: train_loss=1.0699 val_acc=0.8235 val_f1=0.8200 val_uar=0.8235 lr=2.91e-06
[05:18:29] INFO   ep55: train_loss=1.0621 val_acc=0.8186 val_f1=0.8144 val_uar=0.8186 lr=2.03e-06
[05:18:32] INFO   ep56: train_loss=1.0752 val_acc=0.8225 val_f1=0.8188 val_uar=0.8225 lr=1.30e-06
[05:18:36] INFO   ep57: train_loss=1.0589 val_acc=0.8216 val_f1=0.8176 val_uar=0.8216 lr=7.32e-07
[05:18:39] INFO   ep58: train_loss=1.0568 val_acc=0.8225 val_f1=0.8186 val_uar=0.8225 lr=3.26e-07
[05:18:43] INFO   ep59: train_loss=1.0715 val_acc=0.8186 val_f1=0.8146 val_uar=0.8186 lr=8.15e-08
[05:18:46] INFO   ep60: train_loss=1.0742 val_acc=0.8157 val_f1=0.8116 val_uar=0.8157 lr=0.00e+00
[05:18:46] INFO [done] resnet50_gray best_val_acc=0.8235 lr_used=0.0001 ckpt=checkpoints\flowers102_resnet50_gray_seed3.pt time=3.8min
[05:18:48] INFO   [E1] eval clean + per colorfulness bin
[05:19:06] INFO   [E2] eval perturbasi warna
[05:24:00] INFO   done resnet50_gray seed3
[05:24:00] INFO ==== flowers102 / resnet50_gray / seed4 (recipe=adamw gray=True) ====
[05:24:01] INFO [train] flowers102/resnet50_gray/seed4 recipe=adamw opt=adamw lr=0.0001 wd=0.05 grayscale=True epochs=60 device=cuda n_train=1020 n_val=1020 bs=64 accum=1
[05:24:19] INFO   ep1: train_loss=4.6259 val_acc=0.0049 val_f1=0.0022 val_uar=0.0049 lr=4.00e-05
[05:24:22] INFO   ep2: train_loss=4.6164 val_acc=0.0108 val_f1=0.0051 val_uar=0.0108 lr=6.00e-05
[05:24:26] INFO   ep3: train_loss=4.6039 val_acc=0.0137 val_f1=0.0088 val_uar=0.0137 lr=8.00e-05
[05:24:29] INFO   ep4: train_loss=4.5831 val_acc=0.0333 val_f1=0.0234 val_uar=0.0333 lr=1.00e-04
[05:24:33] INFO   ep5: train_loss=4.5513 val_acc=0.0735 val_f1=0.0589 val_uar=0.0735 lr=1.00e-04
[05:24:37] INFO   ep6: train_loss=4.5109 val_acc=0.0902 val_f1=0.0790 val_uar=0.0902 lr=9.99e-05
[05:24:40] INFO   ep7: train_loss=4.4567 val_acc=0.1637 val_f1=0.1436 val_uar=0.1637 lr=9.97e-05
[05:24:44] INFO   ep8: train_loss=4.3941 val_acc=0.1971 val_f1=0.1747 val_uar=0.1971 lr=9.93e-05
[05:24:47] INFO   ep9: train_loss=4.3086 val_acc=0.2500 val_f1=0.2385 val_uar=0.2500 lr=9.87e-05
[05:24:51] INFO   ep10: train_loss=4.2036 val_acc=0.3049 val_f1=0.2896 val_uar=0.3049 lr=9.80e-05
[05:24:54] INFO   ep11: train_loss=4.0673 val_acc=0.3510 val_f1=0.3376 val_uar=0.3510 lr=9.71e-05
[05:24:58] INFO   ep12: train_loss=3.9038 val_acc=0.4029 val_f1=0.3834 val_uar=0.4029 lr=9.61e-05
[05:25:01] INFO   ep13: train_loss=3.7245 val_acc=0.4392 val_f1=0.4164 val_uar=0.4392 lr=9.49e-05
[05:25:05] INFO   ep14: train_loss=3.5309 val_acc=0.5137 val_f1=0.4921 val_uar=0.5137 lr=9.35e-05
[05:25:08] INFO   ep15: train_loss=3.3154 val_acc=0.5706 val_f1=0.5463 val_uar=0.5706 lr=9.21e-05
[05:25:12] INFO   ep16: train_loss=3.0954 val_acc=0.5608 val_f1=0.5446 val_uar=0.5608 lr=9.05e-05
[05:25:15] INFO   ep17: train_loss=2.8824 val_acc=0.5853 val_f1=0.5695 val_uar=0.5853 lr=8.87e-05
[05:25:19] INFO   ep18: train_loss=2.6845 val_acc=0.6284 val_f1=0.6113 val_uar=0.6284 lr=8.68e-05
[05:25:22] INFO   ep19: train_loss=2.4854 val_acc=0.6559 val_f1=0.6372 val_uar=0.6559 lr=8.48e-05
[05:25:26] INFO   ep20: train_loss=2.3100 val_acc=0.6627 val_f1=0.6462 val_uar=0.6627 lr=8.27e-05
[05:25:29] INFO   ep21: train_loss=2.1772 val_acc=0.6833 val_f1=0.6652 val_uar=0.6833 lr=8.05e-05
[05:25:33] INFO   ep22: train_loss=2.0540 val_acc=0.7010 val_f1=0.6867 val_uar=0.7010 lr=7.82e-05
[05:25:37] INFO   ep23: train_loss=1.9005 val_acc=0.7127 val_f1=0.7007 val_uar=0.7127 lr=7.58e-05
[05:25:40] INFO   ep24: train_loss=1.8004 val_acc=0.7294 val_f1=0.7194 val_uar=0.7294 lr=7.33e-05
[05:25:44] INFO   ep25: train_loss=1.7170 val_acc=0.7451 val_f1=0.7349 val_uar=0.7451 lr=7.08e-05
[05:25:47] INFO   ep26: train_loss=1.6263 val_acc=0.7441 val_f1=0.7376 val_uar=0.7441 lr=6.81e-05
[05:25:51] INFO   ep27: train_loss=1.5579 val_acc=0.7598 val_f1=0.7542 val_uar=0.7598 lr=6.55e-05
[05:25:54] INFO   ep28: train_loss=1.5160 val_acc=0.7627 val_f1=0.7557 val_uar=0.7627 lr=6.27e-05
[05:25:58] INFO   ep29: train_loss=1.4330 val_acc=0.7657 val_f1=0.7599 val_uar=0.7657 lr=5.99e-05
[05:26:01] INFO   ep30: train_loss=1.4041 val_acc=0.7637 val_f1=0.7575 val_uar=0.7637 lr=5.71e-05
[05:26:05] INFO   ep31: train_loss=1.3744 val_acc=0.7775 val_f1=0.7714 val_uar=0.7775 lr=5.43e-05
[05:26:08] INFO   ep32: train_loss=1.3046 val_acc=0.7755 val_f1=0.7734 val_uar=0.7755 lr=5.14e-05
[05:26:12] INFO   ep33: train_loss=1.3026 val_acc=0.7794 val_f1=0.7768 val_uar=0.7794 lr=4.86e-05
[05:26:15] INFO   ep34: train_loss=1.2483 val_acc=0.7824 val_f1=0.7786 val_uar=0.7824 lr=4.57e-05
[05:26:19] INFO   ep35: train_loss=1.2260 val_acc=0.7902 val_f1=0.7869 val_uar=0.7902 lr=4.29e-05
[05:26:22] INFO   ep36: train_loss=1.2085 val_acc=0.7971 val_f1=0.7940 val_uar=0.7971 lr=4.01e-05
[05:26:26] INFO   ep37: train_loss=1.2040 val_acc=0.7990 val_f1=0.7965 val_uar=0.7990 lr=3.73e-05
[05:26:29] INFO   ep38: train_loss=1.1684 val_acc=0.8029 val_f1=0.7999 val_uar=0.8029 lr=3.45e-05
[05:26:33] INFO   ep39: train_loss=1.1576 val_acc=0.8088 val_f1=0.8061 val_uar=0.8088 lr=3.19e-05
[05:26:36] INFO   ep40: train_loss=1.1358 val_acc=0.8069 val_f1=0.8044 val_uar=0.8069 lr=2.92e-05
[05:26:40] INFO   ep41: train_loss=1.1237 val_acc=0.8029 val_f1=0.8004 val_uar=0.8029 lr=2.67e-05
[05:26:43] INFO   ep42: train_loss=1.1139 val_acc=0.8059 val_f1=0.8041 val_uar=0.8059 lr=2.42e-05
[05:26:47] INFO   ep43: train_loss=1.1213 val_acc=0.8118 val_f1=0.8098 val_uar=0.8118 lr=2.18e-05
[05:26:50] INFO   ep44: train_loss=1.1034 val_acc=0.8108 val_f1=0.8087 val_uar=0.8108 lr=1.95e-05
[05:26:54] INFO   ep45: train_loss=1.0906 val_acc=0.8088 val_f1=0.8063 val_uar=0.8088 lr=1.73e-05
[05:26:57] INFO   ep46: train_loss=1.0895 val_acc=0.8118 val_f1=0.8086 val_uar=0.8118 lr=1.52e-05
[05:27:00] INFO   ep47: train_loss=1.0988 val_acc=0.8108 val_f1=0.8086 val_uar=0.8108 lr=1.32e-05
[05:27:04] INFO   ep48: train_loss=1.0813 val_acc=0.8157 val_f1=0.8130 val_uar=0.8157 lr=1.13e-05
[05:27:07] INFO   ep49: train_loss=1.0899 val_acc=0.8186 val_f1=0.8161 val_uar=0.8186 lr=9.55e-06
[05:27:11] INFO   ep50: train_loss=1.0783 val_acc=0.8206 val_f1=0.8184 val_uar=0.8206 lr=7.94e-06
[05:27:15] INFO   ep51: train_loss=1.0690 val_acc=0.8206 val_f1=0.8186 val_uar=0.8206 lr=6.46e-06
[05:27:18] INFO   ep52: train_loss=1.0741 val_acc=0.8176 val_f1=0.8149 val_uar=0.8176 lr=5.13e-06
[05:27:21] INFO   ep53: train_loss=1.0613 val_acc=0.8206 val_f1=0.8173 val_uar=0.8206 lr=3.94e-06
[05:27:25] INFO   ep54: train_loss=1.0740 val_acc=0.8157 val_f1=0.8127 val_uar=0.8157 lr=2.91e-06
[05:27:28] INFO   ep55: train_loss=1.0753 val_acc=0.8167 val_f1=0.8135 val_uar=0.8167 lr=2.03e-06
[05:27:32] INFO   ep56: train_loss=1.0729 val_acc=0.8147 val_f1=0.8109 val_uar=0.8147 lr=1.30e-06
[05:27:35] INFO   ep57: train_loss=1.0684 val_acc=0.8147 val_f1=0.8108 val_uar=0.8147 lr=7.32e-07
[05:27:39] INFO   ep58: train_loss=1.0681 val_acc=0.8167 val_f1=0.8131 val_uar=0.8167 lr=3.26e-07
[05:27:42] INFO   ep59: train_loss=1.0636 val_acc=0.8167 val_f1=0.8143 val_uar=0.8167 lr=8.15e-08
[05:27:46] INFO   ep60: train_loss=1.0729 val_acc=0.8206 val_f1=0.8167 val_uar=0.8206 lr=0.00e+00
[05:27:46] INFO [done] resnet50_gray best_val_acc=0.8206 lr_used=0.0001 ckpt=checkpoints\flowers102_resnet50_gray_seed4.pt time=3.8min
[05:27:47] INFO   [E1] eval clean + per colorfulness bin
[05:28:05] INFO   [E2] eval perturbasi warna
[05:32:59] INFO   done resnet50_gray seed4
[05:32:59] INFO ALL DONE
[05:33:05] INFO dataset=flowers102 models=['swin_tiny'] seeds=[0, 1, 2, 3, 4] epochs=None recipe=adamw
[05:33:05] INFO ==== flowers102 / swin_tiny_gray / seed0 (recipe=adamw gray=True) ====
[05:33:06] INFO [train] flowers102/swin_tiny_gray/seed0 recipe=adamw opt=adamw lr=0.0001 wd=0.05 grayscale=True epochs=60 device=cuda n_train=1020 n_val=1020 bs=64 accum=1
[05:33:25] INFO   ep1: train_loss=4.6160 val_acc=0.0284 val_f1=0.0225 val_uar=0.0284 lr=4.00e-05
[05:33:29] INFO   ep2: train_loss=4.3970 val_acc=0.1402 val_f1=0.1074 val_uar=0.1402 lr=6.00e-05
[05:33:33] INFO   ep3: train_loss=3.7593 val_acc=0.4147 val_f1=0.3597 val_uar=0.4147 lr=8.00e-05
[05:33:37] INFO   ep4: train_loss=2.6848 val_acc=0.6353 val_f1=0.6151 val_uar=0.6353 lr=1.00e-04
[05:33:40] INFO   ep5: train_loss=1.8552 val_acc=0.7755 val_f1=0.7695 val_uar=0.7755 lr=1.00e-04
[05:33:44] INFO   ep6: train_loss=1.3846 val_acc=0.8235 val_f1=0.8189 val_uar=0.8235 lr=9.99e-05
[05:33:48] INFO   ep7: train_loss=1.1404 val_acc=0.8539 val_f1=0.8538 val_uar=0.8539 lr=9.97e-05
[05:33:52] INFO   ep8: train_loss=1.0637 val_acc=0.8373 val_f1=0.8386 val_uar=0.8373 lr=9.93e-05
[05:33:56] INFO   ep9: train_loss=1.0207 val_acc=0.8510 val_f1=0.8501 val_uar=0.8510 lr=9.87e-05
[05:33:59] INFO   ep10: train_loss=0.9930 val_acc=0.8725 val_f1=0.8714 val_uar=0.8725 lr=9.80e-05
[05:34:03] INFO   ep11: train_loss=0.9756 val_acc=0.8755 val_f1=0.8736 val_uar=0.8755 lr=9.71e-05
[05:34:07] INFO   ep12: train_loss=0.9434 val_acc=0.8755 val_f1=0.8732 val_uar=0.8755 lr=9.61e-05
[05:34:11] INFO   ep13: train_loss=0.9311 val_acc=0.8745 val_f1=0.8723 val_uar=0.8745 lr=9.49e-05
[05:34:15] INFO   ep14: train_loss=0.9144 val_acc=0.8745 val_f1=0.8736 val_uar=0.8745 lr=9.35e-05
[05:34:18] INFO   ep15: train_loss=0.9194 val_acc=0.8765 val_f1=0.8759 val_uar=0.8765 lr=9.21e-05
[05:34:22] INFO   ep16: train_loss=0.9134 val_acc=0.8824 val_f1=0.8791 val_uar=0.8824 lr=9.05e-05
[05:34:26] INFO   ep17: train_loss=0.9097 val_acc=0.8814 val_f1=0.8789 val_uar=0.8814 lr=8.87e-05
[05:34:30] INFO   ep18: train_loss=0.8936 val_acc=0.8873 val_f1=0.8856 val_uar=0.8873 lr=8.68e-05
[05:34:34] INFO   ep19: train_loss=0.8853 val_acc=0.8843 val_f1=0.8820 val_uar=0.8843 lr=8.48e-05
[05:34:38] INFO   ep20: train_loss=0.8806 val_acc=0.8922 val_f1=0.8909 val_uar=0.8922 lr=8.27e-05
[05:34:41] INFO   ep21: train_loss=0.8771 val_acc=0.8843 val_f1=0.8807 val_uar=0.8843 lr=8.05e-05
[05:34:45] INFO   ep22: train_loss=0.8721 val_acc=0.8853 val_f1=0.8831 val_uar=0.8853 lr=7.82e-05
[05:34:49] INFO   ep23: train_loss=0.8719 val_acc=0.8931 val_f1=0.8916 val_uar=0.8931 lr=7.58e-05
[05:34:53] INFO   ep24: train_loss=0.8613 val_acc=0.8882 val_f1=0.8863 val_uar=0.8882 lr=7.33e-05
[05:34:57] INFO   ep25: train_loss=0.8645 val_acc=0.8961 val_f1=0.8938 val_uar=0.8961 lr=7.08e-05
[05:35:01] INFO   ep26: train_loss=0.8575 val_acc=0.8941 val_f1=0.8925 val_uar=0.8941 lr=6.81e-05
[05:35:04] INFO   ep27: train_loss=0.8591 val_acc=0.8824 val_f1=0.8805 val_uar=0.8824 lr=6.55e-05
[05:35:08] INFO   ep28: train_loss=0.8451 val_acc=0.9039 val_f1=0.9023 val_uar=0.9039 lr=6.27e-05
[05:35:12] INFO   ep29: train_loss=0.8500 val_acc=0.8971 val_f1=0.8953 val_uar=0.8971 lr=5.99e-05
[05:35:16] INFO   ep30: train_loss=0.8562 val_acc=0.8990 val_f1=0.8989 val_uar=0.8990 lr=5.71e-05
[05:35:20] INFO   ep31: train_loss=0.8389 val_acc=0.8922 val_f1=0.8904 val_uar=0.8922 lr=5.43e-05
[05:35:24] INFO   ep32: train_loss=0.8425 val_acc=0.8971 val_f1=0.8954 val_uar=0.8971 lr=5.14e-05
[05:35:27] INFO   ep33: train_loss=0.8467 val_acc=0.9029 val_f1=0.9015 val_uar=0.9029 lr=4.86e-05
[05:35:31] INFO   ep34: train_loss=0.8412 val_acc=0.9029 val_f1=0.9015 val_uar=0.9029 lr=4.57e-05
[05:35:35] INFO   ep35: train_loss=0.8339 val_acc=0.8951 val_f1=0.8931 val_uar=0.8951 lr=4.29e-05
[05:35:39] INFO   ep36: train_loss=0.8318 val_acc=0.8971 val_f1=0.8953 val_uar=0.8971 lr=4.01e-05
[05:35:43] INFO   ep37: train_loss=0.8298 val_acc=0.8961 val_f1=0.8938 val_uar=0.8961 lr=3.73e-05
[05:35:47] INFO   ep38: train_loss=0.8345 val_acc=0.8990 val_f1=0.8973 val_uar=0.8990 lr=3.45e-05
[05:35:50] INFO   ep39: train_loss=0.8355 val_acc=0.9010 val_f1=0.8997 val_uar=0.9010 lr=3.19e-05
[05:35:54] INFO   ep40: train_loss=0.8271 val_acc=0.8980 val_f1=0.8955 val_uar=0.8980 lr=2.92e-05
[05:35:58] INFO   ep41: train_loss=0.8276 val_acc=0.8971 val_f1=0.8951 val_uar=0.8971 lr=2.67e-05
[05:36:02] INFO   ep42: train_loss=0.8340 val_acc=0.8961 val_f1=0.8940 val_uar=0.8961 lr=2.42e-05
[05:36:06] INFO   ep43: train_loss=0.8265 val_acc=0.8961 val_f1=0.8940 val_uar=0.8961 lr=2.18e-05
[05:36:10] INFO   ep44: train_loss=0.8284 val_acc=0.9020 val_f1=0.9000 val_uar=0.9020 lr=1.95e-05
[05:36:13] INFO   ep45: train_loss=0.8335 val_acc=0.9029 val_f1=0.9005 val_uar=0.9029 lr=1.73e-05
[05:36:17] INFO   ep46: train_loss=0.8316 val_acc=0.9069 val_f1=0.9052 val_uar=0.9069 lr=1.52e-05
[05:36:21] INFO   ep47: train_loss=0.8249 val_acc=0.9078 val_f1=0.9064 val_uar=0.9078 lr=1.32e-05
[05:36:25] INFO   ep48: train_loss=0.8268 val_acc=0.9088 val_f1=0.9072 val_uar=0.9088 lr=1.13e-05
[05:36:29] INFO   ep49: train_loss=0.8263 val_acc=0.9069 val_f1=0.9044 val_uar=0.9069 lr=9.55e-06
[05:36:33] INFO   ep50: train_loss=0.8243 val_acc=0.9039 val_f1=0.9015 val_uar=0.9039 lr=7.94e-06
[05:36:37] INFO   ep51: train_loss=0.8307 val_acc=0.9020 val_f1=0.8993 val_uar=0.9020 lr=6.46e-06
[05:36:41] INFO   ep52: train_loss=0.8238 val_acc=0.9078 val_f1=0.9063 val_uar=0.9078 lr=5.13e-06
[05:36:44] INFO   ep53: train_loss=0.8296 val_acc=0.9059 val_f1=0.9041 val_uar=0.9059 lr=3.94e-06
[05:36:48] INFO   ep54: train_loss=0.8249 val_acc=0.9059 val_f1=0.9043 val_uar=0.9059 lr=2.91e-06
[05:36:52] INFO   ep55: train_loss=0.8222 val_acc=0.9069 val_f1=0.9052 val_uar=0.9069 lr=2.03e-06
[05:36:56] INFO   ep56: train_loss=0.8265 val_acc=0.9059 val_f1=0.9042 val_uar=0.9059 lr=1.30e-06
[05:37:00] INFO   ep57: train_loss=0.8261 val_acc=0.9049 val_f1=0.9033 val_uar=0.9049 lr=7.32e-07
[05:37:04] INFO   ep58: train_loss=0.8247 val_acc=0.9049 val_f1=0.9033 val_uar=0.9049 lr=3.26e-07
[05:37:08] INFO   ep59: train_loss=0.8204 val_acc=0.9049 val_f1=0.9033 val_uar=0.9049 lr=8.15e-08
[05:37:11] INFO   ep60: train_loss=0.8265 val_acc=0.9049 val_f1=0.9033 val_uar=0.9049 lr=0.00e+00
[05:37:11] INFO [done] swin_tiny_gray best_val_acc=0.9088 lr_used=0.0001 ckpt=checkpoints\flowers102_swin_tiny_gray_seed0.pt time=4.1min
[05:37:13] INFO   [E1] eval clean + per colorfulness bin
[05:37:31] INFO   [E2] eval perturbasi warna
[05:42:27] INFO   done swin_tiny_gray seed0
[05:42:27] INFO ==== flowers102 / swin_tiny_gray / seed1 (recipe=adamw gray=True) ====
[05:42:27] INFO [train] flowers102/swin_tiny_gray/seed1 recipe=adamw opt=adamw lr=0.0001 wd=0.05 grayscale=True epochs=60 device=cuda n_train=1020 n_val=1020 bs=64 accum=1
[05:42:46] INFO   ep1: train_loss=4.6306 val_acc=0.0196 val_f1=0.0148 val_uar=0.0196 lr=4.00e-05
[05:42:50] INFO   ep2: train_loss=4.4141 val_acc=0.1314 val_f1=0.1039 val_uar=0.1314 lr=6.00e-05
[05:42:54] INFO   ep3: train_loss=3.8377 val_acc=0.3912 val_f1=0.3599 val_uar=0.3912 lr=8.00e-05
[05:42:57] INFO   ep4: train_loss=2.7270 val_acc=0.6657 val_f1=0.6514 val_uar=0.6657 lr=1.00e-04
[05:43:01] INFO   ep5: train_loss=1.8172 val_acc=0.7902 val_f1=0.7820 val_uar=0.7902 lr=1.00e-04
[05:43:05] INFO   ep6: train_loss=1.3422 val_acc=0.8284 val_f1=0.8288 val_uar=0.8284 lr=9.99e-05
[05:43:09] INFO   ep7: train_loss=1.1489 val_acc=0.8676 val_f1=0.8662 val_uar=0.8676 lr=9.97e-05
[05:43:13] INFO   ep8: train_loss=1.0700 val_acc=0.8598 val_f1=0.8558 val_uar=0.8598 lr=9.93e-05
[05:43:17] INFO   ep9: train_loss=1.0294 val_acc=0.8745 val_f1=0.8744 val_uar=0.8745 lr=9.87e-05
[05:43:21] INFO   ep10: train_loss=0.9740 val_acc=0.8667 val_f1=0.8679 val_uar=0.8667 lr=9.80e-05
[05:43:24] INFO   ep11: train_loss=0.9744 val_acc=0.8794 val_f1=0.8754 val_uar=0.8794 lr=9.71e-05
[05:43:28] INFO   ep12: train_loss=0.9471 val_acc=0.8892 val_f1=0.8906 val_uar=0.8892 lr=9.61e-05
[05:43:32] INFO   ep13: train_loss=0.9222 val_acc=0.8912 val_f1=0.8906 val_uar=0.8912 lr=9.49e-05
[05:43:36] INFO   ep14: train_loss=0.9102 val_acc=0.8951 val_f1=0.8941 val_uar=0.8951 lr=9.35e-05
[05:43:40] INFO   ep15: train_loss=0.9068 val_acc=0.8902 val_f1=0.8880 val_uar=0.8902 lr=9.21e-05
[05:43:43] INFO   ep16: train_loss=0.9049 val_acc=0.8931 val_f1=0.8915 val_uar=0.8931 lr=9.05e-05
[05:43:47] INFO   ep17: train_loss=0.8937 val_acc=0.8912 val_f1=0.8903 val_uar=0.8912 lr=8.87e-05
[05:43:51] INFO   ep18: train_loss=0.8876 val_acc=0.8980 val_f1=0.8971 val_uar=0.8980 lr=8.68e-05
[05:43:55] INFO   ep19: train_loss=0.8731 val_acc=0.9029 val_f1=0.9023 val_uar=0.9029 lr=8.48e-05
[05:43:59] INFO   ep20: train_loss=0.8781 val_acc=0.9069 val_f1=0.9059 val_uar=0.9069 lr=8.27e-05
[05:44:03] INFO   ep21: train_loss=0.8648 val_acc=0.9029 val_f1=0.9031 val_uar=0.9029 lr=8.05e-05
[05:44:06] INFO   ep22: train_loss=0.8648 val_acc=0.9010 val_f1=0.9001 val_uar=0.9010 lr=7.82e-05
[05:44:10] INFO   ep23: train_loss=0.8694 val_acc=0.8971 val_f1=0.8967 val_uar=0.8971 lr=7.58e-05
[05:44:14] INFO   ep24: train_loss=0.8621 val_acc=0.9069 val_f1=0.9057 val_uar=0.9069 lr=7.33e-05
[05:44:18] INFO   ep25: train_loss=0.8544 val_acc=0.9020 val_f1=0.9012 val_uar=0.9020 lr=7.08e-05
[05:44:22] INFO   ep26: train_loss=0.8504 val_acc=0.9108 val_f1=0.9106 val_uar=0.9108 lr=6.81e-05
[05:44:25] INFO   ep27: train_loss=0.8494 val_acc=0.9098 val_f1=0.9099 val_uar=0.9098 lr=6.55e-05
[05:44:29] INFO   ep28: train_loss=0.8395 val_acc=0.9078 val_f1=0.9079 val_uar=0.9078 lr=6.27e-05
[05:44:33] INFO   ep29: train_loss=0.8437 val_acc=0.9127 val_f1=0.9127 val_uar=0.9127 lr=5.99e-05
[05:44:37] INFO   ep30: train_loss=0.8407 val_acc=0.9098 val_f1=0.9096 val_uar=0.9098 lr=5.71e-05
[05:44:41] INFO   ep31: train_loss=0.8426 val_acc=0.9108 val_f1=0.9101 val_uar=0.9108 lr=5.43e-05
[05:44:44] INFO   ep32: train_loss=0.8457 val_acc=0.9059 val_f1=0.9061 val_uar=0.9059 lr=5.14e-05
[05:44:48] INFO   ep33: train_loss=0.8412 val_acc=0.9127 val_f1=0.9115 val_uar=0.9127 lr=4.86e-05
[05:44:52] INFO   ep34: train_loss=0.8393 val_acc=0.9098 val_f1=0.9090 val_uar=0.9098 lr=4.57e-05
[05:44:56] INFO   ep35: train_loss=0.8347 val_acc=0.9127 val_f1=0.9125 val_uar=0.9127 lr=4.29e-05
[05:45:00] INFO   ep36: train_loss=0.8406 val_acc=0.9137 val_f1=0.9143 val_uar=0.9137 lr=4.01e-05
[05:45:03] INFO   ep37: train_loss=0.8329 val_acc=0.9147 val_f1=0.9149 val_uar=0.9147 lr=3.73e-05
[05:45:07] INFO   ep38: train_loss=0.8274 val_acc=0.9186 val_f1=0.9190 val_uar=0.9186 lr=3.45e-05
[05:45:11] INFO   ep39: train_loss=0.8331 val_acc=0.9147 val_f1=0.9137 val_uar=0.9147 lr=3.19e-05
[05:45:15] INFO   ep40: train_loss=0.8315 val_acc=0.9167 val_f1=0.9161 val_uar=0.9167 lr=2.92e-05
[05:45:19] INFO   ep41: train_loss=0.8282 val_acc=0.9157 val_f1=0.9152 val_uar=0.9157 lr=2.67e-05
[05:45:23] INFO   ep42: train_loss=0.8268 val_acc=0.9176 val_f1=0.9166 val_uar=0.9176 lr=2.42e-05
[05:45:27] INFO   ep43: train_loss=0.8260 val_acc=0.9196 val_f1=0.9187 val_uar=0.9196 lr=2.18e-05
[05:45:31] INFO   ep44: train_loss=0.8306 val_acc=0.9186 val_f1=0.9180 val_uar=0.9186 lr=1.95e-05
[05:45:34] INFO   ep45: train_loss=0.8320 val_acc=0.9127 val_f1=0.9121 val_uar=0.9127 lr=1.73e-05
[05:45:38] INFO   ep46: train_loss=0.8336 val_acc=0.9176 val_f1=0.9166 val_uar=0.9176 lr=1.52e-05
[05:45:42] INFO   ep47: train_loss=0.8247 val_acc=0.9196 val_f1=0.9191 val_uar=0.9196 lr=1.32e-05
[05:45:46] INFO   ep48: train_loss=0.8236 val_acc=0.9216 val_f1=0.9211 val_uar=0.9216 lr=1.13e-05
[05:45:50] INFO   ep49: train_loss=0.8300 val_acc=0.9157 val_f1=0.9150 val_uar=0.9157 lr=9.55e-06
[05:45:53] INFO   ep50: train_loss=0.8211 val_acc=0.9167 val_f1=0.9159 val_uar=0.9167 lr=7.94e-06
[05:45:57] INFO   ep51: train_loss=0.8239 val_acc=0.9167 val_f1=0.9160 val_uar=0.9167 lr=6.46e-06
[05:46:01] INFO   ep52: train_loss=0.8299 val_acc=0.9167 val_f1=0.9161 val_uar=0.9167 lr=5.13e-06
[05:46:05] INFO   ep53: train_loss=0.8249 val_acc=0.9186 val_f1=0.9174 val_uar=0.9186 lr=3.94e-06
[05:46:09] INFO   ep54: train_loss=0.8241 val_acc=0.9196 val_f1=0.9185 val_uar=0.9196 lr=2.91e-06
[05:46:13] INFO   ep55: train_loss=0.8240 val_acc=0.9206 val_f1=0.9198 val_uar=0.9206 lr=2.03e-06
[05:46:16] INFO   ep56: train_loss=0.8220 val_acc=0.9206 val_f1=0.9198 val_uar=0.9206 lr=1.30e-06
[05:46:20] INFO   ep57: train_loss=0.8217 val_acc=0.9206 val_f1=0.9198 val_uar=0.9206 lr=7.32e-07
[05:46:24] INFO   ep58: train_loss=0.8290 val_acc=0.9196 val_f1=0.9186 val_uar=0.9196 lr=3.26e-07
[05:46:28] INFO   ep59: train_loss=0.8221 val_acc=0.9196 val_f1=0.9186 val_uar=0.9196 lr=8.15e-08
[05:46:32] INFO   ep60: train_loss=0.8215 val_acc=0.9196 val_f1=0.9186 val_uar=0.9196 lr=0.00e+00
[05:46:32] INFO [done] swin_tiny_gray best_val_acc=0.9216 lr_used=0.0001 ckpt=checkpoints\flowers102_swin_tiny_gray_seed1.pt time=4.1min
[05:46:33] INFO   [E1] eval clean + per colorfulness bin
[05:46:51] INFO   [E2] eval perturbasi warna
[05:51:47] INFO   done swin_tiny_gray seed1
[05:51:47] INFO ==== flowers102 / swin_tiny_gray / seed2 (recipe=adamw gray=True) ====
[05:51:47] INFO [train] flowers102/swin_tiny_gray/seed2 recipe=adamw opt=adamw lr=0.0001 wd=0.05 grayscale=True epochs=60 device=cuda n_train=1020 n_val=1020 bs=64 accum=1
[05:52:06] INFO   ep1: train_loss=4.6395 val_acc=0.0196 val_f1=0.0134 val_uar=0.0196 lr=4.00e-05
[05:52:10] INFO   ep2: train_loss=4.4737 val_acc=0.1137 val_f1=0.0850 val_uar=0.1137 lr=6.00e-05
[05:52:14] INFO   ep3: train_loss=4.0137 val_acc=0.3471 val_f1=0.3144 val_uar=0.3471 lr=8.00e-05
[05:52:18] INFO   ep4: train_loss=2.9381 val_acc=0.6324 val_f1=0.6136 val_uar=0.6324 lr=1.00e-04
[05:52:21] INFO   ep5: train_loss=1.9133 val_acc=0.7588 val_f1=0.7534 val_uar=0.7588 lr=1.00e-04
[05:52:25] INFO   ep6: train_loss=1.3625 val_acc=0.8412 val_f1=0.8410 val_uar=0.8412 lr=9.99e-05
[05:52:29] INFO   ep7: train_loss=1.1564 val_acc=0.8353 val_f1=0.8326 val_uar=0.8353 lr=9.97e-05
[05:52:33] INFO   ep8: train_loss=1.0638 val_acc=0.8667 val_f1=0.8651 val_uar=0.8667 lr=9.93e-05
[05:52:37] INFO   ep9: train_loss=0.9936 val_acc=0.8824 val_f1=0.8814 val_uar=0.8824 lr=9.87e-05
[05:52:41] INFO   ep10: train_loss=0.9719 val_acc=0.8784 val_f1=0.8779 val_uar=0.8784 lr=9.80e-05
[05:52:44] INFO   ep11: train_loss=0.9703 val_acc=0.8775 val_f1=0.8770 val_uar=0.8775 lr=9.71e-05
[05:52:48] INFO   ep12: train_loss=0.9402 val_acc=0.8833 val_f1=0.8824 val_uar=0.8833 lr=9.61e-05
[05:52:52] INFO   ep13: train_loss=0.9164 val_acc=0.8814 val_f1=0.8804 val_uar=0.8814 lr=9.49e-05
[05:52:56] INFO   ep14: train_loss=0.9071 val_acc=0.8971 val_f1=0.8971 val_uar=0.8971 lr=9.35e-05
[05:53:00] INFO   ep15: train_loss=0.8953 val_acc=0.8951 val_f1=0.8951 val_uar=0.8951 lr=9.21e-05
[05:53:03] INFO   ep16: train_loss=0.9017 val_acc=0.8892 val_f1=0.8898 val_uar=0.8892 lr=9.05e-05
[05:53:07] INFO   ep17: train_loss=0.8921 val_acc=0.8882 val_f1=0.8875 val_uar=0.8882 lr=8.87e-05
[05:53:11] INFO   ep18: train_loss=0.8884 val_acc=0.8922 val_f1=0.8914 val_uar=0.8922 lr=8.68e-05
[05:53:15] INFO   ep19: train_loss=0.8798 val_acc=0.9020 val_f1=0.9015 val_uar=0.9020 lr=8.48e-05
[05:53:19] INFO   ep20: train_loss=0.8759 val_acc=0.9000 val_f1=0.8990 val_uar=0.9000 lr=8.27e-05
[05:53:23] INFO   ep21: train_loss=0.8639 val_acc=0.9078 val_f1=0.9076 val_uar=0.9078 lr=8.05e-05
[05:53:26] INFO   ep22: train_loss=0.8767 val_acc=0.9000 val_f1=0.8988 val_uar=0.9000 lr=7.82e-05
[05:53:30] INFO   ep23: train_loss=0.8586 val_acc=0.9039 val_f1=0.9029 val_uar=0.9039 lr=7.58e-05
[05:53:34] INFO   ep24: train_loss=0.8628 val_acc=0.9039 val_f1=0.9036 val_uar=0.9039 lr=7.33e-05
[05:53:38] INFO   ep25: train_loss=0.8569 val_acc=0.8980 val_f1=0.8976 val_uar=0.8980 lr=7.08e-05
[05:53:42] INFO   ep26: train_loss=0.8516 val_acc=0.9029 val_f1=0.9018 val_uar=0.9029 lr=6.81e-05
[05:53:45] INFO   ep27: train_loss=0.8544 val_acc=0.9108 val_f1=0.9106 val_uar=0.9108 lr=6.55e-05
[05:53:49] INFO   ep28: train_loss=0.8456 val_acc=0.9118 val_f1=0.9111 val_uar=0.9118 lr=6.27e-05
[05:53:53] INFO   ep29: train_loss=0.8467 val_acc=0.9127 val_f1=0.9126 val_uar=0.9127 lr=5.99e-05
[05:53:57] INFO   ep30: train_loss=0.8388 val_acc=0.9069 val_f1=0.9063 val_uar=0.9069 lr=5.71e-05
[05:54:01] INFO   ep31: train_loss=0.8421 val_acc=0.9108 val_f1=0.9097 val_uar=0.9108 lr=5.43e-05
[05:54:05] INFO   ep32: train_loss=0.8403 val_acc=0.9157 val_f1=0.9149 val_uar=0.9157 lr=5.14e-05
[05:54:08] INFO   ep33: train_loss=0.8405 val_acc=0.9157 val_f1=0.9143 val_uar=0.9157 lr=4.86e-05
[05:54:12] INFO   ep34: train_loss=0.8382 val_acc=0.9137 val_f1=0.9126 val_uar=0.9137 lr=4.57e-05
[05:54:16] INFO   ep35: train_loss=0.8382 val_acc=0.9157 val_f1=0.9142 val_uar=0.9157 lr=4.29e-05
[05:54:20] INFO   ep36: train_loss=0.8354 val_acc=0.9078 val_f1=0.9070 val_uar=0.9078 lr=4.01e-05
[05:54:24] INFO   ep37: train_loss=0.8404 val_acc=0.9088 val_f1=0.9072 val_uar=0.9088 lr=3.73e-05
[05:54:28] INFO   ep38: train_loss=0.8323 val_acc=0.9176 val_f1=0.9164 val_uar=0.9176 lr=3.45e-05
[05:54:31] INFO   ep39: train_loss=0.8334 val_acc=0.9235 val_f1=0.9228 val_uar=0.9235 lr=3.19e-05
[05:54:35] INFO   ep40: train_loss=0.8272 val_acc=0.9186 val_f1=0.9172 val_uar=0.9186 lr=2.92e-05
[05:54:39] INFO   ep41: train_loss=0.8278 val_acc=0.9176 val_f1=0.9165 val_uar=0.9176 lr=2.67e-05
[05:54:43] INFO   ep42: train_loss=0.8298 val_acc=0.9147 val_f1=0.9134 val_uar=0.9147 lr=2.42e-05
[05:54:47] INFO   ep43: train_loss=0.8290 val_acc=0.9167 val_f1=0.9149 val_uar=0.9167 lr=2.18e-05
[05:54:51] INFO   ep44: train_loss=0.8265 val_acc=0.9167 val_f1=0.9148 val_uar=0.9167 lr=1.95e-05
[05:54:54] INFO   ep45: train_loss=0.8341 val_acc=0.9137 val_f1=0.9119 val_uar=0.9137 lr=1.73e-05
[05:54:58] INFO   ep46: train_loss=0.8250 val_acc=0.9176 val_f1=0.9170 val_uar=0.9176 lr=1.52e-05
[05:55:02] INFO   ep47: train_loss=0.8228 val_acc=0.9186 val_f1=0.9171 val_uar=0.9186 lr=1.32e-05
[05:55:06] INFO   ep48: train_loss=0.8225 val_acc=0.9176 val_f1=0.9162 val_uar=0.9176 lr=1.13e-05
[05:55:10] INFO   ep49: train_loss=0.8283 val_acc=0.9176 val_f1=0.9162 val_uar=0.9176 lr=9.55e-06
[05:55:13] INFO   ep50: train_loss=0.8248 val_acc=0.9206 val_f1=0.9194 val_uar=0.9206 lr=7.94e-06
[05:55:17] INFO   ep51: train_loss=0.8231 val_acc=0.9206 val_f1=0.9193 val_uar=0.9206 lr=6.46e-06
[05:55:21] INFO   ep52: train_loss=0.8199 val_acc=0.9196 val_f1=0.9183 val_uar=0.9196 lr=5.13e-06
[05:55:25] INFO   ep53: train_loss=0.8243 val_acc=0.9225 val_f1=0.9210 val_uar=0.9225 lr=3.94e-06
[05:55:29] INFO   ep54: train_loss=0.8286 val_acc=0.9196 val_f1=0.9182 val_uar=0.9196 lr=2.91e-06
[05:55:33] INFO   ep55: train_loss=0.8286 val_acc=0.9196 val_f1=0.9182 val_uar=0.9196 lr=2.03e-06
[05:55:36] INFO   ep56: train_loss=0.8256 val_acc=0.9196 val_f1=0.9183 val_uar=0.9196 lr=1.30e-06
[05:55:40] INFO   ep57: train_loss=0.8210 val_acc=0.9176 val_f1=0.9163 val_uar=0.9176 lr=7.32e-07
[05:55:44] INFO   ep58: train_loss=0.8224 val_acc=0.9176 val_f1=0.9163 val_uar=0.9176 lr=3.26e-07
[05:55:48] INFO   ep59: train_loss=0.8267 val_acc=0.9176 val_f1=0.9163 val_uar=0.9176 lr=8.15e-08
[05:55:52] INFO   ep60: train_loss=0.8221 val_acc=0.9176 val_f1=0.9163 val_uar=0.9176 lr=0.00e+00
[05:55:52] INFO [done] swin_tiny_gray best_val_acc=0.9235 lr_used=0.0001 ckpt=checkpoints\flowers102_swin_tiny_gray_seed2.pt time=4.1min
[05:55:53] INFO   [E1] eval clean + per colorfulness bin
[05:56:11] INFO   [E2] eval perturbasi warna
[06:01:07] INFO   done swin_tiny_gray seed2
[06:01:07] INFO ==== flowers102 / swin_tiny_gray / seed3 (recipe=adamw gray=True) ====
[06:01:07] INFO [train] flowers102/swin_tiny_gray/seed3 recipe=adamw opt=adamw lr=0.0001 wd=0.05 grayscale=True epochs=60 device=cuda n_train=1020 n_val=1020 bs=64 accum=1
[06:01:26] INFO   ep1: train_loss=4.6500 val_acc=0.0167 val_f1=0.0104 val_uar=0.0167 lr=4.00e-05
[06:01:29] INFO   ep2: train_loss=4.5163 val_acc=0.0931 val_f1=0.0713 val_uar=0.0931 lr=6.00e-05
[06:01:33] INFO   ep3: train_loss=4.1239 val_acc=0.2980 val_f1=0.2707 val_uar=0.2980 lr=8.00e-05
[06:01:37] INFO   ep4: train_loss=3.1861 val_acc=0.5490 val_f1=0.5141 val_uar=0.5490 lr=1.00e-04
[06:01:41] INFO   ep5: train_loss=2.0837 val_acc=0.7500 val_f1=0.7390 val_uar=0.7500 lr=1.00e-04
[06:01:45] INFO   ep6: train_loss=1.4349 val_acc=0.8069 val_f1=0.8078 val_uar=0.8069 lr=9.99e-05
[06:01:48] INFO   ep7: train_loss=1.1501 val_acc=0.8333 val_f1=0.8321 val_uar=0.8333 lr=9.97e-05
[06:01:52] INFO   ep8: train_loss=1.0374 val_acc=0.8578 val_f1=0.8563 val_uar=0.8578 lr=9.93e-05
[06:01:56] INFO   ep9: train_loss=1.0201 val_acc=0.8480 val_f1=0.8490 val_uar=0.8480 lr=9.87e-05
[06:02:00] INFO   ep10: train_loss=0.9914 val_acc=0.8686 val_f1=0.8697 val_uar=0.8686 lr=9.80e-05
[06:02:04] INFO   ep11: train_loss=0.9555 val_acc=0.8814 val_f1=0.8816 val_uar=0.8814 lr=9.71e-05
[06:02:08] INFO   ep12: train_loss=0.9515 val_acc=0.8775 val_f1=0.8763 val_uar=0.8775 lr=9.61e-05
[06:02:11] INFO   ep13: train_loss=0.9179 val_acc=0.8725 val_f1=0.8704 val_uar=0.8725 lr=9.49e-05
[06:02:15] INFO   ep14: train_loss=0.9210 val_acc=0.8863 val_f1=0.8850 val_uar=0.8863 lr=9.35e-05
[06:02:19] INFO   ep15: train_loss=0.9053 val_acc=0.8951 val_f1=0.8921 val_uar=0.8951 lr=9.21e-05
[06:02:23] INFO   ep16: train_loss=0.8993 val_acc=0.8902 val_f1=0.8891 val_uar=0.8902 lr=9.05e-05
[06:02:27] INFO   ep17: train_loss=0.8852 val_acc=0.8843 val_f1=0.8822 val_uar=0.8843 lr=8.87e-05
[06:02:30] INFO   ep18: train_loss=0.8926 val_acc=0.8961 val_f1=0.8927 val_uar=0.8961 lr=8.68e-05
[06:02:34] INFO   ep19: train_loss=0.8653 val_acc=0.9039 val_f1=0.9027 val_uar=0.9039 lr=8.48e-05
[06:02:38] INFO   ep20: train_loss=0.8739 val_acc=0.8961 val_f1=0.8930 val_uar=0.8961 lr=8.27e-05
[06:02:42] INFO   ep21: train_loss=0.8685 val_acc=0.8941 val_f1=0.8916 val_uar=0.8941 lr=8.05e-05
[06:02:46] INFO   ep22: train_loss=0.8668 val_acc=0.8941 val_f1=0.8907 val_uar=0.8941 lr=7.82e-05
[06:02:50] INFO   ep23: train_loss=0.8580 val_acc=0.9010 val_f1=0.8980 val_uar=0.9010 lr=7.58e-05
[06:02:53] INFO   ep24: train_loss=0.8709 val_acc=0.9059 val_f1=0.9039 val_uar=0.9059 lr=7.33e-05
[06:02:57] INFO   ep25: train_loss=0.8538 val_acc=0.9010 val_f1=0.8977 val_uar=0.9010 lr=7.08e-05
[06:03:01] INFO   ep26: train_loss=0.8657 val_acc=0.9039 val_f1=0.9005 val_uar=0.9039 lr=6.81e-05
[06:03:05] INFO   ep27: train_loss=0.8563 val_acc=0.9020 val_f1=0.8989 val_uar=0.9020 lr=6.55e-05
[06:03:09] INFO   ep28: train_loss=0.8435 val_acc=0.9127 val_f1=0.9097 val_uar=0.9127 lr=6.27e-05
[06:03:13] INFO   ep29: train_loss=0.8491 val_acc=0.9049 val_f1=0.9016 val_uar=0.9049 lr=5.99e-05
[06:03:17] INFO   ep30: train_loss=0.8447 val_acc=0.9039 val_f1=0.9000 val_uar=0.9039 lr=5.71e-05
[06:03:20] INFO   ep31: train_loss=0.8376 val_acc=0.9059 val_f1=0.9028 val_uar=0.9059 lr=5.43e-05
[06:03:24] INFO   ep32: train_loss=0.8431 val_acc=0.9000 val_f1=0.8977 val_uar=0.9000 lr=5.14e-05
[06:03:28] INFO   ep33: train_loss=0.8332 val_acc=0.9078 val_f1=0.9050 val_uar=0.9078 lr=4.86e-05
[06:03:32] INFO   ep34: train_loss=0.8314 val_acc=0.9078 val_f1=0.9055 val_uar=0.9078 lr=4.57e-05
[06:03:35] INFO   ep35: train_loss=0.8361 val_acc=0.9118 val_f1=0.9083 val_uar=0.9118 lr=4.29e-05
[06:03:39] INFO   ep36: train_loss=0.8381 val_acc=0.9020 val_f1=0.8995 val_uar=0.9020 lr=4.01e-05
[06:03:43] INFO   ep37: train_loss=0.8289 val_acc=0.9049 val_f1=0.9013 val_uar=0.9049 lr=3.73e-05
[06:03:47] INFO   ep38: train_loss=0.8304 val_acc=0.9069 val_f1=0.9037 val_uar=0.9069 lr=3.45e-05
[06:03:51] INFO   ep39: train_loss=0.8365 val_acc=0.9137 val_f1=0.9117 val_uar=0.9137 lr=3.19e-05
[06:03:54] INFO   ep40: train_loss=0.8339 val_acc=0.9108 val_f1=0.9075 val_uar=0.9108 lr=2.92e-05
[06:03:58] INFO   ep41: train_loss=0.8305 val_acc=0.9137 val_f1=0.9105 val_uar=0.9137 lr=2.67e-05
[06:04:02] INFO   ep42: train_loss=0.8303 val_acc=0.9127 val_f1=0.9098 val_uar=0.9127 lr=2.42e-05
[06:04:06] INFO   ep43: train_loss=0.8292 val_acc=0.9176 val_f1=0.9140 val_uar=0.9176 lr=2.18e-05
[06:04:10] INFO   ep44: train_loss=0.8315 val_acc=0.9186 val_f1=0.9158 val_uar=0.9186 lr=1.95e-05
[06:04:14] INFO   ep45: train_loss=0.8310 val_acc=0.9176 val_f1=0.9148 val_uar=0.9176 lr=1.73e-05
[06:04:18] INFO   ep46: train_loss=0.8294 val_acc=0.9186 val_f1=0.9153 val_uar=0.9186 lr=1.52e-05
[06:04:21] INFO   ep47: train_loss=0.8318 val_acc=0.9157 val_f1=0.9128 val_uar=0.9157 lr=1.32e-05
[06:04:25] INFO   ep48: train_loss=0.8278 val_acc=0.9167 val_f1=0.9131 val_uar=0.9167 lr=1.13e-05
[06:04:29] INFO   ep49: train_loss=0.8256 val_acc=0.9196 val_f1=0.9158 val_uar=0.9196 lr=9.55e-06
[06:04:33] INFO   ep50: train_loss=0.8229 val_acc=0.9196 val_f1=0.9158 val_uar=0.9196 lr=7.94e-06
[06:04:37] INFO   ep51: train_loss=0.8217 val_acc=0.9196 val_f1=0.9160 val_uar=0.9196 lr=6.46e-06
[06:04:41] INFO   ep52: train_loss=0.8252 val_acc=0.9225 val_f1=0.9194 val_uar=0.9225 lr=5.13e-06
[06:04:44] INFO   ep53: train_loss=0.8210 val_acc=0.9225 val_f1=0.9194 val_uar=0.9225 lr=3.94e-06
[06:04:48] INFO   ep54: train_loss=0.8207 val_acc=0.9216 val_f1=0.9183 val_uar=0.9216 lr=2.91e-06
[06:04:52] INFO   ep55: train_loss=0.8249 val_acc=0.9196 val_f1=0.9165 val_uar=0.9196 lr=2.03e-06
[06:04:56] INFO   ep56: train_loss=0.8210 val_acc=0.9196 val_f1=0.9165 val_uar=0.9196 lr=1.30e-06
[06:05:00] INFO   ep57: train_loss=0.8296 val_acc=0.9196 val_f1=0.9165 val_uar=0.9196 lr=7.32e-07
[06:05:03] INFO   ep58: train_loss=0.8235 val_acc=0.9196 val_f1=0.9165 val_uar=0.9196 lr=3.26e-07
[06:05:07] INFO   ep59: train_loss=0.8224 val_acc=0.9196 val_f1=0.9165 val_uar=0.9196 lr=8.15e-08
[06:05:11] INFO   ep60: train_loss=0.8230 val_acc=0.9196 val_f1=0.9165 val_uar=0.9196 lr=0.00e+00
[06:05:11] INFO [done] swin_tiny_gray best_val_acc=0.9225 lr_used=0.0001 ckpt=checkpoints\flowers102_swin_tiny_gray_seed3.pt time=4.1min
[06:05:13] INFO   [E1] eval clean + per colorfulness bin
[06:05:31] INFO   [E2] eval perturbasi warna
[06:10:27] INFO   done swin_tiny_gray seed3
[06:10:27] INFO ==== flowers102 / swin_tiny_gray / seed4 (recipe=adamw gray=True) ====
[06:10:27] INFO [train] flowers102/swin_tiny_gray/seed4 recipe=adamw opt=adamw lr=0.0001 wd=0.05 grayscale=True epochs=60 device=cuda n_train=1020 n_val=1020 bs=64 accum=1
[06:10:46] INFO   ep1: train_loss=4.5980 val_acc=0.0422 val_f1=0.0282 val_uar=0.0422 lr=4.00e-05
[06:10:50] INFO   ep2: train_loss=4.3702 val_acc=0.2000 val_f1=0.1656 val_uar=0.2000 lr=6.00e-05
[06:10:53] INFO   ep3: train_loss=3.7251 val_acc=0.4284 val_f1=0.3893 val_uar=0.4284 lr=8.00e-05
[06:10:57] INFO   ep4: train_loss=2.6302 val_acc=0.6716 val_f1=0.6532 val_uar=0.6716 lr=1.00e-04
[06:11:01] INFO   ep5: train_loss=1.7269 val_acc=0.7873 val_f1=0.7876 val_uar=0.7873 lr=1.00e-04
[06:11:05] INFO   ep6: train_loss=1.2928 val_acc=0.8265 val_f1=0.8257 val_uar=0.8265 lr=9.99e-05
[06:11:09] INFO   ep7: train_loss=1.1326 val_acc=0.8686 val_f1=0.8687 val_uar=0.8686 lr=9.97e-05
[06:11:13] INFO   ep8: train_loss=1.0501 val_acc=0.8627 val_f1=0.8597 val_uar=0.8627 lr=9.93e-05
[06:11:16] INFO   ep9: train_loss=1.0099 val_acc=0.8647 val_f1=0.8638 val_uar=0.8647 lr=9.87e-05
[06:11:20] INFO   ep10: train_loss=0.9732 val_acc=0.8833 val_f1=0.8817 val_uar=0.8833 lr=9.80e-05
[06:11:24] INFO   ep11: train_loss=0.9528 val_acc=0.8814 val_f1=0.8799 val_uar=0.8814 lr=9.71e-05
[06:11:28] INFO   ep12: train_loss=0.9441 val_acc=0.8833 val_f1=0.8817 val_uar=0.8833 lr=9.61e-05
[06:11:31] INFO   ep13: train_loss=0.9141 val_acc=0.8971 val_f1=0.8943 val_uar=0.8971 lr=9.49e-05
[06:11:35] INFO   ep14: train_loss=0.9082 val_acc=0.9010 val_f1=0.9001 val_uar=0.9010 lr=9.35e-05
[06:11:39] INFO   ep15: train_loss=0.8991 val_acc=0.9069 val_f1=0.9053 val_uar=0.9069 lr=9.21e-05
[06:11:43] INFO   ep16: train_loss=0.8893 val_acc=0.9000 val_f1=0.8974 val_uar=0.9000 lr=9.05e-05
[06:11:47] INFO   ep17: train_loss=0.8905 val_acc=0.8990 val_f1=0.8971 val_uar=0.8990 lr=8.87e-05
[06:11:51] INFO   ep18: train_loss=0.8849 val_acc=0.9029 val_f1=0.9010 val_uar=0.9029 lr=8.68e-05
[06:11:54] INFO   ep19: train_loss=0.8853 val_acc=0.9069 val_f1=0.9041 val_uar=0.9069 lr=8.48e-05
[06:11:58] INFO   ep20: train_loss=0.8793 val_acc=0.9098 val_f1=0.9058 val_uar=0.9098 lr=8.27e-05
[06:12:02] INFO   ep21: train_loss=0.8627 val_acc=0.9137 val_f1=0.9115 val_uar=0.9137 lr=8.05e-05
[06:12:06] INFO   ep22: train_loss=0.8602 val_acc=0.9108 val_f1=0.9087 val_uar=0.9108 lr=7.82e-05
[06:12:10] INFO   ep23: train_loss=0.8540 val_acc=0.9098 val_f1=0.9073 val_uar=0.9098 lr=7.58e-05
[06:12:13] INFO   ep24: train_loss=0.8559 val_acc=0.9108 val_f1=0.9087 val_uar=0.9108 lr=7.33e-05
[06:12:17] INFO   ep25: train_loss=0.8523 val_acc=0.9039 val_f1=0.9006 val_uar=0.9039 lr=7.08e-05
[06:12:21] INFO   ep26: train_loss=0.8566 val_acc=0.9137 val_f1=0.9116 val_uar=0.9137 lr=6.81e-05
[06:12:25] INFO   ep27: train_loss=0.8550 val_acc=0.9225 val_f1=0.9206 val_uar=0.9225 lr=6.55e-05
[06:12:29] INFO   ep28: train_loss=0.8422 val_acc=0.9098 val_f1=0.9071 val_uar=0.9098 lr=6.27e-05
[06:12:32] INFO   ep29: train_loss=0.8358 val_acc=0.9206 val_f1=0.9181 val_uar=0.9206 lr=5.99e-05
[06:12:36] INFO   ep30: train_loss=0.8425 val_acc=0.9078 val_f1=0.9061 val_uar=0.9078 lr=5.71e-05
[06:12:40] INFO   ep31: train_loss=0.8399 val_acc=0.9196 val_f1=0.9176 val_uar=0.9196 lr=5.43e-05
[06:12:44] INFO   ep32: train_loss=0.8402 val_acc=0.9137 val_f1=0.9110 val_uar=0.9137 lr=5.14e-05
[06:12:48] INFO   ep33: train_loss=0.8439 val_acc=0.9137 val_f1=0.9120 val_uar=0.9137 lr=4.86e-05
[06:12:51] INFO   ep34: train_loss=0.8412 val_acc=0.9167 val_f1=0.9143 val_uar=0.9167 lr=4.57e-05
[06:12:55] INFO   ep35: train_loss=0.8342 val_acc=0.9137 val_f1=0.9118 val_uar=0.9137 lr=4.29e-05
[06:12:59] INFO   ep36: train_loss=0.8388 val_acc=0.9167 val_f1=0.9147 val_uar=0.9167 lr=4.01e-05
[06:13:03] INFO   ep37: train_loss=0.8280 val_acc=0.9176 val_f1=0.9150 val_uar=0.9176 lr=3.73e-05
[06:13:07] INFO   ep38: train_loss=0.8309 val_acc=0.9225 val_f1=0.9203 val_uar=0.9225 lr=3.45e-05
[06:13:11] INFO   ep39: train_loss=0.8282 val_acc=0.9206 val_f1=0.9176 val_uar=0.9206 lr=3.19e-05
[06:13:14] INFO   ep40: train_loss=0.8345 val_acc=0.9167 val_f1=0.9148 val_uar=0.9167 lr=2.92e-05
[06:13:18] INFO   ep41: train_loss=0.8220 val_acc=0.9186 val_f1=0.9167 val_uar=0.9186 lr=2.67e-05
[06:13:22] INFO   ep42: train_loss=0.8280 val_acc=0.9206 val_f1=0.9177 val_uar=0.9206 lr=2.42e-05
[06:13:26] INFO   ep43: train_loss=0.8322 val_acc=0.9196 val_f1=0.9176 val_uar=0.9196 lr=2.18e-05
[06:13:30] INFO   ep44: train_loss=0.8273 val_acc=0.9216 val_f1=0.9203 val_uar=0.9216 lr=1.95e-05
[06:13:33] INFO   ep45: train_loss=0.8279 val_acc=0.9235 val_f1=0.9221 val_uar=0.9235 lr=1.73e-05
[06:13:37] INFO   ep46: train_loss=0.8247 val_acc=0.9235 val_f1=0.9213 val_uar=0.9235 lr=1.52e-05
[06:13:41] INFO   ep47: train_loss=0.8270 val_acc=0.9275 val_f1=0.9258 val_uar=0.9275 lr=1.32e-05
[06:13:45] INFO   ep48: train_loss=0.8249 val_acc=0.9284 val_f1=0.9262 val_uar=0.9284 lr=1.13e-05
[06:13:49] INFO   ep49: train_loss=0.8249 val_acc=0.9245 val_f1=0.9227 val_uar=0.9245 lr=9.55e-06
[06:13:53] INFO   ep50: train_loss=0.8209 val_acc=0.9245 val_f1=0.9226 val_uar=0.9245 lr=7.94e-06
[06:13:57] INFO   ep51: train_loss=0.8250 val_acc=0.9235 val_f1=0.9217 val_uar=0.9235 lr=6.46e-06
[06:14:01] INFO   ep52: train_loss=0.8226 val_acc=0.9235 val_f1=0.9219 val_uar=0.9235 lr=5.13e-06
[06:14:04] INFO   ep53: train_loss=0.8225 val_acc=0.9225 val_f1=0.9202 val_uar=0.9225 lr=3.94e-06
[06:14:08] INFO   ep54: train_loss=0.8259 val_acc=0.9225 val_f1=0.9199 val_uar=0.9225 lr=2.91e-06
[06:14:12] INFO   ep55: train_loss=0.8186 val_acc=0.9216 val_f1=0.9190 val_uar=0.9216 lr=2.03e-06
[06:14:16] INFO   ep56: train_loss=0.8278 val_acc=0.9235 val_f1=0.9209 val_uar=0.9235 lr=1.30e-06
[06:14:20] INFO   ep57: train_loss=0.8185 val_acc=0.9245 val_f1=0.9219 val_uar=0.9245 lr=7.32e-07
[06:14:24] INFO   ep58: train_loss=0.8215 val_acc=0.9235 val_f1=0.9209 val_uar=0.9235 lr=3.26e-07
[06:14:27] INFO   ep59: train_loss=0.8203 val_acc=0.9225 val_f1=0.9202 val_uar=0.9225 lr=8.15e-08
[06:14:31] INFO   ep60: train_loss=0.8189 val_acc=0.9225 val_f1=0.9202 val_uar=0.9225 lr=0.00e+00
[06:14:31] INFO [done] swin_tiny_gray best_val_acc=0.9284 lr_used=0.0001 ckpt=checkpoints\flowers102_swin_tiny_gray_seed4.pt time=4.1min
[06:14:33] INFO   [E1] eval clean + per colorfulness bin
[06:14:51] INFO   [E2] eval perturbasi warna
[06:19:46] INFO   done swin_tiny_gray seed4
[06:19:46] INFO ALL DONE
[06:19:52] INFO dataset=flowers102 models=['convnext_tiny_in1k'] seeds=[0, 1, 2, 3, 4] epochs=None recipe=adamw
[06:19:52] INFO ==== flowers102 / convnext_tiny_in1k_gray / seed0 (recipe=adamw gray=True) ====
[06:19:53] INFO [train] flowers102/convnext_tiny_in1k_gray/seed0 recipe=adamw opt=adamw lr=0.0001 wd=0.05 grayscale=True epochs=60 device=cuda n_train=1020 n_val=1020 bs=64 accum=1
[06:20:20] INFO   ep1: train_loss=4.6215 val_acc=0.0206 val_f1=0.0087 val_uar=0.0206 lr=4.00e-05
[06:20:24] INFO   ep2: train_loss=4.5568 val_acc=0.0451 val_f1=0.0291 val_uar=0.0451 lr=6.00e-05
[06:20:27] INFO   ep3: train_loss=4.4465 val_acc=0.1480 val_f1=0.1199 val_uar=0.1480 lr=8.00e-05
[06:20:31] INFO   ep4: train_loss=4.2635 val_acc=0.3127 val_f1=0.2853 val_uar=0.3127 lr=1.00e-04
[06:20:35] INFO   ep5: train_loss=3.9888 val_acc=0.4873 val_f1=0.4583 val_uar=0.4873 lr=1.00e-04
[06:20:38] INFO   ep6: train_loss=3.6262 val_acc=0.6196 val_f1=0.5857 val_uar=0.6196 lr=9.99e-05
[06:20:42] INFO   ep7: train_loss=3.2286 val_acc=0.7049 val_f1=0.6804 val_uar=0.7049 lr=9.97e-05
[06:20:45] INFO   ep8: train_loss=2.8170 val_acc=0.7598 val_f1=0.7452 val_uar=0.7598 lr=9.93e-05
[06:20:49] INFO   ep9: train_loss=2.4265 val_acc=0.8020 val_f1=0.7912 val_uar=0.8020 lr=9.87e-05
[06:20:52] INFO   ep10: train_loss=2.0826 val_acc=0.8265 val_f1=0.8170 val_uar=0.8265 lr=9.80e-05
[06:20:56] INFO   ep11: train_loss=1.7900 val_acc=0.8451 val_f1=0.8374 val_uar=0.8451 lr=9.71e-05
[06:21:00] INFO   ep12: train_loss=1.5397 val_acc=0.8647 val_f1=0.8595 val_uar=0.8647 lr=9.61e-05
[06:21:03] INFO   ep13: train_loss=1.3489 val_acc=0.8765 val_f1=0.8721 val_uar=0.8765 lr=9.49e-05
[06:21:07] INFO   ep14: train_loss=1.2064 val_acc=0.8784 val_f1=0.8745 val_uar=0.8784 lr=9.35e-05
[06:21:10] INFO   ep15: train_loss=1.0797 val_acc=0.8902 val_f1=0.8858 val_uar=0.8902 lr=9.21e-05
[06:21:14] INFO   ep16: train_loss=1.0124 val_acc=0.8931 val_f1=0.8901 val_uar=0.8931 lr=9.05e-05
[06:21:18] INFO   ep17: train_loss=0.9495 val_acc=0.8990 val_f1=0.8960 val_uar=0.8990 lr=8.87e-05
[06:21:21] INFO   ep18: train_loss=0.9171 val_acc=0.9069 val_f1=0.9050 val_uar=0.9069 lr=8.68e-05
[06:21:25] INFO   ep19: train_loss=0.8831 val_acc=0.9039 val_f1=0.9017 val_uar=0.9039 lr=8.48e-05
[06:21:28] INFO   ep20: train_loss=0.8650 val_acc=0.9088 val_f1=0.9071 val_uar=0.9088 lr=8.27e-05
[06:21:32] INFO   ep21: train_loss=0.8483 val_acc=0.9088 val_f1=0.9072 val_uar=0.9088 lr=8.05e-05
[06:21:35] INFO   ep22: train_loss=0.8386 val_acc=0.9108 val_f1=0.9094 val_uar=0.9108 lr=7.82e-05
[06:21:39] INFO   ep23: train_loss=0.8307 val_acc=0.9127 val_f1=0.9112 val_uar=0.9127 lr=7.58e-05
[06:21:43] INFO   ep24: train_loss=0.8265 val_acc=0.9088 val_f1=0.9071 val_uar=0.9088 lr=7.33e-05
[06:21:46] INFO   ep25: train_loss=0.8208 val_acc=0.9167 val_f1=0.9151 val_uar=0.9167 lr=7.08e-05
[06:21:50] INFO   ep26: train_loss=0.8190 val_acc=0.9127 val_f1=0.9113 val_uar=0.9127 lr=6.81e-05
[06:21:53] INFO   ep27: train_loss=0.8151 val_acc=0.9137 val_f1=0.9123 val_uar=0.9137 lr=6.55e-05
[06:21:57] INFO   ep28: train_loss=0.8136 val_acc=0.9157 val_f1=0.9141 val_uar=0.9157 lr=6.27e-05
[06:22:00] INFO   ep29: train_loss=0.8124 val_acc=0.9137 val_f1=0.9123 val_uar=0.9137 lr=5.99e-05
[06:22:04] INFO   ep30: train_loss=0.8111 val_acc=0.9137 val_f1=0.9123 val_uar=0.9137 lr=5.71e-05
[06:22:07] INFO   ep31: train_loss=0.8081 val_acc=0.9137 val_f1=0.9119 val_uar=0.9137 lr=5.43e-05
[06:22:11] INFO   ep32: train_loss=0.8069 val_acc=0.9157 val_f1=0.9141 val_uar=0.9157 lr=5.14e-05
[06:22:14] INFO   ep33: train_loss=0.8055 val_acc=0.9157 val_f1=0.9141 val_uar=0.9157 lr=4.86e-05
[06:22:18] INFO   ep34: train_loss=0.8051 val_acc=0.9147 val_f1=0.9132 val_uar=0.9147 lr=4.57e-05
[06:22:21] INFO   ep35: train_loss=0.8046 val_acc=0.9127 val_f1=0.9111 val_uar=0.9127 lr=4.29e-05
[06:22:25] INFO   ep36: train_loss=0.8034 val_acc=0.9127 val_f1=0.9110 val_uar=0.9127 lr=4.01e-05
[06:22:28] INFO   ep37: train_loss=0.8034 val_acc=0.9137 val_f1=0.9124 val_uar=0.9137 lr=3.73e-05
[06:22:32] INFO   ep38: train_loss=0.8024 val_acc=0.9127 val_f1=0.9112 val_uar=0.9127 lr=3.45e-05
[06:22:35] INFO   ep39: train_loss=0.8048 val_acc=0.9147 val_f1=0.9131 val_uar=0.9147 lr=3.19e-05
[06:22:39] INFO   ep40: train_loss=0.8026 val_acc=0.9157 val_f1=0.9142 val_uar=0.9157 lr=2.92e-05
[06:22:42] INFO   ep41: train_loss=0.8017 val_acc=0.9137 val_f1=0.9124 val_uar=0.9137 lr=2.67e-05
[06:22:46] INFO   ep42: train_loss=0.8019 val_acc=0.9157 val_f1=0.9141 val_uar=0.9157 lr=2.42e-05
[06:22:49] INFO   ep43: train_loss=0.8008 val_acc=0.9167 val_f1=0.9149 val_uar=0.9167 lr=2.18e-05
[06:22:53] INFO   ep44: train_loss=0.8007 val_acc=0.9147 val_f1=0.9131 val_uar=0.9147 lr=1.95e-05
[06:22:56] INFO   ep45: train_loss=0.8005 val_acc=0.9157 val_f1=0.9138 val_uar=0.9157 lr=1.73e-05
[06:23:00] INFO   ep46: train_loss=0.7995 val_acc=0.9147 val_f1=0.9130 val_uar=0.9147 lr=1.52e-05
[06:23:03] INFO   ep47: train_loss=0.7999 val_acc=0.9147 val_f1=0.9130 val_uar=0.9147 lr=1.32e-05
[06:23:07] INFO   ep48: train_loss=0.7999 val_acc=0.9147 val_f1=0.9129 val_uar=0.9147 lr=1.13e-05
[06:23:10] INFO   ep49: train_loss=0.8006 val_acc=0.9147 val_f1=0.9129 val_uar=0.9147 lr=9.55e-06
[06:23:14] INFO   ep50: train_loss=0.7991 val_acc=0.9147 val_f1=0.9129 val_uar=0.9147 lr=7.94e-06
[06:23:17] INFO   ep51: train_loss=0.7991 val_acc=0.9147 val_f1=0.9129 val_uar=0.9147 lr=6.46e-06
[06:23:21] INFO   ep52: train_loss=0.7993 val_acc=0.9147 val_f1=0.9129 val_uar=0.9147 lr=5.13e-06
[06:23:24] INFO   ep53: train_loss=0.7997 val_acc=0.9147 val_f1=0.9129 val_uar=0.9147 lr=3.94e-06
[06:23:28] INFO   ep54: train_loss=0.7994 val_acc=0.9147 val_f1=0.9129 val_uar=0.9147 lr=2.91e-06
[06:23:31] INFO   ep55: train_loss=0.7997 val_acc=0.9137 val_f1=0.9119 val_uar=0.9137 lr=2.03e-06
[06:23:35] INFO   ep56: train_loss=0.8000 val_acc=0.9137 val_f1=0.9119 val_uar=0.9137 lr=1.30e-06
[06:23:38] INFO   ep57: train_loss=0.7990 val_acc=0.9137 val_f1=0.9119 val_uar=0.9137 lr=7.32e-07
[06:23:42] INFO   ep58: train_loss=0.7994 val_acc=0.9137 val_f1=0.9119 val_uar=0.9137 lr=3.26e-07
[06:23:46] INFO   ep59: train_loss=0.7987 val_acc=0.9137 val_f1=0.9119 val_uar=0.9137 lr=8.15e-08
[06:23:49] INFO   ep60: train_loss=0.7994 val_acc=0.9137 val_f1=0.9119 val_uar=0.9137 lr=0.00e+00
[06:23:49] INFO [done] convnext_tiny_in1k_gray best_val_acc=0.9167 lr_used=0.0001 ckpt=checkpoints\flowers102_convnext_tiny_in1k_gray_seed0.pt time=4.0min
[06:23:51] INFO   [E1] eval clean + per colorfulness bin
[06:24:10] INFO   [E2] eval perturbasi warna
[06:29:04] INFO   done convnext_tiny_in1k_gray seed0
[06:29:04] INFO ==== flowers102 / convnext_tiny_in1k_gray / seed1 (recipe=adamw gray=True) ====
[06:29:04] INFO [train] flowers102/convnext_tiny_in1k_gray/seed1 recipe=adamw opt=adamw lr=0.0001 wd=0.05 grayscale=True epochs=60 device=cuda n_train=1020 n_val=1020 bs=64 accum=1
[06:29:22] INFO   ep1: train_loss=4.6134 val_acc=0.0137 val_f1=0.0055 val_uar=0.0137 lr=4.00e-05
[06:29:26] INFO   ep2: train_loss=4.5403 val_acc=0.0529 val_f1=0.0406 val_uar=0.0529 lr=6.00e-05
[06:29:29] INFO   ep3: train_loss=4.4227 val_acc=0.1608 val_f1=0.1385 val_uar=0.1608 lr=8.00e-05
[06:29:33] INFO   ep4: train_loss=4.2454 val_acc=0.3157 val_f1=0.2813 val_uar=0.3157 lr=1.00e-04
[06:29:37] INFO   ep5: train_loss=3.9766 val_acc=0.4843 val_f1=0.4569 val_uar=0.4843 lr=1.00e-04
[06:29:40] INFO   ep6: train_loss=3.6277 val_acc=0.6049 val_f1=0.5823 val_uar=0.6049 lr=9.99e-05
[06:29:44] INFO   ep7: train_loss=3.2297 val_acc=0.6853 val_f1=0.6696 val_uar=0.6853 lr=9.97e-05
[06:29:47] INFO   ep8: train_loss=2.8266 val_acc=0.7441 val_f1=0.7309 val_uar=0.7441 lr=9.93e-05
[06:29:51] INFO   ep9: train_loss=2.4401 val_acc=0.7725 val_f1=0.7630 val_uar=0.7725 lr=9.87e-05
[06:29:54] INFO   ep10: train_loss=2.1000 val_acc=0.8078 val_f1=0.8013 val_uar=0.8078 lr=9.80e-05
[06:29:58] INFO   ep11: train_loss=1.7931 val_acc=0.8373 val_f1=0.8316 val_uar=0.8373 lr=9.71e-05
[06:30:01] INFO   ep12: train_loss=1.5611 val_acc=0.8608 val_f1=0.8562 val_uar=0.8608 lr=9.61e-05
[06:30:05] INFO   ep13: train_loss=1.3534 val_acc=0.8618 val_f1=0.8575 val_uar=0.8618 lr=9.49e-05
[06:30:09] INFO   ep14: train_loss=1.2034 val_acc=0.8814 val_f1=0.8761 val_uar=0.8814 lr=9.35e-05
[06:30:12] INFO   ep15: train_loss=1.0918 val_acc=0.8804 val_f1=0.8777 val_uar=0.8804 lr=9.21e-05
[06:30:16] INFO   ep16: train_loss=1.0109 val_acc=0.8922 val_f1=0.8903 val_uar=0.8922 lr=9.05e-05
[06:30:19] INFO   ep17: train_loss=0.9488 val_acc=0.8912 val_f1=0.8893 val_uar=0.8912 lr=8.87e-05
[06:30:23] INFO   ep18: train_loss=0.9110 val_acc=0.8961 val_f1=0.8941 val_uar=0.8961 lr=8.68e-05
[06:30:26] INFO   ep19: train_loss=0.8832 val_acc=0.8990 val_f1=0.8980 val_uar=0.8990 lr=8.48e-05
[06:30:30] INFO   ep20: train_loss=0.8601 val_acc=0.9029 val_f1=0.9015 val_uar=0.9029 lr=8.27e-05
[06:30:33] INFO   ep21: train_loss=0.8453 val_acc=0.9039 val_f1=0.9029 val_uar=0.9039 lr=8.05e-05
[06:30:37] INFO   ep22: train_loss=0.8360 val_acc=0.9059 val_f1=0.9039 val_uar=0.9059 lr=7.82e-05
[06:30:40] INFO   ep23: train_loss=0.8295 val_acc=0.9059 val_f1=0.9042 val_uar=0.9059 lr=7.58e-05
[06:30:44] INFO   ep24: train_loss=0.8234 val_acc=0.9029 val_f1=0.9011 val_uar=0.9029 lr=7.33e-05
[06:30:47] INFO   ep25: train_loss=0.8210 val_acc=0.9039 val_f1=0.9023 val_uar=0.9039 lr=7.08e-05
[06:30:51] INFO   ep26: train_loss=0.8175 val_acc=0.9029 val_f1=0.9018 val_uar=0.9029 lr=6.81e-05
[06:30:54] INFO   ep27: train_loss=0.8149 val_acc=0.9069 val_f1=0.9054 val_uar=0.9069 lr=6.55e-05
[06:30:58] INFO   ep28: train_loss=0.8131 val_acc=0.9020 val_f1=0.9006 val_uar=0.9020 lr=6.27e-05
[06:31:01] INFO   ep29: train_loss=0.8097 val_acc=0.9088 val_f1=0.9076 val_uar=0.9088 lr=5.99e-05
[06:31:05] INFO   ep30: train_loss=0.8083 val_acc=0.9069 val_f1=0.9056 val_uar=0.9069 lr=5.71e-05
[06:31:08] INFO   ep31: train_loss=0.8072 val_acc=0.9059 val_f1=0.9043 val_uar=0.9059 lr=5.43e-05
[06:31:12] INFO   ep32: train_loss=0.8076 val_acc=0.9069 val_f1=0.9054 val_uar=0.9069 lr=5.14e-05
[06:31:15] INFO   ep33: train_loss=0.8059 val_acc=0.9069 val_f1=0.9057 val_uar=0.9069 lr=4.86e-05
[06:31:19] INFO   ep34: train_loss=0.8052 val_acc=0.9069 val_f1=0.9056 val_uar=0.9069 lr=4.57e-05
[06:31:22] INFO   ep35: train_loss=0.8046 val_acc=0.9078 val_f1=0.9065 val_uar=0.9078 lr=4.29e-05
[06:31:26] INFO   ep36: train_loss=0.8035 val_acc=0.9098 val_f1=0.9084 val_uar=0.9098 lr=4.01e-05
[06:31:29] INFO   ep37: train_loss=0.8034 val_acc=0.9088 val_f1=0.9075 val_uar=0.9088 lr=3.73e-05
[06:31:33] INFO   ep38: train_loss=0.8028 val_acc=0.9078 val_f1=0.9063 val_uar=0.9078 lr=3.45e-05
[06:31:36] INFO   ep39: train_loss=0.8039 val_acc=0.9088 val_f1=0.9075 val_uar=0.9088 lr=3.19e-05
[06:31:40] INFO   ep40: train_loss=0.8013 val_acc=0.9078 val_f1=0.9064 val_uar=0.9078 lr=2.92e-05
[06:31:43] INFO   ep41: train_loss=0.8010 val_acc=0.9069 val_f1=0.9055 val_uar=0.9069 lr=2.67e-05
[06:31:47] INFO   ep42: train_loss=0.8021 val_acc=0.9078 val_f1=0.9066 val_uar=0.9078 lr=2.42e-05
[06:31:50] INFO   ep43: train_loss=0.8008 val_acc=0.9088 val_f1=0.9076 val_uar=0.9088 lr=2.18e-05
[06:31:53] INFO   ep44: train_loss=0.8007 val_acc=0.9078 val_f1=0.9066 val_uar=0.9078 lr=1.95e-05
[06:31:57] INFO   ep45: train_loss=0.8007 val_acc=0.9069 val_f1=0.9056 val_uar=0.9069 lr=1.73e-05
[06:32:01] INFO   ep46: train_loss=0.7995 val_acc=0.9069 val_f1=0.9056 val_uar=0.9069 lr=1.52e-05
[06:32:04] INFO   ep47: train_loss=0.8020 val_acc=0.9078 val_f1=0.9065 val_uar=0.9078 lr=1.32e-05
[06:32:07] INFO   ep48: train_loss=0.7995 val_acc=0.9078 val_f1=0.9065 val_uar=0.9078 lr=1.13e-05
[06:32:11] INFO   ep49: train_loss=0.7995 val_acc=0.9069 val_f1=0.9056 val_uar=0.9069 lr=9.55e-06
[06:32:14] INFO   ep50: train_loss=0.7994 val_acc=0.9069 val_f1=0.9056 val_uar=0.9069 lr=7.94e-06
[06:32:18] INFO   ep51: train_loss=0.8000 val_acc=0.9078 val_f1=0.9066 val_uar=0.9078 lr=6.46e-06
[06:32:21] INFO   ep52: train_loss=0.7999 val_acc=0.9069 val_f1=0.9056 val_uar=0.9069 lr=5.13e-06
[06:32:25] INFO   ep53: train_loss=0.7996 val_acc=0.9088 val_f1=0.9076 val_uar=0.9088 lr=3.94e-06
[06:32:28] INFO   ep54: train_loss=0.7996 val_acc=0.9088 val_f1=0.9076 val_uar=0.9088 lr=2.91e-06
[06:32:32] INFO   ep55: train_loss=0.7993 val_acc=0.9078 val_f1=0.9066 val_uar=0.9078 lr=2.03e-06
[06:32:35] INFO   ep56: train_loss=0.7998 val_acc=0.9078 val_f1=0.9066 val_uar=0.9078 lr=1.30e-06
[06:32:39] INFO   ep57: train_loss=0.7993 val_acc=0.9078 val_f1=0.9066 val_uar=0.9078 lr=7.32e-07
[06:32:42] INFO   ep58: train_loss=0.8003 val_acc=0.9078 val_f1=0.9066 val_uar=0.9078 lr=3.26e-07
[06:32:46] INFO   ep59: train_loss=0.7988 val_acc=0.9078 val_f1=0.9066 val_uar=0.9078 lr=8.15e-08
[06:32:49] INFO   ep60: train_loss=0.7993 val_acc=0.9078 val_f1=0.9066 val_uar=0.9078 lr=0.00e+00
[06:32:49] INFO [done] convnext_tiny_in1k_gray best_val_acc=0.9098 lr_used=0.0001 ckpt=checkpoints\flowers102_convnext_tiny_in1k_gray_seed1.pt time=3.8min
[06:32:51] INFO   [E1] eval clean + per colorfulness bin
[06:33:09] INFO   [E2] eval perturbasi warna
[06:38:04] INFO   done convnext_tiny_in1k_gray seed1
[06:38:04] INFO ==== flowers102 / convnext_tiny_in1k_gray / seed2 (recipe=adamw gray=True) ====
[06:38:04] INFO [train] flowers102/convnext_tiny_in1k_gray/seed2 recipe=adamw opt=adamw lr=0.0001 wd=0.05 grayscale=True epochs=60 device=cuda n_train=1020 n_val=1020 bs=64 accum=1
[06:38:22] INFO   ep1: train_loss=4.6321 val_acc=0.0137 val_f1=0.0103 val_uar=0.0137 lr=4.00e-05
[06:38:26] INFO   ep2: train_loss=4.5809 val_acc=0.0471 val_f1=0.0314 val_uar=0.0471 lr=6.00e-05
[06:38:30] INFO   ep3: train_loss=4.4861 val_acc=0.1206 val_f1=0.0957 val_uar=0.1206 lr=8.00e-05
[06:38:33] INFO   ep4: train_loss=4.3242 val_acc=0.2755 val_f1=0.2341 val_uar=0.2755 lr=1.00e-04
[06:38:37] INFO   ep5: train_loss=4.0767 val_acc=0.4353 val_f1=0.3961 val_uar=0.4353 lr=1.00e-04
[06:38:40] INFO   ep6: train_loss=3.7341 val_acc=0.5441 val_f1=0.5072 val_uar=0.5441 lr=9.99e-05
[06:38:44] INFO   ep7: train_loss=3.3375 val_acc=0.6539 val_f1=0.6297 val_uar=0.6539 lr=9.97e-05
[06:38:47] INFO   ep8: train_loss=2.9394 val_acc=0.7324 val_f1=0.7103 val_uar=0.7324 lr=9.93e-05
[06:38:51] INFO   ep9: train_loss=2.5500 val_acc=0.7686 val_f1=0.7540 val_uar=0.7686 lr=9.87e-05
[06:38:54] INFO   ep10: train_loss=2.1875 val_acc=0.8216 val_f1=0.8122 val_uar=0.8216 lr=9.80e-05
[06:38:58] INFO   ep11: train_loss=1.8643 val_acc=0.8412 val_f1=0.8309 val_uar=0.8412 lr=9.71e-05
[06:39:02] INFO   ep12: train_loss=1.6049 val_acc=0.8549 val_f1=0.8487 val_uar=0.8549 lr=9.61e-05
[06:39:05] INFO   ep13: train_loss=1.3887 val_acc=0.8598 val_f1=0.8532 val_uar=0.8598 lr=9.49e-05
[06:39:09] INFO   ep14: train_loss=1.2281 val_acc=0.8725 val_f1=0.8672 val_uar=0.8725 lr=9.35e-05
[06:39:12] INFO   ep15: train_loss=1.1084 val_acc=0.8804 val_f1=0.8757 val_uar=0.8804 lr=9.21e-05
[06:39:16] INFO   ep16: train_loss=1.0240 val_acc=0.8814 val_f1=0.8776 val_uar=0.8814 lr=9.05e-05
[06:39:19] INFO   ep17: train_loss=0.9633 val_acc=0.8755 val_f1=0.8722 val_uar=0.8755 lr=8.87e-05
[06:39:23] INFO   ep18: train_loss=0.9209 val_acc=0.8951 val_f1=0.8924 val_uar=0.8951 lr=8.68e-05
[06:39:26] INFO   ep19: train_loss=0.8858 val_acc=0.8941 val_f1=0.8909 val_uar=0.8941 lr=8.48e-05
[06:39:30] INFO   ep20: train_loss=0.8636 val_acc=0.9039 val_f1=0.9004 val_uar=0.9039 lr=8.27e-05
[06:39:33] INFO   ep21: train_loss=0.8525 val_acc=0.8990 val_f1=0.8966 val_uar=0.8990 lr=8.05e-05
[06:39:37] INFO   ep22: train_loss=0.8407 val_acc=0.8980 val_f1=0.8942 val_uar=0.8980 lr=7.82e-05
[06:39:40] INFO   ep23: train_loss=0.8311 val_acc=0.9039 val_f1=0.9013 val_uar=0.9039 lr=7.58e-05
[06:39:44] INFO   ep24: train_loss=0.8279 val_acc=0.9039 val_f1=0.9013 val_uar=0.9039 lr=7.33e-05
[06:39:47] INFO   ep25: train_loss=0.8205 val_acc=0.8990 val_f1=0.8959 val_uar=0.8990 lr=7.08e-05
[06:39:51] INFO   ep26: train_loss=0.8185 val_acc=0.9049 val_f1=0.9023 val_uar=0.9049 lr=6.81e-05
[06:39:54] INFO   ep27: train_loss=0.8161 val_acc=0.9059 val_f1=0.9036 val_uar=0.9059 lr=6.55e-05
[06:39:58] INFO   ep28: train_loss=0.8134 val_acc=0.9049 val_f1=0.9025 val_uar=0.9049 lr=6.27e-05
[06:40:01] INFO   ep29: train_loss=0.8111 val_acc=0.9069 val_f1=0.9039 val_uar=0.9069 lr=5.99e-05
[06:40:05] INFO   ep30: train_loss=0.8103 val_acc=0.9039 val_f1=0.9013 val_uar=0.9039 lr=5.71e-05
[06:40:08] INFO   ep31: train_loss=0.8098 val_acc=0.9108 val_f1=0.9082 val_uar=0.9108 lr=5.43e-05
[06:40:12] INFO   ep32: train_loss=0.8075 val_acc=0.9078 val_f1=0.9055 val_uar=0.9078 lr=5.14e-05
[06:40:15] INFO   ep33: train_loss=0.8067 val_acc=0.9118 val_f1=0.9092 val_uar=0.9118 lr=4.86e-05
[06:40:19] INFO   ep34: train_loss=0.8064 val_acc=0.9088 val_f1=0.9065 val_uar=0.9088 lr=4.57e-05
[06:40:23] INFO   ep35: train_loss=0.8055 val_acc=0.9088 val_f1=0.9060 val_uar=0.9088 lr=4.29e-05
[06:40:26] INFO   ep36: train_loss=0.8046 val_acc=0.9098 val_f1=0.9075 val_uar=0.9098 lr=4.01e-05
[06:40:30] INFO   ep37: train_loss=0.8044 val_acc=0.9108 val_f1=0.9084 val_uar=0.9108 lr=3.73e-05
[06:40:33] INFO   ep38: train_loss=0.8034 val_acc=0.9078 val_f1=0.9052 val_uar=0.9078 lr=3.45e-05
[06:40:37] INFO   ep39: train_loss=0.8033 val_acc=0.9118 val_f1=0.9093 val_uar=0.9118 lr=3.19e-05
[06:40:40] INFO   ep40: train_loss=0.8026 val_acc=0.9088 val_f1=0.9063 val_uar=0.9088 lr=2.92e-05
[06:40:43] INFO   ep41: train_loss=0.8022 val_acc=0.9118 val_f1=0.9094 val_uar=0.9118 lr=2.67e-05
[06:40:47] INFO   ep42: train_loss=0.8016 val_acc=0.9118 val_f1=0.9096 val_uar=0.9118 lr=2.42e-05
[06:40:50] INFO   ep43: train_loss=0.8026 val_acc=0.9127 val_f1=0.9103 val_uar=0.9127 lr=2.18e-05
[06:40:54] INFO   ep44: train_loss=0.8026 val_acc=0.9157 val_f1=0.9130 val_uar=0.9157 lr=1.95e-05
[06:40:58] INFO   ep45: train_loss=0.8015 val_acc=0.9157 val_f1=0.9133 val_uar=0.9157 lr=1.73e-05
[06:41:01] INFO   ep46: train_loss=0.8008 val_acc=0.9127 val_f1=0.9099 val_uar=0.9127 lr=1.52e-05
[06:41:05] INFO   ep47: train_loss=0.8004 val_acc=0.9127 val_f1=0.9100 val_uar=0.9127 lr=1.32e-05
[06:41:08] INFO   ep48: train_loss=0.8015 val_acc=0.9137 val_f1=0.9111 val_uar=0.9137 lr=1.13e-05
[06:41:12] INFO   ep49: train_loss=0.8013 val_acc=0.9127 val_f1=0.9105 val_uar=0.9127 lr=9.55e-06
[06:41:15] INFO   ep50: train_loss=0.8004 val_acc=0.9108 val_f1=0.9088 val_uar=0.9108 lr=7.94e-06
[06:41:19] INFO   ep51: train_loss=0.8005 val_acc=0.9127 val_f1=0.9105 val_uar=0.9127 lr=6.46e-06
[06:41:22] INFO   ep52: train_loss=0.8002 val_acc=0.9137 val_f1=0.9114 val_uar=0.9137 lr=5.13e-06
[06:41:26] INFO   ep53: train_loss=0.7998 val_acc=0.9137 val_f1=0.9116 val_uar=0.9137 lr=3.94e-06
[06:41:29] INFO   ep54: train_loss=0.8003 val_acc=0.9137 val_f1=0.9116 val_uar=0.9137 lr=2.91e-06
[06:41:33] INFO   ep55: train_loss=0.7996 val_acc=0.9137 val_f1=0.9115 val_uar=0.9137 lr=2.03e-06
[06:41:36] INFO   ep56: train_loss=0.8021 val_acc=0.9137 val_f1=0.9115 val_uar=0.9137 lr=1.30e-06
[06:41:39] INFO   ep57: train_loss=0.7996 val_acc=0.9137 val_f1=0.9115 val_uar=0.9137 lr=7.32e-07
[06:41:43] INFO   ep58: train_loss=0.8000 val_acc=0.9137 val_f1=0.9115 val_uar=0.9137 lr=3.26e-07
[06:41:46] INFO   ep59: train_loss=0.7997 val_acc=0.9137 val_f1=0.9115 val_uar=0.9137 lr=8.15e-08
[06:41:50] INFO   ep60: train_loss=0.7999 val_acc=0.9137 val_f1=0.9115 val_uar=0.9137 lr=0.00e+00
[06:41:50] INFO [done] convnext_tiny_in1k_gray best_val_acc=0.9157 lr_used=0.0001 ckpt=checkpoints\flowers102_convnext_tiny_in1k_gray_seed2.pt time=3.8min
[06:41:51] INFO   [E1] eval clean + per colorfulness bin
[06:42:09] INFO   [E2] eval perturbasi warna
[06:47:05] INFO   done convnext_tiny_in1k_gray seed2
[06:47:05] INFO ==== flowers102 / convnext_tiny_in1k_gray / seed3 (recipe=adamw gray=True) ====
[06:47:05] INFO [train] flowers102/convnext_tiny_in1k_gray/seed3 recipe=adamw opt=adamw lr=0.0001 wd=0.05 grayscale=True epochs=60 device=cuda n_train=1020 n_val=1020 bs=64 accum=1
[06:47:24] INFO   ep1: train_loss=4.6355 val_acc=0.0127 val_f1=0.0095 val_uar=0.0127 lr=4.00e-05
[06:47:27] INFO   ep2: train_loss=4.5832 val_acc=0.0363 val_f1=0.0287 val_uar=0.0363 lr=6.00e-05
[06:47:31] INFO   ep3: train_loss=4.4827 val_acc=0.1275 val_f1=0.1050 val_uar=0.1275 lr=8.00e-05
[06:47:34] INFO   ep4: train_loss=4.3108 val_acc=0.3059 val_f1=0.2795 val_uar=0.3059 lr=1.00e-04
[06:47:38] INFO   ep5: train_loss=4.0404 val_acc=0.4980 val_f1=0.4663 val_uar=0.4980 lr=1.00e-04
[06:47:41] INFO   ep6: train_loss=3.6867 val_acc=0.6078 val_f1=0.5822 val_uar=0.6078 lr=9.99e-05
[06:47:45] INFO   ep7: train_loss=3.2834 val_acc=0.6755 val_f1=0.6536 val_uar=0.6755 lr=9.97e-05
[06:47:49] INFO   ep8: train_loss=2.8740 val_acc=0.7520 val_f1=0.7382 val_uar=0.7520 lr=9.93e-05
[06:47:52] INFO   ep9: train_loss=2.4748 val_acc=0.7912 val_f1=0.7832 val_uar=0.7912 lr=9.87e-05
[06:47:56] INFO   ep10: train_loss=2.1295 val_acc=0.8147 val_f1=0.8098 val_uar=0.8147 lr=9.80e-05
[06:47:59] INFO   ep11: train_loss=1.8180 val_acc=0.8324 val_f1=0.8283 val_uar=0.8324 lr=9.71e-05
[06:48:03] INFO   ep12: train_loss=1.5693 val_acc=0.8569 val_f1=0.8518 val_uar=0.8569 lr=9.61e-05
[06:48:06] INFO   ep13: train_loss=1.3806 val_acc=0.8716 val_f1=0.8677 val_uar=0.8716 lr=9.49e-05
[06:48:10] INFO   ep14: train_loss=1.2201 val_acc=0.8716 val_f1=0.8684 val_uar=0.8716 lr=9.35e-05
[06:48:14] INFO   ep15: train_loss=1.1091 val_acc=0.8814 val_f1=0.8796 val_uar=0.8814 lr=9.21e-05
[06:48:17] INFO   ep16: train_loss=1.0243 val_acc=0.8853 val_f1=0.8843 val_uar=0.8853 lr=9.05e-05
[06:48:21] INFO   ep17: train_loss=0.9607 val_acc=0.8912 val_f1=0.8901 val_uar=0.8912 lr=8.87e-05
[06:48:24] INFO   ep18: train_loss=0.9198 val_acc=0.8833 val_f1=0.8829 val_uar=0.8833 lr=8.68e-05
[06:48:28] INFO   ep19: train_loss=0.8900 val_acc=0.8873 val_f1=0.8868 val_uar=0.8873 lr=8.48e-05
[06:48:31] INFO   ep20: train_loss=0.8700 val_acc=0.8863 val_f1=0.8860 val_uar=0.8863 lr=8.27e-05
[06:48:35] INFO   ep21: train_loss=0.8507 val_acc=0.8863 val_f1=0.8856 val_uar=0.8863 lr=8.05e-05
[06:48:38] INFO   ep22: train_loss=0.8403 val_acc=0.8922 val_f1=0.8915 val_uar=0.8922 lr=7.82e-05
[06:48:42] INFO   ep23: train_loss=0.8328 val_acc=0.8902 val_f1=0.8899 val_uar=0.8902 lr=7.58e-05
[06:48:45] INFO   ep24: train_loss=0.8280 val_acc=0.8912 val_f1=0.8912 val_uar=0.8912 lr=7.33e-05
[06:48:49] INFO   ep25: train_loss=0.8227 val_acc=0.8941 val_f1=0.8943 val_uar=0.8941 lr=7.08e-05
[06:48:52] INFO   ep26: train_loss=0.8203 val_acc=0.8941 val_f1=0.8935 val_uar=0.8941 lr=6.81e-05
[06:48:56] INFO   ep27: train_loss=0.8166 val_acc=0.8971 val_f1=0.8967 val_uar=0.8971 lr=6.55e-05
[06:48:59] INFO   ep28: train_loss=0.8156 val_acc=0.8971 val_f1=0.8971 val_uar=0.8971 lr=6.27e-05
[06:49:03] INFO   ep29: train_loss=0.8114 val_acc=0.8971 val_f1=0.8966 val_uar=0.8971 lr=5.99e-05
[06:49:06] INFO   ep30: train_loss=0.8113 val_acc=0.8971 val_f1=0.8968 val_uar=0.8971 lr=5.71e-05
[06:49:10] INFO   ep31: train_loss=0.8099 val_acc=0.8961 val_f1=0.8957 val_uar=0.8961 lr=5.43e-05
[06:49:13] INFO   ep32: train_loss=0.8079 val_acc=0.8941 val_f1=0.8939 val_uar=0.8941 lr=5.14e-05
[06:49:17] INFO   ep33: train_loss=0.8072 val_acc=0.8961 val_f1=0.8954 val_uar=0.8961 lr=4.86e-05
[06:49:20] INFO   ep34: train_loss=0.8070 val_acc=0.8971 val_f1=0.8962 val_uar=0.8971 lr=4.57e-05
[06:49:24] INFO   ep35: train_loss=0.8058 val_acc=0.8951 val_f1=0.8943 val_uar=0.8951 lr=4.29e-05
[06:49:27] INFO   ep36: train_loss=0.8040 val_acc=0.8931 val_f1=0.8923 val_uar=0.8931 lr=4.01e-05
[06:49:30] INFO   ep37: train_loss=0.8036 val_acc=0.8971 val_f1=0.8963 val_uar=0.8971 lr=3.73e-05
[06:49:34] INFO   ep38: train_loss=0.8028 val_acc=0.8961 val_f1=0.8958 val_uar=0.8961 lr=3.45e-05
[06:49:37] INFO   ep39: train_loss=0.8042 val_acc=0.8961 val_f1=0.8952 val_uar=0.8961 lr=3.19e-05
[06:49:41] INFO   ep40: train_loss=0.8038 val_acc=0.8931 val_f1=0.8920 val_uar=0.8931 lr=2.92e-05
[06:49:44] INFO   ep41: train_loss=0.8024 val_acc=0.8980 val_f1=0.8969 val_uar=0.8980 lr=2.67e-05
[06:49:48] INFO   ep42: train_loss=0.8025 val_acc=0.8980 val_f1=0.8971 val_uar=0.8980 lr=2.42e-05
[06:49:51] INFO   ep43: train_loss=0.8021 val_acc=0.8990 val_f1=0.8977 val_uar=0.8990 lr=2.18e-05
[06:49:55] INFO   ep44: train_loss=0.8015 val_acc=0.8980 val_f1=0.8972 val_uar=0.8980 lr=1.95e-05
[06:49:58] INFO   ep45: train_loss=0.8010 val_acc=0.9010 val_f1=0.9000 val_uar=0.9010 lr=1.73e-05
[06:50:02] INFO   ep46: train_loss=0.8008 val_acc=0.8971 val_f1=0.8961 val_uar=0.8971 lr=1.52e-05
[06:50:05] INFO   ep47: train_loss=0.8008 val_acc=0.9000 val_f1=0.8992 val_uar=0.9000 lr=1.32e-05
[06:50:09] INFO   ep48: train_loss=0.8001 val_acc=0.8971 val_f1=0.8960 val_uar=0.8971 lr=1.13e-05
[06:50:12] INFO   ep49: train_loss=0.8007 val_acc=0.8980 val_f1=0.8970 val_uar=0.8980 lr=9.55e-06
[06:50:16] INFO   ep50: train_loss=0.8020 val_acc=0.9000 val_f1=0.8988 val_uar=0.9000 lr=7.94e-06
[06:50:19] INFO   ep51: train_loss=0.8016 val_acc=0.8990 val_f1=0.8978 val_uar=0.8990 lr=6.46e-06
[06:50:23] INFO   ep52: train_loss=0.7997 val_acc=0.8980 val_f1=0.8964 val_uar=0.8980 lr=5.13e-06
[06:50:26] INFO   ep53: train_loss=0.8021 val_acc=0.8990 val_f1=0.8982 val_uar=0.8990 lr=3.94e-06
[06:50:29] INFO   ep54: train_loss=0.8000 val_acc=0.9000 val_f1=0.8992 val_uar=0.9000 lr=2.91e-06
[06:50:33] INFO   ep55: train_loss=0.8005 val_acc=0.9000 val_f1=0.8990 val_uar=0.9000 lr=2.03e-06
[06:50:36] INFO   ep56: train_loss=0.7994 val_acc=0.9000 val_f1=0.8990 val_uar=0.9000 lr=1.30e-06
[06:50:40] INFO   ep57: train_loss=0.8003 val_acc=0.9000 val_f1=0.8992 val_uar=0.9000 lr=7.32e-07
[06:50:43] INFO   ep58: train_loss=0.8001 val_acc=0.9000 val_f1=0.8992 val_uar=0.9000 lr=3.26e-07
[06:50:47] INFO   ep59: train_loss=0.8002 val_acc=0.9000 val_f1=0.8992 val_uar=0.9000 lr=8.15e-08
[06:50:50] INFO   ep60: train_loss=0.8011 val_acc=0.9000 val_f1=0.8992 val_uar=0.9000 lr=0.00e+00
[06:50:50] INFO [done] convnext_tiny_in1k_gray best_val_acc=0.9010 lr_used=0.0001 ckpt=checkpoints\flowers102_convnext_tiny_in1k_gray_seed3.pt time=3.8min
[06:50:52] INFO   [E1] eval clean + per colorfulness bin
[06:51:10] INFO   [E2] eval perturbasi warna
[06:56:04] INFO   done convnext_tiny_in1k_gray seed3
[06:56:04] INFO ==== flowers102 / convnext_tiny_in1k_gray / seed4 (recipe=adamw gray=True) ====
[06:56:05] INFO [train] flowers102/convnext_tiny_in1k_gray/seed4 recipe=adamw opt=adamw lr=0.0001 wd=0.05 grayscale=True epochs=60 device=cuda n_train=1020 n_val=1020 bs=64 accum=1
[06:56:23] INFO   ep1: train_loss=4.6276 val_acc=0.0127 val_f1=0.0101 val_uar=0.0127 lr=4.00e-05
[06:56:27] INFO   ep2: train_loss=4.5712 val_acc=0.0461 val_f1=0.0377 val_uar=0.0461 lr=6.00e-05
[06:56:30] INFO   ep3: train_loss=4.4719 val_acc=0.1275 val_f1=0.0984 val_uar=0.1275 lr=8.00e-05
[06:56:34] INFO   ep4: train_loss=4.2961 val_acc=0.2833 val_f1=0.2394 val_uar=0.2833 lr=1.00e-04
[06:56:37] INFO   ep5: train_loss=4.0318 val_acc=0.4814 val_f1=0.4431 val_uar=0.4814 lr=1.00e-04
[06:56:41] INFO   ep6: train_loss=3.6845 val_acc=0.6000 val_f1=0.5599 val_uar=0.6000 lr=9.99e-05
[06:56:44] INFO   ep7: train_loss=3.2858 val_acc=0.6892 val_f1=0.6646 val_uar=0.6892 lr=9.97e-05
[06:56:48] INFO   ep8: train_loss=2.8699 val_acc=0.7353 val_f1=0.7159 val_uar=0.7353 lr=9.93e-05
[06:56:51] INFO   ep9: train_loss=2.4600 val_acc=0.7755 val_f1=0.7633 val_uar=0.7755 lr=9.87e-05
[06:56:55] INFO   ep10: train_loss=2.1002 val_acc=0.8039 val_f1=0.7955 val_uar=0.8039 lr=9.80e-05
[06:56:58] INFO   ep11: train_loss=1.7914 val_acc=0.8314 val_f1=0.8253 val_uar=0.8314 lr=9.71e-05
[06:57:02] INFO   ep12: train_loss=1.5485 val_acc=0.8569 val_f1=0.8523 val_uar=0.8569 lr=9.61e-05
[06:57:05] INFO   ep13: train_loss=1.3587 val_acc=0.8647 val_f1=0.8604 val_uar=0.8647 lr=9.49e-05
[06:57:09] INFO   ep14: train_loss=1.2050 val_acc=0.8794 val_f1=0.8764 val_uar=0.8794 lr=9.35e-05
[06:57:12] INFO   ep15: train_loss=1.0969 val_acc=0.8824 val_f1=0.8795 val_uar=0.8824 lr=9.21e-05
[06:57:16] INFO   ep16: train_loss=1.0126 val_acc=0.8833 val_f1=0.8815 val_uar=0.8833 lr=9.05e-05
[06:57:19] INFO   ep17: train_loss=0.9517 val_acc=0.8882 val_f1=0.8867 val_uar=0.8882 lr=8.87e-05
[06:57:23] INFO   ep18: train_loss=0.9146 val_acc=0.8902 val_f1=0.8890 val_uar=0.8902 lr=8.68e-05
[06:57:27] INFO   ep19: train_loss=0.8834 val_acc=0.8951 val_f1=0.8948 val_uar=0.8951 lr=8.48e-05
[06:57:30] INFO   ep20: train_loss=0.8653 val_acc=0.8873 val_f1=0.8866 val_uar=0.8873 lr=8.27e-05
[06:57:33] INFO   ep21: train_loss=0.8528 val_acc=0.8931 val_f1=0.8913 val_uar=0.8931 lr=8.05e-05
[06:57:37] INFO   ep22: train_loss=0.8418 val_acc=0.8990 val_f1=0.8979 val_uar=0.8990 lr=7.82e-05
[06:57:40] INFO   ep23: train_loss=0.8320 val_acc=0.8961 val_f1=0.8951 val_uar=0.8961 lr=7.58e-05
[06:57:44] INFO   ep24: train_loss=0.8267 val_acc=0.9020 val_f1=0.9007 val_uar=0.9020 lr=7.33e-05
[06:57:47] INFO   ep25: train_loss=0.8220 val_acc=0.8990 val_f1=0.8981 val_uar=0.8990 lr=7.08e-05
[06:57:51] INFO   ep26: train_loss=0.8191 val_acc=0.8971 val_f1=0.8957 val_uar=0.8971 lr=6.81e-05
[06:57:54] INFO   ep27: train_loss=0.8173 val_acc=0.8971 val_f1=0.8958 val_uar=0.8971 lr=6.55e-05
[06:57:58] INFO   ep28: train_loss=0.8128 val_acc=0.9000 val_f1=0.8991 val_uar=0.9000 lr=6.27e-05
[06:58:01] INFO   ep29: train_loss=0.8148 val_acc=0.9000 val_f1=0.8988 val_uar=0.9000 lr=5.99e-05
[06:58:05] INFO   ep30: train_loss=0.8112 val_acc=0.9010 val_f1=0.9002 val_uar=0.9010 lr=5.71e-05
[06:58:08] INFO   ep31: train_loss=0.8093 val_acc=0.9029 val_f1=0.9013 val_uar=0.9029 lr=5.43e-05
[06:58:12] INFO   ep32: train_loss=0.8113 val_acc=0.9039 val_f1=0.9025 val_uar=0.9039 lr=5.14e-05
[06:58:16] INFO   ep33: train_loss=0.8069 val_acc=0.9039 val_f1=0.9022 val_uar=0.9039 lr=4.86e-05
[06:58:19] INFO   ep34: train_loss=0.8063 val_acc=0.9010 val_f1=0.8995 val_uar=0.9010 lr=4.57e-05
[06:58:22] INFO   ep35: train_loss=0.8048 val_acc=0.9039 val_f1=0.9025 val_uar=0.9039 lr=4.29e-05
[06:58:26] INFO   ep36: train_loss=0.8048 val_acc=0.9029 val_f1=0.9018 val_uar=0.9029 lr=4.01e-05
[06:58:29] INFO   ep37: train_loss=0.8050 val_acc=0.9049 val_f1=0.9034 val_uar=0.9049 lr=3.73e-05
[06:58:33] INFO   ep38: train_loss=0.8034 val_acc=0.9059 val_f1=0.9041 val_uar=0.9059 lr=3.45e-05
[06:58:37] INFO   ep39: train_loss=0.8047 val_acc=0.9029 val_f1=0.9015 val_uar=0.9029 lr=3.19e-05
[06:58:40] INFO   ep40: train_loss=0.8030 val_acc=0.9059 val_f1=0.9041 val_uar=0.9059 lr=2.92e-05
[06:58:44] INFO   ep41: train_loss=0.8047 val_acc=0.9059 val_f1=0.9045 val_uar=0.9059 lr=2.67e-05
[06:58:47] INFO   ep42: train_loss=0.8022 val_acc=0.9059 val_f1=0.9043 val_uar=0.9059 lr=2.42e-05
[06:58:50] INFO   ep43: train_loss=0.8024 val_acc=0.9059 val_f1=0.9043 val_uar=0.9059 lr=2.18e-05
[06:58:54] INFO   ep44: train_loss=0.8021 val_acc=0.9078 val_f1=0.9061 val_uar=0.9078 lr=1.95e-05
[06:58:57] INFO   ep45: train_loss=0.8017 val_acc=0.9088 val_f1=0.9071 val_uar=0.9088 lr=1.73e-05
[06:59:01] INFO   ep46: train_loss=0.8007 val_acc=0.9078 val_f1=0.9061 val_uar=0.9078 lr=1.52e-05
[06:59:05] INFO   ep47: train_loss=0.8013 val_acc=0.9078 val_f1=0.9061 val_uar=0.9078 lr=1.32e-05
[06:59:08] INFO   ep48: train_loss=0.8007 val_acc=0.9078 val_f1=0.9061 val_uar=0.9078 lr=1.13e-05
[06:59:12] INFO   ep49: train_loss=0.8007 val_acc=0.9088 val_f1=0.9069 val_uar=0.9088 lr=9.55e-06
[06:59:15] INFO   ep50: train_loss=0.8004 val_acc=0.9088 val_f1=0.9069 val_uar=0.9088 lr=7.94e-06
[06:59:19] INFO   ep51: train_loss=0.8004 val_acc=0.9078 val_f1=0.9060 val_uar=0.9078 lr=6.46e-06
[06:59:22] INFO   ep52: train_loss=0.8014 val_acc=0.9078 val_f1=0.9061 val_uar=0.9078 lr=5.13e-06
[06:59:26] INFO   ep53: train_loss=0.8007 val_acc=0.9088 val_f1=0.9070 val_uar=0.9088 lr=3.94e-06
[06:59:29] INFO   ep54: train_loss=0.8000 val_acc=0.9078 val_f1=0.9061 val_uar=0.9078 lr=2.91e-06
[06:59:33] INFO   ep55: train_loss=0.8004 val_acc=0.9078 val_f1=0.9061 val_uar=0.9078 lr=2.03e-06
[06:59:36] INFO   ep56: train_loss=0.8008 val_acc=0.9078 val_f1=0.9061 val_uar=0.9078 lr=1.30e-06
[06:59:40] INFO   ep57: train_loss=0.7997 val_acc=0.9078 val_f1=0.9061 val_uar=0.9078 lr=7.32e-07
[06:59:43] INFO   ep58: train_loss=0.8002 val_acc=0.9078 val_f1=0.9061 val_uar=0.9078 lr=3.26e-07
[06:59:47] INFO   ep59: train_loss=0.8004 val_acc=0.9078 val_f1=0.9061 val_uar=0.9078 lr=8.15e-08
[06:59:50] INFO   ep60: train_loss=0.8007 val_acc=0.9078 val_f1=0.9061 val_uar=0.9078 lr=0.00e+00
[06:59:50] INFO [done] convnext_tiny_in1k_gray best_val_acc=0.9088 lr_used=0.0001 ckpt=checkpoints\flowers102_convnext_tiny_in1k_gray_seed4.pt time=3.8min
[06:59:51] INFO   [E1] eval clean + per colorfulness bin
[07:00:10] INFO   [E2] eval perturbasi warna
[07:05:04] INFO   done convnext_tiny_in1k_gray seed4
[07:05:04] INFO ALL DONE
[07:05:10] INFO dataset=flowers102 models=['vit_small_in1k'] seeds=[0, 1, 2, 3, 4] epochs=None recipe=adamw
[07:05:10] INFO ==== flowers102 / vit_small_in1k_gray / seed0 (recipe=adamw gray=True) ====
[07:05:12] INFO [train] flowers102/vit_small_in1k_gray/seed0 recipe=adamw opt=adamw lr=0.0001 wd=0.05 grayscale=True epochs=60 device=cuda n_train=1020 n_val=1020 bs=64 accum=1
[07:05:30] INFO   ep1: train_loss=4.7232 val_acc=0.0549 val_f1=0.0316 val_uar=0.0549 lr=4.00e-05
[07:05:33] INFO   ep2: train_loss=4.1019 val_acc=0.2431 val_f1=0.2133 val_uar=0.2431 lr=6.00e-05
[07:05:37] INFO   ep3: train_loss=3.2561 val_acc=0.5010 val_f1=0.4658 val_uar=0.5010 lr=8.00e-05
[07:05:40] INFO   ep4: train_loss=2.3538 val_acc=0.6686 val_f1=0.6492 val_uar=0.6686 lr=1.00e-04
[07:05:44] INFO   ep5: train_loss=1.6440 val_acc=0.7784 val_f1=0.7702 val_uar=0.7784 lr=1.00e-04
[07:05:47] INFO   ep6: train_loss=1.2072 val_acc=0.7892 val_f1=0.7874 val_uar=0.7892 lr=9.99e-05
[07:05:50] INFO   ep7: train_loss=1.0149 val_acc=0.8294 val_f1=0.8284 val_uar=0.8294 lr=9.97e-05
[07:05:54] INFO   ep8: train_loss=0.9160 val_acc=0.8431 val_f1=0.8432 val_uar=0.8431 lr=9.93e-05
[07:05:57] INFO   ep9: train_loss=0.8675 val_acc=0.8529 val_f1=0.8527 val_uar=0.8529 lr=9.87e-05
[07:06:01] INFO   ep10: train_loss=0.8456 val_acc=0.8618 val_f1=0.8617 val_uar=0.8618 lr=9.80e-05
[07:06:04] INFO   ep11: train_loss=0.8377 val_acc=0.8627 val_f1=0.8626 val_uar=0.8627 lr=9.71e-05
[07:06:08] INFO   ep12: train_loss=0.8325 val_acc=0.8686 val_f1=0.8684 val_uar=0.8686 lr=9.61e-05
[07:06:11] INFO   ep13: train_loss=0.8269 val_acc=0.8716 val_f1=0.8711 val_uar=0.8716 lr=9.49e-05
[07:06:14] INFO   ep14: train_loss=0.8260 val_acc=0.8637 val_f1=0.8634 val_uar=0.8637 lr=9.35e-05
[07:06:18] INFO   ep15: train_loss=0.8237 val_acc=0.8598 val_f1=0.8585 val_uar=0.8598 lr=9.21e-05
[07:06:21] INFO   ep16: train_loss=0.8212 val_acc=0.8676 val_f1=0.8675 val_uar=0.8676 lr=9.05e-05
[07:06:24] INFO   ep17: train_loss=0.8206 val_acc=0.8725 val_f1=0.8714 val_uar=0.8725 lr=8.87e-05
[07:06:28] INFO   ep18: train_loss=0.8202 val_acc=0.8686 val_f1=0.8677 val_uar=0.8686 lr=8.68e-05
[07:06:31] INFO   ep19: train_loss=0.8188 val_acc=0.8667 val_f1=0.8667 val_uar=0.8667 lr=8.48e-05
[07:06:35] INFO   ep20: train_loss=0.8173 val_acc=0.8676 val_f1=0.8676 val_uar=0.8676 lr=8.27e-05
[07:06:38] INFO   ep21: train_loss=0.8157 val_acc=0.8637 val_f1=0.8623 val_uar=0.8637 lr=8.05e-05
[07:06:41] INFO   ep22: train_loss=0.8167 val_acc=0.8686 val_f1=0.8672 val_uar=0.8686 lr=7.82e-05
[07:06:45] INFO   ep23: train_loss=0.8136 val_acc=0.8696 val_f1=0.8683 val_uar=0.8696 lr=7.58e-05
[07:06:48] INFO   ep24: train_loss=0.8120 val_acc=0.8696 val_f1=0.8678 val_uar=0.8696 lr=7.33e-05
[07:06:51] INFO   ep25: train_loss=0.8118 val_acc=0.8676 val_f1=0.8668 val_uar=0.8676 lr=7.08e-05
[07:06:55] INFO   ep26: train_loss=0.8108 val_acc=0.8775 val_f1=0.8764 val_uar=0.8775 lr=6.81e-05
[07:06:58] INFO   ep27: train_loss=0.8117 val_acc=0.8637 val_f1=0.8626 val_uar=0.8637 lr=6.55e-05
[07:07:01] INFO   ep28: train_loss=0.8096 val_acc=0.8716 val_f1=0.8704 val_uar=0.8716 lr=6.27e-05
[07:07:05] INFO   ep29: train_loss=0.8099 val_acc=0.8716 val_f1=0.8707 val_uar=0.8716 lr=5.99e-05
[07:07:08] INFO   ep30: train_loss=0.8082 val_acc=0.8676 val_f1=0.8677 val_uar=0.8676 lr=5.71e-05
[07:07:12] INFO   ep31: train_loss=0.8080 val_acc=0.8725 val_f1=0.8717 val_uar=0.8725 lr=5.43e-05
[07:07:15] INFO   ep32: train_loss=0.8070 val_acc=0.8696 val_f1=0.8680 val_uar=0.8696 lr=5.14e-05
[07:07:18] INFO   ep33: train_loss=0.8067 val_acc=0.8696 val_f1=0.8672 val_uar=0.8696 lr=4.86e-05
[07:07:22] INFO   ep34: train_loss=0.8072 val_acc=0.8706 val_f1=0.8692 val_uar=0.8706 lr=4.57e-05
[07:07:25] INFO   ep35: train_loss=0.8068 val_acc=0.8725 val_f1=0.8719 val_uar=0.8725 lr=4.29e-05
[07:07:28] INFO   ep36: train_loss=0.8051 val_acc=0.8735 val_f1=0.8724 val_uar=0.8735 lr=4.01e-05
[07:07:32] INFO   ep37: train_loss=0.8056 val_acc=0.8725 val_f1=0.8717 val_uar=0.8725 lr=3.73e-05
[07:07:35] INFO   ep38: train_loss=0.8050 val_acc=0.8775 val_f1=0.8765 val_uar=0.8775 lr=3.45e-05
[07:07:38] INFO   ep39: train_loss=0.8045 val_acc=0.8725 val_f1=0.8724 val_uar=0.8725 lr=3.19e-05
[07:07:42] INFO   ep40: train_loss=0.8038 val_acc=0.8735 val_f1=0.8731 val_uar=0.8735 lr=2.92e-05
[07:07:45] INFO   ep41: train_loss=0.8035 val_acc=0.8755 val_f1=0.8746 val_uar=0.8755 lr=2.67e-05
[07:07:48] INFO   ep42: train_loss=0.8030 val_acc=0.8784 val_f1=0.8775 val_uar=0.8784 lr=2.42e-05
[07:07:52] INFO   ep43: train_loss=0.8031 val_acc=0.8735 val_f1=0.8728 val_uar=0.8735 lr=2.18e-05
[07:07:55] INFO   ep44: train_loss=0.8029 val_acc=0.8735 val_f1=0.8727 val_uar=0.8735 lr=1.95e-05
[07:07:59] INFO   ep45: train_loss=0.8022 val_acc=0.8686 val_f1=0.8675 val_uar=0.8686 lr=1.73e-05
[07:08:02] INFO   ep46: train_loss=0.8029 val_acc=0.8745 val_f1=0.8734 val_uar=0.8745 lr=1.52e-05
[07:08:06] INFO   ep47: train_loss=0.8022 val_acc=0.8735 val_f1=0.8724 val_uar=0.8735 lr=1.32e-05
[07:08:09] INFO   ep48: train_loss=0.8026 val_acc=0.8686 val_f1=0.8676 val_uar=0.8686 lr=1.13e-05
[07:08:12] INFO   ep49: train_loss=0.8021 val_acc=0.8706 val_f1=0.8696 val_uar=0.8706 lr=9.55e-06
[07:08:16] INFO   ep50: train_loss=0.8018 val_acc=0.8706 val_f1=0.8695 val_uar=0.8706 lr=7.94e-06
[07:08:19] INFO   ep51: train_loss=0.8019 val_acc=0.8716 val_f1=0.8705 val_uar=0.8716 lr=6.46e-06
[07:08:22] INFO   ep52: train_loss=0.8016 val_acc=0.8716 val_f1=0.8704 val_uar=0.8716 lr=5.13e-06
[07:08:26] INFO   ep53: train_loss=0.8016 val_acc=0.8735 val_f1=0.8722 val_uar=0.8735 lr=3.94e-06
[07:08:29] INFO   ep54: train_loss=0.8016 val_acc=0.8745 val_f1=0.8734 val_uar=0.8745 lr=2.91e-06
[07:08:33] INFO   ep55: train_loss=0.8017 val_acc=0.8755 val_f1=0.8744 val_uar=0.8755 lr=2.03e-06
[07:08:36] INFO   ep56: train_loss=0.8018 val_acc=0.8735 val_f1=0.8725 val_uar=0.8735 lr=1.30e-06
[07:08:39] INFO   ep57: train_loss=0.8016 val_acc=0.8745 val_f1=0.8734 val_uar=0.8745 lr=7.32e-07
[07:08:43] INFO   ep58: train_loss=0.8016 val_acc=0.8735 val_f1=0.8723 val_uar=0.8735 lr=3.26e-07
[07:08:46] INFO   ep59: train_loss=0.8015 val_acc=0.8735 val_f1=0.8723 val_uar=0.8735 lr=8.15e-08
[07:08:49] INFO   ep60: train_loss=0.8015 val_acc=0.8735 val_f1=0.8723 val_uar=0.8735 lr=0.00e+00
[07:08:49] INFO [done] vit_small_in1k_gray best_val_acc=0.8784 lr_used=0.0001 ckpt=checkpoints\flowers102_vit_small_in1k_gray_seed0.pt time=3.7min
[07:08:51] INFO   [E1] eval clean + per colorfulness bin
[07:09:09] INFO   [E2] eval perturbasi warna
[07:14:03] INFO   done vit_small_in1k_gray seed0
[07:14:03] INFO ==== flowers102 / vit_small_in1k_gray / seed1 (recipe=adamw gray=True) ====
[07:14:04] INFO [train] flowers102/vit_small_in1k_gray/seed1 recipe=adamw opt=adamw lr=0.0001 wd=0.05 grayscale=True epochs=60 device=cuda n_train=1020 n_val=1020 bs=64 accum=1
[07:14:22] INFO   ep1: train_loss=4.7865 val_acc=0.0412 val_f1=0.0327 val_uar=0.0412 lr=4.00e-05
[07:14:25] INFO   ep2: train_loss=4.1062 val_acc=0.2422 val_f1=0.2162 val_uar=0.2422 lr=6.00e-05
[07:14:29] INFO   ep3: train_loss=3.2357 val_acc=0.4745 val_f1=0.4395 val_uar=0.4745 lr=8.00e-05
[07:14:32] INFO   ep4: train_loss=2.3493 val_acc=0.6637 val_f1=0.6487 val_uar=0.6637 lr=1.00e-04
[07:14:36] INFO   ep5: train_loss=1.6247 val_acc=0.7569 val_f1=0.7483 val_uar=0.7569 lr=1.00e-04
[07:14:39] INFO   ep6: train_loss=1.2312 val_acc=0.8020 val_f1=0.8011 val_uar=0.8020 lr=9.99e-05
[07:14:43] INFO   ep7: train_loss=1.0022 val_acc=0.8431 val_f1=0.8419 val_uar=0.8431 lr=9.97e-05
[07:14:46] INFO   ep8: train_loss=0.9043 val_acc=0.8618 val_f1=0.8605 val_uar=0.8618 lr=9.93e-05
[07:14:50] INFO   ep9: train_loss=0.8646 val_acc=0.8510 val_f1=0.8503 val_uar=0.8510 lr=9.87e-05
[07:14:53] INFO   ep10: train_loss=0.8465 val_acc=0.8618 val_f1=0.8602 val_uar=0.8618 lr=9.80e-05
[07:14:56] INFO   ep11: train_loss=0.8357 val_acc=0.8706 val_f1=0.8702 val_uar=0.8706 lr=9.71e-05
[07:15:00] INFO   ep12: train_loss=0.8343 val_acc=0.8696 val_f1=0.8689 val_uar=0.8696 lr=9.61e-05
[07:15:03] INFO   ep13: train_loss=0.8298 val_acc=0.8706 val_f1=0.8692 val_uar=0.8706 lr=9.49e-05
[07:15:07] INFO   ep14: train_loss=0.8273 val_acc=0.8745 val_f1=0.8741 val_uar=0.8745 lr=9.35e-05
[07:15:10] INFO   ep15: train_loss=0.8229 val_acc=0.8814 val_f1=0.8803 val_uar=0.8814 lr=9.21e-05
[07:15:14] INFO   ep16: train_loss=0.8213 val_acc=0.8745 val_f1=0.8732 val_uar=0.8745 lr=9.05e-05
[07:15:17] INFO   ep17: train_loss=0.8204 val_acc=0.8765 val_f1=0.8757 val_uar=0.8765 lr=8.87e-05
[07:15:20] INFO   ep18: train_loss=0.8209 val_acc=0.8725 val_f1=0.8715 val_uar=0.8725 lr=8.68e-05
[07:15:24] INFO   ep19: train_loss=0.8188 val_acc=0.8696 val_f1=0.8695 val_uar=0.8696 lr=8.48e-05
[07:15:27] INFO   ep20: train_loss=0.8166 val_acc=0.8735 val_f1=0.8728 val_uar=0.8735 lr=8.27e-05
[07:15:31] INFO   ep21: train_loss=0.8163 val_acc=0.8784 val_f1=0.8768 val_uar=0.8784 lr=8.05e-05
[07:15:34] INFO   ep22: train_loss=0.8145 val_acc=0.8765 val_f1=0.8761 val_uar=0.8765 lr=7.82e-05
[07:15:37] INFO   ep23: train_loss=0.8134 val_acc=0.8725 val_f1=0.8715 val_uar=0.8725 lr=7.58e-05
[07:15:41] INFO   ep24: train_loss=0.8122 val_acc=0.8637 val_f1=0.8637 val_uar=0.8637 lr=7.33e-05
[07:15:44] INFO   ep25: train_loss=0.8118 val_acc=0.8725 val_f1=0.8715 val_uar=0.8725 lr=7.08e-05
[07:15:48] INFO   ep26: train_loss=0.8113 val_acc=0.8784 val_f1=0.8776 val_uar=0.8784 lr=6.81e-05
[07:15:51] INFO   ep27: train_loss=0.8108 val_acc=0.8775 val_f1=0.8776 val_uar=0.8775 lr=6.55e-05
[07:15:54] INFO   ep28: train_loss=0.8104 val_acc=0.8686 val_f1=0.8683 val_uar=0.8686 lr=6.27e-05
[07:15:58] INFO   ep29: train_loss=0.8092 val_acc=0.8765 val_f1=0.8760 val_uar=0.8765 lr=5.99e-05
[07:16:01] INFO   ep30: train_loss=0.8093 val_acc=0.8735 val_f1=0.8732 val_uar=0.8735 lr=5.71e-05
[07:16:05] INFO   ep31: train_loss=0.8084 val_acc=0.8745 val_f1=0.8740 val_uar=0.8745 lr=5.43e-05
[07:16:08] INFO   ep32: train_loss=0.8073 val_acc=0.8745 val_f1=0.8744 val_uar=0.8745 lr=5.14e-05
[07:16:11] INFO   ep33: train_loss=0.8071 val_acc=0.8775 val_f1=0.8761 val_uar=0.8775 lr=4.86e-05
[07:16:15] INFO   ep34: train_loss=0.8063 val_acc=0.8804 val_f1=0.8784 val_uar=0.8804 lr=4.57e-05
[07:16:18] INFO   ep35: train_loss=0.8054 val_acc=0.8755 val_f1=0.8739 val_uar=0.8755 lr=4.29e-05
[07:16:21] INFO   ep36: train_loss=0.8052 val_acc=0.8824 val_f1=0.8811 val_uar=0.8824 lr=4.01e-05
[07:16:26] INFO   ep37: train_loss=0.8052 val_acc=0.8755 val_f1=0.8746 val_uar=0.8755 lr=3.73e-05
[07:16:29] INFO   ep38: train_loss=0.8048 val_acc=0.8755 val_f1=0.8741 val_uar=0.8755 lr=3.45e-05
[07:16:33] INFO   ep39: train_loss=0.8045 val_acc=0.8755 val_f1=0.8747 val_uar=0.8755 lr=3.19e-05
[07:16:36] INFO   ep40: train_loss=0.8044 val_acc=0.8735 val_f1=0.8723 val_uar=0.8735 lr=2.92e-05
[07:16:39] INFO   ep41: train_loss=0.8048 val_acc=0.8765 val_f1=0.8757 val_uar=0.8765 lr=2.67e-05
[07:16:43] INFO   ep42: train_loss=0.8038 val_acc=0.8706 val_f1=0.8708 val_uar=0.8706 lr=2.42e-05
[07:16:46] INFO   ep43: train_loss=0.8034 val_acc=0.8696 val_f1=0.8687 val_uar=0.8696 lr=2.18e-05
[07:16:50] INFO   ep44: train_loss=0.8031 val_acc=0.8784 val_f1=0.8777 val_uar=0.8784 lr=1.95e-05
[07:16:53] INFO   ep45: train_loss=0.8028 val_acc=0.8775 val_f1=0.8768 val_uar=0.8775 lr=1.73e-05
[07:16:57] INFO   ep46: train_loss=0.8027 val_acc=0.8804 val_f1=0.8803 val_uar=0.8804 lr=1.52e-05
[07:17:00] INFO   ep47: train_loss=0.8019 val_acc=0.8784 val_f1=0.8779 val_uar=0.8784 lr=1.32e-05
[07:17:04] INFO   ep48: train_loss=0.8020 val_acc=0.8794 val_f1=0.8790 val_uar=0.8794 lr=1.13e-05
[07:17:07] INFO   ep49: train_loss=0.8022 val_acc=0.8814 val_f1=0.8810 val_uar=0.8814 lr=9.55e-06
[07:17:10] INFO   ep50: train_loss=0.8020 val_acc=0.8804 val_f1=0.8802 val_uar=0.8804 lr=7.94e-06
[07:17:14] INFO   ep51: train_loss=0.8027 val_acc=0.8843 val_f1=0.8836 val_uar=0.8843 lr=6.46e-06
[07:17:17] INFO   ep52: train_loss=0.8017 val_acc=0.8814 val_f1=0.8807 val_uar=0.8814 lr=5.13e-06
[07:17:21] INFO   ep53: train_loss=0.8017 val_acc=0.8804 val_f1=0.8794 val_uar=0.8804 lr=3.94e-06
[07:17:24] INFO   ep54: train_loss=0.8020 val_acc=0.8804 val_f1=0.8794 val_uar=0.8804 lr=2.91e-06
[07:17:27] INFO   ep55: train_loss=0.8019 val_acc=0.8784 val_f1=0.8771 val_uar=0.8784 lr=2.03e-06
[07:17:31] INFO   ep56: train_loss=0.8015 val_acc=0.8775 val_f1=0.8762 val_uar=0.8775 lr=1.30e-06
[07:17:34] INFO   ep57: train_loss=0.8018 val_acc=0.8784 val_f1=0.8772 val_uar=0.8784 lr=7.32e-07
[07:17:38] INFO   ep58: train_loss=0.8018 val_acc=0.8784 val_f1=0.8772 val_uar=0.8784 lr=3.26e-07
[07:17:41] INFO   ep59: train_loss=0.8017 val_acc=0.8784 val_f1=0.8772 val_uar=0.8784 lr=8.15e-08
[07:17:44] INFO   ep60: train_loss=0.8017 val_acc=0.8784 val_f1=0.8772 val_uar=0.8784 lr=0.00e+00
[07:17:44] INFO [done] vit_small_in1k_gray best_val_acc=0.8843 lr_used=0.0001 ckpt=checkpoints\flowers102_vit_small_in1k_gray_seed1.pt time=3.7min
[07:17:46] INFO   [E1] eval clean + per colorfulness bin
[07:18:04] INFO   [E2] eval perturbasi warna
[07:22:58] INFO   done vit_small_in1k_gray seed1
[07:22:58] INFO ==== flowers102 / vit_small_in1k_gray / seed2 (recipe=adamw gray=True) ====
[07:22:58] INFO [train] flowers102/vit_small_in1k_gray/seed2 recipe=adamw opt=adamw lr=0.0001 wd=0.05 grayscale=True epochs=60 device=cuda n_train=1020 n_val=1020 bs=64 accum=1
[07:23:17] INFO   ep1: train_loss=4.7306 val_acc=0.0520 val_f1=0.0370 val_uar=0.0520 lr=4.00e-05
[07:23:20] INFO   ep2: train_loss=4.0820 val_acc=0.2578 val_f1=0.2223 val_uar=0.2578 lr=6.00e-05
[07:23:24] INFO   ep3: train_loss=3.2762 val_acc=0.4608 val_f1=0.4266 val_uar=0.4608 lr=8.00e-05
[07:23:27] INFO   ep4: train_loss=2.3873 val_acc=0.6490 val_f1=0.6377 val_uar=0.6490 lr=1.00e-04
[07:23:30] INFO   ep5: train_loss=1.6844 val_acc=0.7412 val_f1=0.7319 val_uar=0.7412 lr=1.00e-04
[07:23:34] INFO   ep6: train_loss=1.2354 val_acc=0.7922 val_f1=0.7883 val_uar=0.7922 lr=9.99e-05
[07:23:37] INFO   ep7: train_loss=1.0091 val_acc=0.8069 val_f1=0.8076 val_uar=0.8069 lr=9.97e-05
[07:23:41] INFO   ep8: train_loss=0.9063 val_acc=0.8363 val_f1=0.8359 val_uar=0.8363 lr=9.93e-05
[07:23:44] INFO   ep9: train_loss=0.8581 val_acc=0.8392 val_f1=0.8381 val_uar=0.8392 lr=9.87e-05
[07:23:48] INFO   ep10: train_loss=0.8458 val_acc=0.8451 val_f1=0.8439 val_uar=0.8451 lr=9.80e-05
[07:23:51] INFO   ep11: train_loss=0.8353 val_acc=0.8402 val_f1=0.8395 val_uar=0.8402 lr=9.71e-05
[07:23:54] INFO   ep12: train_loss=0.8313 val_acc=0.8382 val_f1=0.8389 val_uar=0.8382 lr=9.61e-05
[07:23:58] INFO   ep13: train_loss=0.8275 val_acc=0.8451 val_f1=0.8450 val_uar=0.8451 lr=9.49e-05
[07:24:01] INFO   ep14: train_loss=0.8238 val_acc=0.8510 val_f1=0.8500 val_uar=0.8510 lr=9.35e-05
[07:24:05] INFO   ep15: train_loss=0.8226 val_acc=0.8471 val_f1=0.8450 val_uar=0.8471 lr=9.21e-05
[07:24:08] INFO   ep16: train_loss=0.8214 val_acc=0.8451 val_f1=0.8444 val_uar=0.8451 lr=9.05e-05
[07:24:11] INFO   ep17: train_loss=0.8193 val_acc=0.8461 val_f1=0.8446 val_uar=0.8461 lr=8.87e-05
[07:24:15] INFO   ep18: train_loss=0.8188 val_acc=0.8510 val_f1=0.8492 val_uar=0.8510 lr=8.68e-05
[07:24:18] INFO   ep19: train_loss=0.8163 val_acc=0.8510 val_f1=0.8488 val_uar=0.8510 lr=8.48e-05
[07:24:22] INFO   ep20: train_loss=0.8160 val_acc=0.8510 val_f1=0.8486 val_uar=0.8510 lr=8.27e-05
[07:24:25] INFO   ep21: train_loss=0.8157 val_acc=0.8539 val_f1=0.8516 val_uar=0.8539 lr=8.05e-05
[07:24:29] INFO   ep22: train_loss=0.8152 val_acc=0.8500 val_f1=0.8474 val_uar=0.8500 lr=7.82e-05
[07:24:32] INFO   ep23: train_loss=0.8139 val_acc=0.8598 val_f1=0.8565 val_uar=0.8598 lr=7.58e-05
[07:24:36] INFO   ep24: train_loss=0.8130 val_acc=0.8618 val_f1=0.8596 val_uar=0.8618 lr=7.33e-05
[07:24:39] INFO   ep25: train_loss=0.8117 val_acc=0.8529 val_f1=0.8510 val_uar=0.8529 lr=7.08e-05
[07:24:42] INFO   ep26: train_loss=0.8108 val_acc=0.8559 val_f1=0.8548 val_uar=0.8559 lr=6.81e-05
[07:24:46] INFO   ep27: train_loss=0.8106 val_acc=0.8529 val_f1=0.8508 val_uar=0.8529 lr=6.55e-05
[07:24:49] INFO   ep28: train_loss=0.8112 val_acc=0.8637 val_f1=0.8612 val_uar=0.8637 lr=6.27e-05
[07:24:53] INFO   ep29: train_loss=0.8089 val_acc=0.8549 val_f1=0.8526 val_uar=0.8549 lr=5.99e-05
[07:24:56] INFO   ep30: train_loss=0.8089 val_acc=0.8510 val_f1=0.8503 val_uar=0.8510 lr=5.71e-05
[07:24:59] INFO   ep31: train_loss=0.8091 val_acc=0.8529 val_f1=0.8525 val_uar=0.8529 lr=5.43e-05
[07:25:03] INFO   ep32: train_loss=0.8072 val_acc=0.8500 val_f1=0.8477 val_uar=0.8500 lr=5.14e-05
[07:25:06] INFO   ep33: train_loss=0.8063 val_acc=0.8549 val_f1=0.8525 val_uar=0.8549 lr=4.86e-05
[07:25:10] INFO   ep34: train_loss=0.8064 val_acc=0.8510 val_f1=0.8495 val_uar=0.8510 lr=4.57e-05
[07:25:13] INFO   ep35: train_loss=0.8055 val_acc=0.8539 val_f1=0.8525 val_uar=0.8539 lr=4.29e-05
[07:25:16] INFO   ep36: train_loss=0.8049 val_acc=0.8539 val_f1=0.8517 val_uar=0.8539 lr=4.01e-05
[07:25:20] INFO   ep37: train_loss=0.8044 val_acc=0.8559 val_f1=0.8539 val_uar=0.8559 lr=3.73e-05
[07:25:23] INFO   ep38: train_loss=0.8046 val_acc=0.8510 val_f1=0.8482 val_uar=0.8510 lr=3.45e-05
[07:25:27] INFO   ep39: train_loss=0.8046 val_acc=0.8608 val_f1=0.8596 val_uar=0.8608 lr=3.19e-05
[07:25:30] INFO   ep40: train_loss=0.8037 val_acc=0.8529 val_f1=0.8507 val_uar=0.8529 lr=2.92e-05
[07:25:33] INFO   ep41: train_loss=0.8061 val_acc=0.8588 val_f1=0.8565 val_uar=0.8588 lr=2.67e-05
[07:25:37] INFO   ep42: train_loss=0.8035 val_acc=0.8608 val_f1=0.8590 val_uar=0.8608 lr=2.42e-05
[07:25:40] INFO   ep43: train_loss=0.8035 val_acc=0.8618 val_f1=0.8601 val_uar=0.8618 lr=2.18e-05
[07:25:44] INFO   ep44: train_loss=0.8030 val_acc=0.8559 val_f1=0.8537 val_uar=0.8559 lr=1.95e-05
[07:25:47] INFO   ep45: train_loss=0.8023 val_acc=0.8539 val_f1=0.8511 val_uar=0.8539 lr=1.73e-05
[07:25:51] INFO   ep46: train_loss=0.8027 val_acc=0.8539 val_f1=0.8516 val_uar=0.8539 lr=1.52e-05
[07:25:54] INFO   ep47: train_loss=0.8023 val_acc=0.8569 val_f1=0.8545 val_uar=0.8569 lr=1.32e-05
[07:25:57] INFO   ep48: train_loss=0.8022 val_acc=0.8578 val_f1=0.8556 val_uar=0.8578 lr=1.13e-05
[07:26:01] INFO   ep49: train_loss=0.8020 val_acc=0.8569 val_f1=0.8546 val_uar=0.8569 lr=9.55e-06
[07:26:04] INFO   ep50: train_loss=0.8022 val_acc=0.8588 val_f1=0.8577 val_uar=0.8588 lr=7.94e-06
[07:26:07] INFO   ep51: train_loss=0.8020 val_acc=0.8578 val_f1=0.8562 val_uar=0.8578 lr=6.46e-06
[07:26:11] INFO   ep52: train_loss=0.8018 val_acc=0.8588 val_f1=0.8572 val_uar=0.8588 lr=5.13e-06
[07:26:14] INFO   ep53: train_loss=0.8014 val_acc=0.8578 val_f1=0.8558 val_uar=0.8578 lr=3.94e-06
[07:26:18] INFO   ep54: train_loss=0.8015 val_acc=0.8569 val_f1=0.8548 val_uar=0.8569 lr=2.91e-06
[07:26:21] INFO   ep55: train_loss=0.8012 val_acc=0.8578 val_f1=0.8556 val_uar=0.8578 lr=2.03e-06
[07:26:24] INFO   ep56: train_loss=0.8022 val_acc=0.8569 val_f1=0.8544 val_uar=0.8569 lr=1.30e-06
[07:26:28] INFO   ep57: train_loss=0.8011 val_acc=0.8569 val_f1=0.8544 val_uar=0.8569 lr=7.32e-07
[07:26:31] INFO   ep58: train_loss=0.8014 val_acc=0.8569 val_f1=0.8545 val_uar=0.8569 lr=3.26e-07
[07:26:35] INFO   ep59: train_loss=0.8020 val_acc=0.8569 val_f1=0.8545 val_uar=0.8569 lr=8.15e-08
[07:26:38] INFO   ep60: train_loss=0.8018 val_acc=0.8569 val_f1=0.8545 val_uar=0.8569 lr=0.00e+00
[07:26:38] INFO [done] vit_small_in1k_gray best_val_acc=0.8637 lr_used=0.0001 ckpt=checkpoints\flowers102_vit_small_in1k_gray_seed2.pt time=3.7min
[07:26:39] INFO   [E1] eval clean + per colorfulness bin
[07:26:57] INFO   [E2] eval perturbasi warna
[07:31:52] INFO   done vit_small_in1k_gray seed2
[07:31:52] INFO ==== flowers102 / vit_small_in1k_gray / seed3 (recipe=adamw gray=True) ====
[07:31:52] INFO [train] flowers102/vit_small_in1k_gray/seed3 recipe=adamw opt=adamw lr=0.0001 wd=0.05 grayscale=True epochs=60 device=cuda n_train=1020 n_val=1020 bs=64 accum=1
[07:32:10] INFO   ep1: train_loss=4.7480 val_acc=0.0549 val_f1=0.0357 val_uar=0.0549 lr=4.00e-05
[07:32:14] INFO   ep2: train_loss=4.0491 val_acc=0.2451 val_f1=0.2054 val_uar=0.2451 lr=6.00e-05
[07:32:17] INFO   ep3: train_loss=3.2158 val_acc=0.4853 val_f1=0.4555 val_uar=0.4853 lr=8.00e-05
[07:32:21] INFO   ep4: train_loss=2.3092 val_acc=0.6314 val_f1=0.6156 val_uar=0.6314 lr=1.00e-04
[07:32:24] INFO   ep5: train_loss=1.6779 val_acc=0.7539 val_f1=0.7480 val_uar=0.7539 lr=1.00e-04
[07:32:28] INFO   ep6: train_loss=1.2359 val_acc=0.7765 val_f1=0.7717 val_uar=0.7765 lr=9.99e-05
[07:32:31] INFO   ep7: train_loss=1.0219 val_acc=0.8098 val_f1=0.8077 val_uar=0.8098 lr=9.97e-05
[07:32:34] INFO   ep8: train_loss=0.9172 val_acc=0.8314 val_f1=0.8320 val_uar=0.8314 lr=9.93e-05
[07:32:38] INFO   ep9: train_loss=0.8686 val_acc=0.8373 val_f1=0.8353 val_uar=0.8373 lr=9.87e-05
[07:32:41] INFO   ep10: train_loss=0.8505 val_acc=0.8422 val_f1=0.8404 val_uar=0.8422 lr=9.80e-05
[07:32:45] INFO   ep11: train_loss=0.8376 val_acc=0.8461 val_f1=0.8434 val_uar=0.8461 lr=9.71e-05
[07:32:48] INFO   ep12: train_loss=0.8319 val_acc=0.8520 val_f1=0.8493 val_uar=0.8520 lr=9.61e-05
[07:32:52] INFO   ep13: train_loss=0.8290 val_acc=0.8343 val_f1=0.8303 val_uar=0.8343 lr=9.49e-05
[07:32:55] INFO   ep14: train_loss=0.8262 val_acc=0.8529 val_f1=0.8517 val_uar=0.8529 lr=9.35e-05
[07:32:58] INFO   ep15: train_loss=0.8229 val_acc=0.8490 val_f1=0.8472 val_uar=0.8490 lr=9.21e-05
[07:33:02] INFO   ep16: train_loss=0.8227 val_acc=0.8471 val_f1=0.8454 val_uar=0.8471 lr=9.05e-05
[07:33:05] INFO   ep17: train_loss=0.8202 val_acc=0.8510 val_f1=0.8490 val_uar=0.8510 lr=8.87e-05
[07:33:09] INFO   ep18: train_loss=0.8190 val_acc=0.8490 val_f1=0.8466 val_uar=0.8490 lr=8.68e-05
[07:33:12] INFO   ep19: train_loss=0.8183 val_acc=0.8480 val_f1=0.8463 val_uar=0.8480 lr=8.48e-05
[07:33:15] INFO   ep20: train_loss=0.8171 val_acc=0.8559 val_f1=0.8541 val_uar=0.8559 lr=8.27e-05
[07:33:19] INFO   ep21: train_loss=0.8161 val_acc=0.8539 val_f1=0.8518 val_uar=0.8539 lr=8.05e-05
[07:33:22] INFO   ep22: train_loss=0.8147 val_acc=0.8559 val_f1=0.8535 val_uar=0.8559 lr=7.82e-05
[07:33:26] INFO   ep23: train_loss=0.8137 val_acc=0.8451 val_f1=0.8436 val_uar=0.8451 lr=7.58e-05
[07:33:29] INFO   ep24: train_loss=0.8156 val_acc=0.8588 val_f1=0.8549 val_uar=0.8588 lr=7.33e-05
[07:33:32] INFO   ep25: train_loss=0.8129 val_acc=0.8569 val_f1=0.8537 val_uar=0.8569 lr=7.08e-05
[07:33:36] INFO   ep26: train_loss=0.8110 val_acc=0.8559 val_f1=0.8529 val_uar=0.8559 lr=6.81e-05
[07:33:39] INFO   ep27: train_loss=0.8115 val_acc=0.8608 val_f1=0.8567 val_uar=0.8608 lr=6.55e-05
[07:33:42] INFO   ep28: train_loss=0.8099 val_acc=0.8598 val_f1=0.8563 val_uar=0.8598 lr=6.27e-05
[07:33:46] INFO   ep29: train_loss=0.8095 val_acc=0.8569 val_f1=0.8524 val_uar=0.8569 lr=5.99e-05
[07:33:49] INFO   ep30: train_loss=0.8086 val_acc=0.8588 val_f1=0.8551 val_uar=0.8588 lr=5.71e-05
[07:33:53] INFO   ep31: train_loss=0.8094 val_acc=0.8598 val_f1=0.8566 val_uar=0.8598 lr=5.43e-05
[07:33:56] INFO   ep32: train_loss=0.8086 val_acc=0.8578 val_f1=0.8526 val_uar=0.8578 lr=5.14e-05
[07:33:59] INFO   ep33: train_loss=0.8072 val_acc=0.8569 val_f1=0.8533 val_uar=0.8569 lr=4.86e-05
[07:34:03] INFO   ep34: train_loss=0.8067 val_acc=0.8578 val_f1=0.8542 val_uar=0.8578 lr=4.57e-05
[07:34:06] INFO   ep35: train_loss=0.8076 val_acc=0.8559 val_f1=0.8514 val_uar=0.8559 lr=4.29e-05
[07:34:09] INFO   ep36: train_loss=0.8069 val_acc=0.8569 val_f1=0.8528 val_uar=0.8569 lr=4.01e-05
[07:34:13] INFO   ep37: train_loss=0.8055 val_acc=0.8657 val_f1=0.8631 val_uar=0.8657 lr=3.73e-05
[07:34:16] INFO   ep38: train_loss=0.8054 val_acc=0.8627 val_f1=0.8589 val_uar=0.8627 lr=3.45e-05
[07:34:20] INFO   ep39: train_loss=0.8065 val_acc=0.8569 val_f1=0.8520 val_uar=0.8569 lr=3.19e-05
[07:34:23] INFO   ep40: train_loss=0.8050 val_acc=0.8598 val_f1=0.8571 val_uar=0.8598 lr=2.92e-05
[07:34:26] INFO   ep41: train_loss=0.8042 val_acc=0.8598 val_f1=0.8548 val_uar=0.8598 lr=2.67e-05
[07:34:30] INFO   ep42: train_loss=0.8043 val_acc=0.8608 val_f1=0.8556 val_uar=0.8608 lr=2.42e-05
[07:34:33] INFO   ep43: train_loss=0.8051 val_acc=0.8627 val_f1=0.8586 val_uar=0.8627 lr=2.18e-05
[07:34:37] INFO   ep44: train_loss=0.8036 val_acc=0.8569 val_f1=0.8528 val_uar=0.8569 lr=1.95e-05
[07:34:40] INFO   ep45: train_loss=0.8035 val_acc=0.8618 val_f1=0.8574 val_uar=0.8618 lr=1.73e-05
[07:34:43] INFO   ep46: train_loss=0.8032 val_acc=0.8627 val_f1=0.8582 val_uar=0.8627 lr=1.52e-05
[07:34:47] INFO   ep47: train_loss=0.8038 val_acc=0.8598 val_f1=0.8549 val_uar=0.8598 lr=1.32e-05
[07:34:50] INFO   ep48: train_loss=0.8028 val_acc=0.8618 val_f1=0.8569 val_uar=0.8618 lr=1.13e-05
[07:34:53] INFO   ep49: train_loss=0.8028 val_acc=0.8627 val_f1=0.8581 val_uar=0.8627 lr=9.55e-06
[07:34:57] INFO   ep50: train_loss=0.8025 val_acc=0.8647 val_f1=0.8605 val_uar=0.8647 lr=7.94e-06
[07:35:00] INFO   ep51: train_loss=0.8027 val_acc=0.8657 val_f1=0.8617 val_uar=0.8657 lr=6.46e-06
[07:35:03] INFO   ep52: train_loss=0.8019 val_acc=0.8647 val_f1=0.8605 val_uar=0.8647 lr=5.13e-06
[07:35:07] INFO   ep53: train_loss=0.8023 val_acc=0.8637 val_f1=0.8596 val_uar=0.8637 lr=3.94e-06
[07:35:10] INFO   ep54: train_loss=0.8022 val_acc=0.8627 val_f1=0.8579 val_uar=0.8627 lr=2.91e-06
[07:35:13] INFO   ep55: train_loss=0.8021 val_acc=0.8637 val_f1=0.8588 val_uar=0.8637 lr=2.03e-06
[07:35:17] INFO   ep56: train_loss=0.8022 val_acc=0.8647 val_f1=0.8607 val_uar=0.8647 lr=1.30e-06
[07:35:20] INFO   ep57: train_loss=0.8016 val_acc=0.8657 val_f1=0.8616 val_uar=0.8657 lr=7.32e-07
[07:35:23] INFO   ep58: train_loss=0.8020 val_acc=0.8647 val_f1=0.8600 val_uar=0.8647 lr=3.26e-07
[07:35:27] INFO   ep59: train_loss=0.8024 val_acc=0.8647 val_f1=0.8600 val_uar=0.8647 lr=8.15e-08
[07:35:30] INFO   ep60: train_loss=0.8021 val_acc=0.8647 val_f1=0.8600 val_uar=0.8647 lr=0.00e+00
[07:35:30] INFO [done] vit_small_in1k_gray best_val_acc=0.8657 lr_used=0.0001 ckpt=checkpoints\flowers102_vit_small_in1k_gray_seed3.pt time=3.6min
[07:35:32] INFO   [E1] eval clean + per colorfulness bin
[07:35:50] INFO   [E2] eval perturbasi warna
[07:40:43] INFO   done vit_small_in1k_gray seed3
[07:40:43] INFO ==== flowers102 / vit_small_in1k_gray / seed4 (recipe=adamw gray=True) ====
[07:40:44] INFO [train] flowers102/vit_small_in1k_gray/seed4 recipe=adamw opt=adamw lr=0.0001 wd=0.05 grayscale=True epochs=60 device=cuda n_train=1020 n_val=1020 bs=64 accum=1
[07:41:02] INFO   ep1: train_loss=4.7701 val_acc=0.0529 val_f1=0.0412 val_uar=0.0529 lr=4.00e-05
[07:41:05] INFO   ep2: train_loss=4.0858 val_acc=0.2431 val_f1=0.1968 val_uar=0.2431 lr=6.00e-05
[07:41:09] INFO   ep3: train_loss=3.2475 val_acc=0.4971 val_f1=0.4659 val_uar=0.4971 lr=8.00e-05
[07:41:12] INFO   ep4: train_loss=2.3910 val_acc=0.6402 val_f1=0.6344 val_uar=0.6402 lr=1.00e-04
[07:41:16] INFO   ep5: train_loss=1.6939 val_acc=0.7529 val_f1=0.7462 val_uar=0.7529 lr=1.00e-04
[07:41:19] INFO   ep6: train_loss=1.2481 val_acc=0.8049 val_f1=0.8037 val_uar=0.8049 lr=9.99e-05
[07:41:23] INFO   ep7: train_loss=1.0231 val_acc=0.8275 val_f1=0.8261 val_uar=0.8275 lr=9.97e-05
[07:41:26] INFO   ep8: train_loss=0.9180 val_acc=0.8294 val_f1=0.8292 val_uar=0.8294 lr=9.93e-05
[07:41:30] INFO   ep9: train_loss=0.8651 val_acc=0.8422 val_f1=0.8399 val_uar=0.8422 lr=9.87e-05
[07:41:33] INFO   ep10: train_loss=0.8476 val_acc=0.8500 val_f1=0.8474 val_uar=0.8500 lr=9.80e-05
[07:41:37] INFO   ep11: train_loss=0.8373 val_acc=0.8529 val_f1=0.8507 val_uar=0.8529 lr=9.71e-05
[07:41:40] INFO   ep12: train_loss=0.8312 val_acc=0.8578 val_f1=0.8558 val_uar=0.8578 lr=9.61e-05
[07:41:43] INFO   ep13: train_loss=0.8260 val_acc=0.8510 val_f1=0.8498 val_uar=0.8510 lr=9.49e-05
[07:41:47] INFO   ep14: train_loss=0.8253 val_acc=0.8559 val_f1=0.8535 val_uar=0.8559 lr=9.35e-05
[07:41:50] INFO   ep15: train_loss=0.8230 val_acc=0.8569 val_f1=0.8546 val_uar=0.8569 lr=9.21e-05
[07:41:54] INFO   ep16: train_loss=0.8214 val_acc=0.8588 val_f1=0.8559 val_uar=0.8588 lr=9.05e-05
[07:41:57] INFO   ep17: train_loss=0.8196 val_acc=0.8559 val_f1=0.8535 val_uar=0.8559 lr=8.87e-05
[07:42:00] INFO   ep18: train_loss=0.8223 val_acc=0.8539 val_f1=0.8522 val_uar=0.8539 lr=8.68e-05
[07:42:04] INFO   ep19: train_loss=0.8191 val_acc=0.8559 val_f1=0.8545 val_uar=0.8559 lr=8.48e-05
[07:42:07] INFO   ep20: train_loss=0.8171 val_acc=0.8627 val_f1=0.8606 val_uar=0.8627 lr=8.27e-05
[07:42:11] INFO   ep21: train_loss=0.8150 val_acc=0.8627 val_f1=0.8601 val_uar=0.8627 lr=8.05e-05
[07:42:14] INFO   ep22: train_loss=0.8137 val_acc=0.8647 val_f1=0.8620 val_uar=0.8647 lr=7.82e-05
[07:42:17] INFO   ep23: train_loss=0.8140 val_acc=0.8559 val_f1=0.8535 val_uar=0.8559 lr=7.58e-05
[07:42:21] INFO   ep24: train_loss=0.8130 val_acc=0.8569 val_f1=0.8534 val_uar=0.8569 lr=7.33e-05
[07:42:24] INFO   ep25: train_loss=0.8115 val_acc=0.8598 val_f1=0.8567 val_uar=0.8598 lr=7.08e-05
[07:42:28] INFO   ep26: train_loss=0.8115 val_acc=0.8637 val_f1=0.8615 val_uar=0.8637 lr=6.81e-05
[07:42:31] INFO   ep27: train_loss=0.8108 val_acc=0.8578 val_f1=0.8563 val_uar=0.8578 lr=6.55e-05
[07:42:34] INFO   ep28: train_loss=0.8096 val_acc=0.8569 val_f1=0.8541 val_uar=0.8569 lr=6.27e-05
[07:42:38] INFO   ep29: train_loss=0.8099 val_acc=0.8608 val_f1=0.8578 val_uar=0.8608 lr=5.99e-05
[07:42:41] INFO   ep30: train_loss=0.8093 val_acc=0.8559 val_f1=0.8530 val_uar=0.8559 lr=5.71e-05
[07:42:45] INFO   ep31: train_loss=0.8079 val_acc=0.8578 val_f1=0.8548 val_uar=0.8578 lr=5.43e-05
[07:42:48] INFO   ep32: train_loss=0.8074 val_acc=0.8559 val_f1=0.8535 val_uar=0.8559 lr=5.14e-05
[07:42:51] INFO   ep33: train_loss=0.8067 val_acc=0.8627 val_f1=0.8598 val_uar=0.8627 lr=4.86e-05
[07:42:55] INFO   ep34: train_loss=0.8062 val_acc=0.8578 val_f1=0.8548 val_uar=0.8578 lr=4.57e-05
[07:42:58] INFO   ep35: train_loss=0.8058 val_acc=0.8549 val_f1=0.8526 val_uar=0.8549 lr=4.29e-05
[07:43:01] INFO   ep36: train_loss=0.8056 val_acc=0.8657 val_f1=0.8621 val_uar=0.8657 lr=4.01e-05
[07:43:05] INFO   ep37: train_loss=0.8051 val_acc=0.8618 val_f1=0.8595 val_uar=0.8618 lr=3.73e-05
[07:43:08] INFO   ep38: train_loss=0.8049 val_acc=0.8598 val_f1=0.8572 val_uar=0.8598 lr=3.45e-05
[07:43:12] INFO   ep39: train_loss=0.8041 val_acc=0.8618 val_f1=0.8597 val_uar=0.8618 lr=3.19e-05
[07:43:15] INFO   ep40: train_loss=0.8040 val_acc=0.8657 val_f1=0.8632 val_uar=0.8657 lr=2.92e-05
[07:43:18] INFO   ep41: train_loss=0.8040 val_acc=0.8618 val_f1=0.8589 val_uar=0.8618 lr=2.67e-05
[07:43:22] INFO   ep42: train_loss=0.8039 val_acc=0.8618 val_f1=0.8589 val_uar=0.8618 lr=2.42e-05
[07:43:25] INFO   ep43: train_loss=0.8033 val_acc=0.8618 val_f1=0.8590 val_uar=0.8618 lr=2.18e-05
[07:43:29] INFO   ep44: train_loss=0.8038 val_acc=0.8627 val_f1=0.8598 val_uar=0.8627 lr=1.95e-05
[07:43:32] INFO   ep45: train_loss=0.8031 val_acc=0.8637 val_f1=0.8609 val_uar=0.8637 lr=1.73e-05
[07:43:35] INFO   ep46: train_loss=0.8033 val_acc=0.8637 val_f1=0.8609 val_uar=0.8637 lr=1.52e-05
[07:43:39] INFO   ep47: train_loss=0.8025 val_acc=0.8627 val_f1=0.8600 val_uar=0.8627 lr=1.32e-05
[07:43:42] INFO   ep48: train_loss=0.8022 val_acc=0.8647 val_f1=0.8616 val_uar=0.8647 lr=1.13e-05
[07:43:45] INFO   ep49: train_loss=0.8030 val_acc=0.8657 val_f1=0.8624 val_uar=0.8657 lr=9.55e-06
[07:43:49] INFO   ep50: train_loss=0.8019 val_acc=0.8647 val_f1=0.8613 val_uar=0.8647 lr=7.94e-06
[07:43:52] INFO   ep51: train_loss=0.8020 val_acc=0.8637 val_f1=0.8607 val_uar=0.8637 lr=6.46e-06
[07:43:56] INFO   ep52: train_loss=0.8021 val_acc=0.8627 val_f1=0.8597 val_uar=0.8627 lr=5.13e-06
[07:43:59] INFO   ep53: train_loss=0.8019 val_acc=0.8657 val_f1=0.8626 val_uar=0.8657 lr=3.94e-06
[07:44:02] INFO   ep54: train_loss=0.8016 val_acc=0.8647 val_f1=0.8616 val_uar=0.8647 lr=2.91e-06
[07:44:06] INFO   ep55: train_loss=0.8018 val_acc=0.8657 val_f1=0.8626 val_uar=0.8657 lr=2.03e-06
[07:44:09] INFO   ep56: train_loss=0.8015 val_acc=0.8657 val_f1=0.8626 val_uar=0.8657 lr=1.30e-06
[07:44:12] INFO   ep57: train_loss=0.8030 val_acc=0.8657 val_f1=0.8625 val_uar=0.8657 lr=7.32e-07
[07:44:16] INFO   ep58: train_loss=0.8037 val_acc=0.8657 val_f1=0.8627 val_uar=0.8657 lr=3.26e-07
[07:44:19] INFO   ep59: train_loss=0.8021 val_acc=0.8657 val_f1=0.8626 val_uar=0.8657 lr=8.15e-08
[07:44:23] INFO   ep60: train_loss=0.8019 val_acc=0.8657 val_f1=0.8626 val_uar=0.8657 lr=0.00e+00
[07:44:23] INFO [done] vit_small_in1k_gray best_val_acc=0.8657 lr_used=0.0001 ckpt=checkpoints\flowers102_vit_small_in1k_gray_seed4.pt time=3.7min
[07:44:24] INFO   [E1] eval clean + per colorfulness bin
[07:44:42] INFO   [E2] eval perturbasi warna
[07:49:36] INFO   done vit_small_in1k_gray seed4
[07:49:36] INFO ALL DONE
