dataset,id,backbone,arm,y_true,n_img,n_seed,clean_mean,clean_sd,gray_mean,gray_sd,CR_mean,CR_sd
cub200,S1,ResNet-50,resnet50,0,30,5,0.8133333333333332,0.029814239699997188,0.58,0.0869226987360353,0.2333333333333334,0.09999999999999998
cub200,S1,ResNet-50,resnet50,1,30,5,0.7866666666666667,0.050552502960343686,0.6199999999999999,0.09006170724070862,0.1666666666666667,0.10274023338281625
cub200,S1,ResNet-50,resnet50,2,28,5,0.8285714285714285,0.029880715233359827,0.8714285714285713,0.05976143046671971,-0.042857142857142885,0.04656573146573324
cub200,S1,ResNet-50,resnet50,3,30,5,0.8333333333333334,0.0666666666666667,0.42666666666666664,0.08944271909999159,0.4066666666666666,0.04346134936801766
cub200,S1,ResNet-50,resnet50,4,14,5,0.9142857142857143,0.03194382824999703,0.2857142857142857,0.1336306209562122,0.6285714285714286,0.1173691194653927
cub200,S1,ResNet-50,resnet50,5,11,5,0.8,0.0406557814090871,0.8,0.07606000241218867,2.2204460492503132e-17,0.09090909090909091
cub200,S1,ResNet-50,resnet50,6,23,5,0.9478260869565217,0.03637652289278592,0.7478260869565216,0.07777627747825357,0.2,0.049572844569527735
cub200,S1,ResNet-50,resnet50,7,18,5,0.8444444444444444,0.06085806194501843,0.5777777777777777,0.1009216784699164,0.26666666666666666,0.12044157438154886
cub200,S1,ResNet-50,resnet50,8,29,5,0.5103448275862069,0.05666095422467235,0.48275862068965514,0.03448275862068967,0.027586206896551703,0.0892564076244468
cub200,S1,ResNet-50,resnet50,9,30,5,0.8933333333333333,0.027888667551135844,0.03333333333333333,0.04082482904638631,0.86,0.06411794687223779
cub200,S1,ResNet-50,resnet50,10,30,5,0.5666666666666667,0.07817359599705714,0.4533333333333333,0.05055250296034366,0.11333333333333331,0.09603240193925286
cub200,S1,ResNet-50,resnet50,11,26,5,0.9230769230769231,0.0,0.046153846153846156,0.017200522903844537,0.876923076923077,0.017200522903844526
cub200,S1,ResNet-50,resnet50,12,30,5,0.9066666666666666,0.014907119849998594,0.8400000000000001,0.059628479399994376,0.06666666666666665,0.07071067811865474
cub200,S1,ResNet-50,resnet50,13,30,5,0.8800000000000001,0.05055250296034366,0.0,0.0,0.8800000000000001,0.05055250296034366
cub200,S1,ResNet-50,resnet50,14,28,5,0.95,0.019561519910898783,0.014285714285714285,0.031943828249996996,0.9357142857142857,0.04656573146573319
cub200,S1,ResNet-50,resnet50,15,28,5,0.9142857142857143,0.019561519910898783,0.0,0.0,0.9142857142857143,0.019561519910898783
cub200,S1,ResNet-50,resnet50,16,27,5,0.9111111111111111,0.04222871944811621,0.3333333333333333,0.09799078929868854,0.5777777777777777,0.09658077637337259
cub200,S1,ResNet-50,resnet50,17,15,5,0.9866666666666667,0.029814239699997188,0.5333333333333333,0.04714045207910316,0.4533333333333333,0.05577733510227169
cub200,S1,ResNet-50,resnet50,18,29,5,0.8482758620689654,0.03084231693103159,0.0896551724137931,0.10794810925861052,0.7586206896551724,0.08086923723833499
cub200,S1,ResNet-50,resnet50,19,29,5,0.7448275862068965,0.039316393968935784,0.0,0.0,0.7448275862068965,0.039316393968935784
cub200,S1,ResNet-50,resnet50,20,30,5,0.9400000000000001,0.04944132324730441,0.2733333333333333,0.0547722557505166,0.6666666666666666,0.07453559924999302
cub200,S1,ResNet-50,resnet50,21,26,5,0.6230769230769231,0.06880209161537815,0.2076923076923077,0.12343697335293241,0.4153846153846154,0.13706561293234973
cub200,S1,ResNet-50,resnet50,22,29,5,0.5241379310344827,0.07066862597213514,0.4206896551724138,0.05114619646272871,0.10344827586206895,0.07314897736412558
cub200,S1,ResNet-50,resnet50,23,22,5,0.8818181818181818,0.04065578140908705,0.19090909090909092,0.07468943965979538,0.6909090909090909,0.10365231137264887
cub200,S1,ResNet-50,resnet50,24,30,5,0.5333333333333333,0.09128709291752767,0.6866666666666666,0.038005847503304595,-0.1533333333333333,0.11690451944500119
cub200,S1,ResNet-50,resnet50,25,30,5,0.9133333333333333,0.018257418583505533,0.0,0.0,0.9133333333333333,0.018257418583505533
cub200,S1,ResNet-50,resnet50,26,30,5,0.36,0.07226494462892934,0.2866666666666667,0.0960324019392529,0.07333333333333332,0.12110601416389967
cub200,S1,ResNet-50,resnet50,27,29,5,0.8689655172413794,0.015421158465515823,0.8482758620689654,0.030842316931031545,0.02068965517241379,0.04626347539654736
cub200,S1,ResNet-50,resnet50,28,30,5,0.38,0.06497862896539311,0.24,0.14414498873626436,0.14,0.09249624617007739
cub200,S1,ResNet-50,resnet50,29,30,5,0.44000000000000006,0.08628119403696524,0.52,0.13457752825457564,-0.07999999999999999,0.10697871023920806
cub200,S1,ResNet-50,resnet50,30,30,5,0.78,0.06497862896539312,0.37333333333333335,0.151657508881031,0.4066666666666666,0.1816590212458495
cub200,S1,ResNet-50,resnet50,31,23,5,0.6608695652173913,0.019444069369563374,0.21739130434782608,0.08134037797334655,0.4434782608695652,0.08910391970399649
cub200,S1,ResNet-50,resnet50,32,29,5,0.6482758620689655,0.06632891055748741,0.30344827586206896,0.14507368253767333,0.3448275862068965,0.14831595288004532
cub200,S1,ResNet-50,resnet50,33,29,5,0.9379310344827587,0.028850345742554347,0.3103448275862069,0.08791412954470318,0.6275862068965518,0.09252695079309474
cub200,S1,ResNet-50,resnet50,34,30,5,0.9800000000000001,0.018257418583505533,0.37333333333333335,0.0760116950066092,0.6066666666666667,0.07958224257542215
cub200,S1,ResNet-50,resnet50,35,30,5,0.9800000000000001,0.018257418583505533,0.8400000000000001,0.0894427190999916,0.13999999999999999,0.1038160766826496
cub200,S1,ResNet-50,resnet50,36,29,5,0.5793103448275863,0.06632891055748738,0.44827586206896547,0.08791412954470318,0.13103448275862067,0.12994099090632252
cub200,S1,ResNet-50,resnet50,37,30,5,0.6799999999999999,0.03800584750330459,0.026666666666666665,0.04346134936801766,0.6533333333333333,0.06912147117775906
cub200,S1,ResNet-50,resnet50,38,29,5,0.5310344827586206,0.057700691485108625,0.23448275862068962,0.07475683927130622,0.29655172413793107,0.0993438640750892
cub200,S1,ResNet-50,resnet50,39,30,5,0.5533333333333333,0.05577733510227169,0.3866666666666666,0.10697871023920809,0.16666666666666666,0.08164965809277262
cub200,S1,ResNet-50,resnet50,40,30,5,0.9,0.033333333333333326,0.6866666666666666,0.050552502960343706,0.21333333333333337,0.07302967433402217
cub200,S1,ResNet-50,resnet50,41,30,5,0.9133333333333333,0.029814239699997188,0.0,0.0,0.9133333333333333,0.029814239699997188
cub200,S1,ResNet-50,resnet50,42,29,5,0.44827586206896547,0.04876598490941709,0.10344827586206898,0.05452202862359275,0.3448275862068965,0.09443492370778728
cub200,S1,ResNet-50,resnet50,43,30,5,0.86,0.04346134936801765,0.72,0.03800584750330462,0.14000000000000007,0.036514837167011045
cub200,S1,ResNet-50,resnet50,44,30,5,0.6399999999999999,0.04346134936801765,0.7133333333333334,0.07673909622147562,-0.07333333333333339,0.04944132324730446
cub200,S1,ResNet-50,resnet50,45,30,5,0.9333333333333333,0.0,0.76,0.08628119403696527,0.17333333333333337,0.08628119403696527
cub200,S1,ResNet-50,resnet50,46,30,5,0.9199999999999999,0.038005847503304595,0.013333333333333332,0.018257418583505537,0.9066666666666666,0.027888667551135844
cub200,S1,ResNet-50,resnet50,47,30,5,0.96,0.014907119849998596,0.2866666666666667,0.07673909622147557,0.6733333333333335,0.06831300510639729
cub200,S1,ResNet-50,resnet50,48,30,5,0.6599999999999999,0.06831300510639735,0.24666666666666667,0.09888264649460882,0.4133333333333333,0.10697871023920809
cub200,S1,ResNet-50,resnet50,49,30,5,0.6599999999999999,0.027888667551135848,0.37333333333333335,0.13824294235551812,0.2866666666666666,0.14259499757471625
cub200,S1,ResNet-50,resnet50,50,30,5,0.8733333333333334,0.04346134936801765,0.37333333333333335,0.049441323247304436,0.5,0.0235702260395516
cub200,S1,ResNet-50,resnet50,51,30,5,0.8733333333333334,0.014907119849998596,0.8,0.04082482904638634,0.07333333333333333,0.04346134936801769
cub200,S1,ResNet-50,resnet50,52,30,5,0.9466666666666667,0.029814239699997188,0.8666666666666666,0.10274023338281629,0.08,0.09309493362512627
cub200,S1,ResNet-50,resnet50,53,30,5,0.8200000000000001,0.029814239699997188,0.019999999999999997,0.02981423969999719,0.8,0.033333333333333326
cub200,S1,ResNet-50,resnet50,54,30,5,0.9133333333333333,0.03800584750330459,0.006666666666666666,0.014907119849998596,0.9066666666666666,0.027888667551135844
cub200,S1,ResNet-50,resnet50,55,30,5,0.8933333333333333,0.014907119849998596,0.07333333333333333,0.04944132324730442,0.8200000000000001,0.055777335102271695
cub200,S1,ResNet-50,resnet50,56,30,5,0.9733333333333334,0.014907119849998596,0.5466666666666666,0.10165300454651269,0.42666666666666664,0.11401754250991378
cub200,S1,ResNet-50,resnet50,57,28,5,0.7428571428571429,0.04656573146573318,0.5,0.025253813613805257,0.24285714285714288,0.02988071523335983
cub200,S1,ResNet-50,resnet50,58,30,5,0.30666666666666664,0.054772255750516606,0.10666666666666666,0.027888667551135848,0.2,0.04082482904638629
cub200,S1,ResNet-50,resnet50,59,29,5,0.5103448275862069,0.0858613765378533,0.6482758620689655,0.0786327879378716,-0.13793103448275862,0.024382992454708565
cub200,S1,ResNet-50,resnet50,60,30,5,0.9666666666666666,1.2412670766236366e-16,0.5066666666666666,0.09249624617007737,0.45999999999999996,0.09249624617007737
cub200,S1,ResNet-50,resnet50,61,30,5,0.4533333333333333,0.1016530045465127,0.18,0.07302967433402215,0.2733333333333333,0.11642832797715322
cub200,S1,ResNet-50,resnet50,62,30,5,0.8133333333333332,0.04472135954999579,0.7133333333333333,0.03800584750330463,0.10000000000000006,0.052704627669472995
cub200,S1,ResNet-50,resnet50,63,30,5,0.42000000000000004,0.05055250296034368,0.2733333333333333,0.027888667551135844,0.14666666666666667,0.055777335102271695
cub200,S1,ResNet-50,resnet50,64,20,5,0.6,0.04999999999999999,0.47000000000000003,0.04472135954999579,0.13000000000000003,0.04472135954999577
cub200,S1,ResNet-50,resnet50,65,30,5,0.6666666666666666,0.05270462766947298,0.6466666666666667,0.10434983894999017,0.019999999999999997,0.1095445115010332
cub200,S1,ResNet-50,resnet50,66,30,5,0.6733333333333332,0.036514837167011066,0.5266666666666666,0.12110601416389964,0.14666666666666664,0.0869226987360353
cub200,S1,ResNet-50,resnet50,67,30,5,0.86,0.036514837167011066,0.5266666666666666,0.04346134936801765,0.33333333333333337,0.062360956446232345
cub200,S1,ResNet-50,resnet50,68,30,5,0.7866666666666667,0.03800584750330463,0.4066666666666666,0.06831300510639733,0.38,0.0836660026534076
cub200,S1,ResNet-50,resnet50,69,30,5,0.9866666666666667,0.018257418583505533,0.0,0.0,0.9866666666666667,0.018257418583505533
cub200,S1,ResNet-50,resnet50,70,30,5,0.42000000000000004,0.09309493362512627,0.4066666666666666,0.05477225575051663,0.013333333333333353,0.07302967433402215
cub200,S1,ResNet-50,resnet50,71,30,5,0.5666666666666667,0.0408248290463863,0.27999999999999997,0.06912147117775905,0.2866666666666667,0.05577733510227169
cub200,S1,ResNet-50,resnet50,72,30,5,0.9066666666666666,0.036514837167011066,0.42666666666666664,0.04346134936801767,0.4800000000000001,0.03800584750330463
cub200,S1,ResNet-50,resnet50,73,30,5,0.9933333333333334,0.014907119849998594,0.08,0.060553007081949835,0.9133333333333333,0.06912147117775905
cub200,S1,ResNet-50,resnet50,74,27,5,0.9407407407407407,0.020286020648339457,0.274074074074074,0.09658077637337258,0.6666666666666667,0.10143010324169739
cub200,S1,ResNet-50,resnet50,75,30,5,0.9199999999999999,0.018257418583505533,0.7066666666666667,0.049441323247304436,0.21333333333333337,0.03800584750330463
cub200,S1,ResNet-50,resnet50,76,30,5,0.9733333333333334,0.036514837167011066,0.006666666666666666,0.014907119849998596,0.9666666666666666,0.04714045207910316
cub200,S1,ResNet-50,resnet50,77,29,5,0.8551724137931034,0.05666095422467234,0.46896551724137936,0.15536386656646634,0.38620689655172413,0.1228864115945204
cub200,S1,ResNet-50,resnet50,78,30,5,0.8533333333333333,0.04472135954999579,0.5066666666666666,0.09831920802501748,0.3466666666666667,0.0869226987360353
cub200,S1,ResNet-50,resnet50,79,30,5,0.8,0.02357022603955158,0.6799999999999999,0.03800584750330459,0.12000000000000008,0.03800584750330459
cub200,S1,ResNet-50,resnet50,80,30,5,0.9,0.0,0.8266666666666668,0.014907119849998594,0.07333333333333332,0.014907119849998594
cub200,S1,ResNet-50,resnet50,81,30,5,0.8200000000000001,0.029814239699997188,0.36666666666666664,0.1130388330520878,0.4533333333333333,0.1386442289539028
cub200,S1,ResNet-50,resnet50,82,30,5,0.96,0.014907119849998596,0.19333333333333333,0.07226494462892934,0.7666666666666667,0.07817359599705717
cub200,S1,ResNet-50,resnet50,83,23,5,0.8347826086956521,0.019444069369563374,0.5826086956521739,0.10470951807645475,0.25217391304347825,0.09425862342903828
cub200,S1,ResNet-50,resnet50,84,30,5,0.9533333333333334,0.018257418583505533,0.7933333333333333,0.027888667551135848,0.15999999999999998,0.036514837167011066
cub200,S1,ResNet-50,resnet50,85,30,5,0.8666666666666668,0.05270462766947298,0.9533333333333334,0.05055250296034366,-0.08666666666666664,0.06055300708194982
cub200,S1,ResNet-50,resnet50,86,30,5,0.8266666666666668,0.04346134936801765,0.1,0.047140452079103175,0.7266666666666668,0.059628479399994376
cub200,S1,ResNet-50,resnet50,87,30,5,0.9466666666666667,0.029814239699997188,0.13333333333333333,0.10540925533894598,0.8133333333333332,0.0869226987360353
cub200,S1,ResNet-50,resnet50,88,30,5,0.8,0.0,0.7466666666666667,0.018257418583505595,0.053333333333333385,0.018257418583505592
cub200,S1,ResNet-50,resnet50,89,30,5,0.9199999999999999,0.018257418583505533,0.58,0.05577733510227169,0.34,0.06411794687223779
cub200,S1,ResNet-50,resnet50,90,30,5,0.6333333333333333,0.04714045207910316,0.6199999999999999,0.05055250296034366,0.01333333333333333,0.03800584750330459
cub200,S1,ResNet-50,resnet50,91,30,5,0.8933333333333333,0.027888667551135848,0.6599999999999999,0.07601169500660918,0.2333333333333334,0.08498365855987973
cub200,S1,ResNet-50,resnet50,92,30,5,1.0,0.0,0.7733333333333333,0.06411794687223785,0.22666666666666666,0.06411794687223785
cub200,S1,ResNet-50,resnet50,93,30,5,0.96,0.014907119849998594,0.6466666666666667,0.05577733510227169,0.31333333333333335,0.05055250296034366
cub200,S1,ResNet-50,resnet50,94,30,5,0.8400000000000001,0.027888667551135844,0.0,0.0,0.8400000000000001,0.027888667551135844
cub200,S1,ResNet-50,resnet50,95,30,5,0.72,0.03800584750330462,0.0,0.0,0.72,0.03800584750330462
cub200,S1,ResNet-50,resnet50,96,29,5,0.6965517241379311,0.044960016587604464,0.006896551724137931,0.015421158465515792,0.6896551724137931,0.04223258177212375
cub200,S1,ResNet-50,resnet50,97,30,5,0.9,0.02357022603955158,0.07333333333333333,0.054772255750516606,0.8266666666666668,0.059628479399994376
cub200,S1,ResNet-50,resnet50,98,30,5,0.8266666666666668,0.036514837167011066,0.5866666666666667,0.09603240193925287,0.24000000000000005,0.09249624617007737
cub200,S1,ResNet-50,resnet50,99,30,5,0.9933333333333334,0.014907119849998594,0.8733333333333334,0.027888667551135844,0.11999999999999997,0.018257418583505533
cub200,S1,ResNet-50,resnet50,100,20,5,0.97,0.02738612787525833,0.96,0.022360679774997918,0.010000000000000009,0.022360679774997918
cub200,S1,ResNet-50,resnet50,101,30,5,0.31999999999999995,0.06497862896539308,0.3333333333333333,0.062360956446232366,-0.013333333333333341,0.10165300454651269
cub200,S1,ResNet-50,resnet50,102,30,5,0.5866666666666667,0.08027729719194862,0.2866666666666667,0.08366600265340754,0.3,0.11785113019775792
cub200,S1,ResNet-50,resnet50,103,30,5,0.6533333333333333,0.03800584750330459,0.45999999999999996,0.0683130051063973,0.1933333333333333,0.05962847939999438
cub200,S1,ResNet-50,resnet50,104,19,5,0.7894736842105263,0.05263157894736842,0.9157894736842105,0.060009232899954634,-0.12631578947368421,0.07061267297367758
cub200,S1,ResNet-50,resnet50,105,30,5,0.9466666666666667,0.018257418583505533,0.9066666666666666,0.036514837167011066,0.039999999999999994,0.04346134936801765
cub200,S1,ResNet-50,resnet50,106,30,5,0.49333333333333335,0.04346134936801765,0.26666666666666666,0.02357022603955158,0.22666666666666666,0.03651483716701107
cub200,S1,ResNet-50,resnet50,107,30,5,0.7933333333333333,0.04346134936801765,0.8066666666666666,0.04944132324730445,-0.013333333333333308,0.02981423969999723
cub200,S1,ResNet-50,resnet50,108,30,5,0.9,0.02357022603955158,0.0,0.0,0.9,0.02357022603955158
cub200,S1,ResNet-50,resnet50,109,30,5,0.9333333333333333,0.02357022603955158,0.8933333333333333,0.027888667551135848,0.039999999999999994,0.04346134936801765
cub200,S1,ResNet-50,resnet50,110,30,5,0.5666666666666667,0.06666666666666665,0.1,0.05270462766947299,0.4666666666666667,0.06666666666666665
cub200,S1,ResNet-50,resnet50,111,30,5,0.6666666666666666,0.05270462766947298,0.8866666666666667,0.04472135954999579,-0.22000000000000006,0.038005847503304595
cub200,S1,ResNet-50,resnet50,112,20,5,0.8699999999999999,0.04472135954999579,0.77,0.11510864433221336,0.1,0.15
cub200,S1,ResNet-50,resnet50,113,30,5,0.9266666666666667,0.027888667551135848,0.2866666666666667,0.060553007081949814,0.64,0.07226494462892936
cub200,S1,ResNet-50,resnet50,114,29,5,0.6482758620689656,0.0823264578366436,0.18620689655172415,0.0393163939689358,0.46206896551724136,0.0755479389662298
cub200,S1,ResNet-50,resnet50,115,30,5,0.74,0.054772255750516655,0.03333333333333333,0.023570226039551584,0.7066666666666667,0.0434613493680177
cub200,S1,ResNet-50,resnet50,116,29,5,0.6206896551724138,0.04223258177212376,0.5448275862068966,0.0511461964627287,0.07586206896551723,0.09252695079309474
cub200,S1,ResNet-50,resnet50,117,30,5,0.5466666666666666,0.0869226987360353,0.16,0.12110601416389967,0.38666666666666666,0.10434983894999018
cub200,S1,ResNet-50,resnet50,118,29,5,0.6620689655172414,0.06632891055748741,0.3310344827586207,0.1326578211149748,0.33103448275862074,0.13921813267714722
cub200,S1,ResNet-50,resnet50,119,30,5,0.7666666666666667,0.0471404520791032,0.44666666666666666,0.05055250296034368,0.32,0.08366600265340758
cub200,S1,ResNet-50,resnet50,120,30,5,0.7333333333333333,0.03333333333333338,0.6199999999999999,0.06497862896539308,0.11333333333333336,0.08692269873603535
cub200,S1,ResNet-50,resnet50,121,30,5,0.9333333333333333,0.02357022603955158,0.6199999999999999,0.05577733510227169,0.31333333333333335,0.060553007081949814
cub200,S1,ResNet-50,resnet50,122,30,5,0.76,0.05962847939999443,0.3666666666666667,0.22110831935702666,0.39333333333333337,0.24540216425741282
cub200,S1,ResNet-50,resnet50,123,29,5,0.8275862068965516,0.04223258177212375,0.3793103448275862,0.10628300005118925,0.44827586206896547,0.08791412954470319
cub200,S1,ResNet-50,resnet50,124,29,5,0.7724137931034483,0.05229569271759689,0.48275862068965514,0.12669774531637126,0.2896551724137931,0.11332190844934471
cub200,S1,ResNet-50,resnet50,125,30,5,0.6666666666666666,0.05270462766947298,0.19333333333333333,0.08628119403696523,0.47333333333333333,0.132077418374393
cub200,S1,ResNet-50,resnet50,126,30,5,0.7133333333333333,0.029814239699997188,0.19333333333333333,0.08299933065325822,0.5199999999999999,0.10697871023920809
cub200,S1,ResNet-50,resnet50,127,30,5,0.7666666666666667,0.03333333333333338,0.43999999999999995,0.11879019787470306,0.3266666666666667,0.14981470036162828
cub200,S1,ResNet-50,resnet50,128,30,5,0.7266666666666667,0.09249624617007741,0.4866666666666667,0.09888264649460884,0.24000000000000005,0.14794894014114768
cub200,S1,ResNet-50,resnet50,129,30,5,0.5866666666666667,0.029814239699997188,0.15333333333333332,0.0767390962214756,0.4333333333333333,0.09128709291752769
cub200,S1,ResNet-50,resnet50,130,30,5,0.8266666666666668,0.036514837167011066,0.74,0.10110500592068737,0.08666666666666671,0.07302967433402217
cub200,S1,ResNet-50,resnet50,131,30,5,0.8266666666666668,0.036514837167011066,0.58,0.09888264649460882,0.24666666666666673,0.08692269873603531
cub200,S1,ResNet-50,resnet50,132,30,5,0.9199999999999999,0.029814239699997188,0.26,0.1498147003616282,0.66,0.13824294235551818
cub200,S1,ResNet-50,resnet50,133,30,5,0.9466666666666667,0.03800584750330459,0.0,0.0,0.9466666666666667,0.03800584750330459
cub200,S1,ResNet-50,resnet50,134,30,5,0.6399999999999999,0.027888667551135844,0.3666666666666667,0.06236095644623237,0.2733333333333333,0.07226494462892934
cub200,S1,ResNet-50,resnet50,135,30,5,0.6866666666666666,0.03800584750330459,0.0,0.0,0.6866666666666666,0.03800584750330459
cub200,S1,ResNet-50,resnet50,136,30,5,0.6866666666666666,0.029814239699997188,0.15999999999999998,0.1233783701554783,0.5266666666666666,0.132077418374393
cub200,S1,ResNet-50,resnet50,137,30,5,0.7866666666666667,0.018257418583505533,0.38,0.09888264649460884,0.40666666666666673,0.10645812948447543
cub200,S1,ResNet-50,resnet50,138,30,5,0.9133333333333333,0.05055250296034366,0.0,0.0,0.9133333333333333,0.05055250296034366
cub200,S1,ResNet-50,resnet50,139,30,5,0.9466666666666667,0.018257418583505533,0.006666666666666666,0.014907119849998596,0.9400000000000001,0.027888667551135844
cub200,S1,ResNet-50,resnet50,140,29,5,0.6482758620689655,0.07863278793787158,0.4275862068965517,0.03931639396893581,0.2206896551724138,0.06264104180891363
cub200,S1,ResNet-50,resnet50,141,30,5,0.4866666666666667,0.029814239699997188,0.13333333333333333,0.052704627669472995,0.3533333333333334,0.05055250296034367
cub200,S1,ResNet-50,resnet50,142,30,5,0.5133333333333333,0.08366600265340754,0.24666666666666667,0.08366600265340754,0.2666666666666667,0.1178511301977579
cub200,S1,ResNet-50,resnet50,143,30,5,0.2,0.03333333333333334,0.006666666666666666,0.014907119849998596,0.19333333333333333,0.02788866755113586
cub200,S1,ResNet-50,resnet50,144,30,5,0.6933333333333334,0.07226494462892935,0.30666666666666664,0.09249624617007739,0.3866666666666666,0.06497862896539308
cub200,S1,ResNet-50,resnet50,145,30,5,0.44000000000000006,0.04944132324730443,0.09333333333333334,0.02788866755113585,0.3466666666666667,0.0447213595499958
cub200,S1,ResNet-50,resnet50,146,30,5,0.8266666666666668,0.036514837167011066,0.13999999999999999,0.08628119403696524,0.6866666666666668,0.0960324019392529
cub200,S1,ResNet-50,resnet50,147,30,5,0.9533333333333334,0.018257418583505533,0.07333333333333333,0.054772255750516606,0.8800000000000001,0.06497862896539308
cub200,S1,ResNet-50,resnet50,148,29,5,0.903448275862069,0.028850345742554333,0.23448275862068968,0.12288641159452042,0.6689655172413793,0.09934386407508922
cub200,S1,ResNet-50,resnet50,149,30,5,0.8533333333333333,0.018257418583505533,0.4866666666666667,0.06055300708194982,0.3666666666666667,0.05270462766947298
cub200,S1,ResNet-50,resnet50,150,21,5,0.9523809523809523,0.047619047619047616,0.6761904761904762,0.07824607964359516,0.2761904761904762,0.0975900072948533
cub200,S1,ResNet-50,resnet50,151,30,5,0.7666666666666667,0.0471404520791032,0.11333333333333333,0.09888264649460883,0.6533333333333333,0.09888264649460886
cub200,S1,ResNet-50,resnet50,152,29,5,0.8,0.028850345742554333,0.027586206896551724,0.04496001658760447,0.7724137931034483,0.04626347539654738
cub200,S1,ResNet-50,resnet50,153,30,5,0.8,0.02357022603955158,0.24,0.1622754859285078,0.56,0.1588150566609546
cub200,S1,ResNet-50,resnet50,154,30,5,0.6199999999999999,0.05055250296034366,0.6666666666666666,0.08498365855987976,-0.046666666666666676,0.12823589374447564
cub200,S1,ResNet-50,resnet50,155,30,5,0.8666666666666668,0.062360956446232345,0.0,0.0,0.8666666666666668,0.062360956446232345
cub200,S1,ResNet-50,resnet50,156,29,5,0.6275862068965518,0.037773969483114934,0.006896551724137931,0.015421158465515792,0.6206896551724138,0.04223258177212378
cub200,S1,ResNet-50,resnet50,157,30,5,0.9333333333333333,0.02357022603955158,0.08,0.0767390962214756,0.8533333333333333,0.06497862896539312
cub200,S1,ResNet-50,resnet50,158,30,5,1.0,0.0,0.9400000000000001,0.027888667551135844,0.059999999999999984,0.027888667551135844
cub200,S1,ResNet-50,resnet50,159,29,5,0.9724137931034484,0.028850345742554333,0.4413793103448276,0.08925640762444677,0.5310344827586208,0.09316728335245719
cub200,S1,ResNet-50,resnet50,160,30,5,0.8866666666666667,0.03800584750330459,0.05333333333333333,0.029814239699997195,0.8333333333333334,0.033333333333333326
cub200,S1,ResNet-50,resnet50,161,30,5,0.8266666666666668,0.05477225575051665,0.0,0.0,0.8266666666666668,0.05477225575051665
cub200,S1,ResNet-50,resnet50,162,30,5,0.8133333333333332,0.05055250296034366,0.02,0.018257418583505537,0.7933333333333333,0.04346134936801765
cub200,S1,ResNet-50,resnet50,163,30,5,0.9266666666666667,0.014907119849998594,0.38,0.07302967433402216,0.5466666666666666,0.07673909622147562
cub200,S1,ResNet-50,resnet50,164,30,5,0.8533333333333333,0.038005847503304595,0.22666666666666666,0.027888667551135844,0.6266666666666667,0.05477225575051666
cub200,S1,ResNet-50,resnet50,165,29,5,0.9310344827586207,0.0,0.034482758620689655,0.05972588991616818,0.8965517241379309,0.05972588991616815
cub200,S1,ResNet-50,resnet50,166,30,5,0.6866666666666666,0.038005847503304595,0.0,0.0,0.6866666666666666,0.038005847503304595
cub200,S1,ResNet-50,resnet50,167,29,5,0.8827586206896552,0.030842316931031594,0.013793103448275862,0.018886984741557453,0.8689655172413794,0.028850345742554337
cub200,S1,ResNet-50,resnet50,168,29,5,0.9379310344827587,0.028850345742554347,0.0,0.0,0.9379310344827587,0.028850345742554347
cub200,S1,ResNet-50,resnet50,169,30,5,0.76,0.043461349368017696,0.006666666666666666,0.014907119849998596,0.7533333333333333,0.05055250296034371
cub200,S1,ResNet-50,resnet50,170,30,5,0.8266666666666668,0.04944132324730441,0.26666666666666666,0.08498365855987974,0.56,0.07958224257542217
cub200,S1,ResNet-50,resnet50,171,30,5,0.8266666666666668,0.04944132324730441,0.0,0.0,0.8266666666666668,0.04944132324730441
cub200,S1,ResNet-50,resnet50,172,30,5,0.54,0.0547722557505166,0.14666666666666667,0.11690451944500121,0.3933333333333333,0.10381607668264957
cub200,S1,ResNet-50,resnet50,173,30,5,0.7533333333333333,0.04472135954999584,0.38666666666666666,0.06912147117775908,0.36666666666666664,0.06236095644623238
cub200,S1,ResNet-50,resnet50,174,30,5,0.7533333333333333,0.05055250296034371,0.0,0.0,0.7533333333333333,0.05055250296034371
cub200,S1,ResNet-50,resnet50,175,30,5,0.9666666666666666,1.2412670766236366e-16,0.0,0.0,0.9666666666666666,1.2412670766236366e-16
cub200,S1,ResNet-50,resnet50,176,30,5,0.9733333333333334,0.027888667551135844,0.0,0.0,0.9733333333333334,0.027888667551135844
cub200,S1,ResNet-50,resnet50,177,26,5,0.8307692307692308,0.021066252211737142,0.6692307692307692,0.05832981110808886,0.16153846153846158,0.06319875663521148
cub200,S1,ResNet-50,resnet50,178,29,5,0.6206896551724138,0.04223258177212375,0.19310344827586207,0.16100162110246555,0.4275862068965517,0.17515069102345232
cub200,S1,ResNet-50,resnet50,179,30,5,0.8266666666666668,0.027888667551135844,0.0,0.0,0.8266666666666668,0.027888667551135844
cub200,S1,ResNet-50,resnet50,180,29,5,0.8551724137931034,0.03777396948311492,0.6827586206896552,0.11012909946669866,0.1724137931034483,0.12902266850944624
cub200,S1,ResNet-50,resnet50,181,30,5,0.9133333333333333,0.029814239699997188,0.13333333333333333,0.0408248290463863,0.78,0.060553007081949814
cub200,S1,ResNet-50,resnet50,182,30,5,0.8933333333333333,0.0547722557505166,0.6466666666666667,0.10697871023920809,0.24666666666666667,0.055777335102271716
cub200,S1,ResNet-50,resnet50,183,30,5,0.8333333333333334,0.02357022603955158,0.8866666666666667,0.05577733510227169,-0.05333333333333332,0.06912147117775905
cub200,S1,ResNet-50,resnet50,184,30,5,0.9133333333333333,0.029814239699997188,0.72,0.04472135954999584,0.19333333333333336,0.06411794687223785
cub200,S1,ResNet-50,resnet50,185,30,5,0.9133333333333333,0.018257418583505533,0.58,0.13038404810405294,0.33333333333333337,0.12909944487358055
cub200,S1,ResNet-50,resnet50,186,20,5,0.96,0.06519202405202651,0.86,0.022360679774997918,0.1,0.061237243569579464
cub200,S1,ResNet-50,resnet50,187,30,5,0.9666666666666666,1.2412670766236366e-16,0.8066666666666666,0.054772255750516634,0.15999999999999998,0.054772255750516634
cub200,S1,ResNet-50,resnet50,188,30,5,1.0,0.0,0.8066666666666666,0.05962847939999441,0.1933333333333333,0.05962847939999442
cub200,S1,ResNet-50,resnet50,189,29,5,0.9310344827586207,0.0422325817721238,0.9172413793103449,0.030842316931031597,0.01379310344827589,0.01888698474155749
cub200,S1,ResNet-50,resnet50,190,30,5,0.8266666666666668,0.036514837167011066,0.026666666666666665,0.02788866755113585,0.8,0.0408248290463863
cub200,S1,ResNet-50,resnet50,191,30,5,0.9666666666666668,0.02357022603955158,0.8800000000000001,0.07673909622147557,0.08666666666666664,0.07302967433402213
cub200,S1,ResNet-50,resnet50,192,30,5,0.7,0.04082482904638634,0.09333333333333334,0.0641179468722378,0.6066666666666667,0.0894427190999916
cub200,S1,ResNet-50,resnet50,193,30,5,0.9266666666666667,0.014907119849998594,0.7733333333333333,0.05962847939999443,0.15333333333333335,0.05055250296034371
cub200,S1,ResNet-50,resnet50,194,30,5,0.8466666666666667,0.060553007081949814,0.29333333333333333,0.14414498873626438,0.5533333333333333,0.11450376024878448
cub200,S1,ResNet-50,resnet50,195,30,5,0.6399999999999999,0.08944271909999157,0.5,0.09128709291752768,0.13999999999999999,0.11879019787470305
cub200,S1,ResNet-50,resnet50,196,30,5,0.6733333333333332,0.04346134936801765,0.33333333333333337,0.097182531580755,0.33999999999999997,0.07226494462892934
cub200,S1,ResNet-50,resnet50,197,30,5,0.8400000000000001,0.0547722557505166,0.5733333333333334,0.0547722557505166,0.2666666666666667,0.05270462766947298
cub200,S1,ResNet-50,resnet50,198,30,5,0.8466666666666667,0.018257418583505533,0.74,0.036514837167011115,0.10666666666666673,0.043461349368017696
cub200,S1,ResNet-50,resnet50,199,30,5,0.9400000000000001,0.027888667551135848,0.04666666666666667,0.0649786289653931,0.8933333333333333,0.07601169500660918
cub200,S2,ConvNeXt-T,convnext_tiny_in1k,0,30,5,0.8066666666666666,0.027888667551135844,0.6599999999999999,0.07601169500660919,0.14666666666666675,0.0869226987360353
cub200,S2,ConvNeXt-T,convnext_tiny_in1k,1,30,5,0.8066666666666666,0.043461349368017696,0.78,0.050552502960343706,0.026666666666666682,0.06831300510639739
cub200,S2,ConvNeXt-T,convnext_tiny_in1k,2,28,5,0.9857142857142858,0.01956151991089878,0.9714285714285715,0.029880715233359827,0.01428571428571428,0.01956151991089878
cub200,S2,ConvNeXt-T,convnext_tiny_in1k,3,30,5,0.9333333333333333,0.033333333333333326,0.7466666666666667,0.12156388352540316,0.18666666666666668,0.09603240193925293
cub200,S2,ConvNeXt-T,convnext_tiny_in1k,4,14,5,0.9,0.03912303982179763,0.6857142857142857,0.06388765649999396,0.21428571428571425,0.05050762722761051
cub200,S2,ConvNeXt-T,convnext_tiny_in1k,5,11,5,0.9272727272727274,0.07606000241218867,0.9272727272727274,0.07606000241218867,0.0,0.06428243465332244
cub200,S2,ConvNeXt-T,convnext_tiny_in1k,6,23,5,0.9913043478260869,0.019444069369563378,0.7130434782608696,0.13259087549545132,0.2782608695652174,0.1252596547033733
cub200,S2,ConvNeXt-T,convnext_tiny_in1k,7,18,5,0.9777777777777779,0.04969039949999535,0.6333333333333333,0.10829771494232182,0.34444444444444444,0.12668615834434868
cub200,S2,ConvNeXt-T,convnext_tiny_in1k,8,29,5,0.5241379310344827,0.04496001658760444,0.5103448275862069,0.07475683927130619,0.013793103448275857,0.11066763128193936
cub200,S2,ConvNeXt-T,convnext_tiny_in1k,9,30,5,0.96,0.027888667551135844,0.039999999999999994,0.014907119849998597,0.9199999999999999,0.029814239699997188
cub200,S2,ConvNeXt-T,convnext_tiny_in1k,10,30,5,0.6466666666666667,0.018257418583505533,0.4666666666666667,0.13540064007726602,0.18,0.13249737942901194
cub200,S2,ConvNeXt-T,convnext_tiny_in1k,11,26,5,0.9846153846153847,0.021066252211737146,0.0,0.0,0.9846153846153847,0.021066252211737146
cub200,S2,ConvNeXt-T,convnext_tiny_in1k,12,30,5,0.9133333333333333,0.018257418583505533,0.8666666666666668,0.05270462766947298,0.046666666666666655,0.03800584750330459
cub200,S2,ConvNeXt-T,convnext_tiny_in1k,13,30,5,0.96,0.014907119849998596,0.0,0.0,0.96,0.014907119849998596
cub200,S2,ConvNeXt-T,convnext_tiny_in1k,14,28,5,0.9071428571428571,0.05416339602893967,0.05714285714285714,0.040720550896397784,0.85,0.07319250547114
cub200,S2,ConvNeXt-T,convnext_tiny_in1k,15,28,5,0.9142857142857143,0.01956151991089878,0.0,0.0,0.9142857142857143,0.01956151991089878
cub200,S2,ConvNeXt-T,convnext_tiny_in1k,16,27,5,0.9481481481481481,0.04222871944811623,0.007407407407407407,0.01656346649999844,0.9407407407407407,0.033126932999996896
cub200,S2,ConvNeXt-T,convnext_tiny_in1k,17,15,5,1.0,0.0,0.7333333333333334,0.09428090415820638,0.26666666666666666,0.09428090415820638
cub200,S2,ConvNeXt-T,convnext_tiny_in1k,18,29,5,0.9241379310344827,0.06632891055748741,0.3931034482758621,0.1106676312819394,0.5310344827586206,0.11066763128193942
cub200,S2,ConvNeXt-T,convnext_tiny_in1k,19,29,5,0.9448275862068967,0.01888698474155749,0.0,0.0,0.9448275862068967,0.01888698474155749
cub200,S2,ConvNeXt-T,convnext_tiny_in1k,20,30,5,0.9800000000000001,0.029814239699997188,0.44666666666666666,0.2794836508833945,0.5333333333333333,0.2943920288775949
cub200,S2,ConvNeXt-T,convnext_tiny_in1k,21,26,5,0.6692307692307693,0.08854511102477954,0.13846153846153847,0.10391735450850997,0.5307692307692308,0.15717551339771194
cub200,S2,ConvNeXt-T,convnext_tiny_in1k,22,29,5,0.6482758620689655,0.044960016587604464,0.46896551724137925,0.06721927134351006,0.1793103448275862,0.02885034574255431
cub200,S2,ConvNeXt-T,convnext_tiny_in1k,23,22,5,0.9272727272727274,0.0248964798865985,0.2909090909090909,0.12281141896460268,0.6363636363636364,0.1016394535227177
cub200,S2,ConvNeXt-T,convnext_tiny_in1k,24,30,5,0.6199999999999999,0.11450376024878443,0.6466666666666667,0.23285665595430638,-0.026666666666666707,0.1552775293180282
cub200,S2,ConvNeXt-T,convnext_tiny_in1k,25,30,5,0.9333333333333333,0.033333333333333326,0.16,0.04346134936801766,0.7733333333333333,0.043461349368017654
cub200,S2,ConvNeXt-T,convnext_tiny_in1k,26,30,5,0.42666666666666664,0.014907119849998596,0.39333333333333337,0.1115546702045434,0.03333333333333336,0.12472191289246472
cub200,S2,ConvNeXt-T,convnext_tiny_in1k,27,29,5,0.9448275862068967,0.030842316931031604,0.9172413793103449,0.03931639396893582,0.02758620689655176,0.04496001658760452
cub200,S2,ConvNeXt-T,convnext_tiny_in1k,28,30,5,0.5933333333333334,0.06411794687223779,0.3933333333333333,0.16898389140848766,0.2,0.14907119849998596
cub200,S2,ConvNeXt-T,convnext_tiny_in1k,29,30,5,0.38,0.06497862896539311,0.4133333333333334,0.17732581437693848,-0.033333333333333326,0.19293061504650377
cub200,S2,ConvNeXt-T,convnext_tiny_in1k,30,30,5,0.8666666666666668,0.033333333333333326,0.42000000000000004,0.19235384061671346,0.44666666666666666,0.19804601036683928
cub200,S2,ConvNeXt-T,convnext_tiny_in1k,31,23,5,0.7478260869565216,0.05668871656697957,0.21739130434782608,0.10196555999616153,0.5304347826086956,0.09914568913905546
cub200,S2,ConvNeXt-T,convnext_tiny_in1k,32,29,5,0.9103448275862069,0.03084231693103159,0.6275862068965518,0.10170952554312156,0.2827586206896551,0.10739594139584441
cub200,S2,ConvNeXt-T,convnext_tiny_in1k,33,29,5,0.9724137931034484,0.015421158465515773,0.5379310344827586,0.08304547985373995,0.4344827586206897,0.08655103722766296
cub200,S2,ConvNeXt-T,convnext_tiny_in1k,34,30,5,0.9666666666666666,0.02357022603955158,0.04666666666666667,0.0557773351022717,0.9199999999999999,0.06497862896539308
cub200,S2,ConvNeXt-T,convnext_tiny_in1k,35,30,5,0.9666666666666666,0.02357022603955158,0.9333333333333333,0.0,0.033333333333333326,0.02357022603955158
cub200,S2,ConvNeXt-T,convnext_tiny_in1k,36,29,5,0.6,0.0308423169310316,0.4413793103448276,0.09874359353983692,0.15862068965517243,0.07150497018388868
cub200,S2,ConvNeXt-T,convnext_tiny_in1k,37,30,5,0.7466666666666667,0.06497862896539312,0.02,0.018257418583505537,0.7266666666666667,0.04944132324730446
cub200,S2,ConvNeXt-T,convnext_tiny_in1k,38,29,5,0.5310344827586208,0.01888698474155743,0.4896551724137931,0.04496001658760447,0.04137931034482759,0.044960016587604464
cub200,S2,ConvNeXt-T,convnext_tiny_in1k,39,30,5,0.6866666666666666,0.044721359549995836,0.5,0.08498365855987973,0.18666666666666665,0.11925695879998881
cub200,S2,ConvNeXt-T,convnext_tiny_in1k,40,30,5,0.9133333333333333,0.05055250296034366,0.7066666666666667,0.10110500592068737,0.2066666666666667,0.05477225575051666
cub200,S2,ConvNeXt-T,convnext_tiny_in1k,41,30,5,0.9066666666666666,0.027888667551135848,0.0,0.0,0.9066666666666666,0.027888667551135848
cub200,S2,ConvNeXt-T,convnext_tiny_in1k,42,29,5,0.5172413793103449,0.024382992454708527,0.09655172413793103,0.04496001658760448,0.4206896551724138,0.06632891055748738
cub200,S2,ConvNeXt-T,convnext_tiny_in1k,43,30,5,0.86,0.04944132324730441,0.7533333333333333,0.060553007081949876,0.10666666666666672,0.08299933065325824
cub200,S2,ConvNeXt-T,convnext_tiny_in1k,44,30,5,0.74,0.07226494462892935,0.76,0.054772255750516655,-0.019999999999999997,0.060553007081949876
cub200,S2,ConvNeXt-T,convnext_tiny_in1k,45,30,5,0.9333333333333333,0.0,0.9066666666666666,0.027888667551135844,0.02666666666666666,0.027888667551135844
cub200,S2,ConvNeXt-T,convnext_tiny_in1k,46,30,5,0.96,0.014907119849998594,0.006666666666666666,0.014907119849998596,0.9533333333333334,0.029814239699997188
cub200,S2,ConvNeXt-T,convnext_tiny_in1k,47,30,5,1.0,0.0,0.4533333333333333,0.1643167672515498,0.5466666666666666,0.1643167672515498
cub200,S2,ConvNeXt-T,convnext_tiny_in1k,48,30,5,0.6466666666666667,0.09603240193925287,0.04666666666666667,0.05055250296034368,0.6,0.062360956446232345
cub200,S2,ConvNeXt-T,convnext_tiny_in1k,49,30,5,0.7066666666666667,0.027888667551135844,0.42666666666666664,0.07226494462892934,0.27999999999999997,0.06497862896539311
cub200,S2,ConvNeXt-T,convnext_tiny_in1k,50,30,5,0.9,0.05773502691896257,0.7333333333333333,0.07817359599705719,0.1666666666666667,0.09718253158075503
cub200,S2,ConvNeXt-T,convnext_tiny_in1k,51,30,5,0.9400000000000001,0.04346134936801765,0.6866666666666668,0.11925695879998881,0.2533333333333333,0.0960324019392529
cub200,S2,ConvNeXt-T,convnext_tiny_in1k,52,30,5,0.9800000000000001,0.018257418583505533,0.8733333333333334,0.0924962461700774,0.10666666666666666,0.08628119403696526
cub200,S2,ConvNeXt-T,convnext_tiny_in1k,53,30,5,0.9,0.0,0.05333333333333333,0.06912147117775906,0.8466666666666667,0.06912147117775906
cub200,S2,ConvNeXt-T,convnext_tiny_in1k,54,30,5,0.9,0.033333333333333326,0.11333333333333333,0.19944367068868785,0.7866666666666667,0.17888543819998318
cub200,S2,ConvNeXt-T,convnext_tiny_in1k,55,30,5,0.9,0.02357022603955158,0.026666666666666665,0.02788866755113585,0.8733333333333334,0.04346134936801765
cub200,S2,ConvNeXt-T,convnext_tiny_in1k,56,30,5,1.0,0.0,0.08666666666666667,0.0557773351022717,0.9133333333333333,0.055777335102271695
cub200,S2,ConvNeXt-T,convnext_tiny_in1k,57,28,5,0.85,0.02988071523335987,0.6142857142857142,0.06869780022025482,0.23571428571428568,0.08222046023729532
cub200,S2,ConvNeXt-T,convnext_tiny_in1k,58,30,5,0.3066666666666667,0.1115546702045434,0.20666666666666664,0.10381607668264957,0.1,0.07071067811865475
cub200,S2,ConvNeXt-T,convnext_tiny_in1k,59,29,5,0.5379310344827586,0.06264104180891363,0.3793103448275862,0.10628300005118925,0.15862068965517243,0.06721927134351009
cub200,S2,ConvNeXt-T,convnext_tiny_in1k,60,30,5,0.9733333333333334,0.027888667551135848,0.4533333333333333,0.1804315813696581,0.52,0.1894436298451043
cub200,S2,ConvNeXt-T,convnext_tiny_in1k,61,30,5,0.47333333333333333,0.014907119849998594,0.2333333333333333,0.07071067811865475,0.24000000000000005,0.06411794687223782
cub200,S2,ConvNeXt-T,convnext_tiny_in1k,62,30,5,0.9933333333333334,0.014907119849998594,0.9400000000000001,0.06411794687223779,0.05333333333333332,0.06912147117775906
cub200,S2,ConvNeXt-T,convnext_tiny_in1k,63,30,5,0.6333333333333333,0.04714045207910316,0.31333333333333335,0.08027729719194865,0.31999999999999995,0.10697871023920809
cub200,S2,ConvNeXt-T,convnext_tiny_in1k,64,20,5,0.76,0.08215838362577492,0.5700000000000001,0.07582875444051551,0.19,0.0651920240520265
cub200,S2,ConvNeXt-T,convnext_tiny_in1k,65,30,5,0.6666666666666666,0.08819171036881969,0.5066666666666666,0.14414498873626433,0.16,0.11401754250991376
cub200,S2,ConvNeXt-T,convnext_tiny_in1k,66,30,5,0.7333333333333333,0.02357022603955162,0.4066666666666666,0.10903618155864084,0.32666666666666666,0.10110500592068733
cub200,S2,ConvNeXt-T,convnext_tiny_in1k,67,30,5,0.8,0.05773502691896261,0.7,0.09718253158075503,0.10000000000000005,0.10801234497346436
cub200,S2,ConvNeXt-T,convnext_tiny_in1k,68,30,5,0.8333333333333334,0.05270462766947298,0.24,0.09249624617007737,0.5933333333333334,0.0924962461700774
cub200,S2,ConvNeXt-T,convnext_tiny_in1k,69,30,5,1.0,0.0,0.0,0.0,1.0,0.0
cub200,S2,ConvNeXt-T,convnext_tiny_in1k,70,30,5,0.5,0.05270462766947298,0.45999999999999996,0.014907119849998594,0.039999999999999994,0.059628479399994376
cub200,S2,ConvNeXt-T,convnext_tiny_in1k,71,30,5,0.6066666666666667,0.07958224257542212,0.5733333333333334,0.0547722557505166,0.033333333333333326,0.07817359599705714
cub200,S2,ConvNeXt-T,convnext_tiny_in1k,72,30,5,0.9466666666666667,0.018257418583505533,0.5533333333333333,0.05055250296034366,0.39333333333333337,0.059628479399994376
cub200,S2,ConvNeXt-T,convnext_tiny_in1k,73,30,5,1.0,0.0,0.20666666666666664,0.12337837015547831,0.7933333333333333,0.12337837015547834
cub200,S2,ConvNeXt-T,convnext_tiny_in1k,74,27,5,0.9925925925925926,0.01656346649999847,0.22962962962962963,0.12115131284293426,0.762962962962963,0.13507098169489237
cub200,S2,ConvNeXt-T,convnext_tiny_in1k,75,30,5,0.9266666666666667,0.014907119849998594,0.8733333333333334,0.027888667551135844,0.05333333333333332,0.018257418583505533
cub200,S2,ConvNeXt-T,convnext_tiny_in1k,76,30,5,0.9400000000000001,0.014907119849998596,0.0,0.0,0.9400000000000001,0.014907119849998596
cub200,S2,ConvNeXt-T,convnext_tiny_in1k,77,29,5,0.9517241379310345,0.05770069148510868,0.9034482758620689,0.06632891055748741,0.048275862068965524,0.039316393968935784
cub200,S2,ConvNeXt-T,convnext_tiny_in1k,78,30,5,0.9400000000000001,0.027888667551135848,0.8933333333333333,0.036514837167011066,0.046666666666666655,0.05055250296034366
cub200,S2,ConvNeXt-T,convnext_tiny_in1k,79,30,5,0.8466666666666667,0.029814239699997188,0.7133333333333333,0.050552502960343686,0.1333333333333334,0.04082482904638634
cub200,S2,ConvNeXt-T,convnext_tiny_in1k,80,30,5,0.9066666666666666,0.027888667551135848,0.9266666666666667,0.014907119849998594,-0.019999999999999997,0.018257418583505533
cub200,S2,ConvNeXt-T,convnext_tiny_in1k,81,30,5,0.8466666666666667,0.03800584750330459,0.026666666666666665,0.04346134936801766,0.8200000000000001,0.06912147117775906
cub200,S2,ConvNeXt-T,convnext_tiny_in1k,82,30,5,0.96,0.014907119849998596,0.07999999999999999,0.06912147117775906,0.8800000000000001,0.06055300708194982
cub200,S2,ConvNeXt-T,convnext_tiny_in1k,83,23,5,0.8521739130434783,0.04957284456952771,0.5478260869565217,0.12897736499296805,0.30434782608695654,0.13400900006454297
cub200,S2,ConvNeXt-T,convnext_tiny_in1k,84,30,5,0.9400000000000001,0.027888667551135844,0.8133333333333332,0.0505525029603437,0.12666666666666665,0.04346134936801767
cub200,S2,ConvNeXt-T,convnext_tiny_in1k,85,30,5,0.9400000000000001,0.04346134936801765,0.9333333333333333,0.05773502691896257,0.006666666666666665,0.04346134936801765
cub200,S2,ConvNeXt-T,convnext_tiny_in1k,86,30,5,0.8666666666666668,0.0408248290463863,0.36,0.04944132324730443,0.5066666666666667,0.06411794687223783
cub200,S2,ConvNeXt-T,convnext_tiny_in1k,87,30,5,0.9199999999999999,0.018257418583505533,0.006666666666666666,0.014907119849998597,0.9133333333333333,0.029814239699997188
cub200,S2,ConvNeXt-T,convnext_tiny_in1k,88,30,5,0.8,0.0,0.7733333333333334,0.014907119849998594,0.02666666666666666,0.014907119849998594
cub200,S2,ConvNeXt-T,convnext_tiny_in1k,89,30,5,0.9199999999999999,0.029814239699997188,0.5133333333333333,0.06055300708194982,0.4066666666666666,0.06831300510639732
cub200,S2,ConvNeXt-T,convnext_tiny_in1k,90,30,5,0.7333333333333333,0.05270462766947303,0.76,0.04944132324730446,-0.026666666666666682,0.06831300510639737
cub200,S2,ConvNeXt-T,convnext_tiny_in1k,91,30,5,0.8733333333333334,0.04346134936801765,0.7933333333333333,0.06411794687223782,0.08,0.07302967433402215
cub200,S2,ConvNeXt-T,convnext_tiny_in1k,92,30,5,1.0,0.0,0.9933333333333334,0.014907119849998594,0.006666666666666665,0.014907119849998594
cub200,S2,ConvNeXt-T,convnext_tiny_in1k,93,30,5,0.9666666666666666,1.2412670766236366e-16,0.8,0.062360956446232386,0.16666666666666666,0.062360956446232386
cub200,S2,ConvNeXt-T,convnext_tiny_in1k,94,30,5,0.8733333333333334,0.036514837167011066,0.0,0.0,0.8733333333333334,0.036514837167011066
cub200,S2,ConvNeXt-T,convnext_tiny_in1k,95,30,5,0.8133333333333332,0.029814239699997188,0.0,0.0,0.8133333333333332,0.029814239699997188
cub200,S2,ConvNeXt-T,convnext_tiny_in1k,96,29,5,0.7310344827586206,0.015421158465515774,0.0,0.0,0.7310344827586206,0.015421158465515774
cub200,S2,ConvNeXt-T,convnext_tiny_in1k,97,30,5,0.9066666666666666,0.014907119849998594,0.0,0.0,0.9066666666666666,0.014907119849998594
cub200,S2,ConvNeXt-T,convnext_tiny_in1k,98,30,5,0.9,0.02357022603955158,0.7533333333333333,0.09006170724070867,0.14666666666666667,0.0960324019392529
cub200,S2,ConvNeXt-T,convnext_tiny_in1k,99,30,5,0.96,0.027888667551135848,0.9466666666666667,0.038005847503304595,0.01333333333333333,0.029814239699997188
cub200,S2,ConvNeXt-T,convnext_tiny_in1k,100,20,5,0.96,0.04183300132670378,0.9400000000000001,0.08944271909999156,0.019999999999999973,0.07582875444051547
cub200,S2,ConvNeXt-T,convnext_tiny_in1k,101,30,5,0.4133333333333334,0.02981423969999721,0.4333333333333333,0.052704627669472995,-0.019999999999999997,0.050552502960343665
cub200,S2,ConvNeXt-T,convnext_tiny_in1k,102,30,5,0.7066666666666667,0.1038160766826496,0.58,0.08027729719194862,0.12666666666666665,0.05962847939999442
cub200,S2,ConvNeXt-T,convnext_tiny_in1k,103,30,5,0.6933333333333332,0.027888667551135844,0.5866666666666667,0.05055250296034366,0.10666666666666665,0.036514837167011066
cub200,S2,ConvNeXt-T,convnext_tiny_in1k,104,19,5,0.8210526315789473,0.02882750302658766,0.9473684210526315,0.06446025638903102,-0.12631578947368421,0.04707511531578507
cub200,S2,ConvNeXt-T,convnext_tiny_in1k,105,30,5,0.9733333333333334,0.027888667551135848,0.9533333333333334,0.029814239699997188,0.019999999999999997,0.03800584750330459
cub200,S2,ConvNeXt-T,convnext_tiny_in1k,106,30,5,0.6666666666666666,0.033333333333333326,0.5933333333333334,0.07226494462892932,0.07333333333333332,0.09249624617007737
cub200,S2,ConvNeXt-T,convnext_tiny_in1k,107,30,5,0.8666666666666668,0.02357022603955158,0.8666666666666668,0.02357022603955158,0.0,0.033333333333333326
cub200,S2,ConvNeXt-T,convnext_tiny_in1k,108,30,5,0.8866666666666667,0.018257418583505533,0.0,0.0,0.8866666666666667,0.018257418583505533
cub200,S2,ConvNeXt-T,convnext_tiny_in1k,109,30,5,0.9800000000000001,0.018257418583505533,0.9666666666666666,0.033333333333333326,0.01333333333333333,0.03800584750330459
cub200,S2,ConvNeXt-T,convnext_tiny_in1k,110,30,5,0.5466666666666666,0.06912147117775906,0.5133333333333333,0.10697871023920809,0.03333333333333334,0.07817359599705714
cub200,S2,ConvNeXt-T,convnext_tiny_in1k,111,30,5,0.7266666666666667,0.07601169500660923,0.76,0.054772255750516655,-0.033333333333333326,0.07817359599705721
cub200,S2,ConvNeXt-T,convnext_tiny_in1k,112,20,5,0.89,0.022360679774997918,0.89,0.05477225575051658,0.0,0.061237243569579436
cub200,S2,ConvNeXt-T,convnext_tiny_in1k,113,30,5,0.9533333333333334,0.018257418583505533,0.9199999999999999,0.05577733510227169,0.033333333333333326,0.05270462766947298
cub200,S2,ConvNeXt-T,convnext_tiny_in1k,114,29,5,0.7172413793103448,0.056660954224672336,0.3586206896551724,0.0793852719532506,0.3586206896551724,0.1022923929254574
cub200,S2,ConvNeXt-T,convnext_tiny_in1k,115,30,5,0.7066666666666667,0.04944132324730444,0.07333333333333333,0.0760116950066092,0.6333333333333333,0.11547005383792518
cub200,S2,ConvNeXt-T,convnext_tiny_in1k,116,29,5,0.8068965517241379,0.039316393968935784,0.7379310344827587,0.0715049701838887,0.0689655172413793,0.03448275862068967
cub200,S2,ConvNeXt-T,convnext_tiny_in1k,117,30,5,0.5933333333333334,0.10110500592068736,0.27999999999999997,0.14063348739819323,0.31333333333333335,0.15202339001321843
cub200,S2,ConvNeXt-T,convnext_tiny_in1k,118,29,5,0.6758620689655173,0.0626410418089136,0.14482758620689656,0.037773969483114914,0.5310344827586206,0.0793852719532506
cub200,S2,ConvNeXt-T,convnext_tiny_in1k,119,30,5,0.72,0.018257418583505533,0.5333333333333333,0.04714045207910316,0.18666666666666662,0.03800584750330459
cub200,S2,ConvNeXt-T,convnext_tiny_in1k,120,30,5,0.8333333333333334,0.05270462766947298,0.58,0.07673909622147557,0.2533333333333334,0.09006170724070862
cub200,S2,ConvNeXt-T,convnext_tiny_in1k,121,30,5,0.9733333333333334,0.036514837167011066,0.7933333333333333,0.07226494462892935,0.18,0.07673909622147562
cub200,S2,ConvNeXt-T,convnext_tiny_in1k,122,30,5,0.8466666666666667,0.029814239699997188,0.05333333333333333,0.029814239699997195,0.7933333333333333,0.04944132324730441
cub200,S2,ConvNeXt-T,convnext_tiny_in1k,123,29,5,0.9724137931034484,0.015421158465515773,0.2206896551724138,0.09630510375013061,0.7517241379310345,0.10170952554312156
cub200,S2,ConvNeXt-T,convnext_tiny_in1k,124,29,5,0.8689655172413794,0.028850345742554347,0.6,0.07938527195325061,0.2689655172413793,0.06168463386206318
cub200,S2,ConvNeXt-T,convnext_tiny_in1k,125,30,5,0.8266666666666668,0.014907119849998594,0.13333333333333333,0.10540925533894598,0.6933333333333334,0.09831920802501748
cub200,S2,ConvNeXt-T,convnext_tiny_in1k,126,30,5,0.72,0.10434983894999023,0.42000000000000004,0.09006170724070865,0.3,0.105409255338946
cub200,S2,ConvNeXt-T,convnext_tiny_in1k,127,30,5,0.8800000000000001,0.038005847503304595,0.6733333333333333,0.09831920802501752,0.20666666666666672,0.06411794687223783
cub200,S2,ConvNeXt-T,convnext_tiny_in1k,128,30,5,0.8,0.04082482904638634,0.33333333333333337,0.13743685418725535,0.4666666666666667,0.16996731711975954
cub200,S2,ConvNeXt-T,convnext_tiny_in1k,129,30,5,0.5733333333333334,0.027888667551135848,0.15333333333333332,0.12156388352540314,0.42000000000000004,0.11450376024878446
cub200,S2,ConvNeXt-T,convnext_tiny_in1k,130,30,5,0.8933333333333333,0.027888667551135844,0.6533333333333333,0.10165300454651269,0.24000000000000005,0.10381607668264956
cub200,S2,ConvNeXt-T,convnext_tiny_in1k,131,30,5,0.9466666666666667,0.029814239699997188,0.9333333333333333,0.02357022603955158,0.01333333333333333,0.029814239699997188
cub200,S2,ConvNeXt-T,convnext_tiny_in1k,132,30,5,0.9333333333333333,0.02357022603955158,0.18,0.09006170724070862,0.7533333333333334,0.0869226987360353
cub200,S2,ConvNeXt-T,convnext_tiny_in1k,133,30,5,0.9466666666666667,0.018257418583505533,0.0,0.0,0.9466666666666667,0.018257418583505533
cub200,S2,ConvNeXt-T,convnext_tiny_in1k,134,30,5,0.6266666666666667,0.0641179468722378,0.5199999999999999,0.1169045194450012,0.10666666666666665,0.08628119403696523
cub200,S2,ConvNeXt-T,convnext_tiny_in1k,135,30,5,0.72,0.050552502960343706,0.0,0.0,0.72,0.050552502960343706
cub200,S2,ConvNeXt-T,convnext_tiny_in1k,136,30,5,0.7066666666666667,0.04346134936801765,0.16666666666666666,0.07071067811865475,0.5399999999999999,0.10645812948447542
cub200,S2,ConvNeXt-T,convnext_tiny_in1k,137,30,5,0.8666666666666668,0.04714045207910316,0.4666666666666667,0.2147349787787521,0.4,0.19293061504650377
cub200,S2,ConvNeXt-T,convnext_tiny_in1k,138,30,5,0.9,0.02357022603955158,0.0,0.0,0.9,0.02357022603955158
cub200,S2,ConvNeXt-T,convnext_tiny_in1k,139,30,5,0.9400000000000001,0.014907119849998594,0.0,0.0,0.9400000000000001,0.014907119849998594
cub200,S2,ConvNeXt-T,convnext_tiny_in1k,140,29,5,0.8137931034482758,0.07554793896622979,0.5172413793103449,0.16173847447667,0.29655172413793107,0.15914456219605966
cub200,S2,ConvNeXt-T,convnext_tiny_in1k,141,30,5,0.6733333333333333,0.07226494462892935,0.5866666666666667,0.12156388352540311,0.08666666666666667,0.07673909622147558
cub200,S2,ConvNeXt-T,convnext_tiny_in1k,142,30,5,0.7,0.06236095644623237,0.11333333333333333,0.08366600265340755,0.5866666666666667,0.09603240193925293
cub200,S2,ConvNeXt-T,convnext_tiny_in1k,143,30,5,0.26,0.0641179468722378,0.013333333333333332,0.018257418583505537,0.24666666666666667,0.06912147117775906
cub200,S2,ConvNeXt-T,convnext_tiny_in1k,144,30,5,0.7333333333333333,0.04082482904638634,0.5066666666666666,0.0547722557505166,0.22666666666666666,0.03651483716701107
cub200,S2,ConvNeXt-T,convnext_tiny_in1k,145,30,5,0.5666666666666667,0.04714045207910316,0.006666666666666666,0.014907119849998596,0.5599999999999999,0.0547722557505166
cub200,S2,ConvNeXt-T,convnext_tiny_in1k,146,30,5,0.96,0.043461349368017654,0.6199999999999999,0.1937925580499818,0.34,0.2178174567027272
cub200,S2,ConvNeXt-T,convnext_tiny_in1k,147,30,5,0.9666666666666666,1.2412670766236366e-16,0.07999999999999999,0.06912147117775906,0.8866666666666667,0.06912147117775905
cub200,S2,ConvNeXt-T,convnext_tiny_in1k,148,29,5,0.993103448275862,0.015421158465515774,0.3586206896551724,0.07150497018388868,0.6344827586206897,0.07150497018388866
cub200,S2,ConvNeXt-T,convnext_tiny_in1k,149,30,5,0.8933333333333333,0.036514837167011066,0.8,0.02357022603955158,0.09333333333333331,0.036514837167011066
cub200,S2,ConvNeXt-T,convnext_tiny_in1k,150,21,5,1.0,0.0,0.9047619047619048,0.03367175148507369,0.09523809523809526,0.03367175148507369
cub200,S2,ConvNeXt-T,convnext_tiny_in1k,151,30,5,0.8866666666666667,0.029814239699997188,0.74,0.10110500592068737,0.1466666666666667,0.08027729719194868
cub200,S2,ConvNeXt-T,convnext_tiny_in1k,152,29,5,0.8827586206896552,0.0393163939689358,0.0,0.0,0.8827586206896552,0.0393163939689358
cub200,S2,ConvNeXt-T,convnext_tiny_in1k,153,30,5,0.9,0.04082482904638629,0.3466666666666667,0.11205157542647741,0.5533333333333333,0.12156388352540311
cub200,S2,ConvNeXt-T,convnext_tiny_in1k,154,30,5,0.7266666666666667,0.027888667551135886,0.7066666666666667,0.04346134936801769,0.019999999999999997,0.05055250296034371
cub200,S2,ConvNeXt-T,convnext_tiny_in1k,155,30,5,0.9666666666666666,0.02357022603955158,0.006666666666666666,0.014907119849998596,0.96,0.014907119849998596
cub200,S2,ConvNeXt-T,convnext_tiny_in1k,156,29,5,0.7448275862068966,0.06721927134351012,0.0,0.0,0.7448275862068966,0.06721927134351012
cub200,S2,ConvNeXt-T,convnext_tiny_in1k,157,30,5,0.9466666666666667,0.029814239699997188,0.12666666666666665,0.08299933065325822,0.82,0.06912147117775908
cub200,S2,ConvNeXt-T,convnext_tiny_in1k,158,30,5,0.9933333333333334,0.014907119849998594,1.0,0.0,-0.006666666666666665,0.014907119849998594
cub200,S2,ConvNeXt-T,convnext_tiny_in1k,159,29,5,0.9862068965517242,0.01888698474155743,0.8413793103448276,0.11332190844934471,0.1448275862068966,0.1073959413958444
cub200,S2,ConvNeXt-T,convnext_tiny_in1k,160,30,5,0.9400000000000001,0.027888667551135844,0.0,0.0,0.9400000000000001,0.027888667551135844
cub200,S2,ConvNeXt-T,convnext_tiny_in1k,161,30,5,0.8666666666666668,0.033333333333333326,0.0,0.0,0.8666666666666668,0.033333333333333326
cub200,S2,ConvNeXt-T,convnext_tiny_in1k,162,30,5,0.9533333333333334,0.018257418583505533,0.0,0.0,0.9533333333333334,0.018257418583505533
cub200,S2,ConvNeXt-T,convnext_tiny_in1k,163,30,5,0.9533333333333334,0.018257418583505533,0.5933333333333334,0.2100264533603115,0.36,0.19635568633364184
cub200,S2,ConvNeXt-T,convnext_tiny_in1k,164,30,5,0.9133333333333333,0.018257418583505533,0.03333333333333333,0.05773502691896258,0.8800000000000001,0.05055250296034366
cub200,S2,ConvNeXt-T,convnext_tiny_in1k,165,29,5,0.9310344827586207,0.0,0.006896551724137931,0.015421158465515792,0.9241379310344827,0.015421158465515774
cub200,S2,ConvNeXt-T,convnext_tiny_in1k,166,30,5,0.7133333333333333,0.018257418583505533,0.006666666666666666,0.014907119849998596,0.7066666666666667,0.027888667551135848
cub200,S2,ConvNeXt-T,convnext_tiny_in1k,167,29,5,0.9310344827586207,0.0,0.0,0.0,0.9310344827586207,0.0
cub200,S2,ConvNeXt-T,convnext_tiny_in1k,168,29,5,0.9793103448275862,0.01888698474155743,0.0,0.0,0.9793103448275862,0.01888698474155743
cub200,S2,ConvNeXt-T,convnext_tiny_in1k,169,30,5,0.7666666666666667,0.03333333333333338,0.0,0.0,0.7666666666666667,0.03333333333333338
cub200,S2,ConvNeXt-T,convnext_tiny_in1k,170,30,5,0.9133333333333333,0.018257418583505533,0.12666666666666665,0.08299933065325822,0.7866666666666667,0.09006170724070867
cub200,S2,ConvNeXt-T,convnext_tiny_in1k,171,30,5,0.8733333333333334,0.027888667551135844,0.0,0.0,0.8733333333333334,0.027888667551135844
cub200,S2,ConvNeXt-T,convnext_tiny_in1k,172,30,5,0.74,0.07226494462892936,0.013333333333333332,0.018257418583505537,0.7266666666666667,0.08944271909999163
cub200,S2,ConvNeXt-T,convnext_tiny_in1k,173,30,5,0.8866666666666667,0.03800584750330459,0.15333333333333332,0.08692269873603532,0.7333333333333334,0.09128709291752769
cub200,S2,ConvNeXt-T,convnext_tiny_in1k,174,30,5,0.7866666666666667,0.05577733510227173,0.006666666666666666,0.014907119849998596,0.78,0.05577733510227173
cub200,S2,ConvNeXt-T,convnext_tiny_in1k,175,30,5,0.9933333333333334,0.014907119849998594,0.0,0.0,0.9933333333333334,0.014907119849998594
cub200,S2,ConvNeXt-T,convnext_tiny_in1k,176,30,5,0.9466666666666667,0.029814239699997188,0.0,0.0,0.9466666666666667,0.029814239699997188
cub200,S2,ConvNeXt-T,convnext_tiny_in1k,177,26,5,0.876923076923077,0.04213250442347432,0.4076923076923077,0.1795787312296731,0.4692307692307692,0.17071031554747806
cub200,S2,ConvNeXt-T,convnext_tiny_in1k,178,29,5,0.6413793103448275,0.057700691485108674,0.013793103448275862,0.01888698474155745,0.6275862068965518,0.07066862597213516
cub200,S2,ConvNeXt-T,convnext_tiny_in1k,179,30,5,0.86,0.036514837167011066,0.0,0.0,0.86,0.036514837167011066
cub200,S2,ConvNeXt-T,convnext_tiny_in1k,180,29,5,0.9310344827586207,0.024382992454708544,0.44827586206896547,0.20106730671880346,0.48275862068965514,0.21808811449437102
cub200,S2,ConvNeXt-T,convnext_tiny_in1k,181,30,5,0.9266666666666667,0.027888667551135848,0.0,0.0,0.9266666666666667,0.027888667551135848
cub200,S2,ConvNeXt-T,convnext_tiny_in1k,182,30,5,0.9066666666666666,0.04346134936801765,0.6599999999999999,0.12110601416389968,0.24666666666666667,0.12382783747337808
cub200,S2,ConvNeXt-T,convnext_tiny_in1k,183,30,5,0.8666666666666668,0.02357022603955158,0.8666666666666668,0.0408248290463863,0.0,0.062360956446232345
cub200,S2,ConvNeXt-T,convnext_tiny_in1k,184,30,5,0.9466666666666667,0.029814239699997188,0.8466666666666667,0.03800584750330459,0.09999999999999998,0.04082482904638629
cub200,S2,ConvNeXt-T,convnext_tiny_in1k,185,30,5,0.9466666666666667,0.029814239699997188,0.13333333333333333,0.11055415967851333,0.8133333333333332,0.10165300454651269
cub200,S2,ConvNeXt-T,convnext_tiny_in1k,186,20,5,0.96,0.04183300132670378,0.99,0.022360679774997918,-0.030000000000000006,0.02738612787525831
cub200,S2,ConvNeXt-T,convnext_tiny_in1k,187,30,5,0.9933333333333334,0.014907119849998594,0.7733333333333333,0.027888667551135886,0.21999999999999997,0.02981423969999723
cub200,S2,ConvNeXt-T,convnext_tiny_in1k,188,30,5,1.0,0.0,0.8066666666666666,0.04346134936801765,0.1933333333333333,0.04346134936801765
cub200,S2,ConvNeXt-T,convnext_tiny_in1k,189,29,5,0.9517241379310345,0.01888698474155749,0.9655172413793103,1.2412670766236366e-16,-0.01379310344827589,0.01888698474155749
cub200,S2,ConvNeXt-T,convnext_tiny_in1k,190,30,5,0.8666666666666668,1.2412670766236366e-16,0.013333333333333332,0.018257418583505537,0.8533333333333333,0.018257418583505533
cub200,S2,ConvNeXt-T,convnext_tiny_in1k,191,30,5,0.9866666666666667,0.018257418583505533,0.9199999999999999,0.05055250296034366,0.06666666666666665,0.05270462766947298
cub200,S2,ConvNeXt-T,convnext_tiny_in1k,192,30,5,0.76,0.0278886675511359,0.5666666666666667,0.17159383568311665,0.19333333333333336,0.16898389140848766
cub200,S2,ConvNeXt-T,convnext_tiny_in1k,193,30,5,0.9333333333333333,0.0,0.86,0.059628479399994376,0.07333333333333332,0.059628479399994376
cub200,S2,ConvNeXt-T,convnext_tiny_in1k,194,30,5,0.8933333333333333,0.027888667551135848,0.2,0.09999999999999999,0.6933333333333334,0.1233783701554783
cub200,S2,ConvNeXt-T,convnext_tiny_in1k,195,30,5,0.7133333333333333,0.050552502960343706,0.44666666666666666,0.14259499757471625,0.26666666666666666,0.10540925533894595
cub200,S2,ConvNeXt-T,convnext_tiny_in1k,196,30,5,0.74,0.0434613493680177,0.5866666666666667,0.12605113600792692,0.15333333333333338,0.1169045194450012
cub200,S2,ConvNeXt-T,convnext_tiny_in1k,197,30,5,0.8866666666666667,0.018257418583505533,0.7533333333333333,0.05055250296034371,0.13333333333333336,0.04082482904638634
cub200,S2,ConvNeXt-T,convnext_tiny_in1k,198,30,5,0.8866666666666667,0.018257418583505533,0.7866666666666667,0.06912147117775912,0.10000000000000002,0.06666666666666671
cub200,S2,ConvNeXt-T,convnext_tiny_in1k,199,30,5,0.9666666666666666,1.2412670766236366e-16,0.0,0.0,0.9666666666666666,1.2412670766236366e-16
cub200,S3,ViT-S,vit_small_in1k,0,30,5,0.6866666666666666,0.04472135954999579,0.26,0.12337837015547831,0.42666666666666664,0.09831920802501752
cub200,S3,ViT-S,vit_small_in1k,1,30,5,0.7933333333333333,0.05477225575051664,0.58,0.12156388352540311,0.21333333333333337,0.10165300454651266
cub200,S3,ViT-S,vit_small_in1k,2,28,5,0.7714285714285715,0.03194382824999698,0.7,0.07824607964359517,0.07142857142857142,0.08748177652797065
cub200,S3,ViT-S,vit_small_in1k,3,30,5,0.8533333333333333,0.05577733510227169,0.45999999999999996,0.16397831834998458,0.39333333333333337,0.14981470036162822
cub200,S3,ViT-S,vit_small_in1k,4,14,5,0.8285714285714285,0.039123039821797566,0.6285714285714286,0.14638501094227996,0.19999999999999998,0.16288220358559113
cub200,S3,ViT-S,vit_small_in1k,5,11,5,0.8727272727272727,0.04979295977319687,0.8363636363636363,0.07606000241218866,0.036363636363636355,0.12196734422726117
cub200,S3,ViT-S,vit_small_in1k,6,23,5,0.9391304347826088,0.038888138739126804,0.41739130434782606,0.16441452522773076,0.5217391304347826,0.1870070710226658
cub200,S3,ViT-S,vit_small_in1k,7,18,5,0.8555555555555555,0.07453559924999296,0.3888888888888889,0.08784104611578832,0.4666666666666667,0.15515822270854376
cub200,S3,ViT-S,vit_small_in1k,8,29,5,0.46206896551724136,0.07938527195325062,0.4413793103448276,0.18633456670491444,0.020689655172413786,0.13921813267714725
cub200,S3,ViT-S,vit_small_in1k,9,30,5,0.8866666666666667,0.03800584750330459,0.006666666666666666,0.014907119849998596,0.8800000000000001,0.038005847503304595
cub200,S3,ViT-S,vit_small_in1k,10,30,5,0.5466666666666666,0.06912147117775906,0.29333333333333333,0.027888667551135844,0.2533333333333333,0.09006170724070862
cub200,S3,ViT-S,vit_small_in1k,11,26,5,0.9692307692307693,0.03217923178977211,0.007692307692307693,0.017200522903844537,0.9615384615384617,0.038461538461538436
cub200,S3,ViT-S,vit_small_in1k,12,30,5,0.9400000000000001,0.036514837167011066,0.6,0.11055415967851331,0.34,0.0829993306532582
cub200,S3,ViT-S,vit_small_in1k,13,30,5,0.96,0.036514837167011066,0.0,0.0,0.96,0.036514837167011066
cub200,S3,ViT-S,vit_small_in1k,14,28,5,0.9142857142857143,0.0597614304667197,0.0,0.0,0.9142857142857143,0.0597614304667197
cub200,S3,ViT-S,vit_small_in1k,15,28,5,0.9,0.01597191412499849,0.0,0.0,0.9,0.01597191412499849
cub200,S3,ViT-S,vit_small_in1k,16,27,5,0.9407407407407407,0.020286020648339457,0.02222222222222222,0.020286020648339485,0.9185185185185185,0.030987408390150944
cub200,S3,ViT-S,vit_small_in1k,17,15,5,1.0,0.0,0.21333333333333332,0.19663841605003501,0.7866666666666667,0.19663841605003501
cub200,S3,ViT-S,vit_small_in1k,18,29,5,0.9241379310344827,0.028850345742554337,0.296551724137931,0.09630510375013063,0.6275862068965518,0.09874359353983697
cub200,S3,ViT-S,vit_small_in1k,19,29,5,0.8896551724137931,0.04496001658760452,0.0,0.0,0.8896551724137931,0.04496001658760452
cub200,S3,ViT-S,vit_small_in1k,20,30,5,0.9466666666666667,0.029814239699997188,0.16666666666666666,0.10274023338281627,0.78,0.0960324019392529
cub200,S3,ViT-S,vit_small_in1k,21,26,5,0.676923076923077,0.13488983012884756,0.18461538461538463,0.09955522388880603,0.49230769230769234,0.11344524002886637
cub200,S3,ViT-S,vit_small_in1k,22,29,5,0.5793103448275863,0.05114619646272869,0.35172413793103446,0.12288641159452043,0.22758620689655168,0.12093570977069089
cub200,S3,ViT-S,vit_small_in1k,23,22,5,0.9272727272727274,0.08257228238447703,0.44545454545454544,0.11765617368677078,0.4818181818181818,0.16262312563634834
cub200,S3,ViT-S,vit_small_in1k,24,30,5,0.48,0.16261747890200623,0.52,0.06912147117775906,-0.040000000000000015,0.12337837015547833
cub200,S3,ViT-S,vit_small_in1k,25,30,5,0.8200000000000001,0.018257418583505533,0.09333333333333334,0.09831920802501751,0.7266666666666667,0.08628119403696527
cub200,S3,ViT-S,vit_small_in1k,26,30,5,0.42000000000000004,0.03800584750330461,0.2,0.0816496580927726,0.22000000000000003,0.04472135954999579
cub200,S3,ViT-S,vit_small_in1k,27,29,5,0.9724137931034482,0.028850345742554333,0.9517241379310345,0.04626347539654738,0.020689655172413814,0.05229569271759689
cub200,S3,ViT-S,vit_small_in1k,28,30,5,0.42666666666666664,0.08628119403696523,0.37333333333333335,0.0924962461700774,0.05333333333333333,0.11450376024878445
cub200,S3,ViT-S,vit_small_in1k,29,30,5,0.35333333333333333,0.06912147117775908,0.27999999999999997,0.08366600265340757,0.07333333333333333,0.1038160766826496
cub200,S3,ViT-S,vit_small_in1k,30,30,5,0.8200000000000001,0.06055300708194982,0.2733333333333333,0.136218778278017,0.5466666666666666,0.16090024514862894
cub200,S3,ViT-S,vit_small_in1k,31,23,5,0.6956521739130435,0.061487546190134565,0.034782608695652174,0.036376522892785895,0.6608695652173913,0.056688716566979554
cub200,S3,ViT-S,vit_small_in1k,32,29,5,0.7931034482758621,0.024382992454708544,0.2137931034482759,0.1073959413958444,0.5793103448275863,0.12763279671256378
cub200,S3,ViT-S,vit_small_in1k,33,29,5,0.9379310344827587,0.028850345742554347,0.2896551724137931,0.17344519089599023,0.6482758620689655,0.17137618813502314
cub200,S3,ViT-S,vit_small_in1k,34,30,5,0.9533333333333334,0.018257418583505533,0.013333333333333332,0.018257418583505537,0.9400000000000001,0.027888667551135848
cub200,S3,ViT-S,vit_small_in1k,35,30,5,0.9933333333333334,0.014907119849998594,0.8333333333333334,0.062360956446232345,0.15999999999999998,0.06411794687223779
cub200,S3,ViT-S,vit_small_in1k,36,29,5,0.5586206896551724,0.0511461964627287,0.10344827586206895,0.16537350080388688,0.45517241379310347,0.20017827963724125
cub200,S3,ViT-S,vit_small_in1k,37,30,5,0.7733333333333333,0.08628119403696527,0.013333333333333332,0.018257418583505537,0.76,0.08944271909999163
cub200,S3,ViT-S,vit_small_in1k,38,29,5,0.46206896551724136,0.03931639396893581,0.35172413793103446,0.1409159775289831,0.11034482758620692,0.1430099403677774
cub200,S3,ViT-S,vit_small_in1k,39,30,5,0.6799999999999999,0.029814239699997188,0.5333333333333333,0.12692955176439844,0.14666666666666664,0.15018507101425077
cub200,S3,ViT-S,vit_small_in1k,40,30,5,0.8733333333333334,0.027888667551135848,0.48666666666666664,0.13038404810405296,0.3866666666666667,0.1406334873981932
cub200,S3,ViT-S,vit_small_in1k,41,30,5,0.86,0.014907119849998594,0.0,0.0,0.86,0.014907119849998594
cub200,S3,ViT-S,vit_small_in1k,42,29,5,0.5379310344827586,0.06264104180891361,0.020689655172413793,0.030842316931031583,0.5172413793103449,0.05972588991616818
cub200,S3,ViT-S,vit_small_in1k,43,30,5,0.7333333333333333,0.03333333333333338,0.44000000000000006,0.05477225575051661,0.29333333333333333,0.07958224257542218
cub200,S3,ViT-S,vit_small_in1k,44,30,5,0.6133333333333333,0.050552502960343665,0.7466666666666667,0.09309493362512632,-0.13333333333333336,0.06666666666666671
cub200,S3,ViT-S,vit_small_in1k,45,30,5,0.9199999999999999,0.029814239699997188,0.7533333333333333,0.12823589374447564,0.16666666666666666,0.13743685418725538
cub200,S3,ViT-S,vit_small_in1k,46,30,5,0.9400000000000001,0.027888667551135848,0.006666666666666666,0.014907119849998596,0.9333333333333333,0.033333333333333326
cub200,S3,ViT-S,vit_small_in1k,47,30,5,1.0,0.0,0.05333333333333333,0.06912147117775906,0.9466666666666667,0.06912147117775906
cub200,S3,ViT-S,vit_small_in1k,48,30,5,0.7066666666666667,0.06411794687223782,0.013333333333333332,0.018257418583505537,0.6933333333333334,0.06411794687223783
cub200,S3,ViT-S,vit_small_in1k,49,30,5,0.8333333333333334,0.05270462766947298,0.32666666666666666,0.132077418374393,0.5066666666666666,0.12560962454277846
cub200,S3,ViT-S,vit_small_in1k,50,30,5,0.7533333333333333,0.08692269873603535,0.4533333333333333,0.10697871023920809,0.30000000000000004,0.11303883305208778
cub200,S3,ViT-S,vit_small_in1k,51,30,5,0.9266666666666667,0.04346134936801765,0.47333333333333333,0.11401754250991379,0.4533333333333333,0.1260511360079269
cub200,S3,ViT-S,vit_small_in1k,52,30,5,0.9666666666666666,0.02357022603955158,0.7,0.105409255338946,0.2666666666666667,0.09718253158075504
cub200,S3,ViT-S,vit_small_in1k,53,30,5,0.8866666666666667,0.029814239699997188,0.0,0.0,0.8866666666666667,0.029814239699997188
cub200,S3,ViT-S,vit_small_in1k,54,30,5,0.8933333333333333,0.027888667551135848,0.12,0.17094508539944112,0.7733333333333333,0.1552775293180282
cub200,S3,ViT-S,vit_small_in1k,55,30,5,0.9199999999999999,0.05055250296034366,0.026666666666666665,0.043461349368017654,0.8933333333333333,0.014907119849998596
cub200,S3,ViT-S,vit_small_in1k,56,30,5,1.0,0.0,0.07333333333333333,0.0760116950066092,0.9266666666666665,0.07601169500660919
cub200,S3,ViT-S,vit_small_in1k,57,28,5,0.8571428571428571,0.06681531047810611,0.38571428571428573,0.11123151073141026,0.4714285714285714,0.08144110179279553
cub200,S3,ViT-S,vit_small_in1k,58,30,5,0.24666666666666667,0.07673909622147558,0.2,0.13944333775567927,0.04666666666666666,0.15563490039905004
cub200,S3,ViT-S,vit_small_in1k,59,29,5,0.5103448275862069,0.0377739694831149,0.2,0.09252695079309475,0.31034482758620696,0.09753196981883418
cub200,S3,ViT-S,vit_small_in1k,60,30,5,0.96,0.014907119849998596,0.48,0.1994436706886879,0.4800000000000001,0.20357908646136627
cub200,S3,ViT-S,vit_small_in1k,61,30,5,0.37333333333333335,0.049441323247304436,0.013333333333333332,0.018257418583505537,0.36,0.05962847939999439
cub200,S3,ViT-S,vit_small_in1k,62,30,5,0.8666666666666668,0.07453559924999298,0.9199999999999999,0.018257418583505533,-0.05333333333333332,0.06912147117775906
cub200,S3,ViT-S,vit_small_in1k,63,30,5,0.5533333333333333,0.06055300708194982,0.07333333333333333,0.03651483716701108,0.48,0.06912147117775906
cub200,S3,ViT-S,vit_small_in1k,64,20,5,0.58,0.02738612787525827,0.24,0.12942179105544785,0.34,0.15165750888103097
cub200,S3,ViT-S,vit_small_in1k,65,30,5,0.6733333333333333,0.06411794687223783,0.4133333333333333,0.09888264649460884,0.25999999999999995,0.09831920802501751
cub200,S3,ViT-S,vit_small_in1k,66,30,5,0.7466666666666667,0.018257418583505595,0.4066666666666666,0.12780193008453875,0.34,0.13207741837439302
cub200,S3,ViT-S,vit_small_in1k,67,30,5,0.6799999999999999,0.1069787102392081,0.2,0.17950549357115014,0.48,0.11690451944500117
cub200,S3,ViT-S,vit_small_in1k,68,30,5,0.7933333333333333,0.05477225575051666,0.21333333333333332,0.2304584802325814,0.58,0.2794836508833945
cub200,S3,ViT-S,vit_small_in1k,69,30,5,0.9933333333333334,0.014907119849998594,0.0,0.0,0.9933333333333334,0.014907119849998594
cub200,S3,ViT-S,vit_small_in1k,70,30,5,0.47333333333333333,0.04944132324730441,0.4133333333333333,0.12823589374447564,0.06000000000000001,0.0924962461700774
cub200,S3,ViT-S,vit_small_in1k,71,30,5,0.5266666666666666,0.0829993306532582,0.42666666666666664,0.04346134936801767,0.09999999999999999,0.06236095644623233
cub200,S3,ViT-S,vit_small_in1k,72,30,5,0.8933333333333333,0.059628479399994376,0.30666666666666664,0.059628479399994404,0.5866666666666667,0.055777335102271716
cub200,S3,ViT-S,vit_small_in1k,73,30,5,0.9866666666666667,0.018257418583505533,0.026666666666666665,0.0149071198499986,0.96,0.014907119849998596
cub200,S3,ViT-S,vit_small_in1k,74,27,5,0.9777777777777776,0.020286020648339516,0.059259259259259255,0.05616944773371518,0.9185185185185185,0.06085806194501847
cub200,S3,ViT-S,vit_small_in1k,75,30,5,0.9400000000000001,0.027888667551135848,0.76,0.014907119849998644,0.18,0.03800584750330463
cub200,S3,ViT-S,vit_small_in1k,76,30,5,0.9133333333333333,0.018257418583505533,0.0,0.0,0.9133333333333333,0.018257418583505533
cub200,S3,ViT-S,vit_small_in1k,77,29,5,0.8413793103448276,0.06264104180891363,0.6965517241379311,0.12288641159452042,0.14482758620689654,0.1430099403677774
cub200,S3,ViT-S,vit_small_in1k,78,30,5,0.8533333333333333,0.038005847503304595,0.6666666666666666,0.11785113019775793,0.1866666666666667,0.11450376024878448
cub200,S3,ViT-S,vit_small_in1k,79,30,5,0.8733333333333334,0.014907119849998596,0.5,0.1130388330520878,0.37333333333333335,0.11155467020454338
cub200,S3,ViT-S,vit_small_in1k,80,30,5,0.8933333333333333,0.014907119849998596,0.8866666666666667,0.029814239699997188,0.006666666666666665,0.014907119849998594
cub200,S3,ViT-S,vit_small_in1k,81,30,5,0.8200000000000001,0.05055250296034366,0.12666666666666665,0.11879019787470309,0.6933333333333334,0.11879019787470312
cub200,S3,ViT-S,vit_small_in1k,82,30,5,0.9266666666666667,0.014907119849998594,0.0,0.0,0.9266666666666667,0.014907119849998594
cub200,S3,ViT-S,vit_small_in1k,83,23,5,0.9304347826086957,0.023814024239355094,0.10434782608695652,0.13259087549545137,0.826086956521739,0.15061311370164154
cub200,S3,ViT-S,vit_small_in1k,84,30,5,0.9199999999999999,0.04472135954999578,0.54,0.14605934866804426,0.38,0.15202339001321835
cub200,S3,ViT-S,vit_small_in1k,85,30,5,0.8933333333333333,0.04944132324730441,0.9066666666666666,0.04346134936801765,-0.01333333333333333,0.08366600265340754
cub200,S3,ViT-S,vit_small_in1k,86,30,5,0.8200000000000001,0.03800584750330459,0.17333333333333334,0.12110601416389966,0.6466666666666667,0.0960324019392529
cub200,S3,ViT-S,vit_small_in1k,87,30,5,0.9,0.033333333333333326,0.026666666666666665,0.02788866755113585,0.8733333333333334,0.027888667551135848
cub200,S3,ViT-S,vit_small_in1k,88,30,5,0.7933333333333333,0.014907119849998596,0.7466666666666667,0.018257418583505595,0.046666666666666724,0.029814239699997244
cub200,S3,ViT-S,vit_small_in1k,89,30,5,0.9,0.05773502691896257,0.5466666666666666,0.11205157542647738,0.3533333333333334,0.13457752825457564
cub200,S3,ViT-S,vit_small_in1k,90,30,5,0.5266666666666666,0.09545214042184234,0.7533333333333333,0.055777335102271744,-0.22666666666666666,0.10903618155864082
cub200,S3,ViT-S,vit_small_in1k,91,30,5,0.7133333333333333,0.018257418583505533,0.42000000000000004,0.12156388352540312,0.2933333333333333,0.12337837015547831
cub200,S3,ViT-S,vit_small_in1k,92,30,5,0.9800000000000001,0.018257418583505537,0.8533333333333333,0.055777335102271695,0.12666666666666665,0.04346134936801765
cub200,S3,ViT-S,vit_small_in1k,93,30,5,0.9466666666666667,0.029814239699997188,0.5933333333333334,0.1479489401411476,0.3533333333333334,0.15383974345619097
cub200,S3,ViT-S,vit_small_in1k,94,30,5,0.8800000000000001,0.029814239699997188,0.0,0.0,0.8800000000000001,0.029814239699997188
cub200,S3,ViT-S,vit_small_in1k,95,30,5,0.7333333333333333,0.04082482904638634,0.0,0.0,0.7333333333333333,0.04082482904638634
cub200,S3,ViT-S,vit_small_in1k,96,29,5,0.7379310344827587,0.05229569271759688,0.0,0.0,0.7379310344827587,0.05229569271759688
cub200,S3,ViT-S,vit_small_in1k,97,30,5,0.8800000000000001,0.018257418583505537,0.0,0.0,0.8800000000000001,0.018257418583505537
cub200,S3,ViT-S,vit_small_in1k,98,30,5,0.8800000000000001,0.018257418583505537,0.24,0.054772255750516606,0.64,0.06411794687223783
cub200,S3,ViT-S,vit_small_in1k,99,30,5,0.96,0.043461349368017654,0.8733333333333334,0.07226494462892932,0.08666666666666664,0.04472135954999579
cub200,S3,ViT-S,vit_small_in1k,100,20,5,0.96,0.04183300132670378,0.75,0.08660254037844389,0.20999999999999996,0.11401754250991383
cub200,S3,ViT-S,vit_small_in1k,101,30,5,0.4133333333333334,0.1169045194450012,0.21333333333333332,0.09006170724070862,0.2,0.1269295517643985
cub200,S3,ViT-S,vit_small_in1k,102,30,5,0.54,0.09249624617007737,0.4,0.15811388300841897,0.13999999999999999,0.09545214042184236
cub200,S3,ViT-S,vit_small_in1k,103,30,5,0.6933333333333334,0.11642832797715325,0.4866666666666667,0.1260511360079269,0.2066666666666667,0.13621877827801698
cub200,S3,ViT-S,vit_small_in1k,104,19,5,0.6105263157894736,0.1422026956432242,0.8736842105263157,0.1211669940339088,-0.26315789473684215,0.0911605688194146
cub200,S3,ViT-S,vit_small_in1k,105,30,5,0.9733333333333334,0.027888667551135844,0.62,0.12823589374447564,0.35333333333333333,0.14643921757659198
cub200,S3,ViT-S,vit_small_in1k,106,30,5,0.42666666666666664,0.0894427190999916,0.2733333333333333,0.06411794687223779,0.15333333333333332,0.10954451150103321
cub200,S3,ViT-S,vit_small_in1k,107,30,5,0.7866666666666667,0.03800584750330463,0.7733333333333333,0.05962847939999443,0.01333333333333333,0.06055300708194989
cub200,S3,ViT-S,vit_small_in1k,108,30,5,0.9,0.0,0.013333333333333332,0.02981423969999719,0.8866666666666667,0.029814239699997188
cub200,S3,ViT-S,vit_small_in1k,109,30,5,0.9333333333333333,0.02357022603955158,0.9733333333333334,0.027888667551135848,-0.039999999999999994,0.014907119849998596
cub200,S3,ViT-S,vit_small_in1k,110,30,5,0.6133333333333333,0.07673909622147557,0.3066666666666667,0.1299572579307862,0.30666666666666664,0.1140175425099138
cub200,S3,ViT-S,vit_small_in1k,111,30,5,0.6466666666666667,0.07673909622147557,0.7466666666666667,0.0691214711777591,-0.1,0.13743685418725538
cub200,S3,ViT-S,vit_small_in1k,112,20,5,0.93,0.027386127875258272,0.63,0.15247950681976907,0.29999999999999993,0.15000000000000002
cub200,S3,ViT-S,vit_small_in1k,113,30,5,0.9066666666666666,0.027888667551135848,0.8066666666666666,0.07958224257542217,0.1,0.07453559924999302
cub200,S3,ViT-S,vit_small_in1k,114,29,5,0.6206896551724138,0.0422325817721238,0.29655172413793107,0.09934386407508919,0.32413793103448274,0.10794810925861054
cub200,S3,ViT-S,vit_small_in1k,115,30,5,0.7,0.0666666666666667,0.026666666666666665,0.02788866755113585,0.6733333333333333,0.07958224257542217
cub200,S3,ViT-S,vit_small_in1k,116,29,5,0.6827586206896552,0.0747568392713062,0.3310344827586207,0.1434250644350719,0.35172413793103446,0.16429143792512546
cub200,S3,ViT-S,vit_small_in1k,117,30,5,0.6,0.10274023338281625,0.09333333333333334,0.04944132324730442,0.5066666666666666,0.10903618155864082
cub200,S3,ViT-S,vit_small_in1k,118,29,5,0.5862068965517242,0.09753196981883415,0.013793103448275862,0.030842316931031583,0.5724137931034483,0.12809776290349456
cub200,S3,ViT-S,vit_small_in1k,119,30,5,0.74,0.0278886675511359,0.17333333333333334,0.08628119403696523,0.5666666666666667,0.1027402333828163
cub200,S3,ViT-S,vit_small_in1k,120,30,5,0.6933333333333334,0.054772255750516634,0.32666666666666666,0.16055459438389727,0.36666666666666664,0.17480147469502524
cub200,S3,ViT-S,vit_small_in1k,121,30,5,0.8800000000000001,0.07302967433402213,0.5,0.09999999999999998,0.38,0.11925695879998875
cub200,S3,ViT-S,vit_small_in1k,122,30,5,0.8066666666666666,0.036514837167011066,0.14666666666666667,0.09888264649460884,0.66,0.09545214042184234
cub200,S3,ViT-S,vit_small_in1k,123,29,5,0.8137931034482758,0.06721927134351008,0.2206896551724138,0.0715049701838887,0.5931034482758621,0.09874359353983689
cub200,S3,ViT-S,vit_small_in1k,124,29,5,0.8413793103448276,0.0715049701838887,0.6137931034482759,0.0786327879378716,0.22758620689655168,0.11332190844934471
cub200,S3,ViT-S,vit_small_in1k,125,30,5,0.7266666666666667,0.043461349368017696,0.06666666666666667,0.06666666666666667,0.6599999999999999,0.10903618155864087
cub200,S3,ViT-S,vit_small_in1k,126,30,5,0.8066666666666666,0.054772255750516634,0.06666666666666667,0.05270462766947299,0.74,0.08628119403696523
cub200,S3,ViT-S,vit_small_in1k,127,30,5,0.7666666666666667,0.02357022603955162,0.5,0.1130388330520878,0.2666666666666667,0.1269295517643985
cub200,S3,ViT-S,vit_small_in1k,128,30,5,0.76,0.07958224257542218,0.18666666666666668,0.09006170724070864,0.5733333333333334,0.06411794687223783
cub200,S3,ViT-S,vit_small_in1k,129,30,5,0.6066666666666667,0.04944132324730441,0.08666666666666667,0.06497862896539311,0.5199999999999999,0.08692269873603531
cub200,S3,ViT-S,vit_small_in1k,130,30,5,0.6466666666666667,0.12823589374447567,0.5466666666666666,0.1282358937444756,0.10000000000000002,0.14142135623730953
cub200,S3,ViT-S,vit_small_in1k,131,30,5,0.8800000000000001,0.018257418583505533,0.45999999999999996,0.1673320053068151,0.42000000000000004,0.1609002451486289
cub200,S3,ViT-S,vit_small_in1k,132,30,5,0.8733333333333334,0.04346134936801765,0.1733333333333333,0.13207741837439296,0.7,0.12018504251546629
cub200,S3,ViT-S,vit_small_in1k,133,30,5,0.9400000000000001,0.027888667551135848,0.0,0.0,0.9400000000000001,0.027888667551135848
cub200,S3,ViT-S,vit_small_in1k,134,30,5,0.52,0.11450376024878445,0.4066666666666666,0.15165750888103102,0.11333333333333333,0.13662601021279466
cub200,S3,ViT-S,vit_small_in1k,135,30,5,0.72,0.05577733510227174,0.026666666666666665,0.02788866755113585,0.6933333333333334,0.07226494462892935
cub200,S3,ViT-S,vit_small_in1k,136,30,5,0.6399999999999999,0.0641179468722378,0.17333333333333334,0.10645812948447542,0.4666666666666666,0.14529663145135577
cub200,S3,ViT-S,vit_small_in1k,137,30,5,0.7933333333333333,0.027888667551135844,0.18666666666666668,0.07673909622147558,0.6066666666666667,0.07958224257542218
cub200,S3,ViT-S,vit_small_in1k,138,30,5,0.9066666666666666,0.027888667551135844,0.0,0.0,0.9066666666666666,0.027888667551135844
cub200,S3,ViT-S,vit_small_in1k,139,30,5,0.9199999999999999,0.029814239699997188,0.0,0.0,0.9199999999999999,0.029814239699997188
cub200,S3,ViT-S,vit_small_in1k,140,29,5,0.8137931034482758,0.07938527195325058,0.2482758620689655,0.14911550558923897,0.5655172413793104,0.17344519089599023
cub200,S3,ViT-S,vit_small_in1k,141,30,5,0.49333333333333335,0.04346134936801765,0.3466666666666667,0.06912147117775908,0.14666666666666667,0.08366600265340755
cub200,S3,ViT-S,vit_small_in1k,142,30,5,0.5266666666666666,0.06411794687223779,0.15333333333333332,0.11925695879998878,0.37333333333333335,0.1115546702045434
cub200,S3,ViT-S,vit_small_in1k,143,30,5,0.3466666666666667,0.11205157542647741,0.04,0.04346134936801766,0.3066666666666667,0.08628119403696523
cub200,S3,ViT-S,vit_small_in1k,144,30,5,0.6533333333333333,0.029814239699997188,0.3,0.13123346456686352,0.35333333333333333,0.11925695879998881
cub200,S3,ViT-S,vit_small_in1k,145,30,5,0.5399999999999999,0.132077418374393,0.013333333333333332,0.02981423969999719,0.5266666666666666,0.13621877827801698
cub200,S3,ViT-S,vit_small_in1k,146,30,5,0.8666666666666668,0.05270462766947298,0.27999999999999997,0.17888543819998315,0.5866666666666667,0.1591644851508443
cub200,S3,ViT-S,vit_small_in1k,147,30,5,0.9333333333333333,0.0,0.08666666666666667,0.10697871023920809,0.8466666666666667,0.10697871023920807
cub200,S3,ViT-S,vit_small_in1k,148,29,5,0.9241379310344827,0.015421158465515773,0.1103448275862069,0.09568577190008005,0.8137931034482758,0.10794810925861054
cub200,S3,ViT-S,vit_small_in1k,149,30,5,0.8933333333333333,0.014907119849998594,0.7066666666666667,0.07226494462892936,0.1866666666666667,0.08027729719194866
cub200,S3,ViT-S,vit_small_in1k,150,21,5,0.8761904761904763,0.042591770999996004,0.5428571428571429,0.04259177099999598,0.33333333333333337,0.07529232524210426
cub200,S3,ViT-S,vit_small_in1k,151,30,5,0.7666666666666666,0.047140452079103216,0.2533333333333333,0.13662601021279464,0.5133333333333334,0.13038404810405302
cub200,S3,ViT-S,vit_small_in1k,152,29,5,0.8137931034482758,0.0715049701838887,0.0,0.0,0.8137931034482758,0.0715049701838887
cub200,S3,ViT-S,vit_small_in1k,153,30,5,0.8066666666666666,0.06411794687223783,0.03333333333333333,0.023570226039551584,0.7733333333333333,0.07601169500660922
cub200,S3,ViT-S,vit_small_in1k,154,30,5,0.6799999999999999,0.018257418583505533,0.35333333333333333,0.0767390962214756,0.3266666666666666,0.07226494462892935
cub200,S3,ViT-S,vit_small_in1k,155,30,5,0.9266666666666667,0.04944132324730441,0.0,0.0,0.9266666666666667,0.04944132324730441
cub200,S3,ViT-S,vit_small_in1k,156,29,5,0.7724137931034483,0.01888698474155749,0.0,0.0,0.7724137931034483,0.01888698474155749
cub200,S3,ViT-S,vit_small_in1k,157,30,5,0.9666666666666668,0.02357022603955158,0.0,0.0,0.9666666666666668,0.02357022603955158
cub200,S3,ViT-S,vit_small_in1k,158,30,5,0.9866666666666667,0.018257418583505533,0.8733333333333333,0.09545214042184237,0.11333333333333333,0.08692269873603534
cub200,S3,ViT-S,vit_small_in1k,159,29,5,0.993103448275862,0.015421158465515773,0.3724137931034483,0.10459138543519382,0.6206896551724138,0.09753196981883419
cub200,S3,ViT-S,vit_small_in1k,160,30,5,0.86,0.027888667551135844,0.0,0.0,0.86,0.027888667551135844
cub200,S3,ViT-S,vit_small_in1k,161,30,5,0.8066666666666666,0.014907119849998594,0.0,0.0,0.8066666666666666,0.014907119849998594
cub200,S3,ViT-S,vit_small_in1k,162,30,5,0.9466666666666667,0.029814239699997188,0.0,0.0,0.9466666666666667,0.029814239699997188
cub200,S3,ViT-S,vit_small_in1k,163,30,5,0.9400000000000001,0.036514837167011066,0.13333333333333333,0.10540925533894598,0.8066666666666666,0.07958224257542217
cub200,S3,ViT-S,vit_small_in1k,164,30,5,0.9,0.02357022603955158,0.02,0.018257418583505537,0.8800000000000001,0.029814239699997188
cub200,S3,ViT-S,vit_small_in1k,165,29,5,0.8896551724137931,0.028850345742554347,0.013793103448275862,0.018886984741557453,0.8758620689655172,0.04626347539654738
cub200,S3,ViT-S,vit_small_in1k,166,30,5,0.6399999999999999,0.06411794687223779,0.0,0.0,0.6399999999999999,0.06411794687223779
cub200,S3,ViT-S,vit_small_in1k,167,29,5,0.903448275862069,0.028850345742554333,0.0,0.0,0.903448275862069,0.028850345742554333
cub200,S3,ViT-S,vit_small_in1k,168,29,5,0.9862068965517242,0.01888698474155743,0.0,0.0,0.9862068965517242,0.01888698474155743
cub200,S3,ViT-S,vit_small_in1k,169,30,5,0.7933333333333333,0.04944132324730444,0.0,0.0,0.7933333333333333,0.04944132324730444
cub200,S3,ViT-S,vit_small_in1k,170,30,5,0.9266666666666667,0.027888667551135848,0.09333333333333334,0.09249624617007739,0.8333333333333334,0.07817359599705716
cub200,S3,ViT-S,vit_small_in1k,171,30,5,0.8666666666666668,0.05773502691896257,0.0,0.0,0.8666666666666668,0.05773502691896257
cub200,S3,ViT-S,vit_small_in1k,172,30,5,0.5533333333333333,0.08366600265340754,0.02,0.044721359549995794,0.5333333333333333,0.11547005383792514
cub200,S3,ViT-S,vit_small_in1k,173,30,5,0.8266666666666668,0.04346134936801765,0.013333333333333332,0.018257418583505537,0.8133333333333332,0.038005847503304595
cub200,S3,ViT-S,vit_small_in1k,174,30,5,0.7266666666666667,0.05962847939999442,0.0,0.0,0.7266666666666667,0.05962847939999442
cub200,S3,ViT-S,vit_small_in1k,175,30,5,0.96,0.014907119849998596,0.0,0.0,0.96,0.014907119849998596
cub200,S3,ViT-S,vit_small_in1k,176,30,5,0.9800000000000001,0.029814239699997188,0.0,0.0,0.9800000000000001,0.029814239699997188
cub200,S3,ViT-S,vit_small_in1k,177,26,5,0.8538461538461538,0.05014771080925115,0.2230769230769231,0.14746376548216011,0.6307692307692307,0.1454436184706849
cub200,S3,ViT-S,vit_small_in1k,178,29,5,0.6413793103448275,0.09934386407508919,0.006896551724137931,0.015421158465515792,0.6344827586206897,0.086551037227663
cub200,S3,ViT-S,vit_small_in1k,179,30,5,0.8,0.07071067811865477,0.0,0.0,0.8,0.07071067811865477
cub200,S3,ViT-S,vit_small_in1k,180,29,5,0.9172413793103449,0.030842316931031597,0.18620689655172412,0.1664485294640989,0.7310344827586206,0.1879231254267409
cub200,S3,ViT-S,vit_small_in1k,181,30,5,0.8666666666666668,0.033333333333333326,0.013333333333333332,0.02981423969999719,0.8533333333333333,0.05577733510227169
cub200,S3,ViT-S,vit_small_in1k,182,30,5,0.9,0.0408248290463863,0.6066666666666667,0.06411794687223779,0.29333333333333333,0.09545214042184233
cub200,S3,ViT-S,vit_small_in1k,183,30,5,0.7333333333333333,0.03333333333333338,0.78,0.03800584750330462,-0.046666666666666703,0.04472135954999587
cub200,S3,ViT-S,vit_small_in1k,184,30,5,0.9400000000000001,0.014907119849998596,0.54,0.08944271909999157,0.4,0.08498365855987973
cub200,S3,ViT-S,vit_small_in1k,185,30,5,0.9666666666666666,1.2412670766236366e-16,0.12666666666666665,0.0760116950066092,0.8400000000000001,0.0760116950066092
cub200,S3,ViT-S,vit_small_in1k,186,20,5,0.82,0.07582875444051553,0.76,0.04183300132670382,0.059999999999999984,0.06519202405202651
cub200,S3,ViT-S,vit_small_in1k,187,30,5,0.9866666666666667,0.018257418583505533,0.5733333333333334,0.09249624617007737,0.4133333333333334,0.09603240193925287
cub200,S3,ViT-S,vit_small_in1k,188,30,5,1.0,0.0,0.7666666666666667,0.11055415967851336,0.2333333333333333,0.11055415967851336
cub200,S3,ViT-S,vit_small_in1k,189,29,5,0.9310344827586207,0.03448275862068967,0.9448275862068967,0.030842316931031604,-0.013793103448275867,0.057700691485108674
cub200,S3,ViT-S,vit_small_in1k,190,30,5,0.86,0.014907119849998594,0.07333333333333333,0.0760116950066092,0.7866666666666667,0.06912147117775906
cub200,S3,ViT-S,vit_small_in1k,191,30,5,0.96,0.027888667551135848,0.8733333333333334,0.08299933065325824,0.08666666666666667,0.08366600265340758
cub200,S3,ViT-S,vit_small_in1k,192,30,5,0.7,0.04082482904638629,0.4866666666666667,0.09006170724070862,0.2133333333333333,0.08366600265340754
cub200,S3,ViT-S,vit_small_in1k,193,30,5,0.9400000000000001,0.027888667551135848,0.7933333333333333,0.09831920802501752,0.14666666666666667,0.10954451150103324
cub200,S3,ViT-S,vit_small_in1k,194,30,5,0.9466666666666667,0.038005847503304595,0.04666666666666667,0.0447213595499958,0.9,0.033333333333333326
cub200,S3,ViT-S,vit_small_in1k,195,30,5,0.5866666666666667,0.05055250296034366,0.18666666666666668,0.11450376024878445,0.4,0.11055415967851334
cub200,S3,ViT-S,vit_small_in1k,196,30,5,0.7866666666666667,0.029814239699997188,0.48666666666666664,0.11925695879998877,0.30000000000000004,0.1312334645668635
cub200,S3,ViT-S,vit_small_in1k,197,30,5,0.8533333333333333,0.018257418583505533,0.6866666666666666,0.060553007081949856,0.1666666666666667,0.06236095644623239
cub200,S3,ViT-S,vit_small_in1k,198,30,5,0.7933333333333333,0.027888667551135844,0.45999999999999996,0.14794894014114762,0.33333333333333337,0.14337208778404376
cub200,S3,ViT-S,vit_small_in1k,199,30,5,0.9400000000000001,0.014907119849998594,0.0,0.0,0.9400000000000001,0.014907119849998594
cub200,S4,Swin-T,swin_tiny,0,30,5,0.8200000000000001,0.05055250296034366,0.5,0.19578900207451216,0.32,0.15202339001321838
cub200,S4,Swin-T,swin_tiny,1,30,5,0.8266666666666668,0.04944132324730441,0.72,0.10165300454651274,0.10666666666666672,0.12780193008453877
cub200,S4,Swin-T,swin_tiny,2,28,5,0.9571428571428571,0.04656573146573318,0.9214285714285715,0.029880715233359827,0.0357142857142857,0.05050762722761051
cub200,S4,Swin-T,swin_tiny,3,30,5,0.9333333333333333,0.033333333333333326,0.7666666666666667,0.0471404520791032,0.16666666666666666,0.05773502691896258
cub200,S4,Swin-T,swin_tiny,4,14,5,0.8857142857142858,0.03912303982179762,0.7142857142857142,0.11293848786315638,0.17142857142857143,0.12975644374703538
cub200,S4,Swin-T,swin_tiny,5,11,5,0.9636363636363636,0.049792959773196935,0.9818181818181818,0.0406557814090871,-0.018181818181818188,0.0406557814090871
cub200,S4,Swin-T,swin_tiny,6,23,5,1.0,0.0,0.6695652173913043,0.08475473343312144,0.33043478260869563,0.08475473343312144
cub200,S4,Swin-T,swin_tiny,7,18,5,0.9777777777777779,0.030429030972509243,0.5111111111111111,0.12668615834434868,0.4666666666666667,0.12171612389003693
cub200,S4,Swin-T,swin_tiny,8,29,5,0.5379310344827586,0.03931639396893576,0.37241379310344824,0.028850345742554313,0.16551724137931034,0.03777396948311488
cub200,S4,Swin-T,swin_tiny,9,30,5,0.9733333333333334,0.014907119849998596,0.013333333333333332,0.018257418583505537,0.96,0.027888667551135848
cub200,S4,Swin-T,swin_tiny,10,30,5,0.6266666666666667,0.036514837167011066,0.18666666666666668,0.09006170724070862,0.44000000000000006,0.08628119403696524
cub200,S4,Swin-T,swin_tiny,11,26,5,0.9846153846153847,0.021066252211737146,0.06153846153846154,0.05832981110808886,0.923076923076923,0.05439282932204214
cub200,S4,Swin-T,swin_tiny,12,30,5,0.96,0.014907119849998596,0.8666666666666668,0.05270462766947298,0.09333333333333331,0.04944132324730441
cub200,S4,Swin-T,swin_tiny,13,30,5,0.9666666666666666,1.2412670766236366e-16,0.0,0.0,0.9666666666666666,1.2412670766236366e-16
cub200,S4,Swin-T,swin_tiny,14,28,5,0.9357142857142857,0.01597191412499849,0.0,0.0,0.9357142857142857,0.01597191412499849
cub200,S4,Swin-T,swin_tiny,15,28,5,0.9428571428571428,0.01956151991089878,0.0,0.0,0.9428571428571428,0.01956151991089878
cub200,S4,Swin-T,swin_tiny,16,27,5,0.9851851851851852,0.020286020648339516,0.08888888888888888,0.07680163464195452,0.8962962962962961,0.08029438292103258
cub200,S4,Swin-T,swin_tiny,17,15,5,1.0,0.0,0.7733333333333333,0.07601169500660923,0.22666666666666666,0.07601169500660923
cub200,S4,Swin-T,swin_tiny,18,29,5,0.903448275862069,0.04496001658760451,0.496551724137931,0.16283750280162199,0.4068965517241379,0.14911550558923897
cub200,S4,Swin-T,swin_tiny,19,29,5,0.9310344827586207,0.04223258177212375,0.0,0.0,0.9310344827586207,0.04223258177212375
cub200,S4,Swin-T,swin_tiny,20,30,5,0.9800000000000001,0.018257418583505533,0.35333333333333333,0.06055300708194985,0.6266666666666667,0.043461349368017696
cub200,S4,Swin-T,swin_tiny,21,26,5,0.6538461538461539,0.05439282932204212,0.16153846153846155,0.09955522388880603,0.49230769230769234,0.07882269819968925
cub200,S4,Swin-T,swin_tiny,22,29,5,0.6827586206896552,0.028850345742554347,0.48965517241379314,0.03777396948311492,0.19310344827586207,0.06264104180891365
cub200,S4,Swin-T,swin_tiny,23,22,5,0.8727272727272727,0.10852123987557567,0.32727272727272727,0.0746894396597954,0.5454545454545454,0.07186994682200866
cub200,S4,Swin-T,swin_tiny,24,30,5,0.7266666666666667,0.06411794687223785,0.5866666666666667,0.08027729719194862,0.13999999999999999,0.07226494462892934
cub200,S4,Swin-T,swin_tiny,25,30,5,0.9266666666666667,0.027888667551135844,0.07333333333333333,0.05962847939999439,0.8533333333333333,0.038005847503304595
cub200,S4,Swin-T,swin_tiny,26,30,5,0.38,0.08027729719194865,0.3666666666666667,0.135400640077266,0.013333333333333341,0.08366600265340754
cub200,S4,Swin-T,swin_tiny,27,29,5,0.9517241379310345,0.030842316931031604,0.8965517241379309,0.08086923723833501,0.05517241379310345,0.0715049701838887
cub200,S4,Swin-T,swin_tiny,28,30,5,0.4333333333333333,0.062360956446232366,0.44000000000000006,0.1422048600513436,-0.006666666666666654,0.1588150566609546
cub200,S4,Swin-T,swin_tiny,29,30,5,0.4,0.04714045207910319,0.32666666666666666,0.1140175425099138,0.07333333333333333,0.09249624617007739
cub200,S4,Swin-T,swin_tiny,30,30,5,0.8533333333333333,0.029814239699997188,0.5733333333333334,0.1534781924429512,0.28,0.14259499757471625
cub200,S4,Swin-T,swin_tiny,31,23,5,0.8,0.023814024239355035,0.2260869565217391,0.07144207271806514,0.5739130434782609,0.07777627747825352
cub200,S4,Swin-T,swin_tiny,32,29,5,0.8965517241379309,0.03448275862068967,0.4413793103448276,0.10459138543519379,0.45517241379310336,0.07475683927130619
cub200,S4,Swin-T,swin_tiny,33,29,5,0.9586206896551724,0.028850345742554347,0.46206896551724147,0.06264104180891365,0.496551724137931,0.07938527195325064
cub200,S4,Swin-T,swin_tiny,34,30,5,1.0,0.0,0.4,0.09718253158075502,0.6,0.09718253158075503
cub200,S4,Swin-T,swin_tiny,35,30,5,0.9733333333333334,0.014907119849998594,0.9266666666666667,0.014907119849998594,0.046666666666666655,0.018257418583505533
cub200,S4,Swin-T,swin_tiny,36,29,5,0.6,0.08992003317520894,0.33103448275862074,0.12093570977069093,0.2689655172413793,0.1409159775289831
cub200,S4,Swin-T,swin_tiny,37,30,5,0.8400000000000001,0.014907119849998594,0.006666666666666666,0.014907119849998596,0.8333333333333334,0.02357022603955158
cub200,S4,Swin-T,swin_tiny,38,29,5,0.5103448275862069,0.09252695079309473,0.38620689655172413,0.0892564076244468,0.12413793103448274,0.07150497018388868
cub200,S4,Swin-T,swin_tiny,39,30,5,0.7066666666666667,0.049441323247304436,0.5666666666666667,0.033333333333333326,0.13999999999999999,0.05477225575051664
cub200,S4,Swin-T,swin_tiny,40,30,5,0.8666666666666668,0.033333333333333326,0.6466666666666667,0.029814239699997188,0.22000000000000006,0.02981423969999719
cub200,S4,Swin-T,swin_tiny,41,30,5,0.9133333333333333,0.03800584750330459,0.0,0.0,0.9133333333333333,0.03800584750330459
cub200,S4,Swin-T,swin_tiny,42,29,5,0.5724137931034482,0.01888698474155743,0.05517241379310345,0.03931639396893579,0.5172413793103449,0.048765984909417054
cub200,S4,Swin-T,swin_tiny,43,30,5,0.8800000000000001,0.038005847503304595,0.7666666666666667,0.09428090415820636,0.11333333333333333,0.09309493362512629
cub200,S4,Swin-T,swin_tiny,44,30,5,0.7733333333333333,0.09249624617007743,0.8533333333333333,0.029814239699997188,-0.08000000000000004,0.10697871023920812
cub200,S4,Swin-T,swin_tiny,45,30,5,0.9666666666666666,1.2412670766236366e-16,0.9199999999999999,0.038005847503304595,0.046666666666666655,0.038005847503304595
cub200,S4,Swin-T,swin_tiny,46,30,5,0.9733333333333333,0.027888667551135848,0.32,0.11205157542647741,0.6533333333333333,0.09603240193925291
cub200,S4,Swin-T,swin_tiny,47,30,5,1.0,0.0,0.27999999999999997,0.1282358937444756,0.72,0.12823589374447564
cub200,S4,Swin-T,swin_tiny,48,30,5,0.7466666666666667,0.08692269873603535,0.04666666666666667,0.0380058475033046,0.7,0.09718253158075503
cub200,S4,Swin-T,swin_tiny,49,30,5,0.8466666666666667,0.03800584750330459,0.52,0.09603240193925287,0.3266666666666667,0.07226494462892932
cub200,S4,Swin-T,swin_tiny,50,30,5,0.8733333333333334,0.05962847939999437,0.6599999999999999,0.18469193569593426,0.21333333333333337,0.17256238807393043
cub200,S4,Swin-T,swin_tiny,51,30,5,0.9666666666666666,1.2412670766236366e-16,0.7533333333333333,0.13662601021279466,0.21333333333333332,0.13662601021279466
cub200,S4,Swin-T,swin_tiny,52,30,5,0.9466666666666667,0.018257418583505533,0.7,0.12472191289246475,0.24666666666666667,0.11450376024878448
cub200,S4,Swin-T,swin_tiny,53,30,5,0.9,0.0,0.06,0.09831920802501751,0.8400000000000001,0.09831920802501748
cub200,S4,Swin-T,swin_tiny,54,30,5,0.9199999999999999,0.029814239699997188,0.08,0.0649786289653931,0.8400000000000001,0.04346134936801765
cub200,S4,Swin-T,swin_tiny,55,30,5,0.8933333333333333,0.0547722557505166,0.1,0.05270462766947299,0.7933333333333333,0.06411794687223779
cub200,S4,Swin-T,swin_tiny,56,30,5,1.0,0.0,0.4533333333333333,0.12605113600792692,0.5466666666666666,0.12605113600792692
cub200,S4,Swin-T,swin_tiny,57,28,5,0.8714285714285713,0.019561519910898842,0.6642857142857143,0.05976143046671971,0.20714285714285713,0.05868455973269641
cub200,S4,Swin-T,swin_tiny,58,30,5,0.21333333333333332,0.0447213595499958,0.26,0.054772255750516606,-0.04666666666666667,0.0649786289653931
cub200,S4,Swin-T,swin_tiny,59,29,5,0.6206896551724138,0.024382992454708544,0.2689655172413793,0.06168463386206317,0.35172413793103446,0.0663289105574874
cub200,S4,Swin-T,swin_tiny,60,30,5,0.9866666666666667,0.018257418583505533,0.44000000000000006,0.09831920802501751,0.5466666666666666,0.0869226987360353
cub200,S4,Swin-T,swin_tiny,61,30,5,0.5066666666666666,0.12110601416389967,0.22666666666666666,0.136218778278017,0.27999999999999997,0.18499249234015477
cub200,S4,Swin-T,swin_tiny,62,30,5,0.9666666666666666,0.033333333333333326,0.9733333333333333,0.027888667551135848,-0.006666666666666665,0.027888667551135844
cub200,S4,Swin-T,swin_tiny,63,30,5,0.7,0.02357022603955158,0.2866666666666667,0.055777335102271695,0.4133333333333333,0.038005847503304595
cub200,S4,Swin-T,swin_tiny,64,20,5,0.65,0.07905694150420946,0.4,0.09354143466934854,0.25,0.1541103500742244
cub200,S4,Swin-T,swin_tiny,65,30,5,0.6866666666666666,0.060553007081949856,0.5466666666666666,0.14063348739819323,0.13999999999999999,0.14414498873626433
cub200,S4,Swin-T,swin_tiny,66,30,5,0.74,0.0278886675511359,0.5066666666666666,0.059628479399994376,0.2333333333333333,0.06236095644623239
cub200,S4,Swin-T,swin_tiny,67,30,5,0.8666666666666668,0.04714045207910316,0.5866666666666667,0.09603240193925287,0.2800000000000001,0.10434983894999016
cub200,S4,Swin-T,swin_tiny,68,30,5,0.8066666666666666,0.07958224257542217,0.32666666666666666,0.14794894014114765,0.4800000000000001,0.19090428084368471
cub200,S4,Swin-T,swin_tiny,69,30,5,1.0,0.0,0.0,0.0,1.0,0.0
cub200,S4,Swin-T,swin_tiny,70,30,5,0.44666666666666666,0.04472135954999579,0.47333333333333333,0.09545214042184234,-0.02666666666666665,0.10381607668264957
cub200,S4,Swin-T,swin_tiny,71,30,5,0.6599999999999999,0.04346134936801765,0.5266666666666666,0.06411794687223779,0.1333333333333333,0.07817359599705714
cub200,S4,Swin-T,swin_tiny,72,30,5,0.96,0.014907119849998594,0.7066666666666667,0.16397831834998458,0.2533333333333333,0.17094508539944114
cub200,S4,Swin-T,swin_tiny,73,30,5,0.9866666666666667,0.018257418583505533,0.18,0.07302967433402216,0.8066666666666666,0.07958224257542215
cub200,S4,Swin-T,swin_tiny,74,27,5,1.0,0.0,0.07407407407407407,0.09442628728875527,0.9259259259259259,0.09442628728875528
cub200,S4,Swin-T,swin_tiny,75,30,5,0.9933333333333334,0.014907119849998594,0.8533333333333333,0.05055250296034366,0.13999999999999996,0.06411794687223779
cub200,S4,Swin-T,swin_tiny,76,30,5,0.9666666666666666,0.02357022603955158,0.006666666666666666,0.014907119849998596,0.96,0.027888667551135844
cub200,S4,Swin-T,swin_tiny,77,29,5,0.9172413793103449,0.03931639396893582,0.8137931034482758,0.11591542285497661,0.10344827586206898,0.12191496227354265
cub200,S4,Swin-T,swin_tiny,78,30,5,0.8933333333333333,0.036514837167011066,0.8066666666666666,0.027888667551135844,0.08666666666666664,0.03800584750330459
cub200,S4,Swin-T,swin_tiny,79,30,5,0.8666666666666668,1.2412670766236366e-16,0.6266666666666667,0.11401754250991378,0.24000000000000005,0.11401754250991378
cub200,S4,Swin-T,swin_tiny,80,30,5,0.9133333333333333,0.018257418583505533,0.9199999999999999,0.018257418583505533,-0.006666666666666665,0.014907119849998594
cub200,S4,Swin-T,swin_tiny,81,30,5,0.7933333333333333,0.06411794687223783,0.2066666666666667,0.05962847939999438,0.5866666666666667,0.08027729719194868
cub200,S4,Swin-T,swin_tiny,82,30,5,0.9666666666666666,1.2412670766236366e-16,0.006666666666666666,0.014907119849998597,0.96,0.014907119849998594
cub200,S4,Swin-T,swin_tiny,83,23,5,0.8956521739130435,0.07275304578557179,0.3739130434782608,0.17282266882045036,0.5217391304347826,0.1267598238009848
cub200,S4,Swin-T,swin_tiny,84,30,5,0.9466666666666667,0.018257418583505533,0.7333333333333333,0.07453559924999302,0.21333333333333337,0.09006170724070868
cub200,S4,Swin-T,swin_tiny,85,30,5,0.9466666666666667,0.029814239699997188,0.9400000000000001,0.036514837167011066,0.006666666666666665,0.036514837167011066
cub200,S4,Swin-T,swin_tiny,86,30,5,0.8800000000000001,0.038005847503304595,0.38,0.14063348739819323,0.5,0.12247448713915891
cub200,S4,Swin-T,swin_tiny,87,30,5,0.9199999999999999,0.03800584750330459,0.13333333333333333,0.10274023338281627,0.7866666666666667,0.12823589374447558
cub200,S4,Swin-T,swin_tiny,88,30,5,0.8,0.0,0.8,0.0,0.0,0.0
cub200,S4,Swin-T,swin_tiny,89,30,5,0.9666666666666666,1.2412670766236366e-16,0.7,0.02357022603955158,0.2666666666666667,0.02357022603955158
cub200,S4,Swin-T,swin_tiny,90,30,5,0.7333333333333333,0.047140452079103216,0.8266666666666668,0.0547722557505166,-0.09333333333333338,0.08628119403696526
cub200,S4,Swin-T,swin_tiny,91,30,5,0.8200000000000001,0.03800584750330459,0.6666666666666666,0.13333333333333336,0.15333333333333338,0.11690451944500123
cub200,S4,Swin-T,swin_tiny,92,30,5,0.9866666666666667,0.018257418583505533,0.9199999999999999,0.06497862896539308,0.06666666666666665,0.05270462766947298
cub200,S4,Swin-T,swin_tiny,93,30,5,0.9933333333333334,0.014907119849998594,0.8933333333333333,0.04346134936801765,0.09999999999999998,0.04714045207910316
cub200,S4,Swin-T,swin_tiny,94,30,5,0.8666666666666668,1.2412670766236366e-16,0.0,0.0,0.8666666666666668,1.2412670766236366e-16
cub200,S4,Swin-T,swin_tiny,95,30,5,0.8333333333333334,0.02357022603955158,0.0,0.0,0.8333333333333334,0.02357022603955158
cub200,S4,Swin-T,swin_tiny,96,29,5,0.7655172413793103,0.028850345742554347,0.07586206896551724,0.03777396948311491,0.6896551724137931,0.04223258177212375
cub200,S4,Swin-T,swin_tiny,97,30,5,0.9333333333333333,0.0,0.04666666666666666,0.05055250296034368,0.8866666666666667,0.05055250296034366
cub200,S4,Swin-T,swin_tiny,98,30,5,0.9,0.0,0.5933333333333334,0.2046677524401167,0.30666666666666664,0.2046677524401167
cub200,S4,Swin-T,swin_tiny,99,30,5,0.9933333333333334,0.014907119849998594,0.9800000000000001,0.018257418583505537,0.01333333333333333,0.018257418583505533
cub200,S4,Swin-T,swin_tiny,100,20,5,0.96,0.022360679774997918,0.85,0.03535533905932737,0.10999999999999996,0.04183300132670379
cub200,S4,Swin-T,swin_tiny,101,30,5,0.37333333333333335,0.07226494462892935,0.5266666666666666,0.15165750888103102,-0.1533333333333333,0.09888264649460882
cub200,S4,Swin-T,swin_tiny,102,30,5,0.7533333333333333,0.08692269873603535,0.4666666666666667,0.07817359599705714,0.2866666666666667,0.10697871023920812
cub200,S4,Swin-T,swin_tiny,103,30,5,0.78,0.0505525029603437,0.6933333333333334,0.06411794687223785,0.08666666666666671,0.05055250296034371
cub200,S4,Swin-T,swin_tiny,104,19,5,0.8105263157894737,0.047075115315785045,0.9368421052631579,0.044034738238635546,-0.1263157894736842,0.060009232899954634
cub200,S4,Swin-T,swin_tiny,105,30,5,0.9800000000000001,0.029814239699997188,0.8933333333333333,0.059628479399994376,0.08666666666666664,0.06912147117775906
cub200,S4,Swin-T,swin_tiny,106,30,5,0.6,0.06666666666666665,0.5866666666666667,0.0869226987360353,0.01333333333333333,0.09603240193925287
cub200,S4,Swin-T,swin_tiny,107,30,5,0.8,0.05270462766947301,0.8200000000000001,0.029814239699997188,-0.020000000000000018,0.03800584750330462
cub200,S4,Swin-T,swin_tiny,108,30,5,0.8866666666666667,0.018257418583505533,0.0,0.0,0.8866666666666667,0.018257418583505533
cub200,S4,Swin-T,swin_tiny,109,30,5,0.9800000000000001,0.018257418583505533,1.0,0.0,-0.019999999999999997,0.018257418583505533
cub200,S4,Swin-T,swin_tiny,110,30,5,0.6799999999999999,0.07302967433402217,0.31333333333333335,0.1757523510195209,0.36666666666666664,0.16666666666666669
cub200,S4,Swin-T,swin_tiny,111,30,5,0.6666666666666667,0.12909944487358058,0.8733333333333334,0.09249624617007737,-0.2066666666666667,0.059628479399994404
cub200,S4,Swin-T,swin_tiny,112,20,5,0.9,0.07071067811865472,0.86,0.0821583836257749,0.039999999999999966,0.14317821063276348
cub200,S4,Swin-T,swin_tiny,113,30,5,0.9333333333333333,0.033333333333333326,0.8800000000000001,0.029814239699997188,0.05333333333333332,0.018257418583505533
cub200,S4,Swin-T,swin_tiny,114,29,5,0.6689655172413793,0.1106676312819394,0.46206896551724136,0.03931639396893581,0.2068965517241379,0.11693672384698739
cub200,S4,Swin-T,swin_tiny,115,30,5,0.7466666666666667,0.03800584750330464,0.013333333333333332,0.018257418583505537,0.7333333333333333,0.04082482904638634
cub200,S4,Swin-T,swin_tiny,116,29,5,0.8620689655172413,0.07710579232757898,0.45517241379310336,0.12994099090632252,0.4068965517241379,0.17310207445532594
cub200,S4,Swin-T,swin_tiny,117,30,5,0.6933333333333334,0.06411794687223785,0.22000000000000003,0.1757523510195209,0.47333333333333333,0.14023789311975088
cub200,S4,Swin-T,swin_tiny,118,29,5,0.7241379310344828,0.07314897736412561,0.06896551724137931,0.10053365335940173,0.6551724137931034,0.1169367238469874
cub200,S4,Swin-T,swin_tiny,119,30,5,0.74,0.043461349368017696,0.38,0.09888264649460884,0.36000000000000004,0.13207741837439305
cub200,S4,Swin-T,swin_tiny,120,30,5,0.7733333333333333,0.07226494462892936,0.5266666666666666,0.22533925041540762,0.24666666666666667,0.196638416050035
cub200,S4,Swin-T,swin_tiny,121,30,5,0.96,0.014907119849998594,0.6,0.08498365855987973,0.36000000000000004,0.0829993306532582
cub200,S4,Swin-T,swin_tiny,122,30,5,0.8533333333333333,0.029814239699997188,0.15999999999999998,0.12337837015547831,0.6933333333333334,0.1256096245427785
cub200,S4,Swin-T,swin_tiny,123,29,5,0.9448275862068967,0.04626347539654738,0.32413793103448274,0.2242705178139186,0.6206896551724138,0.20545474634160318
cub200,S4,Swin-T,swin_tiny,124,29,5,0.9103448275862069,0.05229569271759691,0.7655172413793103,0.16429143792512546,0.14482758620689656,0.20312657206928472
cub200,S4,Swin-T,swin_tiny,125,30,5,0.8066666666666666,0.054772255750516634,0.2,0.13123346456686352,0.6066666666666667,0.16733200530681516
cub200,S4,Swin-T,swin_tiny,126,30,5,0.7866666666666667,0.08366600265340758,0.06666666666666668,0.06236095644623236,0.72,0.08692269873603531
cub200,S4,Swin-T,swin_tiny,127,30,5,0.8533333333333333,0.018257418583505533,0.6866666666666666,0.0767390962214756,0.1666666666666667,0.08498365855987976
cub200,S4,Swin-T,swin_tiny,128,30,5,0.8400000000000001,0.027888667551135848,0.24666666666666667,0.16766368453279054,0.5933333333333334,0.17857460314638499
cub200,S4,Swin-T,swin_tiny,129,30,5,0.6266666666666667,0.0547722557505166,0.10666666666666666,0.0983192080250175,0.52,0.06912147117775908
cub200,S4,Swin-T,swin_tiny,130,30,5,0.8400000000000001,0.04346134936801765,0.7466666666666667,0.06055300708194987,0.09333333333333338,0.07958224257542215
cub200,S4,Swin-T,swin_tiny,131,30,5,0.96,0.027888667551135844,0.7466666666666667,0.09603240193925293,0.21333333333333332,0.0836660026534076
cub200,S4,Swin-T,swin_tiny,132,30,5,0.9266666666666667,0.027888667551135844,0.17333333333333334,0.11879019787470307,0.7533333333333334,0.12156388352540311
cub200,S4,Swin-T,swin_tiny,133,30,5,0.9933333333333334,0.014907119849998594,0.0,0.0,0.9933333333333334,0.014907119849998594
cub200,S4,Swin-T,swin_tiny,134,30,5,0.6733333333333332,0.04944132324730441,0.5066666666666666,0.07226494462892931,0.16666666666666663,0.062360956446232345
cub200,S4,Swin-T,swin_tiny,135,30,5,0.7666666666666667,0.06666666666666671,0.013333333333333332,0.02981423969999719,0.7533333333333333,0.06497862896539312
cub200,S4,Swin-T,swin_tiny,136,30,5,0.7933333333333333,0.05477225575051663,0.16666666666666669,0.052704627669472995,0.6266666666666667,0.05477225575051664
cub200,S4,Swin-T,swin_tiny,137,30,5,0.8333333333333334,0.02357022603955158,0.13999999999999999,0.08628119403696523,0.6933333333333334,0.07226494462892934
cub200,S4,Swin-T,swin_tiny,138,30,5,0.9133333333333333,0.06055300708194982,0.0,0.0,0.9133333333333333,0.06055300708194982
cub200,S4,Swin-T,swin_tiny,139,30,5,0.9533333333333334,0.018257418583505533,0.0,0.0,0.9533333333333334,0.018257418583505533
cub200,S4,Swin-T,swin_tiny,140,29,5,0.7724137931034483,0.09316728335245722,0.4344827586206897,0.17683974351666323,0.3379310344827586,0.1748109221467114
cub200,S4,Swin-T,swin_tiny,141,30,5,0.5266666666666666,0.036514837167011066,0.4,0.09128709291752769,0.12666666666666665,0.11401754250991379
cub200,S4,Swin-T,swin_tiny,142,30,5,0.7,0.05773502691896256,0.2333333333333333,0.13123346456686352,0.4666666666666666,0.13123346456686355
cub200,S4,Swin-T,swin_tiny,143,30,5,0.38666666666666666,0.08692269873603532,0.07333333333333333,0.04346134936801766,0.31333333333333335,0.1069787102392081
cub200,S4,Swin-T,swin_tiny,144,30,5,0.64,0.09545214042184237,0.24,0.1038160766826496,0.4,0.08498365855987974
cub200,S4,Swin-T,swin_tiny,145,30,5,0.5599999999999999,0.07601169500660918,0.08,0.0557773351022717,0.48,0.0869226987360353
cub200,S4,Swin-T,swin_tiny,146,30,5,0.9133333333333333,0.029814239699997188,0.4866666666666667,0.09888264649460884,0.42666666666666664,0.10903618155864081
cub200,S4,Swin-T,swin_tiny,147,30,5,0.9666666666666666,1.2412670766236366e-16,0.06000000000000001,0.04346134936801766,0.9066666666666666,0.04346134936801765
cub200,S4,Swin-T,swin_tiny,148,29,5,0.9793103448275862,0.01888698474155743,0.3517241379310345,0.21863265495375667,0.6275862068965518,0.2145149105516661
cub200,S4,Swin-T,swin_tiny,149,30,5,0.9400000000000001,0.027888667551135848,0.8466666666666667,0.04472135954999579,0.09333333333333331,0.0683130051063973
cub200,S4,Swin-T,swin_tiny,150,21,5,0.9904761904761905,0.02129588549999802,0.8476190476190476,0.03984095364447978,0.14285714285714285,0.03367175148507369
cub200,S4,Swin-T,swin_tiny,151,30,5,0.8866666666666667,0.03800584750330459,0.6199999999999999,0.07673909622147557,0.2666666666666667,0.07453559924999298
cub200,S4,Swin-T,swin_tiny,152,29,5,0.8206896551724139,0.028850345742554292,0.027586206896551724,0.04496001658760448,0.7931034482758621,0.05972588991616815
cub200,S4,Swin-T,swin_tiny,153,30,5,0.8933333333333333,0.014907119849998596,0.15333333333333332,0.1120515754264774,0.74,0.11155467020454343
cub200,S4,Swin-T,swin_tiny,154,30,5,0.7666666666666667,0.02357022603955162,0.76,0.07601169500660923,0.00666666666666671,0.09249624617007746
cub200,S4,Swin-T,swin_tiny,155,30,5,0.96,0.027888667551135844,0.006666666666666666,0.014907119849998596,0.9533333333333334,0.03800584750330459
cub200,S4,Swin-T,swin_tiny,156,29,5,0.8,0.015421158465515773,0.006896551724137931,0.015421158465515792,0.7931034482758621,0.024382992454708506
cub200,S4,Swin-T,swin_tiny,157,30,5,0.9866666666666667,0.018257418583505533,0.17333333333333334,0.1935056703159999,0.8133333333333332,0.2022100118413747
cub200,S4,Swin-T,swin_tiny,158,30,5,0.9933333333333334,0.014907119849998594,0.9933333333333334,0.014907119849998594,0.0,0.0
cub200,S4,Swin-T,swin_tiny,159,29,5,0.9793103448275863,0.03084231693103159,0.8068965517241379,0.05770069148510868,0.1724137931034483,0.08086923723833503
cub200,S4,Swin-T,swin_tiny,160,30,5,0.9333333333333333,0.0,0.006666666666666666,0.014907119849998596,0.9266666666666667,0.014907119849998594
cub200,S4,Swin-T,swin_tiny,161,30,5,0.8866666666666667,0.029814239699997188,0.026666666666666665,0.02788866755113585,0.86,0.027888667551135844
cub200,S4,Swin-T,swin_tiny,162,30,5,0.96,0.04346134936801765,0.006666666666666666,0.014907119849998596,0.9533333333333334,0.05577733510227169
cub200,S4,Swin-T,swin_tiny,163,30,5,0.9466666666666667,0.038005847503304595,0.6733333333333333,0.1605545943838973,0.2733333333333333,0.1256096245427785
cub200,S4,Swin-T,swin_tiny,164,30,5,0.9066666666666666,0.027888667551135848,0.03333333333333334,0.04082482904638631,0.8733333333333334,0.04346134936801765
cub200,S4,Swin-T,swin_tiny,165,29,5,0.9310344827586207,0.0,0.013793103448275862,0.030842316931031583,0.9172413793103449,0.030842316931031597
cub200,S4,Swin-T,swin_tiny,166,30,5,0.8,0.04082482904638634,0.14666666666666667,0.1501850710142508,0.6533333333333333,0.13864422895390283
cub200,S4,Swin-T,swin_tiny,167,29,5,0.9310344827586207,0.0,0.034482758620689655,0.04876598490941707,0.8965517241379309,0.04876598490941707
cub200,S4,Swin-T,swin_tiny,168,29,5,0.993103448275862,0.015421158465515773,0.0,0.0,0.993103448275862,0.015421158465515773
cub200,S4,Swin-T,swin_tiny,169,30,5,0.8733333333333334,0.04346134936801765,0.006666666666666666,0.014907119849998596,0.8666666666666668,0.0408248290463863
cub200,S4,Swin-T,swin_tiny,170,30,5,0.9333333333333333,0.02357022603955158,0.1933333333333333,0.0983192080250175,0.74,0.11401754250991382
cub200,S4,Swin-T,swin_tiny,171,30,5,0.9066666666666666,0.027888667551135848,0.0,0.0,0.9066666666666666,0.027888667551135848
cub200,S4,Swin-T,swin_tiny,172,30,5,0.6733333333333332,0.07226494462892932,0.13333333333333333,0.10274023338281628,0.5399999999999999,0.0760116950066092
cub200,S4,Swin-T,swin_tiny,173,30,5,0.9,0.0408248290463863,0.30666666666666664,0.1534781924429512,0.5933333333333334,0.18469193569593423
cub200,S4,Swin-T,swin_tiny,174,30,5,0.7866666666666667,0.06055300708194986,0.02,0.029814239699997195,0.7666666666666667,0.07817359599705719
cub200,S4,Swin-T,swin_tiny,175,30,5,0.9733333333333334,0.04346134936801765,0.09333333333333334,0.10903618155864084,0.8800000000000001,0.1501850710142508
cub200,S4,Swin-T,swin_tiny,176,30,5,0.9666666666666666,1.2412670766236366e-16,0.0,0.0,0.9666666666666666,1.2412670766236366e-16
cub200,S4,Swin-T,swin_tiny,177,26,5,0.9076923076923077,0.03440104580768911,0.5230769230769231,0.12040366032691177,0.3846153846153846,0.12162606385262997
cub200,S4,Swin-T,swin_tiny,178,29,5,0.6620689655172414,0.04496001658760448,0.020689655172413793,0.018886984741557453,0.6413793103448275,0.04626347539654738
cub200,S4,Swin-T,swin_tiny,179,30,5,0.8800000000000001,0.018257418583505533,0.006666666666666666,0.014907119849998596,0.8733333333333334,0.027888667551135848
cub200,S4,Swin-T,swin_tiny,180,29,5,0.9448275862068967,0.01888698474155749,0.6758620689655173,0.1785128152488936,0.2689655172413793,0.17481092214671137
cub200,S4,Swin-T,swin_tiny,181,30,5,0.9466666666666667,0.018257418583505533,0.16,0.19206480387850577,0.7866666666666667,0.19804601036683933
cub200,S4,Swin-T,swin_tiny,182,30,5,0.9666666666666668,0.02357022603955158,0.7533333333333333,0.12823589374447567,0.21333333333333332,0.13038404810405302
cub200,S4,Swin-T,swin_tiny,183,30,5,0.8133333333333332,0.029814239699997188,0.8,0.10274023338281628,0.013333333333333353,0.11450376024878446
cub200,S4,Swin-T,swin_tiny,184,30,5,0.96,0.014907119849998596,0.5933333333333334,0.07226494462892932,0.3666666666666667,0.06666666666666665
cub200,S4,Swin-T,swin_tiny,185,30,5,0.9466666666666667,0.018257418583505533,0.42000000000000004,0.153839743456191,0.5266666666666667,0.14981470036162822
cub200,S4,Swin-T,swin_tiny,186,20,5,0.97,0.02738612787525833,0.9,0.03535533905932737,0.06999999999999998,0.05700877125495691
cub200,S4,Swin-T,swin_tiny,187,30,5,1.0,0.0,0.9,0.033333333333333326,0.09999999999999998,0.033333333333333326
cub200,S4,Swin-T,swin_tiny,188,30,5,1.0,0.0,0.9400000000000001,0.04944132324730441,0.059999999999999984,0.04944132324730441
cub200,S4,Swin-T,swin_tiny,189,29,5,0.9586206896551724,0.015421158465515823,0.9448275862068967,0.0308423169310316,0.013793103448275867,0.030842316931031594
cub200,S4,Swin-T,swin_tiny,190,30,5,0.8800000000000001,0.018257418583505533,0.04666666666666667,0.0447213595499958,0.8333333333333334,0.0408248290463863
cub200,S4,Swin-T,swin_tiny,191,30,5,1.0,0.0,0.9733333333333334,0.027888667551135848,0.02666666666666666,0.027888667551135848
cub200,S4,Swin-T,swin_tiny,192,30,5,0.8400000000000001,0.04346134936801765,0.6666666666666667,0.12909944487358058,0.17333333333333337,0.15527752931802824
cub200,S4,Swin-T,swin_tiny,193,30,5,0.9266666666666667,0.027888667551135848,0.8800000000000001,0.02981423969999719,0.046666666666666655,0.018257418583505533
cub200,S4,Swin-T,swin_tiny,194,30,5,1.0,0.0,0.2533333333333333,0.1894436298451043,0.7466666666666667,0.1894436298451043
cub200,S4,Swin-T,swin_tiny,195,30,5,0.8066666666666666,0.04346134936801765,0.3933333333333333,0.12337837015547833,0.4133333333333334,0.11205157542647742
cub200,S4,Swin-T,swin_tiny,196,30,5,0.7933333333333333,0.05477225575051664,0.5733333333333334,0.12780193008453877,0.22000000000000003,0.18043158136965817
cub200,S4,Swin-T,swin_tiny,197,30,5,0.8733333333333334,0.027888667551135844,0.7866666666666667,0.050552502960343686,0.08666666666666667,0.029814239699997202
cub200,S4,Swin-T,swin_tiny,198,30,5,0.8866666666666667,0.018257418583505533,0.7466666666666667,0.12605113600792694,0.14000000000000004,0.12995725793078622
cub200,S4,Swin-T,swin_tiny,199,30,5,0.9733333333333334,0.027888667551135848,0.013333333333333332,0.018257418583505537,0.96,0.027888667551135844
