image_id,C_fg
001.Black_footed_Albatross/Black_Footed_Albatross_0046_18.jpg,81.88738095718966
001.Black_footed_Albatross/Black_Footed_Albatross_0002_55.jpg,48.555357759158646
001.Black_footed_Albatross/Black_Footed_Albatross_0085_92.jpg,70.63004449461029
001.Black_footed_Albatross/Black_Footed_Albatross_0025_796057.jpg,16.858823910304626
001.Black_footed_Albatross/Black_Footed_Albatross_0086_796062.jpg,75.6385973377141
001.Black_footed_Albatross/Black_Footed_Albatross_0049_796063.jpg,31.468886027431402
001.Black_footed_Albatross/Black_Footed_Albatross_0006_796065.jpg,14.836134340796727
001.Black_footed_Albatross/Black_Footed_Albatross_0016_796067.jpg,13.7315731229472
001.Black_footed_Albatross/Black_Footed_Albatross_0065_796068.jpg,12.384744176085304
001.Black_footed_Albatross/Black_Footed_Albatross_0042_796071.jpg,64.97958708162025
001.Black_footed_Albatross/Black_Footed_Albatross_0090_796077.jpg,25.446465578601607
001.Black_footed_Albatross/Black_Footed_Albatross_0061_796082.jpg,47.01640906506195
001.Black_footed_Albatross/Black_Footed_Albatross_0008_796083.jpg,6.328306349145908
001.Black_footed_Albatross/Black_Footed_Albatross_0033_796086.jpg,60.53052694309819
001.Black_footed_Albatross/Black_Footed_Albatross_0024_796089.jpg,23.31419490075531
001.Black_footed_Albatross/Black_Footed_Albatross_0005_796090.jpg,26.853076617158433
001.Black_footed_Albatross/Black_Footed_Albatross_0026_796095.jpg,9.226616129281428
001.Black_footed_Albatross/Black_Footed_Albatross_0064_796101.jpg,55.911381547288826
001.Black_footed_Albatross/Black_Footed_Albatross_0076_417.jpg,16.03492707320863
001.Black_footed_Albatross/Black_Footed_Albatross_0053_796109.jpg,51.19225623857567
001.Black_footed_Albatross/Black_Footed_Albatross_0001_796111.jpg,10.173450308681696
001.Black_footed_Albatross/Black_Footed_Albatross_0037_796120.jpg,27.309811665256632
001.Black_footed_Albatross/Black_Footed_Albatross_0082_796121.jpg,12.261345148486122
001.Black_footed_Albatross/Black_Footed_Albatross_0050_796125.jpg,3.0838482471502173
001.Black_footed_Albatross/Black_Footed_Albatross_0078_796126.jpg,26.542901165840885
001.Black_footed_Albatross/Black_Footed_Albatross_0045_796129.jpg,30.83945152341077
001.Black_footed_Albatross/Black_Footed_Albatross_0088_796133.jpg,22.402847611646777
001.Black_footed_Albatross/Black_Footed_Albatross_0003_796136.jpg,8.098852197027837
001.Black_footed_Albatross/Black_Footed_Albatross_0035_796140.jpg,42.43109225988789
001.Black_footed_Albatross/Black_Footed_Albatross_0058_796074.jpg,72.93793623045354
002.Laysan_Albatross/Laysan_Albatross_0002_1027.jpg,18.80964733294754
002.Laysan_Albatross/Laysan_Albatross_0082_524.jpg,61.49590678463228
002.Laysan_Albatross/Laysan_Albatross_0070_788.jpg,25.027456293362004
002.Laysan_Albatross/Laysan_Albatross_0053_543.jpg,48.60329135115857
002.Laysan_Albatross/Laysan_Albatross_0001_545.jpg,55.77091475146747
002.Laysan_Albatross/Laysan_Albatross_0023_1059.jpg,21.20814285443379
002.Laysan_Albatross/Laysan_Albatross_0060_777.jpg,23.818125928264628
002.Laysan_Albatross/Laysan_Albatross_0080_821.jpg,16.523142873078285
002.Laysan_Albatross/Laysan_Albatross_0091_602.jpg,30.29378033862512
002.Laysan_Albatross/Laysan_Albatross_0102_611.jpg,59.964340782301534
002.Laysan_Albatross/Laysan_Albatross_0017_614.jpg,10.157763203823043
002.Laysan_Albatross/Laysan_Albatross_0035_876.jpg,18.46125526223261
002.Laysan_Albatross/Laysan_Albatross_0098_621.jpg,30.339816188941246
002.Laysan_Albatross/Laysan_Albatross_0034_628.jpg,44.432433415494465
002.Laysan_Albatross/Laysan_Albatross_0104_630.jpg,22.83995954231608
002.Laysan_Albatross/Laysan_Albatross_0058_637.jpg,11.383936532857948
002.Laysan_Albatross/Laysan_Albatross_0028_643.jpg,37.483334846134355
002.Laysan_Albatross/Laysan_Albatross_0033_658.jpg,33.08012370506019
002.Laysan_Albatross/Laysan_Albatross_0075_668.jpg,42.81739922900438
002.Laysan_Albatross/Laysan_Albatross_0064_674.jpg,13.614544751884996
002.Laysan_Albatross/Laysan_Albatross_0049_918.jpg,11.823671018595057
002.Laysan_Albatross/Laysan_Albatross_0012_696.jpg,40.42878351610418
002.Laysan_Albatross/Laysan_Albatross_0037_699.jpg,78.12410567112076
002.Laysan_Albatross/Laysan_Albatross_0042_801.jpg,14.924675106612476
002.Laysan_Albatross/Laysan_Albatross_0004_930.jpg,18.023331559145618
002.Laysan_Albatross/Laysan_Albatross_0093_725.jpg,84.1157948576292
002.Laysan_Albatross/Laysan_Albatross_0021_737.jpg,49.97243033336157
002.Laysan_Albatross/Laysan_Albatross_0059_488.jpg,55.630389430377036
002.Laysan_Albatross/Laysan_Albatross_0103_504.jpg,36.97883139281942
002.Laysan_Albatross/Laysan_Albatross_0079_506.jpg,21.41433448190009
003.Sooty_Albatross/Sooty_Albatross_0003_1078.jpg,22.59110208218494
003.Sooty_Albatross/Sooty_Albatross_0044_1105.jpg,45.07696850764462
003.Sooty_Albatross/Sooty_Albatross_0071_1116.jpg,71.07233407526255
003.Sooty_Albatross/Sooty_Albatross_0030_1122.jpg,16.633262875256584
003.Sooty_Albatross/Sooty_Albatross_0054_796347.jpg,25.2128236977671
003.Sooty_Albatross/Sooty_Albatross_0033_1128.jpg,45.724843724942154
003.Sooty_Albatross/Sooty_Albatross_0048_1130.jpg,10.55107249071988
003.Sooty_Albatross/Sooty_Albatross_0024_1161.jpg,13.690069779164594
003.Sooty_Albatross/Sooty_Albatross_0005_796342.jpg,93.53231441930303
003.Sooty_Albatross/Sooty_Albatross_0042_1210.jpg,36.02759778429849
003.Sooty_Albatross/Sooty_Albatross_0046_1211.jpg,17.54691634844488
003.Sooty_Albatross/Sooty_Albatross_0049_796350.jpg,54.62322541557555
003.Sooty_Albatross/Sooty_Albatross_0050_796351.jpg,39.70849616722994
003.Sooty_Albatross/Sooty_Albatross_0010_796355.jpg,28.422484083113673
003.Sooty_Albatross/Sooty_Albatross_0029_796357.jpg,4.9076479401904125
003.Sooty_Albatross/Sooty_Albatross_0069_796358.jpg,23.009840329667263
003.Sooty_Albatross/Sooty_Albatross_0020_796359.jpg,26.072081700616533
003.Sooty_Albatross/Sooty_Albatross_0076_796365.jpg,14.601098836694744
003.Sooty_Albatross/Sooty_Albatross_0004_796366.jpg,44.263014619683744
003.Sooty_Albatross/Sooty_Albatross_0065_796367.jpg,24.55966629873152
003.Sooty_Albatross/Sooty_Albatross_0007_796372.jpg,18.842286605455296
003.Sooty_Albatross/Sooty_Albatross_0051_796374.jpg,43.12194329843504
003.Sooty_Albatross/Sooty_Albatross_0067_796376.jpg,17.195119215170966
003.Sooty_Albatross/Sooty_Albatross_0066_796382.jpg,47.2140789423477
003.Sooty_Albatross/Sooty_Albatross_0036_796387.jpg,21.144393969772104
003.Sooty_Albatross/Sooty_Albatross_0006_796390.jpg,10.721180574515977
003.Sooty_Albatross/Sooty_Albatross_0002_796395.jpg,32.67367496105409
003.Sooty_Albatross/Sooty_Albatross_0013_796402.jpg,16.389584849559547
004.Groove_billed_Ani/Groove_Billed_Ani_0068_1538.jpg,31.35222860963432
004.Groove_billed_Ani/Groove_Billed_Ani_0094_1540.jpg,38.74161186396683
004.Groove_billed_Ani/Groove_Billed_Ani_0080_1549.jpg,50.371032397026504
004.Groove_billed_Ani/Groove_Billed_Ani_0037_1560.jpg,20.09343531348217
004.Groove_billed_Ani/Groove_Billed_Ani_0017_1561.jpg,51.27621495823087
004.Groove_billed_Ani/Groove_Billed_Ani_0031_1588.jpg,72.44990423650378
004.Groove_billed_Ani/Groove_Billed_Ani_0107_1590.jpg,59.100725411608536
004.Groove_billed_Ani/Groove_Billed_Ani_0035_1591.jpg,50.979532126445456
004.Groove_billed_Ani/Groove_Billed_Ani_0109_1592.jpg,37.87627980501171
004.Groove_billed_Ani/Groove_Billed_Ani_0075_1617.jpg,44.729041744127144
004.Groove_billed_Ani/Groove_Billed_Ani_0029_1620.jpg,37.10810956214518
004.Groove_billed_Ani/Groove_Billed_Ani_0108_1639.jpg,25.89505090131318
004.Groove_billed_Ani/Groove_Billed_Ani_0100_1646.jpg,38.6337785254087
004.Groove_billed_Ani/Groove_Billed_Ani_0046_1663.jpg,30.136728363635264
004.Groove_billed_Ani/Groove_Billed_Ani_0053_1672.jpg,17.825561181028934
004.Groove_billed_Ani/Groove_Billed_Ani_0088_1678.jpg,52.81575862484899
004.Groove_billed_Ani/Groove_Billed_Ani_0082_1697.jpg,65.73414401092037
004.Groove_billed_Ani/Groove_Billed_Ani_0101_1700.jpg,54.97120499615197
004.Groove_billed_Ani/Groove_Billed_Ani_0010_1704.jpg,37.43390036545171
004.Groove_billed_Ani/Groove_Billed_Ani_0040_1715.jpg,50.06416145739176
004.Groove_billed_Ani/Groove_Billed_Ani_0074_1730.jpg,46.64976857121918
004.Groove_billed_Ani/Groove_Billed_Ani_0059_1480.jpg,22.107316146078382
004.Groove_billed_Ani/Groove_Billed_Ani_0005_1750.jpg,24.350926851501097
004.Groove_billed_Ani/Groove_Billed_Ani_0014_1755.jpg,24.018386299959054
004.Groove_billed_Ani/Groove_Billed_Ani_0060_1505.jpg,52.062064854790684
004.Groove_billed_Ani/Groove_Billed_Ani_0087_1765.jpg,32.135714244607485
004.Groove_billed_Ani/Groove_Billed_Ani_0062_1767.jpg,29.016816620135653
004.Groove_billed_Ani/Groove_Billed_Ani_0092_1516.jpg,27.520096795764456
004.Groove_billed_Ani/Groove_Billed_Ani_0009_1522.jpg,27.487814713109138
004.Groove_billed_Ani/Groove_Billed_Ani_0078_1780.jpg,33.76991266556155
005.Crested_Auklet/Crested_Auklet_0006_1813.jpg,65.55644714833684
005.Crested_Auklet/Crested_Auklet_0042_794902.jpg,16.845257553664677
005.Crested_Auklet/Crested_Auklet_0041_794910.jpg,63.21238695826843
005.Crested_Auklet/Crested_Auklet_0044_1825.jpg,42.07692856676459
005.Crested_Auklet/Crested_Auklet_0011_794927.jpg,18.360452159950583
005.Crested_Auklet/Crested_Auklet_0059_794929.jpg,45.43153748801446
005.Crested_Auklet/Crested_Auklet_0021_794938.jpg,27.829665237616975
005.Crested_Auklet/Crested_Auklet_0074_794949.jpg,24.264642298437316
005.Crested_Auklet/Crested_Auklet_0028_794951.jpg,26.996072424059523
005.Crested_Auklet/Crested_Auklet_0053_794966.jpg,50.73300286200784
005.Crested_Auklet/Crested_Auklet_0068_785253.jpg,7.956841646285481
005.Crested_Auklet/Crested_Auklet_0070_785261.jpg,20.283795985383417
005.Crested_Auklet/Crested_Auklet_0036_794905.jpg,24.627447696187335
005.Crested_Auklet/Crested_Auklet_0048_1791.jpg,30.956249846582537
006.Least_Auklet/Least_Auklet_0014_1901.jpg,22.151976075784276
006.Least_Auklet/Least_Auklet_0032_795068.jpg,15.091347080584853
006.Least_Auklet/Least_Auklet_0039_795081.jpg,27.059117690120182
006.Least_Auklet/Least_Auklet_0025_795087.jpg,5.57679751766286
006.Least_Auklet/Least_Auklet_0028_795094.jpg,17.970554024070804
006.Least_Auklet/Least_Auklet_0055_795106.jpg,21.030051936585984
006.Least_Auklet/Least_Auklet_0041_795107.jpg,36.705082358806926
006.Least_Auklet/Least_Auklet_0004_795112.jpg,5.400308571043608
006.Least_Auklet/Least_Auklet_0023_1898.jpg,15.911300833987479
006.Least_Auklet/Least_Auklet_0046_795118.jpg,21.233001747964114
006.Least_Auklet/Least_Auklet_0005_795119.jpg,20.62218427883344
007.Parakeet_Auklet/Parakeet_Auklet_0017_795924.jpg,31.13594994550011
007.Parakeet_Auklet/Parakeet_Auklet_0072_795929.jpg,28.676342633378407
007.Parakeet_Auklet/Parakeet_Auklet_0030_795930.jpg,18.966430028677017
007.Parakeet_Auklet/Parakeet_Auklet_0058_795942.jpg,41.98408568581289
007.Parakeet_Auklet/Parakeet_Auklet_0020_795947.jpg,52.14266530550783
007.Parakeet_Auklet/Parakeet_Auklet_0064_795954.jpg,48.64507259323165
007.Parakeet_Auklet/Parakeet_Auklet_0039_795955.jpg,31.57735130886624
007.Parakeet_Auklet/Parakeet_Auklet_0050_795957.jpg,43.37960652200281
007.Parakeet_Auklet/Parakeet_Auklet_0031_795960.jpg,29.93225055784918
007.Parakeet_Auklet/Parakeet_Auklet_0026_795962.jpg,37.18377235053565
007.Parakeet_Auklet/Parakeet_Auklet_0055_795963.jpg,23.87481122625075
007.Parakeet_Auklet/Parakeet_Auklet_0067_795964.jpg,31.942541954879097
007.Parakeet_Auklet/Parakeet_Auklet_0015_795966.jpg,18.061777550546747
007.Parakeet_Auklet/Parakeet_Auklet_0013_795970.jpg,24.97028019733862
007.Parakeet_Auklet/Parakeet_Auklet_0051_795971.jpg,18.487623006500147
007.Parakeet_Auklet/Parakeet_Auklet_0040_795974.jpg,15.129705566261338
007.Parakeet_Auklet/Parakeet_Auklet_0016_795977.jpg,13.85430537785374
007.Parakeet_Auklet/Parakeet_Auklet_0075_795981.jpg,30.49474476742342
007.Parakeet_Auklet/Parakeet_Auklet_0061_795990.jpg,33.05085243221901
007.Parakeet_Auklet/Parakeet_Auklet_0008_795992.jpg,25.7280537305099
007.Parakeet_Auklet/Parakeet_Auklet_0034_795994.jpg,32.849495197404664
007.Parakeet_Auklet/Parakeet_Auklet_0010_795995.jpg,46.13685351376527
007.Parakeet_Auklet/Parakeet_Auklet_0070_795998.jpg,42.443972910373525
008.Rhinoceros_Auklet/Rhinoceros_Auklet_0042_2101.jpg,21.36361836228522
008.Rhinoceros_Auklet/Rhinoceros_Auklet_0027_797496.jpg,34.41808583031744
008.Rhinoceros_Auklet/Rhinoceros_Auklet_0034_797497.jpg,27.369462477456466
008.Rhinoceros_Auklet/Rhinoceros_Auklet_0037_797499.jpg,31.84967203193378
008.Rhinoceros_Auklet/Rhinoceros_Auklet_0044_797502.jpg,20.827181540837017
008.Rhinoceros_Auklet/Rhinoceros_Auklet_0040_797503.jpg,18.48924815893126
008.Rhinoceros_Auklet/Rhinoceros_Auklet_0025_797508.jpg,54.67905865610896
008.Rhinoceros_Auklet/Rhinoceros_Auklet_0051_797510.jpg,37.39261402326952
008.Rhinoceros_Auklet/Rhinoceros_Auklet_0041_797515.jpg,56.1084387309226
008.Rhinoceros_Auklet/Rhinoceros_Auklet_0046_797532.jpg,40.07526868577921
008.Rhinoceros_Auklet/Rhinoceros_Auklet_0003_797535.jpg,32.25244042498983
008.Rhinoceros_Auklet/Rhinoceros_Auklet_0045_797536.jpg,30.665897392971267
008.Rhinoceros_Auklet/Rhinoceros_Auklet_0001_797538.jpg,39.6546161227015
008.Rhinoceros_Auklet/Rhinoceros_Auklet_0004_797541.jpg,19.249065296900497
008.Rhinoceros_Auklet/Rhinoceros_Auklet_0048_2162.jpg,12.350390211863512
008.Rhinoceros_Auklet/Rhinoceros_Auklet_0035_2166.jpg,15.211191522972445
008.Rhinoceros_Auklet/Rhinoceros_Auklet_0022_2170.jpg,12.773193447097931
008.Rhinoceros_Auklet/Rhinoceros_Auklet_0039_2174.jpg,19.525471586487058
009.Brewer_Blackbird/Brewer_Blackbird_0099_2560.jpg,19.055358348020434
009.Brewer_Blackbird/Brewer_Blackbird_0106_2608.jpg,8.936340413544421
009.Brewer_Blackbird/Brewer_Blackbird_0009_2616.jpg,7.396905778528465
009.Brewer_Blackbird/Brewer_Blackbird_0102_2620.jpg,63.899974171088985
009.Brewer_Blackbird/Brewer_Blackbird_0101_2630.jpg,38.912088470194306
009.Brewer_Blackbird/Brewer_Blackbird_0054_2631.jpg,44.9903721752085
009.Brewer_Blackbird/Brewer_Blackbird_0096_2634.jpg,18.863313816985034
009.Brewer_Blackbird/Brewer_Blackbird_0041_2653.jpg,53.29302069611378
009.Brewer_Blackbird/Brewer_Blackbird_0090_2658.jpg,25.973002638101047
009.Brewer_Blackbird/Brewer_Blackbird_0017_2668.jpg,16.320337186209706
009.Brewer_Blackbird/Brewer_Blackbird_0137_2680.jpg,32.660973438534626
009.Brewer_Blackbird/Brewer_Blackbird_0028_2682.jpg,0.0
009.Brewer_Blackbird/Brewer_Blackbird_0046_2688.jpg,27.338922154517807
009.Brewer_Blackbird/Brewer_Blackbird_0012_2691.jpg,25.75800523892914
009.Brewer_Blackbird/Brewer_Blackbird_0066_2693.jpg,83.26928451780837
009.Brewer_Blackbird/Brewer_Blackbird_0016_2225.jpg,36.80870323455562
009.Brewer_Blackbird/Brewer_Blackbird_0104_2230.jpg,30.22156362742375
009.Brewer_Blackbird/Brewer_Blackbird_0025_2231.jpg,28.886866956584015
009.Brewer_Blackbird/Brewer_Blackbird_0080_2234.jpg,30.74420659553467
009.Brewer_Blackbird/Brewer_Blackbird_0127_2235.jpg,37.27462424913639
009.Brewer_Blackbird/Brewer_Blackbird_0049_2258.jpg,62.684080749708464
009.Brewer_Blackbird/Brewer_Blackbird_0010_2269.jpg,18.857936482460133
009.Brewer_Blackbird/Brewer_Blackbird_0061_2270.jpg,9.890790169371643
009.Brewer_Blackbird/Brewer_Blackbird_0015_2286.jpg,94.90066359312831
009.Brewer_Blackbird/Brewer_Blackbird_0038_2294.jpg,14.0279134718397
009.Brewer_Blackbird/Brewer_Blackbird_0042_2302.jpg,7.682848362141209
009.Brewer_Blackbird/Brewer_Blackbird_0065_2310.jpg,17.487459339201752
009.Brewer_Blackbird/Brewer_Blackbird_0027_2329.jpg,23.131772855075134
009.Brewer_Blackbird/Brewer_Blackbird_0004_2345.jpg,39.90006616273161
010.Red_winged_Blackbird/Red_Winged_Blackbird_0022_4483.jpg,42.15577020661568
010.Red_winged_Blackbird/Red_Winged_Blackbird_0017_4116.jpg,20.718811231972417
010.Red_winged_Blackbird/Red_Winged_Blackbird_0058_4141.jpg,33.65409050437816
010.Red_winged_Blackbird/Red_Winged_Blackbird_0074_4146.jpg,35.591324399342945
010.Red_winged_Blackbird/Red_Winged_Blackbird_0042_3635.jpg,40.102798404334514
010.Red_winged_Blackbird/Red_Winged_Blackbird_0064_4936.jpg,39.411502500546305
010.Red_winged_Blackbird/Red_Winged_Blackbird_0104_3918.jpg,18.19631405644154
010.Red_winged_Blackbird/Red_Winged_Blackbird_0024_4180.jpg,41.70202951035051
010.Red_winged_Blackbird/Red_Winged_Blackbird_0089_4188.jpg,44.00076671923544
010.Red_winged_Blackbird/Red_Winged_Blackbird_0109_4454.jpg,20.512742635331676
010.Red_winged_Blackbird/Red_Winged_Blackbird_0053_4072.jpg,66.71016113823946
010.Red_winged_Blackbird/Red_Winged_Blackbird_0006_6005.jpg,47.03152934935728
010.Red_winged_Blackbird/Red_Winged_Blackbird_0007_3706.jpg,54.03446967149788
010.Red_winged_Blackbird/Red_Winged_Blackbird_0013_5762.jpg,52.12195007101933
010.Red_winged_Blackbird/Red_Winged_Blackbird_0062_4233.jpg,41.81047025240576
010.Red_winged_Blackbird/Red_Winged_Blackbird_0099_3985.jpg,32.550728439991204
010.Red_winged_Blackbird/Red_Winged_Blackbird_0071_3988.jpg,17.2351386139656
010.Red_winged_Blackbird/Red_Winged_Blackbird_0027_4123.jpg,94.8757610810679
010.Red_winged_Blackbird/Red_Winged_Blackbird_0088_4007.jpg,55.54720329498772
010.Red_winged_Blackbird/Red_Winged_Blackbird_0010_6386.jpg,71.72673438959887
010.Red_winged_Blackbird/Red_Winged_Blackbird_0045_4526.jpg,31.545316867649333
010.Red_winged_Blackbird/Red_Winged_Blackbird_0065_4026.jpg,56.09809605215018
010.Red_winged_Blackbird/Red_Winged_Blackbird_0039_4285.jpg,49.89451945449621
010.Red_winged_Blackbird/Red_Winged_Blackbird_0029_4804.jpg,29.223205850408927
010.Red_winged_Blackbird/Red_Winged_Blackbird_0009_5841.jpg,41.96451319695932
010.Red_winged_Blackbird/Red_Winged_Blackbird_0011_5845.jpg,49.26606929767608
010.Red_winged_Blackbird/Red_Winged_Blackbird_0047_3802.jpg,43.26175208793301
010.Red_winged_Blackbird/Red_Winged_Blackbird_0094_5856.jpg,40.4624996358929
010.Red_winged_Blackbird/Red_Winged_Blackbird_0072_4338.jpg,37.64889061149369
010.Red_winged_Blackbird/Red_Winged_Blackbird_0078_5372.jpg,23.15592993045074
011.Rusty_Blackbird/Rusty_Blackbird_0055_6923.jpg,37.963727628924914
011.Rusty_Blackbird/Rusty_Blackbird_0020_6679.jpg,32.79120725324519
011.Rusty_Blackbird/Rusty_Blackbird_0104_6685.jpg,9.069772736189401
011.Rusty_Blackbird/Rusty_Blackbird_0043_2597.jpg,45.68484004500001
011.Rusty_Blackbird/Rusty_Blackbird_0109_6698.jpg,56.44136352865004
011.Rusty_Blackbird/Rusty_Blackbird_0081_6967.jpg,48.81687488407539
011.Rusty_Blackbird/Rusty_Blackbird_0051_6715.jpg,51.979379651841185
011.Rusty_Blackbird/Rusty_Blackbird_0075_6717.jpg,28.85404838053087
011.Rusty_Blackbird/Rusty_Blackbird_0112_3415.jpg,27.825504543547254
011.Rusty_Blackbird/Rusty_Blackbird_0003_6749.jpg,30.504703014900144
011.Rusty_Blackbird/Rusty_Blackbird_0047_7009.jpg,42.16675845287378
011.Rusty_Blackbird/Rusty_Blackbird_0060_6756.jpg,57.38175229148047
011.Rusty_Blackbird/Rusty_Blackbird_0120_6762.jpg,47.81085723715358
011.Rusty_Blackbird/Rusty_Blackbird_0026_6768.jpg,62.673924344528395
011.Rusty_Blackbird/Rusty_Blackbird_0005_6771.jpg,50.33391175304084
011.Rusty_Blackbird/Rusty_Blackbird_0052_7035.jpg,8.484072230287376
011.Rusty_Blackbird/Rusty_Blackbird_0057_6935.jpg,29.265129267884326
011.Rusty_Blackbird/Rusty_Blackbird_0111_3220.jpg,43.18046661725437
011.Rusty_Blackbird/Rusty_Blackbird_0105_6937.jpg,16.563219958065346
011.Rusty_Blackbird/Rusty_Blackbird_0022_6808.jpg,50.59554416764557
011.Rusty_Blackbird/Rusty_Blackbird_0100_6597.jpg,10.502268028269095
011.Rusty_Blackbird/Rusty_Blackbird_0092_2727.jpg,28.71247452459218
011.Rusty_Blackbird/Rusty_Blackbird_0094_6582.jpg,45.88991540952838
011.Rusty_Blackbird/Rusty_Blackbird_0096_6846.jpg,18.296114173946236
011.Rusty_Blackbird/Rusty_Blackbird_0027_6593.jpg,32.52056332618932
011.Rusty_Blackbird/Rusty_Blackbird_0056_6856.jpg,28.296770141687894
011.Rusty_Blackbird/Rusty_Blackbird_0080_6877.jpg,22.289961812056685
011.Rusty_Blackbird/Rusty_Blackbird_0015_6885.jpg,77.37979953415191
011.Rusty_Blackbird/Rusty_Blackbird_0013_6902.jpg,11.351619492740276
011.Rusty_Blackbird/Rusty_Blackbird_0082_6906.jpg,45.86401588526017
012.Yellow_headed_Blackbird/Yellow_Headed_Blackbird_0108_7937.jpg,55.236384578927016
012.Yellow_headed_Blackbird/Yellow_Headed_Blackbird_0015_8207.jpg,90.41290586748568
012.Yellow_headed_Blackbird/Yellow_Headed_Blackbird_0061_8208.jpg,41.29166700734383
012.Yellow_headed_Blackbird/Yellow_Headed_Blackbird_0065_8481.jpg,77.63336073451613
012.Yellow_headed_Blackbird/Yellow_Headed_Blackbird_0009_8248.jpg,48.968757509563545
012.Yellow_headed_Blackbird/Yellow_Headed_Blackbird_0043_8250.jpg,45.18276549235641
012.Yellow_headed_Blackbird/Yellow_Headed_Blackbird_0088_8257.jpg,76.60395628918155
012.Yellow_headed_Blackbird/Yellow_Headed_Blackbird_0109_8271.jpg,68.95429573368772
012.Yellow_headed_Blackbird/Yellow_Headed_Blackbird_0034_7736.jpg,41.37737975857154
012.Yellow_headed_Blackbird/Yellow_Headed_Blackbird_0079_8535.jpg,55.15470161024859
012.Yellow_headed_Blackbird/Yellow_Headed_Blackbird_0049_8548.jpg,83.20800975978747
012.Yellow_headed_Blackbird/Yellow_Headed_Blackbird_0042_8574.jpg,33.70368195457473
012.Yellow_headed_Blackbird/Yellow_Headed_Blackbird_0024_8586.jpg,37.21127391311287
012.Yellow_headed_Blackbird/Yellow_Headed_Blackbird_0080_8601.jpg,65.50153809925777
012.Yellow_headed_Blackbird/Yellow_Headed_Blackbird_0023_7325.jpg,47.17822752224642
012.Yellow_headed_Blackbird/Yellow_Headed_Blackbird_0055_8357.jpg,42.338417542241345
012.Yellow_headed_Blackbird/Yellow_Headed_Blackbird_0013_8362.jpg,63.51188709688515
012.Yellow_headed_Blackbird/Yellow_Headed_Blackbird_0085_8363.jpg,48.47107489157907
012.Yellow_headed_Blackbird/Yellow_Headed_Blackbird_0098_8367.jpg,33.61915871711253
012.Yellow_headed_Blackbird/Yellow_Headed_Blackbird_0059_8079.jpg,53.94309258885751
012.Yellow_headed_Blackbird/Yellow_Headed_Blackbird_0100_8407.jpg,29.203005590046796
012.Yellow_headed_Blackbird/Yellow_Headed_Blackbird_0053_8410.jpg,30.185699130571308
012.Yellow_headed_Blackbird/Yellow_Headed_Blackbird_0102_8441.jpg,40.734588491511076
012.Yellow_headed_Blackbird/Yellow_Headed_Blackbird_0047_7929.jpg,56.236231623262455
012.Yellow_headed_Blackbird/Yellow_Headed_Blackbird_0012_8443.jpg,68.58588911266337
012.Yellow_headed_Blackbird/Yellow_Headed_Blackbird_0035_8447.jpg,72.61550065331967
013.Bobolink/Bobolink_0007_9246.jpg,47.63172571516777
013.Bobolink/Bobolink_0115_9265.jpg,47.31207441009185
013.Bobolink/Bobolink_0039_9779.jpg,42.95693444927421
013.Bobolink/Bobolink_0074_9311.jpg,52.12459145640514
013.Bobolink/Bobolink_0120_10859.jpg,36.24104800123161
013.Bobolink/Bobolink_0097_10861.jpg,32.513349021870745
013.Bobolink/Bobolink_0109_9869.jpg,26.804479998955422
013.Bobolink/Bobolink_0018_9402.jpg,25.00549995586627
013.Bobolink/Bobolink_0126_11458.jpg,58.24559371828647
013.Bobolink/Bobolink_0081_9439.jpg,67.06657846636344
013.Bobolink/Bobolink_0048_9988.jpg,37.94470764797422
013.Bobolink/Bobolink_0067_11533.jpg,70.14655943336602
013.Bobolink/Bobolink_0110_9496.jpg,30.544946022425844
013.Bobolink/Bobolink_0071_9503.jpg,33.98489675443711
013.Bobolink/Bobolink_0128_9947.jpg,42.790000389929595
013.Bobolink/Bobolink_0026_11057.jpg,49.73765603358196
013.Bobolink/Bobolink_0112_11073.jpg,37.9783470424046
013.Bobolink/Bobolink_0057_10051.jpg,28.441604205428177
013.Bobolink/Bobolink_0049_9540.jpg,34.62495851972172
013.Bobolink/Bobolink_0027_10569.jpg,30.643446231006287
013.Bobolink/Bobolink_0076_11093.jpg,53.32303076409426
013.Bobolink/Bobolink_0035_11117.jpg,37.576632415755306
013.Bobolink/Bobolink_0043_10607.jpg,31.823212004487324
013.Bobolink/Bobolink_0056_9080.jpg,28.847274370708142
013.Bobolink/Bobolink_0021_10623.jpg,28.34727593721264
013.Bobolink/Bobolink_0070_10624.jpg,19.72476692427799
013.Bobolink/Bobolink_0114_10627.jpg,66.18052436494992
013.Bobolink/Bobolink_0106_9126.jpg,16.560770295953446
013.Bobolink/Bobolink_0040_9681.jpg,35.733704969158524
013.Bobolink/Bobolink_0079_10736.jpg,44.272593397527466
014.Indigo_Bunting/Indigo_Bunting_0014_14167.jpg,73.77855314879437
014.Indigo_Bunting/Indigo_Bunting_0068_13081.jpg,39.03915550270567
014.Indigo_Bunting/Indigo_Bunting_0040_11805.jpg,54.59839294486201
014.Indigo_Bunting/Indigo_Bunting_0063_11820.jpg,76.10597669090436
014.Indigo_Bunting/Indigo_Bunting_0037_14128.jpg,78.25885963086108
014.Indigo_Bunting/Indigo_Bunting_0027_11579.jpg,74.1099335598818
014.Indigo_Bunting/Indigo_Bunting_0053_13391.jpg,41.541968936543114
014.Indigo_Bunting/Indigo_Bunting_0015_12632.jpg,58.23578543847345
014.Indigo_Bunting/Indigo_Bunting_0016_13661.jpg,61.94487695093097
014.Indigo_Bunting/Indigo_Bunting_0073_13933.jpg,49.01347516774817
014.Indigo_Bunting/Indigo_Bunting_0072_14197.jpg,59.26702770279829
014.Indigo_Bunting/Indigo_Bunting_0071_11639.jpg,53.86484652673056
014.Indigo_Bunting/Indigo_Bunting_0036_13716.jpg,92.92495941488897
014.Indigo_Bunting/Indigo_Bunting_0013_12949.jpg,60.207241411852834
014.Indigo_Bunting/Indigo_Bunting_0021_13979.jpg,56.08967910844895
014.Indigo_Bunting/Indigo_Bunting_0060_14495.jpg,99.09196980941803
014.Indigo_Bunting/Indigo_Bunting_0058_12207.jpg,39.184185169479825
014.Indigo_Bunting/Indigo_Bunting_0054_12213.jpg,55.406277832094815
014.Indigo_Bunting/Indigo_Bunting_0025_12532.jpg,49.845153687323105
014.Indigo_Bunting/Indigo_Bunting_0052_11893.jpg,74.54216269193918
014.Indigo_Bunting/Indigo_Bunting_0029_13761.jpg,96.94744232445647
014.Indigo_Bunting/Indigo_Bunting_0010_13000.jpg,56.85033188705901
014.Indigo_Bunting/Indigo_Bunting_0078_11852.jpg,65.25727882864567
014.Indigo_Bunting/Indigo_Bunting_0061_13259.jpg,78.314467296024
014.Indigo_Bunting/Indigo_Bunting_0065_14558.jpg,94.79118345418166
014.Indigo_Bunting/Indigo_Bunting_0051_12837.jpg,61.235132477192906
014.Indigo_Bunting/Indigo_Bunting_0033_12777.jpg,76.42331118894246
014.Indigo_Bunting/Indigo_Bunting_0077_14060.jpg,68.34914322229297
014.Indigo_Bunting/Indigo_Bunting_0031_13300.jpg,71.6748729300238
014.Indigo_Bunting/Indigo_Bunting_0074_12829.jpg,59.25958713208932
015.Lazuli_Bunting/Lazuli_Bunting_0047_14863.jpg,77.662047796037
015.Lazuli_Bunting/Lazuli_Bunting_0101_14873.jpg,30.122671710859247
015.Lazuli_Bunting/Lazuli_Bunting_0052_14618.jpg,57.256186206415045
015.Lazuli_Bunting/Lazuli_Bunting_0085_14627.jpg,45.59286451869735
015.Lazuli_Bunting/Lazuli_Bunting_0078_15164.jpg,24.9976780962172
015.Lazuli_Bunting/Lazuli_Bunting_0092_14656.jpg,38.119246369270726
015.Lazuli_Bunting/Lazuli_Bunting_0066_14914.jpg,48.61973946198129
015.Lazuli_Bunting/Lazuli_Bunting_0001_14916.jpg,44.94608524693267
015.Lazuli_Bunting/Lazuli_Bunting_0076_14662.jpg,44.1920348961624
015.Lazuli_Bunting/Lazuli_Bunting_0035_14920.jpg,32.481010290203734
015.Lazuli_Bunting/Lazuli_Bunting_0070_14665.jpg,51.737428611024455
015.Lazuli_Bunting/Lazuli_Bunting_0040_14923.jpg,66.09853583211802
015.Lazuli_Bunting/Lazuli_Bunting_0026_14669.jpg,77.16659556719856
015.Lazuli_Bunting/Lazuli_Bunting_0032_14778.jpg,39.09334130185891
015.Lazuli_Bunting/Lazuli_Bunting_0021_14686.jpg,68.4256132139973
015.Lazuli_Bunting/Lazuli_Bunting_0028_14950.jpg,52.05338679401194
015.Lazuli_Bunting/Lazuli_Bunting_0094_11894.jpg,43.198343342026035
015.Lazuli_Bunting/Lazuli_Bunting_0030_14986.jpg,45.35072349151383
015.Lazuli_Bunting/Lazuli_Bunting_0097_14617.jpg,37.75864658824072
015.Lazuli_Bunting/Lazuli_Bunting_0059_14749.jpg,62.84783807328796
015.Lazuli_Bunting/Lazuli_Bunting_0037_15021.jpg,20.835984012155983
015.Lazuli_Bunting/Lazuli_Bunting_0093_15030.jpg,63.16103977057704
015.Lazuli_Bunting/Lazuli_Bunting_0057_14775.jpg,37.42573087779895
015.Lazuli_Bunting/Lazuli_Bunting_0056_15032.jpg,46.465043134007686
015.Lazuli_Bunting/Lazuli_Bunting_0084_14815.jpg,56.393502538004945
015.Lazuli_Bunting/Lazuli_Bunting_0042_14820.jpg,31.087289771483093
015.Lazuli_Bunting/Lazuli_Bunting_0025_15079.jpg,49.084001256418944
015.Lazuli_Bunting/Lazuli_Bunting_0048_14844.jpg,62.003952670494904
016.Painted_Bunting/Painted_Bunting_0102_16642.jpg,72.32339716145648
016.Painted_Bunting/Painted_Bunting_0004_16641.jpg,70.97156581179884
016.Painted_Bunting/Painted_Bunting_0077_16819.jpg,57.342603271024835
016.Painted_Bunting/Painted_Bunting_0053_16404.jpg,56.025549124174916
016.Painted_Bunting/Painted_Bunting_0008_16416.jpg,41.96711845523478
016.Painted_Bunting/Painted_Bunting_0011_16690.jpg,77.89522350825703
016.Painted_Bunting/Painted_Bunting_0040_16691.jpg,60.30772947519551
016.Painted_Bunting/Painted_Bunting_0010_16948.jpg,54.67733775691656
016.Painted_Bunting/Painted_Bunting_0072_16697.jpg,36.90731325427513
016.Painted_Bunting/Painted_Bunting_0054_16711.jpg,57.38277380629786
016.Painted_Bunting/Painted_Bunting_0069_16462.jpg,77.83877642237184
016.Painted_Bunting/Painted_Bunting_0058_16719.jpg,61.912015675908506
016.Painted_Bunting/Painted_Bunting_0094_16467.jpg,66.39540487404626
016.Painted_Bunting/Painted_Bunting_0016_15200.jpg,52.85169692321118
016.Painted_Bunting/Painted_Bunting_0098_15226.jpg,69.02946350126503
016.Painted_Bunting/Painted_Bunting_0081_15230.jpg,57.59014010481201
016.Painted_Bunting/Painted_Bunting_0019_15231.jpg,63.44975428171557
016.Painted_Bunting/Painted_Bunting_0029_16530.jpg,79.00998914092685
016.Painted_Bunting/Painted_Bunting_0080_16534.jpg,79.63110894120484
016.Painted_Bunting/Painted_Bunting_0027_16536.jpg,78.15369623227086
016.Painted_Bunting/Painted_Bunting_0044_16557.jpg,37.33890252410644
016.Painted_Bunting/Painted_Bunting_0085_15282.jpg,36.26759219591022
016.Painted_Bunting/Painted_Bunting_0078_16565.jpg,54.697005350279284
016.Painted_Bunting/Painted_Bunting_0013_15294.jpg,65.41250194590134
016.Painted_Bunting/Painted_Bunting_0021_15295.jpg,68.14422707547217
016.Painted_Bunting/Painted_Bunting_0009_16674.jpg,31.00218216155604
016.Painted_Bunting/Painted_Bunting_0032_16605.jpg,25.18256061102469
016.Painted_Bunting/Painted_Bunting_0049_16869.jpg,74.468086019777
017.Cardinal/Cardinal_0038_19203.jpg,74.15816137045908
017.Cardinal/Cardinal_0072_17159.jpg,75.46994359151834
017.Cardinal/Cardinal_0047_17673.jpg,64.19487191159912
017.Cardinal/Cardinal_0035_17678.jpg,74.41902337697351
017.Cardinal/Cardinal_0103_17425.jpg,53.959665488675704
017.Cardinal/Cardinal_0102_17808.jpg,90.97746479034333
017.Cardinal/Cardinal_0006_17684.jpg,39.23703527489156
017.Cardinal/Cardinal_0078_17181.jpg,71.04296210489619
017.Cardinal/Cardinal_0041_17189.jpg,80.59665502281257
017.Cardinal/Cardinal_0040_17477.jpg,50.60687061374924
017.Cardinal/Cardinal_0093_17676.jpg,140.77119753535155
017.Cardinal/Cardinal_0022_17233.jpg,76.42919394508348
017.Cardinal/Cardinal_0023_19026.jpg,29.052273139074394
017.Cardinal/Cardinal_0033_19215.jpg,96.85295284610135
017.Cardinal/Cardinal_0105_19045.jpg,27.667154733354813
017.Cardinal/Cardinal_0050_18035.jpg,50.08790369859549
017.Cardinal/Cardinal_0014_17389.jpg,87.69566483469643
017.Cardinal/Cardinal_0001_17057.jpg,81.73248876896233
017.Cardinal/Cardinal_0074_18339.jpg,26.48562842192943
017.Cardinal/Cardinal_0018_17071.jpg,63.629597576444546
017.Cardinal/Cardinal_0062_17334.jpg,72.23957608023444
017.Cardinal/Cardinal_0095_18108.jpg,56.228304796412274
017.Cardinal/Cardinal_0016_17862.jpg,98.07551358154318
017.Cardinal/Cardinal_0055_18898.jpg,69.37906592266383
017.Cardinal/Cardinal_0010_18894.jpg,73.82127051251997
017.Cardinal/Cardinal_0049_18258.jpg,54.91738456970938
017.Cardinal/Cardinal_0082_17875.jpg,113.1596648416224
018.Spotted_Catbird/Spotted_Catbird_0018_796800.jpg,44.56571724658254
018.Spotted_Catbird/Spotted_Catbird_0033_796805.jpg,29.85707853819052
018.Spotted_Catbird/Spotted_Catbird_0015_796808.jpg,46.57236120583165
018.Spotted_Catbird/Spotted_Catbird_0044_796809.jpg,29.23198922233249
018.Spotted_Catbird/Spotted_Catbird_0048_796817.jpg,20.42781302803793
018.Spotted_Catbird/Spotted_Catbird_0026_796818.jpg,37.02044522753809
018.Spotted_Catbird/Spotted_Catbird_0040_796820.jpg,42.45599779609294
018.Spotted_Catbird/Spotted_Catbird_0003_796822.jpg,63.37789809554451
018.Spotted_Catbird/Spotted_Catbird_0002_796827.jpg,43.51109706656956
018.Spotted_Catbird/Spotted_Catbird_0032_796828.jpg,37.57412821899384
018.Spotted_Catbird/Spotted_Catbird_0046_19399.jpg,51.96552750791304
018.Spotted_Catbird/Spotted_Catbird_0014_19425.jpg,57.34699160695596
018.Spotted_Catbird/Spotted_Catbird_0009_796795.jpg,48.032949390346566
018.Spotted_Catbird/Spotted_Catbird_0021_796798.jpg,28.78279845048288
018.Spotted_Catbird/Spotted_Catbird_0035_796799.jpg,40.74553224231733
019.Gray_Catbird/Gray_Catbird_0043_21008.jpg,19.999441558884342
019.Gray_Catbird/Gray_Catbird_0032_21551.jpg,30.363940891759974
019.Gray_Catbird/Gray_Catbird_0039_21040.jpg,26.91958258917167
019.Gray_Catbird/Gray_Catbird_0069_21065.jpg,22.833045238709243
019.Gray_Catbird/Gray_Catbird_0013_20562.jpg,53.62926846792821
019.Gray_Catbird/Gray_Catbird_0019_20567.jpg,42.472320032824726
019.Gray_Catbird/Gray_Catbird_0130_20328.jpg,56.69127829338457
019.Gray_Catbird/Gray_Catbird_0028_20598.jpg,24.905457985823972
019.Gray_Catbird/Gray_Catbird_0022_19585.jpg,51.4124093953042
019.Gray_Catbird/Gray_Catbird_0031_21635.jpg,48.216671334403536
019.Gray_Catbird/Gray_Catbird_0075_21125.jpg,38.44422248031935
019.Gray_Catbird/Gray_Catbird_0102_20644.jpg,31.711192618097343
019.Gray_Catbird/Gray_Catbird_0060_20656.jpg,44.16978291825119
019.Gray_Catbird/Gray_Catbird_0101_21178.jpg,58.03603408245667
019.Gray_Catbird/Gray_Catbird_0053_20694.jpg,54.998666388439176
019.Gray_Catbird/Gray_Catbird_0104_20716.jpg,53.11210757807004
019.Gray_Catbird/Gray_Catbird_0092_20735.jpg,29.943997250332465
019.Gray_Catbird/Gray_Catbird_0024_20739.jpg,15.049982006278952
019.Gray_Catbird/Gray_Catbird_0113_21270.jpg,21.239464801655846
019.Gray_Catbird/Gray_Catbird_0007_20186.jpg,57.57411578444622
019.Gray_Catbird/Gray_Catbird_0139_21281.jpg,51.90522442505924
019.Gray_Catbird/Gray_Catbird_0049_21311.jpg,37.98398433738427
019.Gray_Catbird/Gray_Catbird_0105_20864.jpg,32.557522716494375
019.Gray_Catbird/Gray_Catbird_0002_21395.jpg,28.14632329658301
019.Gray_Catbird/Gray_Catbird_0057_20979.jpg,55.716154769860026
019.Gray_Catbird/Gray_Catbird_0008_20430.jpg,49.97926497139681
019.Gray_Catbird/Gray_Catbird_0138_20945.jpg,50.414030745158335
019.Gray_Catbird/Gray_Catbird_0044_20955.jpg,83.62092275936865
019.Gray_Catbird/Gray_Catbird_0071_20974.jpg,39.80011407698487
020.Yellow_breasted_Chat/Yellow_Breasted_Chat_0029_22017.jpg,41.53586889929712
020.Yellow_breasted_Chat/Yellow_Breasted_Chat_0010_21777.jpg,49.3249623974477
020.Yellow_breasted_Chat/Yellow_Breasted_Chat_0063_21783.jpg,63.861574475492795
020.Yellow_breasted_Chat/Yellow_Breasted_Chat_0109_21796.jpg,81.2521786793677
020.Yellow_breasted_Chat/Yellow_Breasted_Chat_0048_21797.jpg,64.40301055915285
020.Yellow_breasted_Chat/Yellow_Breasted_Chat_0011_21820.jpg,65.53102017481017
020.Yellow_breasted_Chat/Yellow_Breasted_Chat_0084_22082.jpg,36.26867765723755
020.Yellow_breasted_Chat/Yellow_Breasted_Chat_0072_21830.jpg,70.85736213016612
020.Yellow_breasted_Chat/Yellow_Breasted_Chat_0095_21832.jpg,64.74263961554834
020.Yellow_breasted_Chat/Yellow_Breasted_Chat_0066_21839.jpg,43.53735953595782
020.Yellow_breasted_Chat/Yellow_Breasted_Chat_0091_22111.jpg,41.62245802064267
020.Yellow_breasted_Chat/Yellow_Breasted_Chat_0008_21856.jpg,59.730389519817784
020.Yellow_breasted_Chat/Yellow_Breasted_Chat_0002_21819.jpg,51.96394581816247
020.Yellow_breasted_Chat/Yellow_Breasted_Chat_0035_21870.jpg,31.716384606081814
020.Yellow_breasted_Chat/Yellow_Breasted_Chat_0110_21871.jpg,90.73748297284429
020.Yellow_breasted_Chat/Yellow_Breasted_Chat_0086_21877.jpg,47.7354840523155
020.Yellow_breasted_Chat/Yellow_Breasted_Chat_0085_21899.jpg,52.89548258674335
020.Yellow_breasted_Chat/Yellow_Breasted_Chat_0081_21829.jpg,53.85317714875178
020.Yellow_breasted_Chat/Yellow_Breasted_Chat_0023_21664.jpg,74.92240279930202
020.Yellow_breasted_Chat/Yellow_Breasted_Chat_0001_21928.jpg,70.16129718564339
020.Yellow_breasted_Chat/Yellow_Breasted_Chat_0041_21683.jpg,54.87282006765979
020.Yellow_breasted_Chat/Yellow_Breasted_Chat_0088_21686.jpg,43.35283652947722
020.Yellow_breasted_Chat/Yellow_Breasted_Chat_0022_21944.jpg,43.931030679979735
020.Yellow_breasted_Chat/Yellow_Breasted_Chat_0087_21695.jpg,42.828104493730855
020.Yellow_breasted_Chat/Yellow_Breasted_Chat_0034_21955.jpg,52.58868949125809
020.Yellow_breasted_Chat/Yellow_Breasted_Chat_0030_21964.jpg,68.39275976488912
020.Yellow_breasted_Chat/Yellow_Breasted_Chat_0061_21967.jpg,87.01516920298667
020.Yellow_breasted_Chat/Yellow_Breasted_Chat_0017_21719.jpg,49.039543859256405
020.Yellow_breasted_Chat/Yellow_Breasted_Chat_0079_21978.jpg,45.052625949324245
021.Eastern_Towhee/Eastern_Towhee_0122_22538.jpg,62.363165593091175
021.Eastern_Towhee/Eastern_Towhee_0018_22546.jpg,23.388192984865267
021.Eastern_Towhee/Eastern_Towhee_0110_22549.jpg,26.17865024214993
021.Eastern_Towhee/Eastern_Towhee_0048_22557.jpg,36.46205340261262
021.Eastern_Towhee/Eastern_Towhee_0095_22594.jpg,29.237334605916416
021.Eastern_Towhee/Eastern_Towhee_0086_22611.jpg,30.08588717426942
021.Eastern_Towhee/Eastern_Towhee_0053_22623.jpg,28.331396959025223
021.Eastern_Towhee/Eastern_Towhee_0134_22624.jpg,42.86443614407942
021.Eastern_Towhee/Eastern_Towhee_0091_22629.jpg,41.30721646318157
021.Eastern_Towhee/Eastern_Towhee_0017_22138.jpg,32.633402558199116
021.Eastern_Towhee/Eastern_Towhee_0020_22141.jpg,58.499782301432894
021.Eastern_Towhee/Eastern_Towhee_0067_22142.jpg,90.54535724157114
021.Eastern_Towhee/Eastern_Towhee_0085_22674.jpg,20.73233771738375
021.Eastern_Towhee/Eastern_Towhee_0105_22675.jpg,29.54745575832005
021.Eastern_Towhee/Eastern_Towhee_0098_22676.jpg,39.60608378923921
021.Eastern_Towhee/Eastern_Towhee_0108_22182.jpg,50.281627223516686
021.Eastern_Towhee/Eastern_Towhee_0125_22220.jpg,29.141925683516234
021.Eastern_Towhee/Eastern_Towhee_0112_22231.jpg,34.11552157674574
021.Eastern_Towhee/Eastern_Towhee_0031_22233.jpg,53.99415231637769
021.Eastern_Towhee/Eastern_Towhee_0015_22275.jpg,38.73982450607852
021.Eastern_Towhee/Eastern_Towhee_0022_22279.jpg,59.547874160501856
021.Eastern_Towhee/Eastern_Towhee_0080_22303.jpg,58.480431239329484
021.Eastern_Towhee/Eastern_Towhee_0115_22304.jpg,47.26058762256329
021.Eastern_Towhee/Eastern_Towhee_0001_22314.jpg,23.82965939036098
021.Eastern_Towhee/Eastern_Towhee_0121_22319.jpg,38.94701408388111
021.Eastern_Towhee/Eastern_Towhee_0049_22357.jpg,47.921566057859856
021.Eastern_Towhee/Eastern_Towhee_0129_22358.jpg,37.70693374432487
021.Eastern_Towhee/Eastern_Towhee_0014_22367.jpg,23.88234531941481
021.Eastern_Towhee/Eastern_Towhee_0024_22382.jpg,38.894778910086885
021.Eastern_Towhee/Eastern_Towhee_0062_22418.jpg,33.19861029837572
022.Chuck_will_Widow/Chuck_Will_Widow_0033_22792.jpg,21.03666163425079
022.Chuck_will_Widow/Chuck_Will_Widow_0045_22798.jpg,24.729233216218447
022.Chuck_will_Widow/Chuck_Will_Widow_0032_22802.jpg,49.00418358312771
022.Chuck_will_Widow/Chuck_Will_Widow_0019_22806.jpg,59.91072151029507
022.Chuck_will_Widow/Chuck_Will_Widow_0021_796952.jpg,27.8983159985343
022.Chuck_will_Widow/Chuck_Will_Widow_0011_796954.jpg,29.94308965164252
022.Chuck_will_Widow/Chuck_Will_Widow_0009_796955.jpg,71.55281481768895
022.Chuck_will_Widow/Chuck_Will_Widow_0015_796962.jpg,24.837787051850253
022.Chuck_will_Widow/Chuck_Will_Widow_0010_796964.jpg,47.27651944617078
022.Chuck_will_Widow/Chuck_Will_Widow_0020_796965.jpg,47.466260058783774
022.Chuck_will_Widow/Chuck_Will_Widow_0022_796967.jpg,43.25649926868411
022.Chuck_will_Widow/Chuck_Will_Widow_0047_796971.jpg,49.09456642623151
022.Chuck_will_Widow/Chuck_Will_Widow_0025_796972.jpg,86.46801106436587
022.Chuck_will_Widow/Chuck_Will_Widow_0027_796978.jpg,34.48490006477351
022.Chuck_will_Widow/Chuck_Will_Widow_0031_796981.jpg,19.23114656508227
022.Chuck_will_Widow/Chuck_Will_Widow_0042_796983.jpg,47.66047390322497
022.Chuck_will_Widow/Chuck_Will_Widow_0052_796984.jpg,42.4546867572263
022.Chuck_will_Widow/Chuck_Will_Widow_0014_796987.jpg,54.07513078328925
022.Chuck_will_Widow/Chuck_Will_Widow_0028_796988.jpg,43.79832356488346
022.Chuck_will_Widow/Chuck_Will_Widow_0038_796989.jpg,30.68360061880604
022.Chuck_will_Widow/Chuck_Will_Widow_0051_796991.jpg,34.77438357604463
022.Chuck_will_Widow/Chuck_Will_Widow_0030_796994.jpg,44.917020495170114
022.Chuck_will_Widow/Chuck_Will_Widow_0041_796997.jpg,44.952521602196065
022.Chuck_will_Widow/Chuck_Will_Widow_0058_796999.jpg,25.130307955395686
022.Chuck_will_Widow/Chuck_Will_Widow_0039_797000.jpg,30.04489869512077
022.Chuck_will_Widow/Chuck_Will_Widow_0029_22751.jpg,38.31579531283519
023.Brandt_Cormorant/Brandt_Cormorant_0019_23058.jpg,54.315410422344684
023.Brandt_Cormorant/Brandt_Cormorant_0092_23061.jpg,19.983971068450316
023.Brandt_Cormorant/Brandt_Cormorant_0002_23072.jpg,11.11402371021769
023.Brandt_Cormorant/Brandt_Cormorant_0018_23090.jpg,21.097951974712284
023.Brandt_Cormorant/Brandt_Cormorant_0052_23356.jpg,32.350830140059095
023.Brandt_Cormorant/Brandt_Cormorant_0064_22849.jpg,33.91476635834261
023.Brandt_Cormorant/Brandt_Cormorant_0065_23118.jpg,12.220418548350356
023.Brandt_Cormorant/Brandt_Cormorant_0079_22874.jpg,18.253467165699163
023.Brandt_Cormorant/Brandt_Cormorant_0001_23398.jpg,46.73402331077906
023.Brandt_Cormorant/Brandt_Cormorant_0040_23144.jpg,7.227285669239352
023.Brandt_Cormorant/Brandt_Cormorant_0028_22892.jpg,15.724763427248332
023.Brandt_Cormorant/Brandt_Cormorant_0042_23151.jpg,11.340268248395876
023.Brandt_Cormorant/Brandt_Cormorant_0061_22902.jpg,31.055742246676264
023.Brandt_Cormorant/Brandt_Cormorant_0026_22913.jpg,42.24161779801537
023.Brandt_Cormorant/Brandt_Cormorant_0003_22922.jpg,11.319719864007212
023.Brandt_Cormorant/Brandt_Cormorant_0049_22924.jpg,45.307865206811336
023.Brandt_Cormorant/Brandt_Cormorant_0030_22926.jpg,40.553419687181304
023.Brandt_Cormorant/Brandt_Cormorant_0007_22934.jpg,16.475651322100706
023.Brandt_Cormorant/Brandt_Cormorant_0036_22937.jpg,75.15941150211835
023.Brandt_Cormorant/Brandt_Cormorant_0091_22825.jpg,24.80673757542869
023.Brandt_Cormorant/Brandt_Cormorant_0039_22945.jpg,27.142979088665484
023.Brandt_Cormorant/Brandt_Cormorant_0078_23203.jpg,39.82346696339326
023.Brandt_Cormorant/Brandt_Cormorant_0053_22957.jpg,19.068254425739596
023.Brandt_Cormorant/Brandt_Cormorant_0033_22975.jpg,28.665409475217757
023.Brandt_Cormorant/Brandt_Cormorant_0088_22948.jpg,36.15045814123509
023.Brandt_Cormorant/Brandt_Cormorant_0073_23259.jpg,34.15166100285648
023.Brandt_Cormorant/Brandt_Cormorant_0071_23007.jpg,29.912986424251777
023.Brandt_Cormorant/Brandt_Cormorant_0084_23265.jpg,27.39690599853258
023.Brandt_Cormorant/Brandt_Cormorant_0047_23337.jpg,26.668305948989047
024.Red_faced_Cormorant/Red_Faced_Cormorant_0026_796289.jpg,5.892812308097034
024.Red_faced_Cormorant/Red_Faced_Cormorant_0021_796265.jpg,31.56657631596231
024.Red_faced_Cormorant/Red_Faced_Cormorant_0003_796270.jpg,13.638178485377969
024.Red_faced_Cormorant/Red_Faced_Cormorant_0069_796274.jpg,17.15150390252815
024.Red_faced_Cormorant/Red_Faced_Cormorant_0013_796278.jpg,26.067995890251826
024.Red_faced_Cormorant/Red_Faced_Cormorant_0063_796284.jpg,24.478593446217356
024.Red_faced_Cormorant/Red_Faced_Cormorant_0024_796285.jpg,44.37620505602212
024.Red_faced_Cormorant/Red_Faced_Cormorant_0057_796286.jpg,72.96226745575856
024.Red_faced_Cormorant/Red_Faced_Cormorant_0054_796301.jpg,28.98455050552429
024.Red_faced_Cormorant/Red_Faced_Cormorant_0025_796306.jpg,77.39455063450632
024.Red_faced_Cormorant/Red_Faced_Cormorant_0015_796307.jpg,46.36412251582998
024.Red_faced_Cormorant/Red_Faced_Cormorant_0039_796308.jpg,12.739899252455867
024.Red_faced_Cormorant/Red_Faced_Cormorant_0038_796313.jpg,30.26362262589854
024.Red_faced_Cormorant/Red_Faced_Cormorant_0058_796315.jpg,13.872726212736953
024.Red_faced_Cormorant/Red_Faced_Cormorant_0020_796318.jpg,10.794417512323951
024.Red_faced_Cormorant/Red_Faced_Cormorant_0068_796321.jpg,24.783670415994152
024.Red_faced_Cormorant/Red_Faced_Cormorant_0001_796327.jpg,20.57138581001857
024.Red_faced_Cormorant/Red_Faced_Cormorant_0047_796330.jpg,32.95602465422088
024.Red_faced_Cormorant/Red_Faced_Cormorant_0066_796333.jpg,35.92085352978275
024.Red_faced_Cormorant/Red_Faced_Cormorant_0027_23482.jpg,41.7677421767868
024.Red_faced_Cormorant/Red_Faced_Cormorant_0010_23421.jpg,26.254585569140808
024.Red_faced_Cormorant/Red_Faced_Cormorant_0023_796328.jpg,45.88505740484191
025.Pelagic_Cormorant/Pelagic_Cormorant_0009_23561.jpg,50.27188861093072
025.Pelagic_Cormorant/Pelagic_Cormorant_0032_23570.jpg,22.590938952401252
025.Pelagic_Cormorant/Pelagic_Cormorant_0070_23513.jpg,57.79608827553966
025.Pelagic_Cormorant/Pelagic_Cormorant_0063_23515.jpg,44.45419100837398
025.Pelagic_Cormorant/Pelagic_Cormorant_0046_23588.jpg,28.134105523493034
025.Pelagic_Cormorant/Pelagic_Cormorant_0036_23503.jpg,31.654053241950276
025.Pelagic_Cormorant/Pelagic_Cormorant_0071_23964.jpg,25.02882936717966
025.Pelagic_Cormorant/Pelagic_Cormorant_0042_23522.jpg,19.170754223183053
025.Pelagic_Cormorant/Pelagic_Cormorant_0092_23639.jpg,41.90512566343089
025.Pelagic_Cormorant/Pelagic_Cormorant_0075_23645.jpg,10.432463764146634
025.Pelagic_Cormorant/Pelagic_Cormorant_0002_23680.jpg,25.24291662281103
025.Pelagic_Cormorant/Pelagic_Cormorant_0003_23695.jpg,39.15377895384114
025.Pelagic_Cormorant/Pelagic_Cormorant_0010_23711.jpg,32.99352629183457
025.Pelagic_Cormorant/Pelagic_Cormorant_0049_23714.jpg,38.12770378065137
025.Pelagic_Cormorant/Pelagic_Cormorant_0005_23720.jpg,31.10340434478857
025.Pelagic_Cormorant/Pelagic_Cormorant_0030_23732.jpg,35.024278442599126
025.Pelagic_Cormorant/Pelagic_Cormorant_0041_23763.jpg,37.90256453368114
025.Pelagic_Cormorant/Pelagic_Cormorant_0016_23509.jpg,11.470000571147022
025.Pelagic_Cormorant/Pelagic_Cormorant_0074_23511.jpg,47.56866527043062
025.Pelagic_Cormorant/Pelagic_Cormorant_0082_23844.jpg,31.130787532262513
025.Pelagic_Cormorant/Pelagic_Cormorant_0096_23775.jpg,22.050832401689576
025.Pelagic_Cormorant/Pelagic_Cormorant_0025_23776.jpg,17.51096593081973
025.Pelagic_Cormorant/Pelagic_Cormorant_0102_23778.jpg,31.686572180514634
025.Pelagic_Cormorant/Pelagic_Cormorant_0076_23523.jpg,46.876746484640435
025.Pelagic_Cormorant/Pelagic_Cormorant_0098_23783.jpg,8.273173488250743
025.Pelagic_Cormorant/Pelagic_Cormorant_0099_23784.jpg,19.409742729866245
025.Pelagic_Cormorant/Pelagic_Cormorant_0073_23785.jpg,53.90036398015476
025.Pelagic_Cormorant/Pelagic_Cormorant_0033_23530.jpg,22.083653300401007
025.Pelagic_Cormorant/Pelagic_Cormorant_0001_23538.jpg,33.897374592399494
025.Pelagic_Cormorant/Pelagic_Cormorant_0014_23801.jpg,18.879045657296263
026.Bronzed_Cowbird/Bronzed_Cowbird_0051_24083.jpg,68.52594080838688
026.Bronzed_Cowbird/Bronzed_Cowbird_0030_24103.jpg,16.063910082765005
026.Bronzed_Cowbird/Bronzed_Cowbird_0034_796209.jpg,50.888987261463214
026.Bronzed_Cowbird/Bronzed_Cowbird_0091_796212.jpg,18.138038257620757
026.Bronzed_Cowbird/Bronzed_Cowbird_0025_796213.jpg,55.270607005623674
026.Bronzed_Cowbird/Bronzed_Cowbird_0046_796218.jpg,18.736743112912666
026.Bronzed_Cowbird/Bronzed_Cowbird_0022_796221.jpg,26.613520823141158
026.Bronzed_Cowbird/Bronzed_Cowbird_0087_796223.jpg,32.28430297942136
026.Bronzed_Cowbird/Bronzed_Cowbird_0043_796224.jpg,32.09499062446135
026.Bronzed_Cowbird/Bronzed_Cowbird_0073_796226.jpg,35.38897139774832
026.Bronzed_Cowbird/Bronzed_Cowbird_0013_24131.jpg,41.83707279085154
026.Bronzed_Cowbird/Bronzed_Cowbird_0026_796229.jpg,44.98304828507201
026.Bronzed_Cowbird/Bronzed_Cowbird_0061_796232.jpg,46.43600963880791
026.Bronzed_Cowbird/Bronzed_Cowbird_0076_796235.jpg,20.920981701500097
026.Bronzed_Cowbird/Bronzed_Cowbird_0020_796237.jpg,18.426006466623175
026.Bronzed_Cowbird/Bronzed_Cowbird_0062_796238.jpg,17.560397057616143
026.Bronzed_Cowbird/Bronzed_Cowbird_0058_796239.jpg,30.498758836420535
026.Bronzed_Cowbird/Bronzed_Cowbird_0010_24146.jpg,18.000809378293653
026.Bronzed_Cowbird/Bronzed_Cowbird_0049_24147.jpg,46.65269620063291
026.Bronzed_Cowbird/Bronzed_Cowbird_0003_796246.jpg,35.09741210645104
026.Bronzed_Cowbird/Bronzed_Cowbird_0078_796262.jpg,39.6333229525907
026.Bronzed_Cowbird/Bronzed_Cowbird_0024_24167.jpg,34.02759106135337
026.Bronzed_Cowbird/Bronzed_Cowbird_0082_24175.jpg,46.0019474306295
026.Bronzed_Cowbird/Bronzed_Cowbird_0021_24189.jpg,31.94972931103108
026.Bronzed_Cowbird/Bronzed_Cowbird_0081_24198.jpg,31.469413689317058
026.Bronzed_Cowbird/Bronzed_Cowbird_0064_24199.jpg,16.249714376224382
026.Bronzed_Cowbird/Bronzed_Cowbird_0031_24139.jpg,38.39651116051706
026.Bronzed_Cowbird/Bronzed_Cowbird_0019_796242.jpg,23.30012309543803
026.Bronzed_Cowbird/Bronzed_Cowbird_0037_24032.jpg,31.322709641762582
026.Bronzed_Cowbird/Bronzed_Cowbird_0016_796245.jpg,30.75609446486574
027.Shiny_Cowbird/Shiny_Cowbird_0056_24321.jpg,47.84908411070302
027.Shiny_Cowbird/Shiny_Cowbird_0057_24345.jpg,36.85982238605051
027.Shiny_Cowbird/Shiny_Cowbird_0039_24359.jpg,18.645545946959693
027.Shiny_Cowbird/Shiny_Cowbird_0029_24372.jpg,52.66485916624811
027.Shiny_Cowbird/Shiny_Cowbird_0067_24392.jpg,58.97684211993561
027.Shiny_Cowbird/Shiny_Cowbird_0079_24399.jpg,42.234922446592144
027.Shiny_Cowbird/Shiny_Cowbird_0012_24249.jpg,28.58122466357418
027.Shiny_Cowbird/Shiny_Cowbird_0068_24413.jpg,46.312996383768926
027.Shiny_Cowbird/Shiny_Cowbird_0059_24421.jpg,39.47301350604806
027.Shiny_Cowbird/Shiny_Cowbird_0007_24434.jpg,40.59504388647585
027.Shiny_Cowbird/Shiny_Cowbird_0051_24438.jpg,19.68882340922796
027.Shiny_Cowbird/Shiny_Cowbird_0037_24440.jpg,45.457503264595005
027.Shiny_Cowbird/Shiny_Cowbird_0030_24206.jpg,37.727726493703614
027.Shiny_Cowbird/Shiny_Cowbird_0018_796830.jpg,13.396855125620815
027.Shiny_Cowbird/Shiny_Cowbird_0081_796833.jpg,52.96368530464214
027.Shiny_Cowbird/Shiny_Cowbird_0009_796835.jpg,22.38050600672364
027.Shiny_Cowbird/Shiny_Cowbird_0035_796837.jpg,54.06607475108918
027.Shiny_Cowbird/Shiny_Cowbird_0085_796839.jpg,18.92941410787895
027.Shiny_Cowbird/Shiny_Cowbird_0004_796841.jpg,26.598794893081653
027.Shiny_Cowbird/Shiny_Cowbird_0078_796846.jpg,41.93133989087625
027.Shiny_Cowbird/Shiny_Cowbird_0027_796850.jpg,24.0199959078501
027.Shiny_Cowbird/Shiny_Cowbird_0031_796851.jpg,13.871450020980726
027.Shiny_Cowbird/Shiny_Cowbird_0043_796857.jpg,39.29464737228948
027.Shiny_Cowbird/Shiny_Cowbird_0015_796858.jpg,66.07036328649262
027.Shiny_Cowbird/Shiny_Cowbird_0080_796875.jpg,50.225620438461306
027.Shiny_Cowbird/Shiny_Cowbird_0020_24276.jpg,27.338669814092178
027.Shiny_Cowbird/Shiny_Cowbird_0082_24279.jpg,39.05542044534002
027.Shiny_Cowbird/Shiny_Cowbird_0005_796873.jpg,33.76924645746285
027.Shiny_Cowbird/Shiny_Cowbird_0032_24284.jpg,44.133439810469824
027.Shiny_Cowbird/Shiny_Cowbird_0074_24297.jpg,47.25099040043918
028.Brown_Creeper/Brown_Creeper_0093_24581.jpg,12.405689669593901
028.Brown_Creeper/Brown_Creeper_0123_24589.jpg,28.241528866704016
028.Brown_Creeper/Brown_Creeper_0111_24590.jpg,11.656659896017981
028.Brown_Creeper/Brown_Creeper_0069_24618.jpg,23.053667217980504
028.Brown_Creeper/Brown_Creeper_0079_24647.jpg,49.55569125972734
028.Brown_Creeper/Brown_Creeper_0005_24659.jpg,30.74846789729922
028.Brown_Creeper/Brown_Creeper_0104_24698.jpg,32.5323560415938
028.Brown_Creeper/Brown_Creeper_0027_24729.jpg,26.61031964883384
028.Brown_Creeper/Brown_Creeper_0088_24731.jpg,41.50859696156676
028.Brown_Creeper/Brown_Creeper_0107_24827.jpg,38.6640391089534
028.Brown_Creeper/Brown_Creeper_0089_24841.jpg,20.270531653970693
028.Brown_Creeper/Brown_Creeper_0004_24851.jpg,19.49134497397095
028.Brown_Creeper/Brown_Creeper_0029_24912.jpg,31.79497675681655
028.Brown_Creeper/Brown_Creeper_0065_24464.jpg,12.876355128039654
028.Brown_Creeper/Brown_Creeper_0085_24938.jpg,28.27157684566319
028.Brown_Creeper/Brown_Creeper_0035_24941.jpg,36.965346636504435
028.Brown_Creeper/Brown_Creeper_0075_24947.jpg,16.722308070503082
028.Brown_Creeper/Brown_Creeper_0012_24956.jpg,22.358456565231815
028.Brown_Creeper/Brown_Creeper_0001_24449.jpg,29.560235729894867
028.Brown_Creeper/Brown_Creeper_0124_24963.jpg,26.140709037876643
028.Brown_Creeper/Brown_Creeper_0056_24452.jpg,24.79046347088305
028.Brown_Creeper/Brown_Creeper_0046_24463.jpg,67.99956471460045
028.Brown_Creeper/Brown_Creeper_0051_24468.jpg,15.58687640997697
028.Brown_Creeper/Brown_Creeper_0101_24987.jpg,40.857162080258476
028.Brown_Creeper/Brown_Creeper_0031_24999.jpg,37.63472920487325
028.Brown_Creeper/Brown_Creeper_0006_25034.jpg,30.514229290368544
028.Brown_Creeper/Brown_Creeper_0057_24529.jpg,26.29189156955978
028.Brown_Creeper/Brown_Creeper_0073_24546.jpg,51.25838197122945
028.Brown_Creeper/Brown_Creeper_0102_25000.jpg,30.767057851388365
029.American_Crow/American_Crow_0030_25092.jpg,32.329409143860794
029.American_Crow/American_Crow_0021_25137.jpg,26.67225550622628
029.American_Crow/American_Crow_0027_25146.jpg,22.80367632650183
029.American_Crow/American_Crow_0011_25151.jpg,26.8292523493796
029.American_Crow/American_Crow_0043_25666.jpg,24.783898468463732
029.American_Crow/American_Crow_0139_25186.jpg,115.72178056371718
029.American_Crow/American_Crow_0131_25706.jpg,47.315583127833804
029.American_Crow/American_Crow_0122_25200.jpg,22.60912095036486
029.American_Crow/American_Crow_0053_25203.jpg,11.660163490098487
029.American_Crow/American_Crow_0099_25717.jpg,6.145702117221632
029.American_Crow/American_Crow_0121_25720.jpg,34.90556986473506
029.American_Crow/American_Crow_0080_25220.jpg,72.29486510484523
029.American_Crow/American_Crow_0137_25221.jpg,38.36410781433217
029.American_Crow/American_Crow_0050_25255.jpg,28.630859504748116
029.American_Crow/American_Crow_0085_25260.jpg,42.0316746263441
029.American_Crow/American_Crow_0105_25283.jpg,41.448439918590424
029.American_Crow/American_Crow_0014_25287.jpg,22.904115601143562
029.American_Crow/American_Crow_0088_25303.jpg,19.89635981326165
029.American_Crow/American_Crow_0004_25819.jpg,14.45297480857446
029.American_Crow/American_Crow_0127_25412.jpg,16.81659871050159
029.American_Crow/American_Crow_0066_25827.jpg,42.31059676801765
029.American_Crow/American_Crow_0031_25433.jpg,25.818684798993097
029.American_Crow/American_Crow_0067_25443.jpg,33.08241954903579
029.American_Crow/American_Crow_0079_25463.jpg,104.1146944990179
029.American_Crow/American_Crow_0051_25505.jpg,26.47982389946837
029.American_Crow/American_Crow_0069_25506.jpg,14.488260156866119
029.American_Crow/American_Crow_0110_25541.jpg,26.05107234122955
029.American_Crow/American_Crow_0001_25053.jpg,59.51548276630651
029.American_Crow/American_Crow_0048_25062.jpg,29.26683022939802
029.American_Crow/American_Crow_0104_25086.jpg,21.91299919813114
030.Fish_Crow/Fish_Crow_0080_25861.jpg,61.08198078374352
030.Fish_Crow/Fish_Crow_0059_25864.jpg,12.332048259192423
030.Fish_Crow/Fish_Crow_0067_26124.jpg,34.25010009145105
030.Fish_Crow/Fish_Crow_0018_25879.jpg,46.85922395424667
030.Fish_Crow/Fish_Crow_0041_25887.jpg,47.17420800582064
030.Fish_Crow/Fish_Crow_0034_25891.jpg,17.838515908168034
030.Fish_Crow/Fish_Crow_0042_26148.jpg,10.476930650896424
030.Fish_Crow/Fish_Crow_0031_25909.jpg,40.670229611447596
030.Fish_Crow/Fish_Crow_0036_25911.jpg,37.17869573342876
030.Fish_Crow/Fish_Crow_0085_25919.jpg,62.84851609420669
030.Fish_Crow/Fish_Crow_0071_25155.jpg,11.76760163159006
030.Fish_Crow/Fish_Crow_0040_25158.jpg,63.624123724133085
030.Fish_Crow/Fish_Crow_0051_25934.jpg,12.539371343524495
030.Fish_Crow/Fish_Crow_0013_25939.jpg,18.10943370715839
030.Fish_Crow/Fish_Crow_0065_25942.jpg,5.276568503092974
030.Fish_Crow/Fish_Crow_0072_25945.jpg,27.94390970161789
030.Fish_Crow/Fish_Crow_0012_25946.jpg,23.50987523199491
030.Fish_Crow/Fish_Crow_0073_25977.jpg,20.196064487452947
030.Fish_Crow/Fish_Crow_0082_26012.jpg,45.01446304910066
030.Fish_Crow/Fish_Crow_0032_26014.jpg,11.140243375068351
030.Fish_Crow/Fish_Crow_0061_25884.jpg,30.656202936294886
030.Fish_Crow/Fish_Crow_0020_26027.jpg,21.714181025390385
030.Fish_Crow/Fish_Crow_0053_26067.jpg,22.62913489112775
030.Fish_Crow/Fish_Crow_0047_26070.jpg,20.488033196651376
030.Fish_Crow/Fish_Crow_0037_26071.jpg,23.27262950777685
030.Fish_Crow/Fish_Crow_0002_26072.jpg,31.936806596574893
030.Fish_Crow/Fish_Crow_0055_26077.jpg,42.75075490683994
030.Fish_Crow/Fish_Crow_0035_26081.jpg,5.529270339205211
030.Fish_Crow/Fish_Crow_0063_26094.jpg,10.356160780837254
030.Fish_Crow/Fish_Crow_0056_25851.jpg,11.48802866440375
031.Black_billed_Cuckoo/Black_Billed_Cuckoo_0071_26288.jpg,74.64697233204274
031.Black_billed_Cuckoo/Black_Billed_Cuckoo_0032_26292.jpg,27.679455329383334
031.Black_billed_Cuckoo/Black_Billed_Cuckoo_0076_26177.jpg,58.23831726276153
031.Black_billed_Cuckoo/Black_Billed_Cuckoo_0051_795318.jpg,60.24121814912766
031.Black_billed_Cuckoo/Black_Billed_Cuckoo_0045_26194.jpg,72.17635899065746
031.Black_billed_Cuckoo/Black_Billed_Cuckoo_0065_26203.jpg,13.672277086479596
031.Black_billed_Cuckoo/Black_Billed_Cuckoo_0015_26208.jpg,57.2227034563731
031.Black_billed_Cuckoo/Black_Billed_Cuckoo_0018_26218.jpg,30.543829437709054
031.Black_billed_Cuckoo/Black_Billed_Cuckoo_0017_26221.jpg,39.20821333160865
031.Black_billed_Cuckoo/Black_Billed_Cuckoo_0052_26232.jpg,60.13817236866411
031.Black_billed_Cuckoo/Black_Billed_Cuckoo_0006_26233.jpg,26.22092015216254
031.Black_billed_Cuckoo/Black_Billed_Cuckoo_0030_26240.jpg,41.63756392260012
031.Black_billed_Cuckoo/Black_Billed_Cuckoo_0044_26243.jpg,40.433025040516476
031.Black_billed_Cuckoo/Black_Billed_Cuckoo_0091_26246.jpg,41.33590207775654
031.Black_billed_Cuckoo/Black_Billed_Cuckoo_0023_26258.jpg,33.88184825831855
031.Black_billed_Cuckoo/Black_Billed_Cuckoo_0085_795294.jpg,47.55788235902752
031.Black_billed_Cuckoo/Black_Billed_Cuckoo_0073_795304.jpg,37.40824458452724
031.Black_billed_Cuckoo/Black_Billed_Cuckoo_0008_795305.jpg,24.16741527901303
031.Black_billed_Cuckoo/Black_Billed_Cuckoo_0095_795307.jpg,24.601524777492894
031.Black_billed_Cuckoo/Black_Billed_Cuckoo_0042_795308.jpg,34.52346258550795
031.Black_billed_Cuckoo/Black_Billed_Cuckoo_0083_795315.jpg,28.475528222401234
031.Black_billed_Cuckoo/Black_Billed_Cuckoo_0022_795319.jpg,20.42818502716027
031.Black_billed_Cuckoo/Black_Billed_Cuckoo_0034_795320.jpg,30.870302466038126
031.Black_billed_Cuckoo/Black_Billed_Cuckoo_0089_795322.jpg,68.92898494942256
031.Black_billed_Cuckoo/Black_Billed_Cuckoo_0043_795324.jpg,71.96028549216044
031.Black_billed_Cuckoo/Black_Billed_Cuckoo_0046_795328.jpg,39.104480435036905
031.Black_billed_Cuckoo/Black_Billed_Cuckoo_0037_795330.jpg,61.08689803134552
031.Black_billed_Cuckoo/Black_Billed_Cuckoo_0024_795331.jpg,44.27736553314366
031.Black_billed_Cuckoo/Black_Billed_Cuckoo_0027_26319.jpg,56.93590016149331
031.Black_billed_Cuckoo/Black_Billed_Cuckoo_0007_26320.jpg,67.66475974007756
032.Mangrove_Cuckoo/Mangrove_Cuckoo_0024_794630.jpg,24.55050422830093
032.Mangrove_Cuckoo/Mangrove_Cuckoo_0040_26378.jpg,29.839238347375503
032.Mangrove_Cuckoo/Mangrove_Cuckoo_0037_26389.jpg,63.92539600950068
032.Mangrove_Cuckoo/Mangrove_Cuckoo_0053_26390.jpg,28.82507342236624
032.Mangrove_Cuckoo/Mangrove_Cuckoo_0010_26399.jpg,58.08160014818452
032.Mangrove_Cuckoo/Mangrove_Cuckoo_0011_26406.jpg,75.0217114729224
032.Mangrove_Cuckoo/Mangrove_Cuckoo_0023_26409.jpg,50.07939669895449
032.Mangrove_Cuckoo/Mangrove_Cuckoo_0002_26410.jpg,29.76144376374114
032.Mangrove_Cuckoo/Mangrove_Cuckoo_0049_794631.jpg,16.695434966248232
032.Mangrove_Cuckoo/Mangrove_Cuckoo_0009_26354.jpg,60.53875267700059
032.Mangrove_Cuckoo/Mangrove_Cuckoo_0030_26350.jpg,36.793671368009704
032.Mangrove_Cuckoo/Mangrove_Cuckoo_0018_794593.jpg,97.20020344611171
032.Mangrove_Cuckoo/Mangrove_Cuckoo_0035_794595.jpg,55.92202354535546
032.Mangrove_Cuckoo/Mangrove_Cuckoo_0001_794601.jpg,96.54793669761281
032.Mangrove_Cuckoo/Mangrove_Cuckoo_0021_794602.jpg,29.78518155287849
032.Mangrove_Cuckoo/Mangrove_Cuckoo_0032_794603.jpg,29.869137980128375
032.Mangrove_Cuckoo/Mangrove_Cuckoo_0047_794604.jpg,35.316260956864745
032.Mangrove_Cuckoo/Mangrove_Cuckoo_0043_794605.jpg,28.50190384828882
032.Mangrove_Cuckoo/Mangrove_Cuckoo_0026_794609.jpg,52.62768597932737
032.Mangrove_Cuckoo/Mangrove_Cuckoo_0007_794610.jpg,37.277195660955705
032.Mangrove_Cuckoo/Mangrove_Cuckoo_0008_26357.jpg,58.727426654428925
032.Mangrove_Cuckoo/Mangrove_Cuckoo_0003_794619.jpg,65.4035883177461
032.Mangrove_Cuckoo/Mangrove_Cuckoo_0017_794623.jpg,33.36095523011272
033.Yellow_billed_Cuckoo/Yellow_Billed_Cuckoo_0023_26637.jpg,24.533382227018453
033.Yellow_billed_Cuckoo/Yellow_Billed_Cuckoo_0117_26651.jpg,55.37566910548369
033.Yellow_billed_Cuckoo/Yellow_Billed_Cuckoo_0078_26888.jpg,17.531030547810804
033.Yellow_billed_Cuckoo/Yellow_Billed_Cuckoo_0005_26684.jpg,54.509315504292445
033.Yellow_billed_Cuckoo/Yellow_Billed_Cuckoo_0060_26686.jpg,43.95108310193778
033.Yellow_billed_Cuckoo/Yellow_Billed_Cuckoo_0007_26687.jpg,55.83242445795195
033.Yellow_billed_Cuckoo/Yellow_Billed_Cuckoo_0061_26692.jpg,91.3687571407532
033.Yellow_billed_Cuckoo/Yellow_Billed_Cuckoo_0012_26712.jpg,32.52379417805158
033.Yellow_billed_Cuckoo/Yellow_Billed_Cuckoo_0090_26714.jpg,30.397054353580202
033.Yellow_billed_Cuckoo/Yellow_Billed_Cuckoo_0074_26466.jpg,14.91253728661712
033.Yellow_billed_Cuckoo/Yellow_Billed_Cuckoo_0053_26738.jpg,38.83575945224101
033.Yellow_billed_Cuckoo/Yellow_Billed_Cuckoo_0073_26744.jpg,47.31768050444218
033.Yellow_billed_Cuckoo/Yellow_Billed_Cuckoo_0077_26431.jpg,72.2839200575679
033.Yellow_billed_Cuckoo/Yellow_Billed_Cuckoo_0043_26492.jpg,34.67747629118684
033.Yellow_billed_Cuckoo/Yellow_Billed_Cuckoo_0014_26754.jpg,34.2048605863188
033.Yellow_billed_Cuckoo/Yellow_Billed_Cuckoo_0098_26501.jpg,58.76030097791426
033.Yellow_billed_Cuckoo/Yellow_Billed_Cuckoo_0033_26521.jpg,46.11636066637745
033.Yellow_billed_Cuckoo/Yellow_Billed_Cuckoo_0018_26535.jpg,47.80218135449661
033.Yellow_billed_Cuckoo/Yellow_Billed_Cuckoo_0003_26797.jpg,19.89892470726909
033.Yellow_billed_Cuckoo/Yellow_Billed_Cuckoo_0116_26544.jpg,73.05965280435245
033.Yellow_billed_Cuckoo/Yellow_Billed_Cuckoo_0119_26550.jpg,49.38670420328002
033.Yellow_billed_Cuckoo/Yellow_Billed_Cuckoo_0088_26812.jpg,42.42896330835233
033.Yellow_billed_Cuckoo/Yellow_Billed_Cuckoo_0104_26814.jpg,30.495012997069622
033.Yellow_billed_Cuckoo/Yellow_Billed_Cuckoo_0024_26832.jpg,35.00580000842459
033.Yellow_billed_Cuckoo/Yellow_Billed_Cuckoo_0006_26578.jpg,53.263054121967485
033.Yellow_billed_Cuckoo/Yellow_Billed_Cuckoo_0107_26838.jpg,49.307495065153624
033.Yellow_billed_Cuckoo/Yellow_Billed_Cuckoo_0066_26600.jpg,30.949362408038258
033.Yellow_billed_Cuckoo/Yellow_Billed_Cuckoo_0029_26865.jpg,39.289924364730126
033.Yellow_billed_Cuckoo/Yellow_Billed_Cuckoo_0067_26878.jpg,36.04167405983066
034.Gray_crowned_Rosy_Finch/Gray_Crowned_Rosy_Finch_0078_27136.jpg,48.45776227687042
034.Gray_crowned_Rosy_Finch/Gray_Crowned_Rosy_Finch_0027_27153.jpg,24.597194764960545
034.Gray_crowned_Rosy_Finch/Gray_Crowned_Rosy_Finch_0019_27192.jpg,21.57114269016398
034.Gray_crowned_Rosy_Finch/Gray_Crowned_Rosy_Finch_0076_27200.jpg,28.613258968741967
034.Gray_crowned_Rosy_Finch/Gray_Crowned_Rosy_Finch_0009_26977.jpg,36.88780866092827
034.Gray_crowned_Rosy_Finch/Gray_Crowned_Rosy_Finch_0018_26978.jpg,26.00381067486162
034.Gray_crowned_Rosy_Finch/Gray_Crowned_Rosy_Finch_0067_797289.jpg,35.45209985896402
034.Gray_crowned_Rosy_Finch/Gray_Crowned_Rosy_Finch_0004_797272.jpg,20.700967457381807
034.Gray_crowned_Rosy_Finch/Gray_Crowned_Rosy_Finch_0048_27236.jpg,67.411502069372
034.Gray_crowned_Rosy_Finch/Gray_Crowned_Rosy_Finch_0053_797276.jpg,31.168128566137963
034.Gray_crowned_Rosy_Finch/Gray_Crowned_Rosy_Finch_0007_797278.jpg,50.615365763122114
034.Gray_crowned_Rosy_Finch/Gray_Crowned_Rosy_Finch_0083_797281.jpg,32.445049562259534
034.Gray_crowned_Rosy_Finch/Gray_Crowned_Rosy_Finch_0036_797287.jpg,23.743739026695557
034.Gray_crowned_Rosy_Finch/Gray_Crowned_Rosy_Finch_0023_797288.jpg,38.72567093431566
034.Gray_crowned_Rosy_Finch/Gray_Crowned_Rosy_Finch_0040_26985.jpg,38.95509071010282
034.Gray_crowned_Rosy_Finch/Gray_Crowned_Rosy_Finch_0079_797294.jpg,32.114433838840675
034.Gray_crowned_Rosy_Finch/Gray_Crowned_Rosy_Finch_0066_797298.jpg,16.040639235459373
034.Gray_crowned_Rosy_Finch/Gray_Crowned_Rosy_Finch_0031_797299.jpg,29.65029951580332
034.Gray_crowned_Rosy_Finch/Gray_Crowned_Rosy_Finch_0029_797300.jpg,20.538944227263812
034.Gray_crowned_Rosy_Finch/Gray_Crowned_Rosy_Finch_0034_797305.jpg,40.91150176883423
034.Gray_crowned_Rosy_Finch/Gray_Crowned_Rosy_Finch_0064_27007.jpg,30.07697238581408
034.Gray_crowned_Rosy_Finch/Gray_Crowned_Rosy_Finch_0072_26993.jpg,25.221507105887017
034.Gray_crowned_Rosy_Finch/Gray_Crowned_Rosy_Finch_0022_27028.jpg,25.452810240528635
034.Gray_crowned_Rosy_Finch/Gray_Crowned_Rosy_Finch_0084_27034.jpg,17.582254179840618
034.Gray_crowned_Rosy_Finch/Gray_Crowned_Rosy_Finch_0037_27088.jpg,25.068797169996728
034.Gray_crowned_Rosy_Finch/Gray_Crowned_Rosy_Finch_0073_27104.jpg,22.151558414769056
034.Gray_crowned_Rosy_Finch/Gray_Crowned_Rosy_Finch_0041_27105.jpg,26.42601183010821
034.Gray_crowned_Rosy_Finch/Gray_Crowned_Rosy_Finch_0057_27107.jpg,63.42823233180892
034.Gray_crowned_Rosy_Finch/Gray_Crowned_Rosy_Finch_0028_27114.jpg,17.24554352540349
035.Purple_Finch/Purple_Finch_0115_28190.jpg,39.1369299696295
035.Purple_Finch/Purple_Finch_0001_27571.jpg,39.48478842977593
035.Purple_Finch/Purple_Finch_0021_28235.jpg,34.526660121498466
035.Purple_Finch/Purple_Finch_0031_28175.jpg,52.73140885529913
035.Purple_Finch/Purple_Finch_0030_27255.jpg,42.55652355676685
035.Purple_Finch/Purple_Finch_0079_27258.jpg,26.12132586051819
035.Purple_Finch/Purple_Finch_0119_27260.jpg,33.840272647632965
035.Purple_Finch/Purple_Finch_0002_27266.jpg,69.2057511050468
035.Purple_Finch/Purple_Finch_0098_27280.jpg,51.70969572359307
035.Purple_Finch/Purple_Finch_0097_27288.jpg,67.42587562809105
035.Purple_Finch/Purple_Finch_0046_27295.jpg,39.66249579491077
035.Purple_Finch/Purple_Finch_0117_27427.jpg,75.89617262452599
035.Purple_Finch/Purple_Finch_0033_27926.jpg,40.801435900948555
035.Purple_Finch/Purple_Finch_0133_27928.jpg,33.587131478006754
035.Purple_Finch/Purple_Finch_0091_27425.jpg,34.030687760996926
035.Purple_Finch/Purple_Finch_0076_27441.jpg,26.912170794413875
035.Purple_Finch/Purple_Finch_0020_27961.jpg,35.55621276086475
035.Purple_Finch/Purple_Finch_0059_27966.jpg,25.139396540568526
035.Purple_Finch/Purple_Finch_0008_27455.jpg,57.988954172805805
035.Purple_Finch/Purple_Finch_0035_27972.jpg,52.56893317989515
035.Purple_Finch/Purple_Finch_0103_27461.jpg,32.42647986345884
035.Purple_Finch/Purple_Finch_0065_27473.jpg,48.5583781190021
035.Purple_Finch/Purple_Finch_0130_27555.jpg,30.898613727423854
035.Purple_Finch/Purple_Finch_0124_27567.jpg,61.766806458463776
035.Purple_Finch/Purple_Finch_0120_27597.jpg,47.677217356820336
035.Purple_Finch/Purple_Finch_0118_27604.jpg,49.823953981822314
035.Purple_Finch/Purple_Finch_0043_28117.jpg,27.68563566103844
035.Purple_Finch/Purple_Finch_0106_27607.jpg,31.234299783766524
035.Purple_Finch/Purple_Finch_0023_27986.jpg,76.4427815545103
035.Purple_Finch/Purple_Finch_0067_27431.jpg,47.38310941500311
036.Northern_Flicker/Northern_Flicker_0072_28678.jpg,71.89839026023012
036.Northern_Flicker/Northern_Flicker_0041_28697.jpg,26.41898030501961
036.Northern_Flicker/Northern_Flicker_0093_28700.jpg,22.568528399760773
036.Northern_Flicker/Northern_Flicker_0094_28726.jpg,27.766111759918328
036.Northern_Flicker/Northern_Flicker_0034_28740.jpg,32.671920323810404
036.Northern_Flicker/Northern_Flicker_0021_28741.jpg,37.21074627448584
036.Northern_Flicker/Northern_Flicker_0006_28290.jpg,19.965934549773866
036.Northern_Flicker/Northern_Flicker_0135_28291.jpg,59.83068250475668
036.Northern_Flicker/Northern_Flicker_0099_28312.jpg,45.364920652262704
036.Northern_Flicker/Northern_Flicker_0084_28318.jpg,23.404480484348387
036.Northern_Flicker/Northern_Flicker_0068_28330.jpg,15.092855408589065
036.Northern_Flicker/Northern_Flicker_0055_28344.jpg,56.85671095808653
036.Northern_Flicker/Northern_Flicker_0086_28360.jpg,25.371175644788114
036.Northern_Flicker/Northern_Flicker_0104_28371.jpg,39.859879293167786
036.Northern_Flicker/Northern_Flicker_0100_28898.jpg,30.59842932963258
036.Northern_Flicker/Northern_Flicker_0046_28391.jpg,39.87545925546226
036.Northern_Flicker/Northern_Flicker_0136_28918.jpg,13.302189688042727
036.Northern_Flicker/Northern_Flicker_0022_28952.jpg,65.89327255452076
036.Northern_Flicker/Northern_Flicker_0053_28445.jpg,27.351970145787817
036.Northern_Flicker/Northern_Flicker_0045_28805.jpg,22.984081813073225
036.Northern_Flicker/Northern_Flicker_0131_28962.jpg,21.90810361543988
036.Northern_Flicker/Northern_Flicker_0124_28966.jpg,28.985585887536523
036.Northern_Flicker/Northern_Flicker_0125_28485.jpg,53.343960658299615
036.Northern_Flicker/Northern_Flicker_0090_28491.jpg,24.30134299187131
036.Northern_Flicker/Northern_Flicker_0108_28502.jpg,71.05877206465286
036.Northern_Flicker/Northern_Flicker_0129_29022.jpg,21.460747626618215
036.Northern_Flicker/Northern_Flicker_0044_28592.jpg,42.77413759823351
036.Northern_Flicker/Northern_Flicker_0079_28630.jpg,78.8004898189776
036.Northern_Flicker/Northern_Flicker_0127_28411.jpg,39.13981666673905
036.Northern_Flicker/Northern_Flicker_0051_28650.jpg,19.945542694744717
037.Acadian_Flycatcher/Acadian_Flycatcher_0022_29145.jpg,25.43530129904937
037.Acadian_Flycatcher/Acadian_Flycatcher_0013_29232.jpg,40.28884675658372
037.Acadian_Flycatcher/Acadian_Flycatcher_0070_29150.jpg,38.418797598952466
037.Acadian_Flycatcher/Acadian_Flycatcher_0036_795577.jpg,52.25577209427361
037.Acadian_Flycatcher/Acadian_Flycatcher_0069_795579.jpg,49.30570244714964
037.Acadian_Flycatcher/Acadian_Flycatcher_0030_795591.jpg,24.010999513072708
037.Acadian_Flycatcher/Acadian_Flycatcher_0051_29077.jpg,52.302937954089046
037.Acadian_Flycatcher/Acadian_Flycatcher_0059_29102.jpg,42.84165241370797
037.Acadian_Flycatcher/Acadian_Flycatcher_0015_795578.jpg,38.33110624154391
037.Acadian_Flycatcher/Acadian_Flycatcher_0043_29115.jpg,20.318665055778474
037.Acadian_Flycatcher/Acadian_Flycatcher_0049_795580.jpg,18.44421417278527
037.Acadian_Flycatcher/Acadian_Flycatcher_0031_795582.jpg,31.639063128975103
037.Acadian_Flycatcher/Acadian_Flycatcher_0034_795583.jpg,49.39657978889146
037.Acadian_Flycatcher/Acadian_Flycatcher_0064_795584.jpg,25.259364115152785
037.Acadian_Flycatcher/Acadian_Flycatcher_0042_29127.jpg,21.2757846334201
037.Acadian_Flycatcher/Acadian_Flycatcher_0021_795594.jpg,81.92060893989729
037.Acadian_Flycatcher/Acadian_Flycatcher_0046_795596.jpg,19.284010435821298
037.Acadian_Flycatcher/Acadian_Flycatcher_0072_795603.jpg,48.979920065670846
037.Acadian_Flycatcher/Acadian_Flycatcher_0060_795604.jpg,40.99124947423777
037.Acadian_Flycatcher/Acadian_Flycatcher_0041_795605.jpg,13.98865349358795
037.Acadian_Flycatcher/Acadian_Flycatcher_0050_795608.jpg,52.585620941547226
037.Acadian_Flycatcher/Acadian_Flycatcher_0052_795610.jpg,54.16789540867518
037.Acadian_Flycatcher/Acadian_Flycatcher_0012_795612.jpg,28.3367343781575
037.Acadian_Flycatcher/Acadian_Flycatcher_0038_795616.jpg,21.038286849346182
037.Acadian_Flycatcher/Acadian_Flycatcher_0005_29157.jpg,45.62244644809563
037.Acadian_Flycatcher/Acadian_Flycatcher_0044_795624.jpg,30.366279212346313
037.Acadian_Flycatcher/Acadian_Flycatcher_0071_795627.jpg,36.67452518128212
037.Acadian_Flycatcher/Acadian_Flycatcher_0073_795628.jpg,30.577241762740364
037.Acadian_Flycatcher/Acadian_Flycatcher_0024_29173.jpg,53.24887081586572
038.Great_Crested_Flycatcher/Great_Crested_Flycatcher_0028_29696.jpg,26.82909172811721
038.Great_Crested_Flycatcher/Great_Crested_Flycatcher_0012_29264.jpg,63.11801206846868
038.Great_Crested_Flycatcher/Great_Crested_Flycatcher_0119_29778.jpg,40.0573006051125
038.Great_Crested_Flycatcher/Great_Crested_Flycatcher_0007_29280.jpg,42.683506856312405
038.Great_Crested_Flycatcher/Great_Crested_Flycatcher_0124_29294.jpg,82.13605718419859
038.Great_Crested_Flycatcher/Great_Crested_Flycatcher_0061_29807.jpg,64.67548798772782
038.Great_Crested_Flycatcher/Great_Crested_Flycatcher_0132_29300.jpg,44.20234016888567
038.Great_Crested_Flycatcher/Great_Crested_Flycatcher_0139_29302.jpg,42.881418766450075
038.Great_Crested_Flycatcher/Great_Crested_Flycatcher_0031_29825.jpg,46.62082489332146
038.Great_Crested_Flycatcher/Great_Crested_Flycatcher_0133_29314.jpg,38.42636943736759
038.Great_Crested_Flycatcher/Great_Crested_Flycatcher_0131_29329.jpg,55.79048738426051
038.Great_Crested_Flycatcher/Great_Crested_Flycatcher_0073_29330.jpg,48.43411019929532
038.Great_Crested_Flycatcher/Great_Crested_Flycatcher_0120_29472.jpg,27.403750990976718
038.Great_Crested_Flycatcher/Great_Crested_Flycatcher_0010_29396.jpg,23.68030554384413
038.Great_Crested_Flycatcher/Great_Crested_Flycatcher_0097_29398.jpg,46.445355680814856
038.Great_Crested_Flycatcher/Great_Crested_Flycatcher_0016_29406.jpg,49.8216352627129
038.Great_Crested_Flycatcher/Great_Crested_Flycatcher_0021_29929.jpg,58.76536243655533
038.Great_Crested_Flycatcher/Great_Crested_Flycatcher_0042_29438.jpg,48.12732737050608
038.Great_Crested_Flycatcher/Great_Crested_Flycatcher_0033_29959.jpg,57.03942466571846
038.Great_Crested_Flycatcher/Great_Crested_Flycatcher_0044_29995.jpg,44.593333407009695
038.Great_Crested_Flycatcher/Great_Crested_Flycatcher_0013_29496.jpg,52.21934037570652
038.Great_Crested_Flycatcher/Great_Crested_Flycatcher_0024_29516.jpg,91.49077946819287
038.Great_Crested_Flycatcher/Great_Crested_Flycatcher_0041_29521.jpg,43.7449554431208
038.Great_Crested_Flycatcher/Great_Crested_Flycatcher_0051_29530.jpg,38.13954158733832
038.Great_Crested_Flycatcher/Great_Crested_Flycatcher_0111_29543.jpg,47.08952414095969
038.Great_Crested_Flycatcher/Great_Crested_Flycatcher_0064_29546.jpg,24.362119851850068
038.Great_Crested_Flycatcher/Great_Crested_Flycatcher_0074_29553.jpg,66.73911839342462
038.Great_Crested_Flycatcher/Great_Crested_Flycatcher_0125_29593.jpg,48.104484980114606
038.Great_Crested_Flycatcher/Great_Crested_Flycatcher_0030_29645.jpg,31.768433101313036
038.Great_Crested_Flycatcher/Great_Crested_Flycatcher_0036_29693.jpg,31.815566976751192
039.Least_Flycatcher/Least_Flycatcher_0079_30256.jpg,35.671006933938294
039.Least_Flycatcher/Least_Flycatcher_0006_30262.jpg,28.485803800405705
039.Least_Flycatcher/Least_Flycatcher_0015_30280.jpg,29.5251715514793
039.Least_Flycatcher/Least_Flycatcher_0057_30282.jpg,43.978241036602554
039.Least_Flycatcher/Least_Flycatcher_0009_30303.jpg,30.261709913264564
039.Least_Flycatcher/Least_Flycatcher_0046_30316.jpg,35.76680598385882
039.Least_Flycatcher/Least_Flycatcher_0085_30318.jpg,34.95197808763474
039.Least_Flycatcher/Least_Flycatcher_0052_30321.jpg,22.74367253709567
039.Least_Flycatcher/Least_Flycatcher_0007_30339.jpg,30.93146847487891
039.Least_Flycatcher/Least_Flycatcher_0044_30349.jpg,38.35806750181004
039.Least_Flycatcher/Least_Flycatcher_0023_30352.jpg,33.768007225076346
039.Least_Flycatcher/Least_Flycatcher_0029_30362.jpg,46.8397996282596
039.Least_Flycatcher/Least_Flycatcher_0040_30366.jpg,48.53786895615989
039.Least_Flycatcher/Least_Flycatcher_0097_30122.jpg,22.678003044427506
039.Least_Flycatcher/Least_Flycatcher_0087_30123.jpg,19.749649065261345
039.Least_Flycatcher/Least_Flycatcher_0038_30127.jpg,28.395344278995342
039.Least_Flycatcher/Least_Flycatcher_0062_30131.jpg,83.86101596249097
039.Least_Flycatcher/Least_Flycatcher_0004_30140.jpg,35.14482316095991
039.Least_Flycatcher/Least_Flycatcher_0005_30142.jpg,12.72261248346822
039.Least_Flycatcher/Least_Flycatcher_0058_30143.jpg,19.171321598974618
039.Least_Flycatcher/Least_Flycatcher_0032_30146.jpg,24.68908265987927
039.Least_Flycatcher/Least_Flycatcher_0059_30152.jpg,24.716978243898588
039.Least_Flycatcher/Least_Flycatcher_0061_30429.jpg,30.525216399588285
039.Least_Flycatcher/Least_Flycatcher_0045_30174.jpg,46.11048418783521
039.Least_Flycatcher/Least_Flycatcher_0075_30441.jpg,73.73357508703945
039.Least_Flycatcher/Least_Flycatcher_0050_30189.jpg,39.20214752365273
039.Least_Flycatcher/Least_Flycatcher_0054_30450.jpg,55.18244195324645
039.Least_Flycatcher/Least_Flycatcher_0017_30460.jpg,21.29577734437508
039.Least_Flycatcher/Least_Flycatcher_0018_30462.jpg,27.74535599565704
040.Olive_sided_Flycatcher/Olive_Sided_Flycatcher_0041_30470.jpg,50.18206707933598
040.Olive_sided_Flycatcher/Olive_Sided_Flycatcher_0025_30486.jpg,34.91703364271562
040.Olive_sided_Flycatcher/Olive_Sided_Flycatcher_0077_30492.jpg,92.47690474769838
040.Olive_sided_Flycatcher/Olive_Sided_Flycatcher_0031_30502.jpg,15.362595169643606
040.Olive_sided_Flycatcher/Olive_Sided_Flycatcher_0026_30525.jpg,33.77788130219999
040.Olive_sided_Flycatcher/Olive_Sided_Flycatcher_0046_30529.jpg,63.14783311873704
040.Olive_sided_Flycatcher/Olive_Sided_Flycatcher_0069_30544.jpg,16.240801781245985
040.Olive_sided_Flycatcher/Olive_Sided_Flycatcher_0072_796877.jpg,44.844286645851845
040.Olive_sided_Flycatcher/Olive_Sided_Flycatcher_0013_30550.jpg,29.517154468372897
040.Olive_sided_Flycatcher/Olive_Sided_Flycatcher_0074_30816.jpg,20.518557372943505
040.Olive_sided_Flycatcher/Olive_Sided_Flycatcher_0006_30824.jpg,14.73692630328131
040.Olive_sided_Flycatcher/Olive_Sided_Flycatcher_0056_30570.jpg,61.50311114917391
040.Olive_sided_Flycatcher/Olive_Sided_Flycatcher_0043_30632.jpg,46.64578882341778
040.Olive_sided_Flycatcher/Olive_Sided_Flycatcher_0048_30656.jpg,53.25077597077846
040.Olive_sided_Flycatcher/Olive_Sided_Flycatcher_0079_30662.jpg,45.61940685175354
040.Olive_sided_Flycatcher/Olive_Sided_Flycatcher_0050_796878.jpg,91.69974619234597
040.Olive_sided_Flycatcher/Olive_Sided_Flycatcher_0055_796879.jpg,59.94611808326631
040.Olive_sided_Flycatcher/Olive_Sided_Flycatcher_0058_796883.jpg,52.512177048006286
040.Olive_sided_Flycatcher/Olive_Sided_Flycatcher_0038_796884.jpg,19.96037412044026
040.Olive_sided_Flycatcher/Olive_Sided_Flycatcher_0042_796886.jpg,52.08814678635184
040.Olive_sided_Flycatcher/Olive_Sided_Flycatcher_0045_796888.jpg,50.41946472217955
040.Olive_sided_Flycatcher/Olive_Sided_Flycatcher_0082_796893.jpg,38.337243542493695
040.Olive_sided_Flycatcher/Olive_Sided_Flycatcher_0008_30686.jpg,69.63121660193329
040.Olive_sided_Flycatcher/Olive_Sided_Flycatcher_0081_796895.jpg,37.33524330539988
040.Olive_sided_Flycatcher/Olive_Sided_Flycatcher_0030_796896.jpg,20.37985844792223
040.Olive_sided_Flycatcher/Olive_Sided_Flycatcher_0021_796880.jpg,55.05889633224196
040.Olive_sided_Flycatcher/Olive_Sided_Flycatcher_0057_796898.jpg,40.60061746530769
040.Olive_sided_Flycatcher/Olive_Sided_Flycatcher_0075_30712.jpg,83.44955464076602
040.Olive_sided_Flycatcher/Olive_Sided_Flycatcher_0032_30713.jpg,19.625104342606974
040.Olive_sided_Flycatcher/Olive_Sided_Flycatcher_0027_30549.jpg,84.91738265888272
041.Scissor_tailed_Flycatcher/Scissor_Tailed_Flycatcher_0096_41733.jpg,27.319953342290145
041.Scissor_tailed_Flycatcher/Scissor_Tailed_Flycatcher_0042_41990.jpg,46.23377690362627
041.Scissor_tailed_Flycatcher/Scissor_Tailed_Flycatcher_0059_41998.jpg,15.130666127064266
041.Scissor_tailed_Flycatcher/Scissor_Tailed_Flycatcher_0044_42002.jpg,31.402554361530143
041.Scissor_tailed_Flycatcher/Scissor_Tailed_Flycatcher_0108_42013.jpg,32.87980357293897
041.Scissor_tailed_Flycatcher/Scissor_Tailed_Flycatcher_0094_42018.jpg,72.62274567119192
041.Scissor_tailed_Flycatcher/Scissor_Tailed_Flycatcher_0013_42024.jpg,64.84355635515745
041.Scissor_tailed_Flycatcher/Scissor_Tailed_Flycatcher_0117_42026.jpg,16.89354453895671
041.Scissor_tailed_Flycatcher/Scissor_Tailed_Flycatcher_0125_41906.jpg,32.70474016546136
041.Scissor_tailed_Flycatcher/Scissor_Tailed_Flycatcher_0025_42032.jpg,23.196467654891478
041.Scissor_tailed_Flycatcher/Scissor_Tailed_Flycatcher_0033_41782.jpg,29.04496698434869
041.Scissor_tailed_Flycatcher/Scissor_Tailed_Flycatcher_0055_42051.jpg,43.96138613724212
041.Scissor_tailed_Flycatcher/Scissor_Tailed_Flycatcher_0100_41796.jpg,25.767916632515977
041.Scissor_tailed_Flycatcher/Scissor_Tailed_Flycatcher_0118_42067.jpg,25.27920081603435
041.Scissor_tailed_Flycatcher/Scissor_Tailed_Flycatcher_0072_42085.jpg,28.33427572052293
041.Scissor_tailed_Flycatcher/Scissor_Tailed_Flycatcher_0031_41836.jpg,21.548478226944134
041.Scissor_tailed_Flycatcher/Scissor_Tailed_Flycatcher_0121_41843.jpg,124.23478929576734
041.Scissor_tailed_Flycatcher/Scissor_Tailed_Flycatcher_0082_41852.jpg,46.44086587690714
041.Scissor_tailed_Flycatcher/Scissor_Tailed_Flycatcher_0076_41597.jpg,44.89760910553283
041.Scissor_tailed_Flycatcher/Scissor_Tailed_Flycatcher_0006_41601.jpg,50.02249151381031
041.Scissor_tailed_Flycatcher/Scissor_Tailed_Flycatcher_0019_41936.jpg,23.370389531906348
041.Scissor_tailed_Flycatcher/Scissor_Tailed_Flycatcher_0123_41638.jpg,27.076742240656284
041.Scissor_tailed_Flycatcher/Scissor_Tailed_Flycatcher_0004_41643.jpg,18.57227209331701
041.Scissor_tailed_Flycatcher/Scissor_Tailed_Flycatcher_0048_41646.jpg,42.71835926651504
041.Scissor_tailed_Flycatcher/Scissor_Tailed_Flycatcher_0060_41655.jpg,25.21973215501658
041.Scissor_tailed_Flycatcher/Scissor_Tailed_Flycatcher_0007_41917.jpg,24.471534382256053
041.Scissor_tailed_Flycatcher/Scissor_Tailed_Flycatcher_0122_41679.jpg,57.95291172094622
041.Scissor_tailed_Flycatcher/Scissor_Tailed_Flycatcher_0103_41938.jpg,34.276712640824925
041.Scissor_tailed_Flycatcher/Scissor_Tailed_Flycatcher_0058_41948.jpg,27.29239746096529
041.Scissor_tailed_Flycatcher/Scissor_Tailed_Flycatcher_0012_41853.jpg,103.77836677741425
042.Vermilion_Flycatcher/Vermilion_Flycatcher_0019_42241.jpg,67.39003221785707
042.Vermilion_Flycatcher/Vermilion_Flycatcher_0070_42250.jpg,53.60313857433769
042.Vermilion_Flycatcher/Vermilion_Flycatcher_0059_42261.jpg,98.71030737529303
042.Vermilion_Flycatcher/Vermilion_Flycatcher_0038_42262.jpg,101.16312772615868
042.Vermilion_Flycatcher/Vermilion_Flycatcher_0030_42523.jpg,51.40778180265881
042.Vermilion_Flycatcher/Vermilion_Flycatcher_0014_42533.jpg,73.46190520460434
042.Vermilion_Flycatcher/Vermilion_Flycatcher_0068_42535.jpg,97.62619759588804
042.Vermilion_Flycatcher/Vermilion_Flycatcher_0035_42282.jpg,79.02914661716719
042.Vermilion_Flycatcher/Vermilion_Flycatcher_0052_42551.jpg,74.92819304459839
042.Vermilion_Flycatcher/Vermilion_Flycatcher_0062_42552.jpg,80.06289148758626
042.Vermilion_Flycatcher/Vermilion_Flycatcher_0048_42298.jpg,51.46274275863772
042.Vermilion_Flycatcher/Vermilion_Flycatcher_0024_42506.jpg,61.200895193303985
042.Vermilion_Flycatcher/Vermilion_Flycatcher_0044_42305.jpg,85.2717736952022
042.Vermilion_Flycatcher/Vermilion_Flycatcher_0057_42562.jpg,86.17044781356692
042.Vermilion_Flycatcher/Vermilion_Flycatcher_0058_42311.jpg,81.43368943091247
042.Vermilion_Flycatcher/Vermilion_Flycatcher_0073_42573.jpg,44.688178280747366
042.Vermilion_Flycatcher/Vermilion_Flycatcher_0011_42554.jpg,90.25568282917342
042.Vermilion_Flycatcher/Vermilion_Flycatcher_0018_42474.jpg,43.00671601227914
042.Vermilion_Flycatcher/Vermilion_Flycatcher_0026_42375.jpg,46.30859389336304
042.Vermilion_Flycatcher/Vermilion_Flycatcher_0021_42378.jpg,140.03270412690003
042.Vermilion_Flycatcher/Vermilion_Flycatcher_0049_42380.jpg,82.93148891222448
042.Vermilion_Flycatcher/Vermilion_Flycatcher_0017_42407.jpg,62.69456934146935
042.Vermilion_Flycatcher/Vermilion_Flycatcher_0039_42423.jpg,82.59645217666227
042.Vermilion_Flycatcher/Vermilion_Flycatcher_0063_42179.jpg,79.61663347542083
042.Vermilion_Flycatcher/Vermilion_Flycatcher_0043_42182.jpg,59.904333374664695
042.Vermilion_Flycatcher/Vermilion_Flycatcher_0028_42197.jpg,114.68337781909426
042.Vermilion_Flycatcher/Vermilion_Flycatcher_0031_42201.jpg,69.10142267770367
042.Vermilion_Flycatcher/Vermilion_Flycatcher_0032_42216.jpg,75.74741951477306
042.Vermilion_Flycatcher/Vermilion_Flycatcher_0047_42488.jpg,74.73220568099501
042.Vermilion_Flycatcher/Vermilion_Flycatcher_0009_42234.jpg,28.116969001931164
043.Yellow_bellied_Flycatcher/Yellow_Bellied_Flycatcher_0013_42769.jpg,48.23208819306972
043.Yellow_bellied_Flycatcher/Yellow_Bellied_Flycatcher_0050_42598.jpg,57.04328125154599
043.Yellow_bellied_Flycatcher/Yellow_Bellied_Flycatcher_0036_42591.jpg,22.474827288326292
043.Yellow_bellied_Flycatcher/Yellow_Bellied_Flycatcher_0040_795465.jpg,72.41589144091269
043.Yellow_bellied_Flycatcher/Yellow_Bellied_Flycatcher_0012_795469.jpg,54.66358094273228
043.Yellow_bellied_Flycatcher/Yellow_Bellied_Flycatcher_0021_795472.jpg,41.14692536108456
043.Yellow_bellied_Flycatcher/Yellow_Bellied_Flycatcher_0032_42578.jpg,44.69528689336177
043.Yellow_bellied_Flycatcher/Yellow_Bellied_Flycatcher_0061_795479.jpg,64.60184637164892
043.Yellow_bellied_Flycatcher/Yellow_Bellied_Flycatcher_0029_795483.jpg,34.11169267481088
043.Yellow_bellied_Flycatcher/Yellow_Bellied_Flycatcher_0025_795484.jpg,52.72783457772351
043.Yellow_bellied_Flycatcher/Yellow_Bellied_Flycatcher_0001_795488.jpg,63.41705824929326
043.Yellow_bellied_Flycatcher/Yellow_Bellied_Flycatcher_0026_795489.jpg,65.37614315498497
043.Yellow_bellied_Flycatcher/Yellow_Bellied_Flycatcher_0017_795490.jpg,51.865071556688434
043.Yellow_bellied_Flycatcher/Yellow_Bellied_Flycatcher_0007_795491.jpg,55.329990171609985
043.Yellow_bellied_Flycatcher/Yellow_Bellied_Flycatcher_0053_795493.jpg,30.000730026535145
043.Yellow_bellied_Flycatcher/Yellow_Bellied_Flycatcher_0015_795504.jpg,22.02238758012245
043.Yellow_bellied_Flycatcher/Yellow_Bellied_Flycatcher_0055_795507.jpg,40.71627062262439
043.Yellow_bellied_Flycatcher/Yellow_Bellied_Flycatcher_0046_795508.jpg,31.290789074304563
043.Yellow_bellied_Flycatcher/Yellow_Bellied_Flycatcher_0066_795514.jpg,34.392224774353295
043.Yellow_bellied_Flycatcher/Yellow_Bellied_Flycatcher_0005_42627.jpg,23.114251977841423
043.Yellow_bellied_Flycatcher/Yellow_Bellied_Flycatcher_0065_42635.jpg,36.678179056552395
043.Yellow_bellied_Flycatcher/Yellow_Bellied_Flycatcher_0028_42639.jpg,59.914131765376354
043.Yellow_bellied_Flycatcher/Yellow_Bellied_Flycatcher_0027_42649.jpg,71.24908362730642
043.Yellow_bellied_Flycatcher/Yellow_Bellied_Flycatcher_0014_42608.jpg,71.74026496936722
043.Yellow_bellied_Flycatcher/Yellow_Bellied_Flycatcher_0033_42695.jpg,34.38009196975916
043.Yellow_bellied_Flycatcher/Yellow_Bellied_Flycatcher_0024_42616.jpg,37.135900416879714
043.Yellow_bellied_Flycatcher/Yellow_Bellied_Flycatcher_0060_42595.jpg,45.43395020802285
043.Yellow_bellied_Flycatcher/Yellow_Bellied_Flycatcher_0039_795471.jpg,80.61459205868059
043.Yellow_bellied_Flycatcher/Yellow_Bellied_Flycatcher_0011_42734.jpg,55.67419602485036
044.Frigatebird/Frigatebird_0089_43013.jpg,20.781637284807623
044.Frigatebird/Frigatebird_0054_43019.jpg,37.16078739107459
044.Frigatebird/Frigatebird_0069_43541.jpg,29.452803773333446
044.Frigatebird/Frigatebird_0074_43035.jpg,11.577130368650142
044.Frigatebird/Frigatebird_0122_43549.jpg,29.936832447865974
044.Frigatebird/Frigatebird_0073_43038.jpg,47.7606318359763
044.Frigatebird/Frigatebird_0034_43053.jpg,48.284580814548825
044.Frigatebird/Frigatebird_0060_43054.jpg,50.138913665386426
044.Frigatebird/Frigatebird_0097_43567.jpg,63.25522908607491
044.Frigatebird/Frigatebird_0096_43571.jpg,19.822385283137493
044.Frigatebird/Frigatebird_0091_43066.jpg,22.656024091327797
044.Frigatebird/Frigatebird_0050_43084.jpg,52.37975850654469
044.Frigatebird/Frigatebird_0023_43110.jpg,30.701479426651087
044.Frigatebird/Frigatebird_0015_43132.jpg,52.75011031610455
044.Frigatebird/Frigatebird_0016_43159.jpg,43.40597855908464
044.Frigatebird/Frigatebird_0129_43183.jpg,82.39951374077273
044.Frigatebird/Frigatebird_0118_43189.jpg,15.608846771734656
044.Frigatebird/Frigatebird_0062_43193.jpg,30.704649961063204
044.Frigatebird/Frigatebird_0088_43201.jpg,74.948487104404
044.Frigatebird/Frigatebird_0092_43206.jpg,29.541251522977063
044.Frigatebird/Frigatebird_0098_43207.jpg,80.19259946442094
044.Frigatebird/Frigatebird_0011_43213.jpg,76.46826196887443
044.Frigatebird/Frigatebird_0058_43251.jpg,18.250734072772104
044.Frigatebird/Frigatebird_0081_42779.jpg,86.50523940697252
044.Frigatebird/Frigatebird_0120_43300.jpg,64.59807306471751
044.Frigatebird/Frigatebird_0121_42791.jpg,49.09186811156345
044.Frigatebird/Frigatebird_0063_42812.jpg,22.89888782297505
044.Frigatebird/Frigatebird_0019_43348.jpg,12.262908115482368
044.Frigatebird/Frigatebird_0052_43411.jpg,3.7432479072257836
044.Frigatebird/Frigatebird_0031_42979.jpg,12.04853783890615
045.Northern_Fulmar/Northern_Fulmar_0033_43794.jpg,71.55235216978706
045.Northern_Fulmar/Northern_Fulmar_0103_44062.jpg,30.505920972155472
045.Northern_Fulmar/Northern_Fulmar_0045_43581.jpg,25.298480461791392
045.Northern_Fulmar/Northern_Fulmar_0053_43843.jpg,17.756859141064538
045.Northern_Fulmar/Northern_Fulmar_0038_43846.jpg,11.25004701895744
045.Northern_Fulmar/Northern_Fulmar_0091_44120.jpg,15.47676068587332
045.Northern_Fulmar/Northern_Fulmar_0097_43865.jpg,19.510200272892877
045.Northern_Fulmar/Northern_Fulmar_0090_43867.jpg,23.190983650868862
045.Northern_Fulmar/Northern_Fulmar_0012_44131.jpg,13.9070277740323
045.Northern_Fulmar/Northern_Fulmar_0056_43880.jpg,21.000901829883986
045.Northern_Fulmar/Northern_Fulmar_0063_43631.jpg,54.20908723902431
045.Northern_Fulmar/Northern_Fulmar_0008_43647.jpg,15.938677552807853
045.Northern_Fulmar/Northern_Fulmar_0049_43906.jpg,19.121713821174264
045.Northern_Fulmar/Northern_Fulmar_0096_43654.jpg,14.242082228556933
045.Northern_Fulmar/Northern_Fulmar_0015_43658.jpg,45.087184925743905
045.Northern_Fulmar/Northern_Fulmar_0016_43958.jpg,29.965476951362497
045.Northern_Fulmar/Northern_Fulmar_0027_43705.jpg,20.671008223168975
045.Northern_Fulmar/Northern_Fulmar_0064_43710.jpg,26.815781216964204
045.Northern_Fulmar/Northern_Fulmar_0037_43712.jpg,16.845966311856458
045.Northern_Fulmar/Northern_Fulmar_0036_43718.jpg,12.49454260424554
045.Northern_Fulmar/Northern_Fulmar_0077_43730.jpg,27.985114833229506
045.Northern_Fulmar/Northern_Fulmar_0042_43739.jpg,12.984781313036008
045.Northern_Fulmar/Northern_Fulmar_0021_43743.jpg,12.421308377041454
045.Northern_Fulmar/Northern_Fulmar_0078_43985.jpg,13.44529533441625
045.Northern_Fulmar/Northern_Fulmar_0001_43749.jpg,5.187610071100373
045.Northern_Fulmar/Northern_Fulmar_0031_43750.jpg,9.803623762303756
045.Northern_Fulmar/Northern_Fulmar_0052_43857.jpg,21.535478226003235
045.Northern_Fulmar/Northern_Fulmar_0028_43752.jpg,13.503433871828383
045.Northern_Fulmar/Northern_Fulmar_0011_43769.jpg,8.338663753085807
045.Northern_Fulmar/Northern_Fulmar_0018_43771.jpg,12.619274807841446
046.Gadwall/Gadwall_0022_31616.jpg,33.33846330103779
046.Gadwall/Gadwall_0019_30984.jpg,16.2530326725885
046.Gadwall/Gadwall_0058_31660.jpg,34.79913575453153
046.Gadwall/Gadwall_0080_31747.jpg,35.15112999529147
046.Gadwall/Gadwall_0040_31788.jpg,40.55968548115084
046.Gadwall/Gadwall_0007_31537.jpg,30.001322262200038
046.Gadwall/Gadwall_0004_31669.jpg,33.90678807852964
046.Gadwall/Gadwall_0082_31301.jpg,27.271540935857928
046.Gadwall/Gadwall_0079_31052.jpg,12.575197173370194
046.Gadwall/Gadwall_0087_31821.jpg,16.415081357353987
046.Gadwall/Gadwall_0014_31570.jpg,22.784831398900497
046.Gadwall/Gadwall_0041_31064.jpg,33.65780129320981
046.Gadwall/Gadwall_0092_31162.jpg,42.81800261962469
046.Gadwall/Gadwall_0009_31847.jpg,19.36573150618002
046.Gadwall/Gadwall_0088_31854.jpg,31.323899882918468
046.Gadwall/Gadwall_0047_31360.jpg,15.098044396431575
046.Gadwall/Gadwall_0028_31623.jpg,58.27445063502627
046.Gadwall/Gadwall_0085_31171.jpg,19.729919868211667
046.Gadwall/Gadwall_0059_31646.jpg,26.751678112753062
046.Gadwall/Gadwall_0068_30886.jpg,24.040354085214567
046.Gadwall/Gadwall_0093_30898.jpg,53.34969139706803
046.Gadwall/Gadwall_0010_31158.jpg,29.971447667961545
046.Gadwall/Gadwall_0095_30911.jpg,34.46507653595755
046.Gadwall/Gadwall_0055_30912.jpg,14.113774574060365
046.Gadwall/Gadwall_0065_31659.jpg,16.293098369771066
046.Gadwall/Gadwall_0052_30915.jpg,30.339388958762306
046.Gadwall/Gadwall_0050_31223.jpg,31.876282055990895
046.Gadwall/Gadwall_0025_30933.jpg,41.88895329724065
046.Gadwall/Gadwall_0027_30966.jpg,39.53757097502687
046.Gadwall/Gadwall_0013_31020.jpg,38.327040442313645
047.American_Goldfinch/American_Goldfinch_0074_32265.jpg,78.24555049367035
047.American_Goldfinch/American_Goldfinch_0136_32277.jpg,89.398558172038
047.American_Goldfinch/American_Goldfinch_0061_32281.jpg,87.88768027153041
047.American_Goldfinch/American_Goldfinch_0084_32295.jpg,51.3734641587008
047.American_Goldfinch/American_Goldfinch_0040_32323.jpg,59.14978309121445
047.American_Goldfinch/American_Goldfinch_0018_32324.jpg,72.25947134830561
047.American_Goldfinch/American_Goldfinch_0012_32338.jpg,69.50262879098882
047.American_Goldfinch/American_Goldfinch_0115_32362.jpg,54.533009787654606
047.American_Goldfinch/American_Goldfinch_0049_31889.jpg,77.03966617675378
047.American_Goldfinch/American_Goldfinch_0082_31890.jpg,56.96877213397608
047.American_Goldfinch/American_Goldfinch_0090_31893.jpg,77.32928655982053
047.American_Goldfinch/American_Goldfinch_0004_31903.jpg,76.04103206072584
047.American_Goldfinch/American_Goldfinch_0036_31910.jpg,104.2248340004069
047.American_Goldfinch/American_Goldfinch_0050_31913.jpg,69.28887562644653
047.American_Goldfinch/American_Goldfinch_0062_31921.jpg,53.18871954703119
047.American_Goldfinch/American_Goldfinch_0032_31922.jpg,71.0717479898393
047.American_Goldfinch/American_Goldfinch_0034_32371.jpg,71.5032294922914
047.American_Goldfinch/American_Goldfinch_0116_31943.jpg,68.79717562543178
047.American_Goldfinch/American_Goldfinch_0108_32974.jpg,97.46855451494986
047.American_Goldfinch/American_Goldfinch_0042_31979.jpg,45.29168135060115
047.American_Goldfinch/American_Goldfinch_0123_32505.jpg,56.28273909926814
047.American_Goldfinch/American_Goldfinch_0131_32911.jpg,53.1004238752532
047.American_Goldfinch/American_Goldfinch_0107_32618.jpg,100.7568342494142
047.American_Goldfinch/American_Goldfinch_0022_32111.jpg,94.52408643138918
047.American_Goldfinch/American_Goldfinch_0129_32625.jpg,44.872045893452785
047.American_Goldfinch/American_Goldfinch_0064_32142.jpg,67.44370884296157
047.American_Goldfinch/American_Goldfinch_0118_32210.jpg,78.42203163464121
047.American_Goldfinch/American_Goldfinch_0029_32218.jpg,91.1163038769261
047.American_Goldfinch/American_Goldfinch_0103_32225.jpg,66.12233748617625
047.American_Goldfinch/American_Goldfinch_0105_32238.jpg,72.39571051260229
048.European_Goldfinch/European_Goldfinch_0073_794633.jpg,77.27557642253996
048.European_Goldfinch/European_Goldfinch_0104_794634.jpg,43.588355406691925
048.European_Goldfinch/European_Goldfinch_0067_794637.jpg,58.73552602329659
048.European_Goldfinch/European_Goldfinch_0017_794638.jpg,53.072507527732
048.European_Goldfinch/European_Goldfinch_0036_794642.jpg,39.73889953691757
048.European_Goldfinch/European_Goldfinch_0040_794643.jpg,49.393057861622594
048.European_Goldfinch/European_Goldfinch_0020_794644.jpg,41.284278386391264
048.European_Goldfinch/European_Goldfinch_0048_794656.jpg,43.20621497518967
048.European_Goldfinch/European_Goldfinch_0075_794660.jpg,112.01924466128887
048.European_Goldfinch/European_Goldfinch_0058_794665.jpg,34.61944865819172
048.European_Goldfinch/European_Goldfinch_0080_33322.jpg,41.88111638501582
048.European_Goldfinch/European_Goldfinch_0092_794671.jpg,33.08583751198009
048.European_Goldfinch/European_Goldfinch_0094_794673.jpg,51.206431656654395
048.European_Goldfinch/European_Goldfinch_0022_794674.jpg,52.33470476185415
048.European_Goldfinch/European_Goldfinch_0038_794675.jpg,33.55867649849206
048.European_Goldfinch/European_Goldfinch_0047_33332.jpg,46.52472166190984
048.European_Goldfinch/European_Goldfinch_0085_794682.jpg,38.706973484016345
048.European_Goldfinch/European_Goldfinch_0077_33346.jpg,36.866678381042156
048.European_Goldfinch/European_Goldfinch_0087_794693.jpg,39.66084219362913
048.European_Goldfinch/European_Goldfinch_0070_33084.jpg,29.78631023535142
048.European_Goldfinch/European_Goldfinch_0106_33298.jpg,45.85069404585218
048.European_Goldfinch/European_Goldfinch_0037_33149.jpg,33.008933427630744
048.European_Goldfinch/European_Goldfinch_0108_33176.jpg,60.471998920377516
048.European_Goldfinch/European_Goldfinch_0081_33259.jpg,40.22284983686802
048.European_Goldfinch/European_Goldfinch_0011_794676.jpg,41.8719653201541
048.European_Goldfinch/European_Goldfinch_0062_794657.jpg,28.229238918509886
048.European_Goldfinch/European_Goldfinch_0084_33147.jpg,26.616927584175045
048.European_Goldfinch/European_Goldfinch_0034_33256.jpg,34.313348406301515
048.European_Goldfinch/European_Goldfinch_0005_33263.jpg,52.34277762598474
048.European_Goldfinch/European_Goldfinch_0089_33279.jpg,59.56974791405264
049.Boat_tailed_Grackle/Boat_Tailed_Grackle_0096_33801.jpg,19.458619053068706
049.Boat_tailed_Grackle/Boat_Tailed_Grackle_0116_33808.jpg,19.15838140134096
049.Boat_tailed_Grackle/Boat_Tailed_Grackle_0066_33368.jpg,73.4477326139677
049.Boat_tailed_Grackle/Boat_Tailed_Grackle_0095_33568.jpg,32.81379998096366
049.Boat_tailed_Grackle/Boat_Tailed_Grackle_0075_33839.jpg,64.72368144479952
049.Boat_tailed_Grackle/Boat_Tailed_Grackle_0060_33589.jpg,34.32676582005635
049.Boat_tailed_Grackle/Boat_Tailed_Grackle_0051_33600.jpg,37.95951583447616
049.Boat_tailed_Grackle/Boat_Tailed_Grackle_0004_33858.jpg,17.94518294301192
049.Boat_tailed_Grackle/Boat_Tailed_Grackle_0083_33590.jpg,41.16174171629245
049.Boat_tailed_Grackle/Boat_Tailed_Grackle_0125_33867.jpg,54.436350711399406
049.Boat_tailed_Grackle/Boat_Tailed_Grackle_0087_33369.jpg,42.03866468600859
049.Boat_tailed_Grackle/Boat_Tailed_Grackle_0009_33373.jpg,26.115482477044054
049.Boat_tailed_Grackle/Boat_Tailed_Grackle_0054_33633.jpg,25.786086079664774
049.Boat_tailed_Grackle/Boat_Tailed_Grackle_0024_33393.jpg,45.16562163436208
049.Boat_tailed_Grackle/Boat_Tailed_Grackle_0108_33398.jpg,50.30664602312157
049.Boat_tailed_Grackle/Boat_Tailed_Grackle_0052_33676.jpg,31.2805685337585
049.Boat_tailed_Grackle/Boat_Tailed_Grackle_0049_33422.jpg,37.955029568076455
049.Boat_tailed_Grackle/Boat_Tailed_Grackle_0065_33423.jpg,17.678403079627007
049.Boat_tailed_Grackle/Boat_Tailed_Grackle_0069_33685.jpg,62.153341202593744
049.Boat_tailed_Grackle/Boat_Tailed_Grackle_0019_33687.jpg,38.32395530523853
049.Boat_tailed_Grackle/Boat_Tailed_Grackle_0088_33448.jpg,34.55424337317019
049.Boat_tailed_Grackle/Boat_Tailed_Grackle_0099_33455.jpg,44.23291836647619
049.Boat_tailed_Grackle/Boat_Tailed_Grackle_0101_33611.jpg,40.81197580573802
049.Boat_tailed_Grackle/Boat_Tailed_Grackle_0014_33485.jpg,30.693240954890726
049.Boat_tailed_Grackle/Boat_Tailed_Grackle_0012_33998.jpg,42.48695722602358
049.Boat_tailed_Grackle/Boat_Tailed_Grackle_0035_33750.jpg,24.018882976848857
049.Boat_tailed_Grackle/Boat_Tailed_Grackle_0091_33504.jpg,44.751740711752966
049.Boat_tailed_Grackle/Boat_Tailed_Grackle_0122_34023.jpg,45.67831391065362
049.Boat_tailed_Grackle/Boat_Tailed_Grackle_0055_33774.jpg,19.962579398611922
049.Boat_tailed_Grackle/Boat_Tailed_Grackle_0105_33663.jpg,24.663634139611272
050.Eared_Grebe/Eared_Grebe_0036_34048.jpg,34.39544090883902
050.Eared_Grebe/Eared_Grebe_0065_34049.jpg,9.43696802346242
050.Eared_Grebe/Eared_Grebe_0063_34054.jpg,43.12039351096064
050.Eared_Grebe/Eared_Grebe_0071_34311.jpg,25.024107582587888
050.Eared_Grebe/Eared_Grebe_0085_34063.jpg,43.21705273077535
050.Eared_Grebe/Eared_Grebe_0086_34064.jpg,33.139386700928874
050.Eared_Grebe/Eared_Grebe_0032_34078.jpg,36.23824860134971
050.Eared_Grebe/Eared_Grebe_0049_34100.jpg,11.273477065931173
050.Eared_Grebe/Eared_Grebe_0018_34357.jpg,58.57985632474675
050.Eared_Grebe/Eared_Grebe_0084_34364.jpg,23.230423389052344
050.Eared_Grebe/Eared_Grebe_0075_34115.jpg,46.436339463913434
050.Eared_Grebe/Eared_Grebe_0042_34132.jpg,13.72033863431176
050.Eared_Grebe/Eared_Grebe_0060_34133.jpg,49.56241218688078
050.Eared_Grebe/Eared_Grebe_0035_34137.jpg,77.04507543367116
050.Eared_Grebe/Eared_Grebe_0081_34153.jpg,42.68030850170397
050.Eared_Grebe/Eared_Grebe_0037_34169.jpg,26.29016512908956
050.Eared_Grebe/Eared_Grebe_0043_34427.jpg,18.042321377004438
050.Eared_Grebe/Eared_Grebe_0048_34175.jpg,19.68766709944267
050.Eared_Grebe/Eared_Grebe_0001_34433.jpg,33.031285794918126
050.Eared_Grebe/Eared_Grebe_0069_34199.jpg,42.32811478159928
050.Eared_Grebe/Eared_Grebe_0047_34204.jpg,19.667421297434146
050.Eared_Grebe/Eared_Grebe_0054_34289.jpg,38.124357435653664
050.Eared_Grebe/Eared_Grebe_0080_34223.jpg,46.329589762708885
050.Eared_Grebe/Eared_Grebe_0082_34227.jpg,29.815181148947932
050.Eared_Grebe/Eared_Grebe_0007_34236.jpg,50.80697043536223
050.Eared_Grebe/Eared_Grebe_0074_34238.jpg,29.53816174385478
050.Eared_Grebe/Eared_Grebe_0009_34244.jpg,22.680239845730064
050.Eared_Grebe/Eared_Grebe_0039_34257.jpg,21.868802683913867
050.Eared_Grebe/Eared_Grebe_0031_34262.jpg,42.888261159325495
050.Eared_Grebe/Eared_Grebe_0057_34274.jpg,25.444983613154427
051.Horned_Grebe/Horned_Grebe_0050_34561.jpg,40.52370728082572
051.Horned_Grebe/Horned_Grebe_0058_34568.jpg,28.209506533047957
051.Horned_Grebe/Horned_Grebe_0077_34587.jpg,10.38063143385651
051.Horned_Grebe/Horned_Grebe_0057_34590.jpg,33.767883412899295
051.Horned_Grebe/Horned_Grebe_0071_35078.jpg,18.877509077025078
051.Horned_Grebe/Horned_Grebe_0106_35112.jpg,11.606990831040356
051.Horned_Grebe/Horned_Grebe_0045_34859.jpg,37.821698501578155
051.Horned_Grebe/Horned_Grebe_0061_34613.jpg,30.548974878985817
051.Horned_Grebe/Horned_Grebe_0051_35143.jpg,53.281836793382915
051.Horned_Grebe/Horned_Grebe_0067_34654.jpg,7.770547913829569
051.Horned_Grebe/Horned_Grebe_0005_34657.jpg,34.9504000997536
051.Horned_Grebe/Horned_Grebe_0084_34936.jpg,30.130827300683496
051.Horned_Grebe/Horned_Grebe_0009_34952.jpg,47.56901589152423
051.Horned_Grebe/Horned_Grebe_0096_34452.jpg,43.81096035306582
051.Horned_Grebe/Horned_Grebe_0063_34966.jpg,20.719169001207096
051.Horned_Grebe/Horned_Grebe_0014_34968.jpg,22.692197685274646
051.Horned_Grebe/Horned_Grebe_0085_34713.jpg,19.474319629806303
051.Horned_Grebe/Horned_Grebe_0100_34462.jpg,44.59479224046614
051.Horned_Grebe/Horned_Grebe_0001_34723.jpg,28.3925919192058
051.Horned_Grebe/Horned_Grebe_0082_34725.jpg,9.234318789982513
051.Horned_Grebe/Horned_Grebe_0010_34716.jpg,11.273636920191578
051.Horned_Grebe/Horned_Grebe_0069_34990.jpg,56.624146958422855
051.Horned_Grebe/Horned_Grebe_0095_34491.jpg,41.85015284803382
051.Horned_Grebe/Horned_Grebe_0110_35012.jpg,20.07029475716658
051.Horned_Grebe/Horned_Grebe_0064_35015.jpg,36.11332009706483
051.Horned_Grebe/Horned_Grebe_0053_34512.jpg,34.588578950309206
051.Horned_Grebe/Horned_Grebe_0008_34515.jpg,10.653821139602664
051.Horned_Grebe/Horned_Grebe_0114_34517.jpg,14.727986944093502
051.Horned_Grebe/Horned_Grebe_0062_34523.jpg,48.684124264805064
051.Horned_Grebe/Horned_Grebe_0029_34557.jpg,32.89943984832332
052.Pied_billed_Grebe/Pied_Billed_Grebe_0038_35798.jpg,39.11559068943777
052.Pied_billed_Grebe/Pied_Billed_Grebe_0037_35598.jpg,36.89112745071396
052.Pied_billed_Grebe/Pied_Billed_Grebe_0013_35882.jpg,28.046330453411404
052.Pied_billed_Grebe/Pied_Billed_Grebe_0071_35386.jpg,51.13163185855494
052.Pied_billed_Grebe/Pied_Billed_Grebe_0007_35399.jpg,35.80176025192004
052.Pied_billed_Grebe/Pied_Billed_Grebe_0040_35981.jpg,60.002726659780286
052.Pied_billed_Grebe/Pied_Billed_Grebe_0078_35410.jpg,27.174606547895664
052.Pied_billed_Grebe/Pied_Billed_Grebe_0106_35418.jpg,26.57936298502236
052.Pied_billed_Grebe/Pied_Billed_Grebe_0004_35808.jpg,36.25964994994472
052.Pied_billed_Grebe/Pied_Billed_Grebe_0014_35424.jpg,65.90302083174588
052.Pied_billed_Grebe/Pied_Billed_Grebe_0023_35687.jpg,70.47470701260382
052.Pied_billed_Grebe/Pied_Billed_Grebe_0053_35262.jpg,44.325210321183974
052.Pied_billed_Grebe/Pied_Billed_Grebe_0020_35958.jpg,65.26237535869019
052.Pied_billed_Grebe/Pied_Billed_Grebe_0045_35962.jpg,95.42029075474771
052.Pied_billed_Grebe/Pied_Billed_Grebe_0065_35713.jpg,66.07829202031141
052.Pied_billed_Grebe/Pied_Billed_Grebe_0101_35464.jpg,25.678700193923685
052.Pied_billed_Grebe/Pied_Billed_Grebe_0067_35465.jpg,23.736338254602725
052.Pied_billed_Grebe/Pied_Billed_Grebe_0084_35863.jpg,31.099729955200516
052.Pied_billed_Grebe/Pied_Billed_Grebe_0049_35980.jpg,13.886562999492718
052.Pied_billed_Grebe/Pied_Billed_Grebe_0041_35224.jpg,27.41237465244121
052.Pied_billed_Grebe/Pied_Billed_Grebe_0095_35496.jpg,34.74977297162721
052.Pied_billed_Grebe/Pied_Billed_Grebe_0030_35498.jpg,51.583444932286326
052.Pied_billed_Grebe/Pied_Billed_Grebe_0055_35502.jpg,57.81167097339588
052.Pied_billed_Grebe/Pied_Billed_Grebe_0059_35507.jpg,22.15337792792957
052.Pied_billed_Grebe/Pied_Billed_Grebe_0035_35518.jpg,23.108934620173105
052.Pied_billed_Grebe/Pied_Billed_Grebe_0091_35276.jpg,40.568412075759525
052.Pied_billed_Grebe/Pied_Billed_Grebe_0029_35551.jpg,11.705143706444535
052.Pied_billed_Grebe/Pied_Billed_Grebe_0073_35553.jpg,34.32743778396865
052.Pied_billed_Grebe/Pied_Billed_Grebe_0062_35955.jpg,45.25296307543356
052.Pied_billed_Grebe/Pied_Billed_Grebe_0056_35623.jpg,32.16706257020291
053.Western_Grebe/Western_Grebe_0077_36355.jpg,12.04926739657627
053.Western_Grebe/Western_Grebe_0064_36613.jpg,51.937392396338296
053.Western_Grebe/Western_Grebe_0038_36363.jpg,33.126020660945585
053.Western_Grebe/Western_Grebe_0102_36116.jpg,57.42227834756238
053.Western_Grebe/Western_Grebe_0029_36379.jpg,48.51917321027925
053.Western_Grebe/Western_Grebe_0013_36383.jpg,39.75226396647773
053.Western_Grebe/Western_Grebe_0033_36395.jpg,70.27991677713787
053.Western_Grebe/Western_Grebe_0048_36399.jpg,16.439047369022276
053.Western_Grebe/Western_Grebe_0089_36154.jpg,34.64313271165394
053.Western_Grebe/Western_Grebe_0104_36164.jpg,7.7606118119387135
053.Western_Grebe/Western_Grebe_0081_36578.jpg,8.796122293825308
053.Western_Grebe/Western_Grebe_0090_36182.jpg,61.567968300849216
053.Western_Grebe/Western_Grebe_0044_36188.jpg,20.025497872915402
053.Western_Grebe/Western_Grebe_0091_36194.jpg,20.629228892240825
053.Western_Grebe/Western_Grebe_0009_36477.jpg,12.798343738828871
053.Western_Grebe/Western_Grebe_0083_36033.jpg,61.707094983583914
053.Western_Grebe/Western_Grebe_0020_36241.jpg,16.171285747021535
053.Western_Grebe/Western_Grebe_0051_36249.jpg,42.89932964987283
053.Western_Grebe/Western_Grebe_0106_36509.jpg,14.79589849921158
053.Western_Grebe/Western_Grebe_0043_36183.jpg,35.93741497464297
053.Western_Grebe/Western_Grebe_0103_36515.jpg,43.47735207237766
053.Western_Grebe/Western_Grebe_0002_36518.jpg,20.16117361797953
053.Western_Grebe/Western_Grebe_0036_36521.jpg,16.220944854737994
053.Western_Grebe/Western_Grebe_0011_36522.jpg,34.382504256504504
053.Western_Grebe/Western_Grebe_0071_36536.jpg,18.1511598773182
053.Western_Grebe/Western_Grebe_0021_36282.jpg,19.593768893924477
053.Western_Grebe/Western_Grebe_0105_36542.jpg,44.90848677194681
053.Western_Grebe/Western_Grebe_0042_36035.jpg,11.755009166043813
053.Western_Grebe/Western_Grebe_0087_36570.jpg,13.076845786556756
053.Western_Grebe/Western_Grebe_0049_36219.jpg,11.387969157687332
054.Blue_Grosbeak/Blue_Grosbeak_0061_36633.jpg,57.583506886970554
054.Blue_Grosbeak/Blue_Grosbeak_0078_36655.jpg,39.81852728908985
054.Blue_Grosbeak/Blue_Grosbeak_0074_37155.jpg,49.16023012166212
054.Blue_Grosbeak/Blue_Grosbeak_0042_36742.jpg,57.91295397379268
054.Blue_Grosbeak/Blue_Grosbeak_0025_36646.jpg,54.12086582772545
054.Blue_Grosbeak/Blue_Grosbeak_0109_36914.jpg,57.55111319706959
054.Blue_Grosbeak/Blue_Grosbeak_0041_37174.jpg,39.120584928081264
054.Blue_Grosbeak/Blue_Grosbeak_0049_37180.jpg,32.21427836460048
054.Blue_Grosbeak/Blue_Grosbeak_0112_36679.jpg,58.76830396785696
054.Blue_Grosbeak/Blue_Grosbeak_0024_36680.jpg,56.90558614940393
054.Blue_Grosbeak/Blue_Grosbeak_0071_36948.jpg,86.0272405852354
054.Blue_Grosbeak/Blue_Grosbeak_0075_36963.jpg,40.03267286654751
054.Blue_Grosbeak/Blue_Grosbeak_0014_36708.jpg,40.64246006569739
054.Blue_Grosbeak/Blue_Grosbeak_0104_36984.jpg,32.136228302145724
054.Blue_Grosbeak/Blue_Grosbeak_0015_36985.jpg,72.54896949346387
054.Blue_Grosbeak/Blue_Grosbeak_0106_36986.jpg,85.52613175541012
054.Blue_Grosbeak/Blue_Grosbeak_0085_36990.jpg,76.20486094068329
054.Blue_Grosbeak/Blue_Grosbeak_0082_36991.jpg,36.760833526669316
054.Blue_Grosbeak/Blue_Grosbeak_0019_37205.jpg,62.945647126316224
054.Blue_Grosbeak/Blue_Grosbeak_0095_37007.jpg,47.13911048032534
054.Blue_Grosbeak/Blue_Grosbeak_0027_36703.jpg,32.868197299970326
054.Blue_Grosbeak/Blue_Grosbeak_0081_37034.jpg,61.92472356586508
054.Blue_Grosbeak/Blue_Grosbeak_0087_36780.jpg,54.30818139584155
054.Blue_Grosbeak/Blue_Grosbeak_0048_36809.jpg,39.34482288597907
054.Blue_Grosbeak/Blue_Grosbeak_0097_37067.jpg,23.10579944417131
054.Blue_Grosbeak/Blue_Grosbeak_0022_37082.jpg,57.8522147287307
054.Blue_Grosbeak/Blue_Grosbeak_0002_36648.jpg,56.589729527819856
054.Blue_Grosbeak/Blue_Grosbeak_0057_37116.jpg,37.942127592677465
054.Blue_Grosbeak/Blue_Grosbeak_0016_36862.jpg,49.808597875288555
054.Blue_Grosbeak/Blue_Grosbeak_0046_37119.jpg,52.00418039573429
055.Evening_Grosbeak/Evening_Grosbeak_0120_37378.jpg,48.55994925429414
055.Evening_Grosbeak/Evening_Grosbeak_0017_37379.jpg,20.90050808149188
055.Evening_Grosbeak/Evening_Grosbeak_0141_37398.jpg,45.987403242196876
055.Evening_Grosbeak/Evening_Grosbeak_0024_37404.jpg,49.526818880005465
055.Evening_Grosbeak/Evening_Grosbeak_0063_37409.jpg,63.63404218198127
055.Evening_Grosbeak/Evening_Grosbeak_0028_37410.jpg,56.54156536782992
055.Evening_Grosbeak/Evening_Grosbeak_0114_37416.jpg,45.20689971486417
055.Evening_Grosbeak/Evening_Grosbeak_0040_37429.jpg,45.90320031966231
055.Evening_Grosbeak/Evening_Grosbeak_0004_37960.jpg,64.98355085253013
055.Evening_Grosbeak/Evening_Grosbeak_0036_37978.jpg,100.87064754836685
055.Evening_Grosbeak/Evening_Grosbeak_0085_37487.jpg,66.02238774494502
055.Evening_Grosbeak/Evening_Grosbeak_0053_38005.jpg,48.41591717112264
055.Evening_Grosbeak/Evening_Grosbeak_0007_37312.jpg,74.87878952782842
055.Evening_Grosbeak/Evening_Grosbeak_0061_38026.jpg,42.69554458701735
055.Evening_Grosbeak/Evening_Grosbeak_0098_37532.jpg,45.866468083947
055.Evening_Grosbeak/Evening_Grosbeak_0086_38048.jpg,54.375947379938516
055.Evening_Grosbeak/Evening_Grosbeak_0078_38051.jpg,63.42746795861327
055.Evening_Grosbeak/Evening_Grosbeak_0077_38160.jpg,59.97116251740354
055.Evening_Grosbeak/Evening_Grosbeak_0003_37698.jpg,67.44052734555493
055.Evening_Grosbeak/Evening_Grosbeak_0090_37225.jpg,59.98355121276187
055.Evening_Grosbeak/Evening_Grosbeak_0038_37228.jpg,65.06689182721252
055.Evening_Grosbeak/Evening_Grosbeak_0025_37230.jpg,46.81551230405235
055.Evening_Grosbeak/Evening_Grosbeak_0015_37238.jpg,44.79960585637481
055.Evening_Grosbeak/Evening_Grosbeak_0031_37239.jpg,24.729784358028297
055.Evening_Grosbeak/Evening_Grosbeak_0021_37789.jpg,29.715456193999074
055.Evening_Grosbeak/Evening_Grosbeak_0118_37299.jpg,55.9480814271912
055.Evening_Grosbeak/Evening_Grosbeak_0076_37818.jpg,61.29743626234425
055.Evening_Grosbeak/Evening_Grosbeak_0129_37831.jpg,55.754161280783876
055.Evening_Grosbeak/Evening_Grosbeak_0005_37331.jpg,47.40980327301952
055.Evening_Grosbeak/Evening_Grosbeak_0050_37336.jpg,72.69936617450232
056.Pine_Grosbeak/Pine_Grosbeak_0039_38400.jpg,37.57308004691987
056.Pine_Grosbeak/Pine_Grosbeak_0094_38912.jpg,40.60654445870306
056.Pine_Grosbeak/Pine_Grosbeak_0024_38403.jpg,34.715108202088544
056.Pine_Grosbeak/Pine_Grosbeak_0077_38929.jpg,40.34979097725594
056.Pine_Grosbeak/Pine_Grosbeak_0056_38940.jpg,32.8609347733562
056.Pine_Grosbeak/Pine_Grosbeak_0042_38432.jpg,50.728506493957205
056.Pine_Grosbeak/Pine_Grosbeak_0096_38441.jpg,29.2226117989797
056.Pine_Grosbeak/Pine_Grosbeak_0109_38451.jpg,40.85780531153571
056.Pine_Grosbeak/Pine_Grosbeak_0071_38207.jpg,37.067427578871936
056.Pine_Grosbeak/Pine_Grosbeak_0032_38473.jpg,61.74821782018162
056.Pine_Grosbeak/Pine_Grosbeak_0029_38995.jpg,43.78781852263262
056.Pine_Grosbeak/Pine_Grosbeak_0008_38486.jpg,61.40404572550494
056.Pine_Grosbeak/Pine_Grosbeak_0016_38743.jpg,35.62797367561245
056.Pine_Grosbeak/Pine_Grosbeak_0106_38218.jpg,27.004357665711797
056.Pine_Grosbeak/Pine_Grosbeak_0083_38508.jpg,35.36576337298238
056.Pine_Grosbeak/Pine_Grosbeak_0044_38766.jpg,23.36165528720841
056.Pine_Grosbeak/Pine_Grosbeak_0067_38524.jpg,44.20777828515916
056.Pine_Grosbeak/Pine_Grosbeak_0055_38730.jpg,45.8444463259159
056.Pine_Grosbeak/Pine_Grosbeak_0046_38275.jpg,37.85518872073044
056.Pine_Grosbeak/Pine_Grosbeak_0108_38281.jpg,40.49635569472267
056.Pine_Grosbeak/Pine_Grosbeak_0052_38804.jpg,71.82885224138553
056.Pine_Grosbeak/Pine_Grosbeak_0053_38805.jpg,28.663789385110643
056.Pine_Grosbeak/Pine_Grosbeak_0091_38811.jpg,50.78184533555043
056.Pine_Grosbeak/Pine_Grosbeak_0034_38987.jpg,53.67324353268961
056.Pine_Grosbeak/Pine_Grosbeak_0009_38609.jpg,96.97435952951277
056.Pine_Grosbeak/Pine_Grosbeak_0075_38619.jpg,81.68848294169145
056.Pine_Grosbeak/Pine_Grosbeak_0018_38374.jpg,46.00996215825413
056.Pine_Grosbeak/Pine_Grosbeak_0021_38382.jpg,92.42950445735049
056.Pine_Grosbeak/Pine_Grosbeak_0014_38398.jpg,31.121850977266064
056.Pine_Grosbeak/Pine_Grosbeak_0004_38396.jpg,40.2997577095947
057.Rose_breasted_Grosbeak/Rose_Breasted_Grosbeak_0008_39481.jpg,87.41484589451585
057.Rose_breasted_Grosbeak/Rose_Breasted_Grosbeak_0045_39489.jpg,35.04710998486456
057.Rose_breasted_Grosbeak/Rose_Breasted_Grosbeak_0101_39495.jpg,30.173232036643014
057.Rose_breasted_Grosbeak/Rose_Breasted_Grosbeak_0108_39000.jpg,40.61863063277565
057.Rose_breasted_Grosbeak/Rose_Breasted_Grosbeak_0014_39037.jpg,56.878158267007045
057.Rose_breasted_Grosbeak/Rose_Breasted_Grosbeak_0052_39044.jpg,65.80063797255353
057.Rose_breasted_Grosbeak/Rose_Breasted_Grosbeak_0059_39045.jpg,50.017790865623
057.Rose_breasted_Grosbeak/Rose_Breasted_Grosbeak_0103_39580.jpg,31.67708906942528
057.Rose_breasted_Grosbeak/Rose_Breasted_Grosbeak_0117_39601.jpg,40.164668079895606
057.Rose_breasted_Grosbeak/Rose_Breasted_Grosbeak_0033_39290.jpg,43.27540536581417
057.Rose_breasted_Grosbeak/Rose_Breasted_Grosbeak_0004_39143.jpg,32.393765668483866
057.Rose_breasted_Grosbeak/Rose_Breasted_Grosbeak_0055_39154.jpg,58.653545915736046
057.Rose_breasted_Grosbeak/Rose_Breasted_Grosbeak_0040_39689.jpg,48.35678709139791
057.Rose_breasted_Grosbeak/Rose_Breasted_Grosbeak_0026_39191.jpg,48.322331078056244
057.Rose_breasted_Grosbeak/Rose_Breasted_Grosbeak_0128_39204.jpg,60.17537105059252
057.Rose_breasted_Grosbeak/Rose_Breasted_Grosbeak_0089_39211.jpg,30.069146237657428
057.Rose_breasted_Grosbeak/Rose_Breasted_Grosbeak_0018_39731.jpg,13.14310313993801
057.Rose_breasted_Grosbeak/Rose_Breasted_Grosbeak_0003_39223.jpg,31.687820727929896
057.Rose_breasted_Grosbeak/Rose_Breasted_Grosbeak_0010_39238.jpg,41.10281968619199
057.Rose_breasted_Grosbeak/Rose_Breasted_Grosbeak_0025_39252.jpg,39.09294672735307
057.Rose_breasted_Grosbeak/Rose_Breasted_Grosbeak_0069_39254.jpg,41.462848603726606
057.Rose_breasted_Grosbeak/Rose_Breasted_Grosbeak_0032_39772.jpg,53.422469649575106
057.Rose_breasted_Grosbeak/Rose_Breasted_Grosbeak_0016_39265.jpg,69.74553881771725
057.Rose_breasted_Grosbeak/Rose_Breasted_Grosbeak_0028_39271.jpg,27.33405971565142
057.Rose_breasted_Grosbeak/Rose_Breasted_Grosbeak_0060_39279.jpg,39.777863666605576
057.Rose_breasted_Grosbeak/Rose_Breasted_Grosbeak_0087_39280.jpg,55.246504400774626
057.Rose_breasted_Grosbeak/Rose_Breasted_Grosbeak_0122_39284.jpg,52.42388948025415
057.Rose_breasted_Grosbeak/Rose_Breasted_Grosbeak_0051_39798.jpg,38.149930213555514
057.Rose_breasted_Grosbeak/Rose_Breasted_Grosbeak_0126_39361.jpg,48.28151133367107
057.Rose_breasted_Grosbeak/Rose_Breasted_Grosbeak_0110_39373.jpg,61.214149092097514
058.Pigeon_Guillemot/Pigeon_Guillemot_0012_40236.jpg,15.473544034345924
058.Pigeon_Guillemot/Pigeon_Guillemot_0062_39853.jpg,43.001273508035766
058.Pigeon_Guillemot/Pigeon_Guillemot_0071_40216.jpg,27.006761894835392
058.Pigeon_Guillemot/Pigeon_Guillemot_0009_40218.jpg,23.253827170091597
058.Pigeon_Guillemot/Pigeon_Guillemot_0015_40232.jpg,11.015122726974862
058.Pigeon_Guillemot/Pigeon_Guillemot_0108_40235.jpg,19.317943204300736
058.Pigeon_Guillemot/Pigeon_Guillemot_0003_39986.jpg,34.70110296776427
058.Pigeon_Guillemot/Pigeon_Guillemot_0096_39995.jpg,26.70282249530671
058.Pigeon_Guillemot/Pigeon_Guillemot_0013_40253.jpg,64.37702213659041
058.Pigeon_Guillemot/Pigeon_Guillemot_0089_40008.jpg,28.177255824941803
058.Pigeon_Guillemot/Pigeon_Guillemot_0040_40270.jpg,18.15270345746635
058.Pigeon_Guillemot/Pigeon_Guillemot_0023_39829.jpg,8.331780491858092
058.Pigeon_Guillemot/Pigeon_Guillemot_0042_40281.jpg,19.764376092523797
058.Pigeon_Guillemot/Pigeon_Guillemot_0082_40290.jpg,33.049778492585425
058.Pigeon_Guillemot/Pigeon_Guillemot_0038_40035.jpg,34.66019574174067
058.Pigeon_Guillemot/Pigeon_Guillemot_0030_40089.jpg,40.46667116108556
058.Pigeon_Guillemot/Pigeon_Guillemot_0043_39861.jpg,30.11220553457727
058.Pigeon_Guillemot/Pigeon_Guillemot_0109_39872.jpg,34.70391757891078
058.Pigeon_Guillemot/Pigeon_Guillemot_0057_40130.jpg,22.941607854836715
058.Pigeon_Guillemot/Pigeon_Guillemot_0079_40389.jpg,39.82711065532166
058.Pigeon_Guillemot/Pigeon_Guillemot_0052_40137.jpg,15.343963707185438
058.Pigeon_Guillemot/Pigeon_Guillemot_0029_39889.jpg,48.05084828548653
058.Pigeon_Guillemot/Pigeon_Guillemot_0037_40149.jpg,13.58658229037963
058.Pigeon_Guillemot/Pigeon_Guillemot_0007_40313.jpg,30.644847613886263
058.Pigeon_Guillemot/Pigeon_Guillemot_0087_39897.jpg,13.647918333382734
058.Pigeon_Guillemot/Pigeon_Guillemot_0075_40159.jpg,14.28258671327227
058.Pigeon_Guillemot/Pigeon_Guillemot_0100_40179.jpg,33.5012167979896
058.Pigeon_Guillemot/Pigeon_Guillemot_0011_39935.jpg,28.21968831696671
059.California_Gull/California_Gull_0131_40963.jpg,10.782686512187208
059.California_Gull/California_Gull_0067_40973.jpg,24.772280113126314
059.California_Gull/California_Gull_0102_40986.jpg,40.69741915453105
059.California_Gull/California_Gull_0039_41034.jpg,24.581096541847558
059.California_Gull/California_Gull_0034_41548.jpg,29.511047083245295
059.California_Gull/California_Gull_0078_41550.jpg,51.719603544237756
059.California_Gull/California_Gull_0086_41040.jpg,51.186922427660036
059.California_Gull/California_Gull_0110_41063.jpg,18.62887488374901
059.California_Gull/California_Gull_0037_41066.jpg,44.80340459761467
059.California_Gull/California_Gull_0027_41083.jpg,18.777627188507342
059.California_Gull/California_Gull_0048_41121.jpg,10.520733584740636
059.California_Gull/California_Gull_0101_41140.jpg,15.704711807540388
059.California_Gull/California_Gull_0028_40666.jpg,32.92456456041837
059.California_Gull/California_Gull_0089_40716.jpg,10.214415830763423
059.California_Gull/California_Gull_0010_40735.jpg,32.20823567376739
059.California_Gull/California_Gull_0117_41292.jpg,23.072640604653675
059.California_Gull/California_Gull_0088_41296.jpg,25.219092279246624
059.California_Gull/California_Gull_0001_40786.jpg,26.90038831715376
059.California_Gull/California_Gull_0081_41318.jpg,29.39270851677594
059.California_Gull/California_Gull_0091_41276.jpg,38.58329838168862
059.California_Gull/California_Gull_0043_41326.jpg,8.453658791619448
059.California_Gull/California_Gull_0123_41330.jpg,37.17216427733782
059.California_Gull/California_Gull_0132_40836.jpg,91.5330358197203
059.California_Gull/California_Gull_0030_41354.jpg,50.671388801402195
059.California_Gull/California_Gull_0058_40858.jpg,15.624905580758812
059.California_Gull/California_Gull_0038_40865.jpg,13.473550418227022
059.California_Gull/California_Gull_0054_40871.jpg,74.72535607640152
059.California_Gull/California_Gull_0026_41386.jpg,16.79581458852984
059.California_Gull/California_Gull_0014_40880.jpg,72.83456934197383
059.California_Gull/California_Gull_0087_40909.jpg,34.747993127526286
060.Glaucous_winged_Gull/Glaucous_Winged_Gull_0136_45059.jpg,15.470643442136469
060.Glaucous_winged_Gull/Glaucous_Winged_Gull_0007_44575.jpg,32.10970429518069
060.Glaucous_winged_Gull/Glaucous_Winged_Gull_0035_44576.jpg,7.420157483514338
060.Glaucous_winged_Gull/Glaucous_Winged_Gull_0118_2081.jpg,23.396300323018004
060.Glaucous_winged_Gull/Glaucous_Winged_Gull_0102_44579.jpg,38.71713439777606
060.Glaucous_winged_Gull/Glaucous_Winged_Gull_0112_44731.jpg,24.43361510979744
060.Glaucous_winged_Gull/Glaucous_Winged_Gull_0056_44658.jpg,20.15060273252984
060.Glaucous_winged_Gull/Glaucous_Winged_Gull_0124_44663.jpg,15.323192263765907
060.Glaucous_winged_Gull/Glaucous_Winged_Gull_0066_44669.jpg,24.43323791901306
060.Glaucous_winged_Gull/Glaucous_Winged_Gull_0094_44696.jpg,12.362663740554785
060.Glaucous_winged_Gull/Glaucous_Winged_Gull_0130_45210.jpg,22.17714333829687
060.Glaucous_winged_Gull/Glaucous_Winged_Gull_0015_44198.jpg,20.345332993779806
060.Glaucous_winged_Gull/Glaucous_Winged_Gull_0017_45224.jpg,5.069920815117685
060.Glaucous_winged_Gull/Glaucous_Winged_Gull_0101_44718.jpg,15.82072197040838
060.Glaucous_winged_Gull/Glaucous_Winged_Gull_0038_44719.jpg,25.120431821139498
060.Glaucous_winged_Gull/Glaucous_Winged_Gull_0116_45236.jpg,23.166850141491565
060.Glaucous_winged_Gull/Glaucous_Winged_Gull_0022_44733.jpg,27.380745794237278
060.Glaucous_winged_Gull/Glaucous_Winged_Gull_0076_44744.jpg,45.12986215818182
060.Glaucous_winged_Gull/Glaucous_Winged_Gull_0084_44775.jpg,19.16564298025342
060.Glaucous_winged_Gull/Glaucous_Winged_Gull_0117_44298.jpg,21.29263977989941
060.Glaucous_winged_Gull/Glaucous_Winged_Gull_0011_44827.jpg,21.493645696239504
060.Glaucous_winged_Gull/Glaucous_Winged_Gull_0090_44836.jpg,28.28565917689437
060.Glaucous_winged_Gull/Glaucous_Winged_Gull_0061_44852.jpg,26.341141621434176
060.Glaucous_winged_Gull/Glaucous_Winged_Gull_0111_44856.jpg,8.011957123197657
060.Glaucous_winged_Gull/Glaucous_Winged_Gull_0004_44361.jpg,35.544694650804814
060.Glaucous_winged_Gull/Glaucous_Winged_Gull_0053_44881.jpg,19.14880533641625
060.Glaucous_winged_Gull/Glaucous_Winged_Gull_0013_44381.jpg,8.338920567549351
060.Glaucous_winged_Gull/Glaucous_Winged_Gull_0075_44455.jpg,16.583058393547997
060.Glaucous_winged_Gull/Glaucous_Winged_Gull_0082_44528.jpg,11.206208740009703
061.Heermann_Gull/Heermann_Gull_0093_45576.jpg,8.966281937950798
061.Heermann_Gull/Heermann_Gull_0018_45608.jpg,8.748351309054446
061.Heermann_Gull/Heermann_Gull_0109_45619.jpg,24.031186812371025
061.Heermann_Gull/Heermann_Gull_0051_45622.jpg,27.55001084555758
061.Heermann_Gull/Heermann_Gull_0118_45626.jpg,29.536633156777103
061.Heermann_Gull/Heermann_Gull_0059_45642.jpg,15.439003954866001
061.Heermann_Gull/Heermann_Gull_0111_45652.jpg,33.67904318848729
061.Heermann_Gull/Heermann_Gull_0087_45658.jpg,48.956008760467924
061.Heermann_Gull/Heermann_Gull_0023_45686.jpg,49.02706262255329
061.Heermann_Gull/Heermann_Gull_0034_45693.jpg,56.14219641133184
061.Heermann_Gull/Heermann_Gull_0071_45735.jpg,27.077092023499468
061.Heermann_Gull/Heermann_Gull_0013_45771.jpg,20.524725647848214
061.Heermann_Gull/Heermann_Gull_0138_45269.jpg,54.921879525399916
061.Heermann_Gull/Heermann_Gull_0097_45783.jpg,11.787877427114411
061.Heermann_Gull/Heermann_Gull_0033_45792.jpg,42.22372536491137
061.Heermann_Gull/Heermann_Gull_0075_45295.jpg,26.460382654365
061.Heermann_Gull/Heermann_Gull_0031_45822.jpg,28.258532536848897
061.Heermann_Gull/Heermann_Gull_0090_45834.jpg,39.33864736039049
061.Heermann_Gull/Heermann_Gull_0074_45351.jpg,8.196372887763758
061.Heermann_Gull/Heermann_Gull_0027_45864.jpg,13.582314534652802
061.Heermann_Gull/Heermann_Gull_0091_45363.jpg,41.87738416211858
061.Heermann_Gull/Heermann_Gull_0083_45879.jpg,27.50783168435994
061.Heermann_Gull/Heermann_Gull_0121_45375.jpg,18.767197204444134
061.Heermann_Gull/Heermann_Gull_0046_45888.jpg,18.25736295038307
061.Heermann_Gull/Heermann_Gull_0055_45901.jpg,38.211095556348056
061.Heermann_Gull/Heermann_Gull_0133_45415.jpg,19.80550398269461
061.Heermann_Gull/Heermann_Gull_0136_45416.jpg,42.53818240579912
061.Heermann_Gull/Heermann_Gull_0004_45936.jpg,38.79992463561891
061.Heermann_Gull/Heermann_Gull_0110_45968.jpg,11.841344945327615
061.Heermann_Gull/Heermann_Gull_0001_45472.jpg,18.66143931241857
062.Herring_Gull/Herring_Gull_0049_46508.jpg,19.805092257492195
062.Herring_Gull/Herring_Gull_0037_48655.jpg,18.108680308886683
062.Herring_Gull/Herring_Gull_0115_47123.jpg,28.19209528419949
062.Herring_Gull/Herring_Gull_0070_46615.jpg,15.471356782997107
062.Herring_Gull/Herring_Gull_0083_48674.jpg,88.69748117675621
062.Herring_Gull/Herring_Gull_0012_46654.jpg,14.647442223820205
062.Herring_Gull/Herring_Gull_0001_48205.jpg,21.024424690605546
062.Herring_Gull/Herring_Gull_0078_48718.jpg,14.718973103712765
062.Herring_Gull/Herring_Gull_0071_48751.jpg,45.09785722366801
062.Herring_Gull/Herring_Gull_0145_46220.jpg,11.104520877396286
062.Herring_Gull/Herring_Gull_0120_48822.jpg,15.433914387851035
062.Herring_Gull/Herring_Gull_0056_46783.jpg,33.8793314540404
062.Herring_Gull/Herring_Gull_0080_46806.jpg,25.963755224194756
062.Herring_Gull/Herring_Gull_0087_47841.jpg,37.72561909044669
062.Herring_Gull/Herring_Gull_0098_46971.jpg,12.14693651768264
062.Herring_Gull/Herring_Gull_0045_46845.jpg,7.261317358303568
062.Herring_Gull/Herring_Gull_0015_46353.jpg,65.91481686409678
062.Herring_Gull/Herring_Gull_0058_47383.jpg,16.461204515849055
062.Herring_Gull/Herring_Gull_0132_47395.jpg,25.60866053780977
062.Herring_Gull/Herring_Gull_0027_46389.jpg,57.51957495875946
062.Herring_Gull/Herring_Gull_0068_46392.jpg,14.461667604048317
062.Herring_Gull/Herring_Gull_0055_47994.jpg,40.087979565446474
062.Herring_Gull/Herring_Gull_0076_47497.jpg,31.483558147112223
062.Herring_Gull/Herring_Gull_0138_48023.jpg,21.32836059792273
062.Herring_Gull/Herring_Gull_0061_46501.jpg,12.192425223884849
062.Herring_Gull/Herring_Gull_0103_45996.jpg,39.500038920052184
062.Herring_Gull/Herring_Gull_0082_47540.jpg,21.756619232060917
062.Herring_Gull/Herring_Gull_0016_48969.jpg,22.12027448255476
062.Herring_Gull/Herring_Gull_0093_46029.jpg,48.77019900912424
062.Herring_Gull/Herring_Gull_0102_48078.jpg,17.88205038376189
063.Ivory_Gull/Ivory_Gull_0110_49408.jpg,11.541779010654272
063.Ivory_Gull/Ivory_Gull_0010_49169.jpg,16.281446672913603
063.Ivory_Gull/Ivory_Gull_0088_49177.jpg,26.665202327619788
063.Ivory_Gull/Ivory_Gull_0085_49456.jpg,0.0
063.Ivory_Gull/Ivory_Gull_0118_49191.jpg,27.866722466104193
063.Ivory_Gull/Ivory_Gull_0024_49195.jpg,13.6488388137543
063.Ivory_Gull/Ivory_Gull_0086_49532.jpg,30.82713625085082
063.Ivory_Gull/Ivory_Gull_0087_49202.jpg,10.8097354855991
063.Ivory_Gull/Ivory_Gull_0062_49722.jpg,9.248316318135382
063.Ivory_Gull/Ivory_Gull_0092_49996.jpg,24.122596324480526
063.Ivory_Gull/Ivory_Gull_0080_49748.jpg,20.115124281101938
063.Ivory_Gull/Ivory_Gull_0014_48983.jpg,3.019483224508222
063.Ivory_Gull/Ivory_Gull_0050_49245.jpg,13.288025927993356
063.Ivory_Gull/Ivory_Gull_0004_49019.jpg,11.479411061665855
063.Ivory_Gull/Ivory_Gull_0002_49788.jpg,21.066430746026683
063.Ivory_Gull/Ivory_Gull_0101_49790.jpg,14.673484806923163
063.Ivory_Gull/Ivory_Gull_0114_49535.jpg,38.03210753370971
063.Ivory_Gull/Ivory_Gull_0073_49287.jpg,24.93161079904798
063.Ivory_Gull/Ivory_Gull_0038_49298.jpg,14.017066189947606
063.Ivory_Gull/Ivory_Gull_0018_49988.jpg,8.469595197355511
063.Ivory_Gull/Ivory_Gull_0077_49051.jpg,26.334816751231344
063.Ivory_Gull/Ivory_Gull_0093_49052.jpg,26.702477846734602
063.Ivory_Gull/Ivory_Gull_0032_49322.jpg,23.405891436912906
063.Ivory_Gull/Ivory_Gull_0094_49347.jpg,9.07591667552401
063.Ivory_Gull/Ivory_Gull_0108_49356.jpg,62.24621188757081
063.Ivory_Gull/Ivory_Gull_0007_49364.jpg,18.970759251880043
063.Ivory_Gull/Ivory_Gull_0026_49466.jpg,16.691154998904015
063.Ivory_Gull/Ivory_Gull_0023_49385.jpg,10.94709770178485
063.Ivory_Gull/Ivory_Gull_0071_49402.jpg,21.117741728272495
063.Ivory_Gull/Ivory_Gull_0064_49406.jpg,23.6758145819366
064.Ring_billed_Gull/Ring_Billed_Gull_0013_50180.jpg,14.185128080917565
064.Ring_billed_Gull/Ring_Billed_Gull_0079_51206.jpg,19.570916147168376
064.Ring_billed_Gull/Ring_Billed_Gull_0039_50191.jpg,36.37940755438275
064.Ring_billed_Gull/Ring_Billed_Gull_0045_50215.jpg,7.603736742016573
064.Ring_billed_Gull/Ring_Billed_Gull_0044_50239.jpg,26.603013117213116
064.Ring_billed_Gull/Ring_Billed_Gull_0034_51270.jpg,26.811890359511825
064.Ring_billed_Gull/Ring_Billed_Gull_0038_51275.jpg,10.340217280881028
064.Ring_billed_Gull/Ring_Billed_Gull_0085_51292.jpg,29.032880196215366
064.Ring_billed_Gull/Ring_Billed_Gull_0021_51300.jpg,30.11006373278149
064.Ring_billed_Gull/Ring_Billed_Gull_0009_51301.jpg,75.22696135777385
064.Ring_billed_Gull/Ring_Billed_Gull_0093_51303.jpg,20.597015029231237
064.Ring_billed_Gull/Ring_Billed_Gull_0107_51306.jpg,14.148120477790533
064.Ring_billed_Gull/Ring_Billed_Gull_0057_51315.jpg,17.07383504198211
064.Ring_billed_Gull/Ring_Billed_Gull_0089_51348.jpg,16.624965184640565
064.Ring_billed_Gull/Ring_Billed_Gull_0115_51891.jpg,12.196841822981956
064.Ring_billed_Gull/Ring_Billed_Gull_0128_51403.jpg,15.976240986272137
064.Ring_billed_Gull/Ring_Billed_Gull_0083_51407.jpg,37.416649161684404
064.Ring_billed_Gull/Ring_Billed_Gull_0007_51430.jpg,31.206762003255168
064.Ring_billed_Gull/Ring_Billed_Gull_0051_51440.jpg,11.746188570206163
064.Ring_billed_Gull/Ring_Billed_Gull_0036_51461.jpg,35.99271653785363
064.Ring_billed_Gull/Ring_Billed_Gull_0016_50392.jpg,11.961237979149988
064.Ring_billed_Gull/Ring_Billed_Gull_0078_51494.jpg,31.81304325699982
064.Ring_billed_Gull/Ring_Billed_Gull_0105_51513.jpg,15.774449231264217
064.Ring_billed_Gull/Ring_Billed_Gull_0071_52845.jpg,18.78313956407775
064.Ring_billed_Gull/Ring_Billed_Gull_0056_51523.jpg,8.908886547206881
064.Ring_billed_Gull/Ring_Billed_Gull_0113_51525.jpg,33.036054133160356
064.Ring_billed_Gull/Ring_Billed_Gull_0132_51552.jpg,18.656752450112258
064.Ring_billed_Gull/Ring_Billed_Gull_0029_52613.jpg,31.491785696040676
064.Ring_billed_Gull/Ring_Billed_Gull_0104_52614.jpg,18.459688289784054
064.Ring_billed_Gull/Ring_Billed_Gull_0106_52729.jpg,15.712851106856743
065.Slaty_backed_Gull/Slaty_Backed_Gull_0017_796034.jpg,33.165905627774606
065.Slaty_backed_Gull/Slaty_Backed_Gull_0061_53309.jpg,27.32050846024832
065.Slaty_backed_Gull/Slaty_Backed_Gull_0007_53334.jpg,15.316536875751169
065.Slaty_backed_Gull/Slaty_Backed_Gull_0027_53080.jpg,23.510575611945235
065.Slaty_backed_Gull/Slaty_Backed_Gull_0015_796004.jpg,35.8377781046875
065.Slaty_backed_Gull/Slaty_Backed_Gull_0066_796016.jpg,33.906253904489255
065.Slaty_backed_Gull/Slaty_Backed_Gull_0079_796020.jpg,18.78488732109653
065.Slaty_backed_Gull/Slaty_Backed_Gull_0022_796022.jpg,29.04112392281502
065.Slaty_backed_Gull/Slaty_Backed_Gull_0035_796026.jpg,25.78023596144226
065.Slaty_backed_Gull/Slaty_Backed_Gull_0075_796027.jpg,16.696926255704263
065.Slaty_backed_Gull/Slaty_Backed_Gull_0024_796028.jpg,21.50238398417468
065.Slaty_backed_Gull/Slaty_Backed_Gull_0023_796030.jpg,18.847676684034784
065.Slaty_backed_Gull/Slaty_Backed_Gull_0003_796032.jpg,23.56026674229824
065.Slaty_backed_Gull/Slaty_Backed_Gull_0078_796042.jpg,20.211473646645466
065.Slaty_backed_Gull/Slaty_Backed_Gull_0050_796045.jpg,11.868418820312508
065.Slaty_backed_Gull/Slaty_Backed_Gull_0063_796050.jpg,19.172915408977136
065.Slaty_backed_Gull/Slaty_Backed_Gull_0036_796053.jpg,13.38965776209633
065.Slaty_backed_Gull/Slaty_Backed_Gull_0008_53145.jpg,5.303682982592258
065.Slaty_backed_Gull/Slaty_Backed_Gull_0085_53158.jpg,17.227604895004497
065.Slaty_backed_Gull/Slaty_Backed_Gull_0083_786386.jpg,30.396502706441712
066.Western_Gull/Western_Gull_0013_54794.jpg,8.114425343040057
066.Western_Gull/Western_Gull_0048_53776.jpg,8.477711729962039
066.Western_Gull/Western_Gull_0078_53595.jpg,35.47143046623391
066.Western_Gull/Western_Gull_0104_53816.jpg,22.851725265929765
066.Western_Gull/Western_Gull_0110_53861.jpg,22.097950089590267
066.Western_Gull/Western_Gull_0012_53605.jpg,20.59206357546971
066.Western_Gull/Western_Gull_0143_54909.jpg,17.765829679365787
066.Western_Gull/Western_Gull_0050_54425.jpg,19.26911507812492
066.Western_Gull/Western_Gull_0091_55465.jpg,24.158259667685005
066.Western_Gull/Western_Gull_0007_53431.jpg,22.628605669226992
066.Western_Gull/Western_Gull_0070_54978.jpg,40.44075189570093
066.Western_Gull/Western_Gull_0027_53994.jpg,17.82107125032657
066.Western_Gull/Western_Gull_0029_54143.jpg,20.47773334417065
066.Western_Gull/Western_Gull_0116_54037.jpg,20.780631555227608
066.Western_Gull/Western_Gull_0069_53553.jpg,29.221747906991276
066.Western_Gull/Western_Gull_0041_53554.jpg,13.414445428084598
066.Western_Gull/Western_Gull_0133_55639.jpg,36.088676961640815
066.Western_Gull/Western_Gull_0066_54105.jpg,33.75554845505519
066.Western_Gull/Western_Gull_0021_54649.jpg,36.92408147799269
066.Western_Gull/Western_Gull_0024_53631.jpg,20.827211215133772
066.Western_Gull/Western_Gull_0035_55703.jpg,16.95072421096831
066.Western_Gull/Western_Gull_0099_53670.jpg,40.06106784073195
066.Western_Gull/Western_Gull_0065_55728.jpg,18.428630518438297
066.Western_Gull/Western_Gull_0087_54193.jpg,14.403058736367626
066.Western_Gull/Western_Gull_0043_54706.jpg,43.37306754261987
066.Western_Gull/Western_Gull_0071_54207.jpg,18.94368097894678
066.Western_Gull/Western_Gull_0045_54735.jpg,8.060220518121197
066.Western_Gull/Western_Gull_0011_53713.jpg,27.711039962484936
066.Western_Gull/Western_Gull_0100_54761.jpg,45.46338445793646
066.Western_Gull/Western_Gull_0049_53748.jpg,14.395602975720784
067.Anna_Hummingbird/Anna_Hummingbird_0106_56335.jpg,68.55864416280184
067.Anna_Hummingbird/Anna_Hummingbird_0093_56851.jpg,30.270412249370352
067.Anna_Hummingbird/Anna_Hummingbird_0126_55983.jpg,62.080447524656684
067.Anna_Hummingbird/Anna_Hummingbird_0080_56366.jpg,63.73629776788782
067.Anna_Hummingbird/Anna_Hummingbird_0027_55873.jpg,9.89978739227723
067.Anna_Hummingbird/Anna_Hummingbird_0055_56396.jpg,33.07537334967496
067.Anna_Hummingbird/Anna_Hummingbird_0074_56917.jpg,48.45085456591087
067.Anna_Hummingbird/Anna_Hummingbird_0099_55916.jpg,49.61875846562901
067.Anna_Hummingbird/Anna_Hummingbird_0087_56435.jpg,27.445788613712296
067.Anna_Hummingbird/Anna_Hummingbird_0001_56960.jpg,63.225284905469394
067.Anna_Hummingbird/Anna_Hummingbird_0101_56459.jpg,83.32423290923634
067.Anna_Hummingbird/Anna_Hummingbird_0066_56486.jpg,38.041234215781415
067.Anna_Hummingbird/Anna_Hummingbird_0086_56495.jpg,53.39765134168381
067.Anna_Hummingbird/Anna_Hummingbird_0019_57025.jpg,62.413868968491016
067.Anna_Hummingbird/Anna_Hummingbird_0037_56587.jpg,83.31043197424927
067.Anna_Hummingbird/Anna_Hummingbird_0070_56085.jpg,26.88117502928263
067.Anna_Hummingbird/Anna_Hummingbird_0053_56112.jpg,39.65556236457358
067.Anna_Hummingbird/Anna_Hummingbird_0034_56614.jpg,32.09139154690132
067.Anna_Hummingbird/Anna_Hummingbird_0122_56622.jpg,37.989730199915975
067.Anna_Hummingbird/Anna_Hummingbird_0130_56122.jpg,56.65404234330227
067.Anna_Hummingbird/Anna_Hummingbird_0022_55779.jpg,17.733464045600485
067.Anna_Hummingbird/Anna_Hummingbird_0065_56154.jpg,17.429042543457072
067.Anna_Hummingbird/Anna_Hummingbird_0059_56674.jpg,43.462398163737106
067.Anna_Hummingbird/Anna_Hummingbird_0117_55785.jpg,45.96159721686677
067.Anna_Hummingbird/Anna_Hummingbird_0031_56709.jpg,32.935909276584574
067.Anna_Hummingbird/Anna_Hummingbird_0018_56732.jpg,49.89204044212134
067.Anna_Hummingbird/Anna_Hummingbird_0096_56754.jpg,25.161743816991688
067.Anna_Hummingbird/Anna_Hummingbird_0085_56756.jpg,42.807789456668466
067.Anna_Hummingbird/Anna_Hummingbird_0036_56809.jpg,63.000204405912015
067.Anna_Hummingbird/Anna_Hummingbird_0119_56309.jpg,37.78325473115289
068.Ruby_throated_Hummingbird/Ruby_Throated_Hummingbird_0005_57349.jpg,45.1425764198535
068.Ruby_throated_Hummingbird/Ruby_Throated_Hummingbird_0077_57858.jpg,54.57323850760168
068.Ruby_throated_Hummingbird/Ruby_Throated_Hummingbird_0123_57745.jpg,54.57094049770306
068.Ruby_throated_Hummingbird/Ruby_Throated_Hummingbird_0126_57371.jpg,35.87025706076611
068.Ruby_throated_Hummingbird/Ruby_Throated_Hummingbird_0007_57388.jpg,48.527264934258305
068.Ruby_throated_Hummingbird/Ruby_Throated_Hummingbird_0072_57391.jpg,56.39295541327199
068.Ruby_throated_Hummingbird/Ruby_Throated_Hummingbird_0009_57904.jpg,48.40254093841209
068.Ruby_throated_Hummingbird/Ruby_Throated_Hummingbird_0090_57411.jpg,59.95725543873671
068.Ruby_throated_Hummingbird/Ruby_Throated_Hummingbird_0052_57432.jpg,56.737669090433606
068.Ruby_throated_Hummingbird/Ruby_Throated_Hummingbird_0040_57982.jpg,68.47623998076367
068.Ruby_throated_Hummingbird/Ruby_Throated_Hummingbird_0014_57477.jpg,63.4434619749228
068.Ruby_throated_Hummingbird/Ruby_Throated_Hummingbird_0050_57510.jpg,27.292282589197093
068.Ruby_throated_Hummingbird/Ruby_Throated_Hummingbird_0066_57518.jpg,28.456774295994087
068.Ruby_throated_Hummingbird/Ruby_Throated_Hummingbird_0116_58031.jpg,71.26115526370184
068.Ruby_throated_Hummingbird/Ruby_Throated_Hummingbird_0118_57536.jpg,19.042993763514588
068.Ruby_throated_Hummingbird/Ruby_Throated_Hummingbird_0075_57537.jpg,19.44637007590648
068.Ruby_throated_Hummingbird/Ruby_Throated_Hummingbird_0115_58067.jpg,25.31135845285776
068.Ruby_throated_Hummingbird/Ruby_Throated_Hummingbird_0103_57573.jpg,45.55364303671245
068.Ruby_throated_Hummingbird/Ruby_Throated_Hummingbird_0048_57222.jpg,67.87585581901578
068.Ruby_throated_Hummingbird/Ruby_Throated_Hummingbird_0076_57649.jpg,34.87649487888734
068.Ruby_throated_Hummingbird/Ruby_Throated_Hummingbird_0108_57653.jpg,52.67273919941499
068.Ruby_throated_Hummingbird/Ruby_Throated_Hummingbird_0032_58168.jpg,26.266990411952015
068.Ruby_throated_Hummingbird/Ruby_Throated_Hummingbird_0129_57666.jpg,24.112716705215483
068.Ruby_throated_Hummingbird/Ruby_Throated_Hummingbird_0008_58204.jpg,51.353545853562636
068.Ruby_throated_Hummingbird/Ruby_Throated_Hummingbird_0013_57212.jpg,31.37403068493806
068.Ruby_throated_Hummingbird/Ruby_Throated_Hummingbird_0025_57835.jpg,25.468670535437514
068.Ruby_throated_Hummingbird/Ruby_Throated_Hummingbird_0046_57225.jpg,53.204238103763736
068.Ruby_throated_Hummingbird/Ruby_Throated_Hummingbird_0128_58281.jpg,52.55719259498164
068.Ruby_throated_Hummingbird/Ruby_Throated_Hummingbird_0120_58316.jpg,91.43994335375328
068.Ruby_throated_Hummingbird/Ruby_Throated_Hummingbird_0131_57813.jpg,41.794196922274566
069.Rufous_Hummingbird/Rufous_Hummingbird_0009_59405.jpg,68.16054264138995
069.Rufous_Hummingbird/Rufous_Hummingbird_0002_58387.jpg,59.27081560074551
069.Rufous_Hummingbird/Rufous_Hummingbird_0101_59420.jpg,42.22954732742645
069.Rufous_Hummingbird/Rufous_Hummingbird_0021_58408.jpg,37.36722043562612
069.Rufous_Hummingbird/Rufous_Hummingbird_0125_58932.jpg,43.92243933856574
069.Rufous_Hummingbird/Rufous_Hummingbird_0134_59449.jpg,60.61796335627761
069.Rufous_Hummingbird/Rufous_Hummingbird_0027_59456.jpg,40.47608849554887
069.Rufous_Hummingbird/Rufous_Hummingbird_0007_58433.jpg,84.69944731928345
069.Rufous_Hummingbird/Rufous_Hummingbird_0014_59476.jpg,51.42167643631518
069.Rufous_Hummingbird/Rufous_Hummingbird_0011_59480.jpg,64.15004720783318
069.Rufous_Hummingbird/Rufous_Hummingbird_0057_59489.jpg,21.838929603658208
069.Rufous_Hummingbird/Rufous_Hummingbird_0130_59500.jpg,74.21247828940038
069.Rufous_Hummingbird/Rufous_Hummingbird_0052_59581.jpg,45.2923074394248
069.Rufous_Hummingbird/Rufous_Hummingbird_0071_59505.jpg,53.26541034198435
069.Rufous_Hummingbird/Rufous_Hummingbird_0067_59510.jpg,73.07909412701355
069.Rufous_Hummingbird/Rufous_Hummingbird_0017_59520.jpg,67.67943534456576
069.Rufous_Hummingbird/Rufous_Hummingbird_0065_58497.jpg,52.84762297441348
069.Rufous_Hummingbird/Rufous_Hummingbird_0124_58465.jpg,65.21410511481308
069.Rufous_Hummingbird/Rufous_Hummingbird_0100_59541.jpg,91.09407549485684
069.Rufous_Hummingbird/Rufous_Hummingbird_0036_59562.jpg,72.75730286241075
069.Rufous_Hummingbird/Rufous_Hummingbird_0076_59563.jpg,62.94433275529963
069.Rufous_Hummingbird/Rufous_Hummingbird_0081_59592.jpg,47.08711358822598
069.Rufous_Hummingbird/Rufous_Hummingbird_0090_58598.jpg,80.7336546503276
069.Rufous_Hummingbird/Rufous_Hummingbird_0046_59647.jpg,51.12015620106627
069.Rufous_Hummingbird/Rufous_Hummingbird_0016_59660.jpg,30.056465985577393
069.Rufous_Hummingbird/Rufous_Hummingbird_0119_59681.jpg,22.9395213216637
069.Rufous_Hummingbird/Rufous_Hummingbird_0075_59619.jpg,67.27274678096478
069.Rufous_Hummingbird/Rufous_Hummingbird_0074_59231.jpg,54.89519166043099
069.Rufous_Hummingbird/Rufous_Hummingbird_0128_60398.jpg,29.00783929541359
069.Rufous_Hummingbird/Rufous_Hummingbird_0121_59376.jpg,37.97963077670481
070.Green_Violetear/Green_Violetear_0064_795661.jpg,123.95343021646345
070.Green_Violetear/Green_Violetear_0003_795662.jpg,62.19774393477939
070.Green_Violetear/Green_Violetear_0073_795680.jpg,50.057312061309034
070.Green_Violetear/Green_Violetear_0066_795682.jpg,38.48131888858324
070.Green_Violetear/Green_Violetear_0002_795699.jpg,35.523595089258286
070.Green_Violetear/Green_Violetear_0057_795701.jpg,47.1610845692471
070.Green_Violetear/Green_Violetear_0008_795703.jpg,60.882107559361984
070.Green_Violetear/Green_Violetear_0092_795704.jpg,67.85349588632606
070.Green_Violetear/Green_Violetear_0024_795705.jpg,37.440775676523316
070.Green_Violetear/Green_Violetear_0032_795707.jpg,51.31691005881447
070.Green_Violetear/Green_Violetear_0055_795712.jpg,32.98448024268961
070.Green_Violetear/Green_Violetear_0112_795713.jpg,55.73812118983218
070.Green_Violetear/Green_Violetear_0044_795717.jpg,34.79588865686488
070.Green_Violetear/Green_Violetear_0074_795720.jpg,32.16795368735342
070.Green_Violetear/Green_Violetear_0069_795723.jpg,52.792618411725925
070.Green_Violetear/Green_Violetear_0119_795724.jpg,48.47166632967844
070.Green_Violetear/Green_Violetear_0045_60765.jpg,30.00169052597012
070.Green_Violetear/Green_Violetear_0031_60774.jpg,65.79317519090854
070.Green_Violetear/Green_Violetear_0107_60781.jpg,42.482010122559615
070.Green_Violetear/Green_Violetear_0048_60789.jpg,81.64410062761071
070.Green_Violetear/Green_Violetear_0034_60792.jpg,22.62299998947429
070.Green_Violetear/Green_Violetear_0022_60799.jpg,34.656002196947284
070.Green_Violetear/Green_Violetear_0029_60808.jpg,34.457675339333264
070.Green_Violetear/Green_Violetear_0114_60809.jpg,28.823531473237576
070.Green_Violetear/Green_Violetear_0078_60844.jpg,42.48695678498331
070.Green_Violetear/Green_Violetear_0072_60858.jpg,62.71764618494809
070.Green_Violetear/Green_Violetear_0110_60866.jpg,46.180982734133686
070.Green_Violetear/Green_Violetear_0059_60873.jpg,35.58660226934349
070.Green_Violetear/Green_Violetear_0081_795638.jpg,68.40258462229963
070.Green_Violetear/Green_Violetear_0106_795643.jpg,26.23743303442326
071.Long_tailed_Jaeger/Long_Tailed_Jaeger_0025_60937.jpg,15.256421517507363
071.Long_tailed_Jaeger/Long_Tailed_Jaeger_0033_60955.jpg,31.409300369807347
071.Long_tailed_Jaeger/Long_Tailed_Jaeger_0030_60961.jpg,73.80461716515299
071.Long_tailed_Jaeger/Long_Tailed_Jaeger_0044_60968.jpg,10.432443119185182
071.Long_tailed_Jaeger/Long_Tailed_Jaeger_0019_60970.jpg,14.799484438360142
071.Long_tailed_Jaeger/Long_Tailed_Jaeger_0017_797081.jpg,6.455777419905427
071.Long_tailed_Jaeger/Long_Tailed_Jaeger_0064_60999.jpg,15.448075890958307
071.Long_tailed_Jaeger/Long_Tailed_Jaeger_0045_61007.jpg,43.81588801130759
071.Long_tailed_Jaeger/Long_Tailed_Jaeger_0065_61042.jpg,41.13523048136693
071.Long_tailed_Jaeger/Long_Tailed_Jaeger_0055_61046.jpg,11.981816178392224
071.Long_tailed_Jaeger/Long_Tailed_Jaeger_0049_797063.jpg,19.92670279384066
071.Long_tailed_Jaeger/Long_Tailed_Jaeger_0023_797072.jpg,28.760008256757573
071.Long_tailed_Jaeger/Long_Tailed_Jaeger_0063_797073.jpg,68.07998271184627
071.Long_tailed_Jaeger/Long_Tailed_Jaeger_0047_797075.jpg,36.028124146992674
071.Long_tailed_Jaeger/Long_Tailed_Jaeger_0036_797076.jpg,72.2559821456908
071.Long_tailed_Jaeger/Long_Tailed_Jaeger_0059_797079.jpg,70.01137502509741
071.Long_tailed_Jaeger/Long_Tailed_Jaeger_0003_61082.jpg,14.498780014679939
071.Long_tailed_Jaeger/Long_Tailed_Jaeger_0020_61084.jpg,8.71267873593909
071.Long_tailed_Jaeger/Long_Tailed_Jaeger_0028_797082.jpg,15.074824386068114
071.Long_tailed_Jaeger/Long_Tailed_Jaeger_0014_797086.jpg,54.93013696381197
071.Long_tailed_Jaeger/Long_Tailed_Jaeger_0066_60921.jpg,15.598372448617333
071.Long_tailed_Jaeger/Long_Tailed_Jaeger_0057_797094.jpg,31.97235382762671
071.Long_tailed_Jaeger/Long_Tailed_Jaeger_0051_797095.jpg,58.19950591010726
071.Long_tailed_Jaeger/Long_Tailed_Jaeger_0016_797084.jpg,38.95836184918426
071.Long_tailed_Jaeger/Long_Tailed_Jaeger_0026_797098.jpg,12.582326583552243
071.Long_tailed_Jaeger/Long_Tailed_Jaeger_0035_797100.jpg,9.602460840995608
071.Long_tailed_Jaeger/Long_Tailed_Jaeger_0034_797102.jpg,20.335688056796698
071.Long_tailed_Jaeger/Long_Tailed_Jaeger_0046_797103.jpg,11.958228531375205
071.Long_tailed_Jaeger/Long_Tailed_Jaeger_0010_60895.jpg,34.334571679897024
071.Long_tailed_Jaeger/Long_Tailed_Jaeger_0024_60915.jpg,16.097608394953653
072.Pomarine_Jaeger/Pomarine_Jaeger_0030_61447.jpg,45.01063334324924
072.Pomarine_Jaeger/Pomarine_Jaeger_0010_61457.jpg,26.242883002968888
072.Pomarine_Jaeger/Pomarine_Jaeger_0008_61231.jpg,16.286668744225338
072.Pomarine_Jaeger/Pomarine_Jaeger_0034_61247.jpg,12.511549366713634
072.Pomarine_Jaeger/Pomarine_Jaeger_0051_795738.jpg,24.292762533394896
072.Pomarine_Jaeger/Pomarine_Jaeger_0077_795739.jpg,8.180796237688696
072.Pomarine_Jaeger/Pomarine_Jaeger_0058_795746.jpg,20.75267675600483
072.Pomarine_Jaeger/Pomarine_Jaeger_0033_795749.jpg,19.646586569976183
072.Pomarine_Jaeger/Pomarine_Jaeger_0045_795750.jpg,61.05599903683
072.Pomarine_Jaeger/Pomarine_Jaeger_0080_795751.jpg,11.788374628729333
072.Pomarine_Jaeger/Pomarine_Jaeger_0042_795755.jpg,11.623487146503813
072.Pomarine_Jaeger/Pomarine_Jaeger_0027_795767.jpg,7.912550149408362
072.Pomarine_Jaeger/Pomarine_Jaeger_0056_795770.jpg,70.37976457874673
072.Pomarine_Jaeger/Pomarine_Jaeger_0021_795776.jpg,10.383971106760235
072.Pomarine_Jaeger/Pomarine_Jaeger_0011_795777.jpg,38.681894798970845
072.Pomarine_Jaeger/Pomarine_Jaeger_0017_795782.jpg,15.657889161754369
072.Pomarine_Jaeger/Pomarine_Jaeger_0054_795791.jpg,15.576142458308702
072.Pomarine_Jaeger/Pomarine_Jaeger_0053_795792.jpg,9.458576762262563
072.Pomarine_Jaeger/Pomarine_Jaeger_0049_795795.jpg,31.19154114525473
072.Pomarine_Jaeger/Pomarine_Jaeger_0028_795797.jpg,22.666796041512786
072.Pomarine_Jaeger/Pomarine_Jaeger_0014_61335.jpg,14.838679198752299
072.Pomarine_Jaeger/Pomarine_Jaeger_0073_795800.jpg,26.234509564575323
072.Pomarine_Jaeger/Pomarine_Jaeger_0059_61347.jpg,17.52663903772273
072.Pomarine_Jaeger/Pomarine_Jaeger_0062_61351.jpg,38.33095105941027
072.Pomarine_Jaeger/Pomarine_Jaeger_0002_61361.jpg,40.05783314275963
072.Pomarine_Jaeger/Pomarine_Jaeger_0029_61365.jpg,33.85815148663087
072.Pomarine_Jaeger/Pomarine_Jaeger_0069_61381.jpg,10.03569931849228
072.Pomarine_Jaeger/Pomarine_Jaeger_0063_61406.jpg,2.9034134148167245
072.Pomarine_Jaeger/Pomarine_Jaeger_0015_61429.jpg,13.153255602203735
072.Pomarine_Jaeger/Pomarine_Jaeger_0023_61431.jpg,45.161826265121505
073.Blue_Jay/Blue_Jay_0033_62024.jpg,35.68220270018394
073.Blue_Jay/Blue_Jay_0006_63504.jpg,22.830649844540048
073.Blue_Jay/Blue_Jay_0081_61714.jpg,38.17416194933642
073.Blue_Jay/Blue_Jay_0053_62744.jpg,69.60209346983069
073.Blue_Jay/Blue_Jay_0056_61723.jpg,53.20380755188146
073.Blue_Jay/Blue_Jay_0088_63264.jpg,40.928536618207175
073.Blue_Jay/Blue_Jay_0044_62759.jpg,20.635282379039452
073.Blue_Jay/Blue_Jay_0083_61492.jpg,31.25473561346836
073.Blue_Jay/Blue_Jay_0012_63753.jpg,33.98853933505749
073.Blue_Jay/Blue_Jay_0082_62524.jpg,11.640811143617432
073.Blue_Jay/Blue_Jay_0055_61507.jpg,32.58042930859646
073.Blue_Jay/Blue_Jay_0096_63330.jpg,50.78455957197703
073.Blue_Jay/Blue_Jay_0068_61543.jpg,47.75790860575986
073.Blue_Jay/Blue_Jay_0060_62570.jpg,36.98593316067419
073.Blue_Jay/Blue_Jay_0028_63599.jpg,42.3183647880871
073.Blue_Jay/Blue_Jay_0020_63604.jpg,43.926891996616625
073.Blue_Jay/Blue_Jay_0036_61560.jpg,57.08104697874306
073.Blue_Jay/Blue_Jay_0062_62585.jpg,45.75325744892732
073.Blue_Jay/Blue_Jay_0049_63082.jpg,77.87862408117843
073.Blue_Jay/Blue_Jay_0031_62913.jpg,32.78151163152642
073.Blue_Jay/Blue_Jay_0079_62626.jpg,54.578719652908184
073.Blue_Jay/Blue_Jay_0011_63660.jpg,36.54773024448469
073.Blue_Jay/Blue_Jay_0101_62882.jpg,33.57298501788844
073.Blue_Jay/Blue_Jay_0092_61654.jpg,64.25082391894298
073.Blue_Jay/Blue_Jay_0076_61817.jpg,37.05841125106328
073.Blue_Jay/Blue_Jay_0018_63455.jpg,56.22976232604345
073.Blue_Jay/Blue_Jay_0072_62944.jpg,57.574951499602065
073.Blue_Jay/Blue_Jay_0094_62698.jpg,64.8163333290472
073.Blue_Jay/Blue_Jay_0029_62199.jpg,36.677611645223756
073.Blue_Jay/Blue_Jay_0050_62974.jpg,45.230619318820935
074.Florida_Jay/Florida_Jay_0105_64522.jpg,60.974023259502864
074.Florida_Jay/Florida_Jay_0004_65042.jpg,58.549421350499806
074.Florida_Jay/Florida_Jay_0086_65025.jpg,53.24892444077306
074.Florida_Jay/Florida_Jay_0103_64537.jpg,53.16289551857396
074.Florida_Jay/Florida_Jay_0016_65051.jpg,37.40097230405471
074.Florida_Jay/Florida_Jay_0061_65097.jpg,61.34039057017775
074.Florida_Jay/Florida_Jay_0083_64599.jpg,66.12353595744956
074.Florida_Jay/Florida_Jay_0110_64605.jpg,77.21477768590748
074.Florida_Jay/Florida_Jay_0012_64887.jpg,32.49717095377284
074.Florida_Jay/Florida_Jay_0052_64633.jpg,51.541287819502166
074.Florida_Jay/Florida_Jay_0100_64645.jpg,69.1685971693264
074.Florida_Jay/Florida_Jay_0097_64906.jpg,33.94745746067975
074.Florida_Jay/Florida_Jay_0011_64920.jpg,54.80435651315116
074.Florida_Jay/Florida_Jay_0044_64664.jpg,29.116517148777582
074.Florida_Jay/Florida_Jay_0026_64938.jpg,24.496772112543404
074.Florida_Jay/Florida_Jay_0005_64940.jpg,51.6032407770236
074.Florida_Jay/Florida_Jay_0027_64689.jpg,26.870170812225616
074.Florida_Jay/Florida_Jay_0078_64692.jpg,56.93320291477482
074.Florida_Jay/Florida_Jay_0013_64706.jpg,42.954699710828145
074.Florida_Jay/Florida_Jay_0007_64708.jpg,47.94137130643754
074.Florida_Jay/Florida_Jay_0009_64723.jpg,59.160394246549195
074.Florida_Jay/Florida_Jay_0080_64505.jpg,38.66835858168104
074.Florida_Jay/Florida_Jay_0041_64734.jpg,40.78190161197124
074.Florida_Jay/Florida_Jay_0099_64735.jpg,52.82550012894686
074.Florida_Jay/Florida_Jay_0065_64739.jpg,42.23021679369274
074.Florida_Jay/Florida_Jay_0062_64996.jpg,40.816463466576444
074.Florida_Jay/Florida_Jay_0058_64997.jpg,19.272792875776283
074.Florida_Jay/Florida_Jay_0046_64488.jpg,53.97769796619954
074.Florida_Jay/Florida_Jay_0073_64896.jpg,49.31021202595008
074.Florida_Jay/Florida_Jay_0017_65017.jpg,60.559792310057674
075.Green_Jay/Green_Jay_0041_65548.jpg,32.028005580518936
075.Green_Jay/Green_Jay_0064_65552.jpg,41.30605876762304
075.Green_Jay/Green_Jay_0089_66075.jpg,27.15686622316474
075.Green_Jay/Green_Jay_0059_65586.jpg,35.06839780374298
075.Green_Jay/Green_Jay_0126_65716.jpg,40.22059596197359
075.Green_Jay/Green_Jay_0029_65637.jpg,26.4611645423594
075.Green_Jay/Green_Jay_0052_66174.jpg,47.579852110638896
075.Green_Jay/Green_Jay_0038_65702.jpg,34.02419146991934
075.Green_Jay/Green_Jay_0028_65719.jpg,31.296218138021416
075.Green_Jay/Green_Jay_0077_65736.jpg,36.439107433366345
075.Green_Jay/Green_Jay_0118_66251.jpg,39.42206118560488
075.Green_Jay/Green_Jay_0042_65740.jpg,66.53858522973609
075.Green_Jay/Green_Jay_0115_65745.jpg,52.72462154759171
075.Green_Jay/Green_Jay_0047_65757.jpg,39.20592116200241
075.Green_Jay/Green_Jay_0027_65783.jpg,51.10349146452614
075.Green_Jay/Green_Jay_0106_65811.jpg,51.345985586705645
075.Green_Jay/Green_Jay_0030_65824.jpg,38.60394765619152
075.Green_Jay/Green_Jay_0124_65848.jpg,86.01202838658183
075.Green_Jay/Green_Jay_0098_65857.jpg,25.29134880197625
075.Green_Jay/Green_Jay_0092_65884.jpg,51.5681243187134
075.Green_Jay/Green_Jay_0130_65885.jpg,32.800737155031584
075.Green_Jay/Green_Jay_0132_65886.jpg,33.32544426204911
075.Green_Jay/Green_Jay_0074_65889.jpg,49.756402882202615
075.Green_Jay/Green_Jay_0090_65895.jpg,71.10972162302419
075.Green_Jay/Green_Jay_0104_65908.jpg,51.92643312706676
075.Green_Jay/Green_Jay_0063_65925.jpg,43.42754319415629
075.Green_Jay/Green_Jay_0011_65947.jpg,50.60857354564013
076.Dark_eyed_Junco/Dark_Eyed_Junco_0015_66576.jpg,34.4893452222404
076.Dark_eyed_Junco/Dark_Eyed_Junco_0057_68650.jpg,30.9779285950374
076.Dark_eyed_Junco/Dark_Eyed_Junco_0106_68139.jpg,53.674317835805226
076.Dark_eyed_Junco/Dark_Eyed_Junco_0023_68661.jpg,13.099349603231614
076.Dark_eyed_Junco/Dark_Eyed_Junco_0124_67664.jpg,12.759710537077948
076.Dark_eyed_Junco/Dark_Eyed_Junco_0010_66649.jpg,33.07266981576172
076.Dark_eyed_Junco/Dark_Eyed_Junco_0017_67676.jpg,35.51940028669297
076.Dark_eyed_Junco/Dark_Eyed_Junco_0063_67688.jpg,11.0945775802755
076.Dark_eyed_Junco/Dark_Eyed_Junco_0044_68213.jpg,39.92347464552468
076.Dark_eyed_Junco/Dark_Eyed_Junco_0040_66689.jpg,29.128831107893735
076.Dark_eyed_Junco/Dark_Eyed_Junco_0016_68738.jpg,7.301802134931601
076.Dark_eyed_Junco/Dark_Eyed_Junco_0058_68784.jpg,42.21282146006924
076.Dark_eyed_Junco/Dark_Eyed_Junco_0014_66258.jpg,12.566432863182166
076.Dark_eyed_Junco/Dark_Eyed_Junco_0021_66261.jpg,12.887103976821821
076.Dark_eyed_Junco/Dark_Eyed_Junco_0031_66785.jpg,28.627832654001757
076.Dark_eyed_Junco/Dark_Eyed_Junco_0011_66280.jpg,54.497410899110655
076.Dark_eyed_Junco/Dark_Eyed_Junco_0104_67820.jpg,28.849188388029958
076.Dark_eyed_Junco/Dark_Eyed_Junco_0059_66305.jpg,24.026960852451207
076.Dark_eyed_Junco/Dark_Eyed_Junco_0093_67335.jpg,36.928726501120764
076.Dark_eyed_Junco/Dark_Eyed_Junco_0037_66321.jpg,35.830467861402404
076.Dark_eyed_Junco/Dark_Eyed_Junco_0078_66866.jpg,16.851793306219086
076.Dark_eyed_Junco/Dark_Eyed_Junco_0069_68416.jpg,34.05606043880104
076.Dark_eyed_Junco/Dark_Eyed_Junco_0102_67402.jpg,12.442286882079298
076.Dark_eyed_Junco/Dark_Eyed_Junco_0024_68961.jpg,12.087654024102662
076.Dark_eyed_Junco/Dark_Eyed_Junco_0131_66423.jpg,26.599194331721698
076.Dark_eyed_Junco/Dark_Eyed_Junco_0114_67964.jpg,23.295705460727355
076.Dark_eyed_Junco/Dark_Eyed_Junco_0083_66449.jpg,28.414340462515945
076.Dark_eyed_Junco/Dark_Eyed_Junco_0041_66464.jpg,40.0555653618858
076.Dark_eyed_Junco/Dark_Eyed_Junco_0105_66479.jpg,16.868687262260373
076.Dark_eyed_Junco/Dark_Eyed_Junco_0111_66488.jpg,59.87842725285054
077.Tropical_Kingbird/Tropical_Kingbird_0019_69643.jpg,17.118886310297274
077.Tropical_Kingbird/Tropical_Kingbird_0068_69397.jpg,58.9256973427395
077.Tropical_Kingbird/Tropical_Kingbird_0073_69401.jpg,41.4740678528355
077.Tropical_Kingbird/Tropical_Kingbird_0006_69521.jpg,69.47462291046686
077.Tropical_Kingbird/Tropical_Kingbird_0005_69662.jpg,30.80669802584838
077.Tropical_Kingbird/Tropical_Kingbird_0002_69595.jpg,66.63672731977881
077.Tropical_Kingbird/Tropical_Kingbird_0036_69939.jpg,77.20345385169838
077.Tropical_Kingbird/Tropical_Kingbird_0045_69605.jpg,38.2431031071168
077.Tropical_Kingbird/Tropical_Kingbird_0114_69700.jpg,63.89034886251261
077.Tropical_Kingbird/Tropical_Kingbird_0038_69455.jpg,99.3986668708146
077.Tropical_Kingbird/Tropical_Kingbird_0047_69719.jpg,30.8169235192236
077.Tropical_Kingbird/Tropical_Kingbird_0075_69978.jpg,41.81651235580481
077.Tropical_Kingbird/Tropical_Kingbird_0040_69728.jpg,77.75932048004464
077.Tropical_Kingbird/Tropical_Kingbird_0110_69731.jpg,23.012610686377542
077.Tropical_Kingbird/Tropical_Kingbird_0027_69735.jpg,52.75050419937334
077.Tropical_Kingbird/Tropical_Kingbird_0095_69482.jpg,84.40633020807144
077.Tropical_Kingbird/Tropical_Kingbird_0052_69739.jpg,47.154085316201346
077.Tropical_Kingbird/Tropical_Kingbird_0115_69485.jpg,37.74271560316496
077.Tropical_Kingbird/Tropical_Kingbird_0022_69742.jpg,50.14618171738024
077.Tropical_Kingbird/Tropical_Kingbird_0034_69242.jpg,58.96220133114926
077.Tropical_Kingbird/Tropical_Kingbird_0039_69253.jpg,57.145271540591914
077.Tropical_Kingbird/Tropical_Kingbird_0067_69792.jpg,32.84133350850037
077.Tropical_Kingbird/Tropical_Kingbird_0084_69312.jpg,44.89441973228418
077.Tropical_Kingbird/Tropical_Kingbird_0066_69320.jpg,50.28681246442942
077.Tropical_Kingbird/Tropical_Kingbird_0024_69582.jpg,25.726849349672555
077.Tropical_Kingbird/Tropical_Kingbird_0088_69856.jpg,34.173366846986426
077.Tropical_Kingbird/Tropical_Kingbird_0051_69609.jpg,55.461217790313356
077.Tropical_Kingbird/Tropical_Kingbird_0043_69613.jpg,15.72726574828312
077.Tropical_Kingbird/Tropical_Kingbird_0079_69371.jpg,36.19392254096014
077.Tropical_Kingbird/Tropical_Kingbird_0063_69589.jpg,78.08228451622331
078.Gray_Kingbird/Gray_Kingbird_0056_70156.jpg,29.160996541957562
078.Gray_Kingbird/Gray_Kingbird_0017_70161.jpg,31.181952455177548
078.Gray_Kingbird/Gray_Kingbird_0053_70166.jpg,9.595527057620032
078.Gray_Kingbird/Gray_Kingbird_0084_70171.jpg,66.54947748900415
078.Gray_Kingbird/Gray_Kingbird_0036_70184.jpg,32.197861327939854
078.Gray_Kingbird/Gray_Kingbird_0075_70188.jpg,22.49248501519453
078.Gray_Kingbird/Gray_Kingbird_0077_70191.jpg,54.734370059103576
078.Gray_Kingbird/Gray_Kingbird_0001_70224.jpg,35.17478465865155
078.Gray_Kingbird/Gray_Kingbird_0014_70227.jpg,40.69749034028329
078.Gray_Kingbird/Gray_Kingbird_0021_70228.jpg,45.42353538511318
078.Gray_Kingbird/Gray_Kingbird_0049_795022.jpg,18.872930391334847
078.Gray_Kingbird/Gray_Kingbird_0054_70264.jpg,26.631537329658507
078.Gray_Kingbird/Gray_Kingbird_0081_70276.jpg,18.02993764902849
078.Gray_Kingbird/Gray_Kingbird_0019_795013.jpg,13.841219879405989
078.Gray_Kingbird/Gray_Kingbird_0082_795014.jpg,34.783392655669786
078.Gray_Kingbird/Gray_Kingbird_0029_795015.jpg,40.43826174771066
078.Gray_Kingbird/Gray_Kingbird_0055_70290.jpg,31.756411800927523
078.Gray_Kingbird/Gray_Kingbird_0004_70293.jpg,75.46609259644265
078.Gray_Kingbird/Gray_Kingbird_0043_795032.jpg,20.344917757778035
078.Gray_Kingbird/Gray_Kingbird_0070_70051.jpg,41.390568721341076
078.Gray_Kingbird/Gray_Kingbird_0031_70308.jpg,49.77841004708698
078.Gray_Kingbird/Gray_Kingbird_0010_70057.jpg,18.288899566318104
078.Gray_Kingbird/Gray_Kingbird_0044_70322.jpg,67.60785383466904
078.Gray_Kingbird/Gray_Kingbird_0034_70069.jpg,21.903394742337113
078.Gray_Kingbird/Gray_Kingbird_0076_70070.jpg,66.00309206693211
078.Gray_Kingbird/Gray_Kingbird_0013_70135.jpg,38.60158696605983
078.Gray_Kingbird/Gray_Kingbird_0005_70103.jpg,40.582956295457514
078.Gray_Kingbird/Gray_Kingbird_0032_70111.jpg,29.27812329865581
078.Gray_Kingbird/Gray_Kingbird_0051_70139.jpg,87.62815151006015
079.Belted_Kingfisher/Belted_Kingfisher_0008_70668.jpg,37.173386581856626
079.Belted_Kingfisher/Belted_Kingfisher_0094_70698.jpg,32.09392410656859
079.Belted_Kingfisher/Belted_Kingfisher_0019_70744.jpg,29.49083051173719
079.Belted_Kingfisher/Belted_Kingfisher_0025_70501.jpg,53.43174526399331
079.Belted_Kingfisher/Belted_Kingfisher_0057_70582.jpg,83.41039724131129
079.Belted_Kingfisher/Belted_Kingfisher_0079_70524.jpg,48.43118455610122
079.Belted_Kingfisher/Belted_Kingfisher_0009_70536.jpg,10.72758425445478
079.Belted_Kingfisher/Belted_Kingfisher_0104_70596.jpg,46.77066597359132
079.Belted_Kingfisher/Belted_Kingfisher_0108_70554.jpg,17.858622852653316
079.Belted_Kingfisher/Belted_Kingfisher_0065_70560.jpg,21.776003166873434
079.Belted_Kingfisher/Belted_Kingfisher_0086_70569.jpg,40.27079182076426
079.Belted_Kingfisher/Belted_Kingfisher_0032_70573.jpg,37.78359182404604
079.Belted_Kingfisher/Belted_Kingfisher_0063_70835.jpg,35.05232443911003
079.Belted_Kingfisher/Belted_Kingfisher_0012_70325.jpg,25.296713998689867
079.Belted_Kingfisher/Belted_Kingfisher_0071_70584.jpg,25.724178002365456
079.Belted_Kingfisher/Belted_Kingfisher_0034_70329.jpg,28.04708404206621
079.Belted_Kingfisher/Belted_Kingfisher_0058_70848.jpg,32.152672966938496
079.Belted_Kingfisher/Belted_Kingfisher_0017_70342.jpg,11.696194151971943
079.Belted_Kingfisher/Belted_Kingfisher_0096_70347.jpg,34.45871072856842
079.Belted_Kingfisher/Belted_Kingfisher_0066_70356.jpg,37.33315089465826
079.Belted_Kingfisher/Belted_Kingfisher_0028_70358.jpg,26.03845466467715
079.Belted_Kingfisher/Belted_Kingfisher_0093_70360.jpg,21.702750775711465
079.Belted_Kingfisher/Belted_Kingfisher_0077_70620.jpg,18.598937202329246
079.Belted_Kingfisher/Belted_Kingfisher_0078_70366.jpg,36.53054471602875
079.Belted_Kingfisher/Belted_Kingfisher_0006_70625.jpg,41.79098521577208
079.Belted_Kingfisher/Belted_Kingfisher_0107_70883.jpg,29.36595881080217
079.Belted_Kingfisher/Belted_Kingfisher_0112_70634.jpg,23.139156581820995
079.Belted_Kingfisher/Belted_Kingfisher_0015_70638.jpg,48.09243282583084
079.Belted_Kingfisher/Belted_Kingfisher_0027_70397.jpg,22.439341179126323
079.Belted_Kingfisher/Belted_Kingfisher_0014_70910.jpg,30.95369663893946
080.Green_Kingfisher/Green_Kingfisher_0046_71178.jpg,39.94195876703597
080.Green_Kingfisher/Green_Kingfisher_0093_71185.jpg,39.148934090995965
080.Green_Kingfisher/Green_Kingfisher_0060_66074.jpg,22.152854761065385
080.Green_Kingfisher/Green_Kingfisher_0043_71212.jpg,21.13277723616385
080.Green_Kingfisher/Green_Kingfisher_0017_70957.jpg,38.570583303796475
080.Green_Kingfisher/Green_Kingfisher_0074_71214.jpg,17.1416035740159
080.Green_Kingfisher/Green_Kingfisher_0003_70970.jpg,43.97512374957195
080.Green_Kingfisher/Green_Kingfisher_0028_70981.jpg,10.832890817697768
080.Green_Kingfisher/Green_Kingfisher_0057_71096.jpg,48.362430728015326
080.Green_Kingfisher/Green_Kingfisher_0021_71009.jpg,69.49969804993255
080.Green_Kingfisher/Green_Kingfisher_0079_71267.jpg,34.496461042850335
080.Green_Kingfisher/Green_Kingfisher_0026_71059.jpg,32.2865179972202
080.Green_Kingfisher/Green_Kingfisher_0092_71106.jpg,36.445128303263246
080.Green_Kingfisher/Green_Kingfisher_0013_71293.jpg,25.955081517632877
080.Green_Kingfisher/Green_Kingfisher_0009_70933.jpg,32.18378699126607
080.Green_Kingfisher/Green_Kingfisher_0006_71297.jpg,36.58819983629885
080.Green_Kingfisher/Green_Kingfisher_0015_71042.jpg,45.541918690300776
080.Green_Kingfisher/Green_Kingfisher_0002_71055.jpg,31.606572568263395
080.Green_Kingfisher/Green_Kingfisher_0053_71319.jpg,43.413870886425265
080.Green_Kingfisher/Green_Kingfisher_0045_71064.jpg,66.61576125124574
080.Green_Kingfisher/Green_Kingfisher_0089_71325.jpg,36.22651212606509
080.Green_Kingfisher/Green_Kingfisher_0034_71075.jpg,28.95435355125741
080.Green_Kingfisher/Green_Kingfisher_0088_71122.jpg,29.630255972538492
080.Green_Kingfisher/Green_Kingfisher_0077_71129.jpg,22.940818520487024
080.Green_Kingfisher/Green_Kingfisher_0070_71387.jpg,40.548425847688506
080.Green_Kingfisher/Green_Kingfisher_0035_71133.jpg,36.45881305282453
080.Green_Kingfisher/Green_Kingfisher_0001_71138.jpg,61.659559372778176
080.Green_Kingfisher/Green_Kingfisher_0039_71037.jpg,35.400171778715084
080.Green_Kingfisher/Green_Kingfisher_0036_71156.jpg,38.699291039378735
080.Green_Kingfisher/Green_Kingfisher_0007_71163.jpg,62.88552598898431
081.Pied_Kingfisher/Pied_Kingfisher_0132_72706.jpg,17.95158829984265
081.Pied_Kingfisher/Pied_Kingfisher_0002_71698.jpg,36.585859962504685
081.Pied_Kingfisher/Pied_Kingfisher_0028_72221.jpg,18.5992539542667
081.Pied_Kingfisher/Pied_Kingfisher_0053_72761.jpg,11.374988019696746
081.Pied_Kingfisher/Pied_Kingfisher_0036_72275.jpg,24.485907431540006
081.Pied_Kingfisher/Pied_Kingfisher_0068_72278.jpg,22.43158525952764
081.Pied_Kingfisher/Pied_Kingfisher_0054_72296.jpg,17.781012997243916
081.Pied_Kingfisher/Pied_Kingfisher_0015_72299.jpg,21.30392746667711
081.Pied_Kingfisher/Pied_Kingfisher_0032_71792.jpg,15.069509282081835
081.Pied_Kingfisher/Pied_Kingfisher_0031_71829.jpg,30.82372161093845
081.Pied_Kingfisher/Pied_Kingfisher_0102_72349.jpg,32.63320830833974
081.Pied_Kingfisher/Pied_Kingfisher_0065_71871.jpg,34.19821525830668
081.Pied_Kingfisher/Pied_Kingfisher_0047_72401.jpg,17.706437333918668
081.Pied_Kingfisher/Pied_Kingfisher_0097_71895.jpg,19.52425788978077
081.Pied_Kingfisher/Pied_Kingfisher_0116_71900.jpg,9.008064381881153
081.Pied_Kingfisher/Pied_Kingfisher_0027_71434.jpg,34.69058009218341
081.Pied_Kingfisher/Pied_Kingfisher_0117_71947.jpg,33.84803873297599
081.Pied_Kingfisher/Pied_Kingfisher_0025_72469.jpg,35.351497191827725
081.Pied_Kingfisher/Pied_Kingfisher_0059_72492.jpg,18.93739072353895
081.Pied_Kingfisher/Pied_Kingfisher_0078_71985.jpg,26.23601540305558
081.Pied_Kingfisher/Pied_Kingfisher_0021_72498.jpg,54.077933790227945
081.Pied_Kingfisher/Pied_Kingfisher_0095_72008.jpg,16.947302367370106
081.Pied_Kingfisher/Pied_Kingfisher_0030_72603.jpg,27.617435478948632
081.Pied_Kingfisher/Pied_Kingfisher_0013_72114.jpg,15.054609719074172
081.Pied_Kingfisher/Pied_Kingfisher_0118_72115.jpg,39.9223070946837
081.Pied_Kingfisher/Pied_Kingfisher_0004_72135.jpg,22.14510548323096
081.Pied_Kingfisher/Pied_Kingfisher_0067_71641.jpg,109.99412049677596
081.Pied_Kingfisher/Pied_Kingfisher_0045_71143.jpg,23.01929012257719
081.Pied_Kingfisher/Pied_Kingfisher_0018_71657.jpg,25.98120824952722
081.Pied_Kingfisher/Pied_Kingfisher_0085_71557.jpg,29.049947808612348
082.Ringed_Kingfisher/Ringed_Kingfisher_0079_72961.jpg,8.433279301769298
082.Ringed_Kingfisher/Ringed_Kingfisher_0012_72974.jpg,23.789070484931663
082.Ringed_Kingfisher/Ringed_Kingfisher_0033_73133.jpg,30.31905134395572
082.Ringed_Kingfisher/Ringed_Kingfisher_0107_72983.jpg,30.595026169627943
082.Ringed_Kingfisher/Ringed_Kingfisher_0075_73135.jpg,95.66935751608185
082.Ringed_Kingfisher/Ringed_Kingfisher_0003_72994.jpg,66.7782317707764
082.Ringed_Kingfisher/Ringed_Kingfisher_0051_72997.jpg,61.37234957449588
082.Ringed_Kingfisher/Ringed_Kingfisher_0035_73012.jpg,21.677319390647387
082.Ringed_Kingfisher/Ringed_Kingfisher_0038_73041.jpg,134.68891431593616
082.Ringed_Kingfisher/Ringed_Kingfisher_0009_72786.jpg,45.34586995019831
082.Ringed_Kingfisher/Ringed_Kingfisher_0001_73048.jpg,22.062953603956057
082.Ringed_Kingfisher/Ringed_Kingfisher_0087_72794.jpg,37.23109065248271
082.Ringed_Kingfisher/Ringed_Kingfisher_0025_72795.jpg,33.37209819055315
082.Ringed_Kingfisher/Ringed_Kingfisher_0083_73053.jpg,9.77428598660028
082.Ringed_Kingfisher/Ringed_Kingfisher_0078_72826.jpg,54.147025241980515
082.Ringed_Kingfisher/Ringed_Kingfisher_0005_73086.jpg,38.96035739685453
082.Ringed_Kingfisher/Ringed_Kingfisher_0091_72839.jpg,30.45293010785045
082.Ringed_Kingfisher/Ringed_Kingfisher_0040_72852.jpg,20.636454738279877
082.Ringed_Kingfisher/Ringed_Kingfisher_0073_73118.jpg,26.32680391024603
082.Ringed_Kingfisher/Ringed_Kingfisher_0074_73130.jpg,38.49711611974966
082.Ringed_Kingfisher/Ringed_Kingfisher_0060_73132.jpg,86.47683824938028
082.Ringed_Kingfisher/Ringed_Kingfisher_0043_72877.jpg,51.411198829264585
082.Ringed_Kingfisher/Ringed_Kingfisher_0020_72888.jpg,37.773329222689426
082.Ringed_Kingfisher/Ringed_Kingfisher_0023_72910.jpg,32.68944514827612
082.Ringed_Kingfisher/Ringed_Kingfisher_0101_72919.jpg,18.963381584016705
082.Ringed_Kingfisher/Ringed_Kingfisher_0080_72923.jpg,42.67336483847147
082.Ringed_Kingfisher/Ringed_Kingfisher_0102_72941.jpg,22.933082567514006
082.Ringed_Kingfisher/Ringed_Kingfisher_0089_72947.jpg,71.34865296978388
082.Ringed_Kingfisher/Ringed_Kingfisher_0072_72954.jpg,32.31652101317912
082.Ringed_Kingfisher/Ringed_Kingfisher_0018_72957.jpg,45.03084663253923
083.White_breasted_Kingfisher/White_Breasted_Kingfisher_0037_73220.jpg,50.31827542098985
083.White_breasted_Kingfisher/White_Breasted_Kingfisher_0098_73227.jpg,111.17330733776691
083.White_breasted_Kingfisher/White_Breasted_Kingfisher_0004_73741.jpg,62.405894085113154
083.White_breasted_Kingfisher/White_Breasted_Kingfisher_0023_73230.jpg,36.27573252955705
083.White_breasted_Kingfisher/White_Breasted_Kingfisher_0029_73233.jpg,33.48277045129128
083.White_breasted_Kingfisher/White_Breasted_Kingfisher_0071_73236.jpg,50.13587939453287
083.White_breasted_Kingfisher/White_Breasted_Kingfisher_0073_73498.jpg,33.32975080693314
083.White_breasted_Kingfisher/White_Breasted_Kingfisher_0047_73251.jpg,47.055264748877505
083.White_breasted_Kingfisher/White_Breasted_Kingfisher_0101_73261.jpg,53.47639480573532
083.White_breasted_Kingfisher/White_Breasted_Kingfisher_0040_73266.jpg,69.54038672972344
083.White_breasted_Kingfisher/White_Breasted_Kingfisher_0048_73292.jpg,69.52412997079463
083.White_breasted_Kingfisher/White_Breasted_Kingfisher_0116_73295.jpg,103.17614773493878
083.White_breasted_Kingfisher/White_Breasted_Kingfisher_0096_73552.jpg,34.62147564448001
083.White_breasted_Kingfisher/White_Breasted_Kingfisher_0067_73300.jpg,81.12372262279965
083.White_breasted_Kingfisher/White_Breasted_Kingfisher_0019_73306.jpg,39.98651907968055
083.White_breasted_Kingfisher/White_Breasted_Kingfisher_0030_73335.jpg,64.74169777766615
083.White_breasted_Kingfisher/White_Breasted_Kingfisher_0003_73195.jpg,26.79305860990752
083.White_breasted_Kingfisher/White_Breasted_Kingfisher_0045_73600.jpg,40.32836888185534
083.White_breasted_Kingfisher/White_Breasted_Kingfisher_0017_73355.jpg,84.95838757076383
083.White_breasted_Kingfisher/White_Breasted_Kingfisher_0063_73365.jpg,53.31869414415927
083.White_breasted_Kingfisher/White_Breasted_Kingfisher_0012_73367.jpg,72.45550109217423
083.White_breasted_Kingfisher/White_Breasted_Kingfisher_0111_73369.jpg,46.36497501221899
083.White_breasted_Kingfisher/White_Breasted_Kingfisher_0089_73371.jpg,66.6926136487736
083.White_breasted_Kingfisher/White_Breasted_Kingfisher_0065_73372.jpg,26.353204939732674
083.White_breasted_Kingfisher/White_Breasted_Kingfisher_0078_73373.jpg,32.31499847577639
083.White_breasted_Kingfisher/White_Breasted_Kingfisher_0104_73398.jpg,77.89132582371481
083.White_breasted_Kingfisher/White_Breasted_Kingfisher_0119_73401.jpg,44.771249962753714
083.White_breasted_Kingfisher/White_Breasted_Kingfisher_0050_73682.jpg,33.903030337403266
083.White_breasted_Kingfisher/White_Breasted_Kingfisher_0052_73446.jpg,61.46231677120618
083.White_breasted_Kingfisher/White_Breasted_Kingfisher_0015_73192.jpg,46.11579852779821
084.Red_legged_Kittiwake/Red_Legged_Kittiwake_0033_795395.jpg,14.554396769106164
084.Red_legged_Kittiwake/Red_Legged_Kittiwake_0050_795397.jpg,5.948027592486837
084.Red_legged_Kittiwake/Red_Legged_Kittiwake_0051_795404.jpg,17.284588189943133
084.Red_legged_Kittiwake/Red_Legged_Kittiwake_0013_795413.jpg,37.21534475039763
084.Red_legged_Kittiwake/Red_Legged_Kittiwake_0060_795414.jpg,25.119681448533758
084.Red_legged_Kittiwake/Red_Legged_Kittiwake_0043_795416.jpg,20.77814366354241
084.Red_legged_Kittiwake/Red_Legged_Kittiwake_0058_795417.jpg,17.46723739225181
084.Red_legged_Kittiwake/Red_Legged_Kittiwake_0059_795424.jpg,20.000877116275127
084.Red_legged_Kittiwake/Red_Legged_Kittiwake_0039_795429.jpg,19.46501453166904
084.Red_legged_Kittiwake/Red_Legged_Kittiwake_0014_795432.jpg,45.04564229229955
084.Red_legged_Kittiwake/Red_Legged_Kittiwake_0048_73770.jpg,6.232575357420409
084.Red_legged_Kittiwake/Red_Legged_Kittiwake_0020_795439.jpg,27.464383644029418
084.Red_legged_Kittiwake/Red_Legged_Kittiwake_0047_795445.jpg,20.175364588567277
084.Red_legged_Kittiwake/Red_Legged_Kittiwake_0028_795450.jpg,18.279031443689078
084.Red_legged_Kittiwake/Red_Legged_Kittiwake_0017_795451.jpg,13.183058258740886
084.Red_legged_Kittiwake/Red_Legged_Kittiwake_0040_795455.jpg,17.282147110629143
084.Red_legged_Kittiwake/Red_Legged_Kittiwake_0015_73792.jpg,51.52139660275445
084.Red_legged_Kittiwake/Red_Legged_Kittiwake_0042_795457.jpg,28.988526127800874
084.Red_legged_Kittiwake/Red_Legged_Kittiwake_0009_795459.jpg,9.110721395099842
084.Red_legged_Kittiwake/Red_Legged_Kittiwake_0037_73794.jpg,37.95382569582036
084.Red_legged_Kittiwake/Red_Legged_Kittiwake_0061_795420.jpg,15.68001703855124
084.Red_legged_Kittiwake/Red_Legged_Kittiwake_0003_795389.jpg,26.644389424337195
084.Red_legged_Kittiwake/Red_Legged_Kittiwake_0062_795434.jpg,14.730636674827705
085.Horned_Lark/Horned_Lark_0115_74271.jpg,18.833100094875807
085.Horned_Lark/Horned_Lark_0065_74279.jpg,13.058701257515636
085.Horned_Lark/Horned_Lark_0110_73826.jpg,26.52033351188421
085.Horned_Lark/Horned_Lark_0033_74344.jpg,16.310191907626205
085.Horned_Lark/Horned_Lark_0082_73833.jpg,42.67022408971733
085.Horned_Lark/Horned_Lark_0006_73836.jpg,24.24820402600572
085.Horned_Lark/Horned_Lark_0126_74354.jpg,19.28907586237643
085.Horned_Lark/Horned_Lark_0001_73835.jpg,25.49469174352935
085.Horned_Lark/Horned_Lark_0004_73861.jpg,44.742205501786394
085.Horned_Lark/Horned_Lark_0056_74896.jpg,31.51246384885618
085.Horned_Lark/Horned_Lark_0141_74396.jpg,40.55016951364155
085.Horned_Lark/Horned_Lark_0026_74910.jpg,36.855329484421176
085.Horned_Lark/Horned_Lark_0064_74864.jpg,18.866988344901078
085.Horned_Lark/Horned_Lark_0048_73894.jpg,23.13376170576287
085.Horned_Lark/Horned_Lark_0094_74407.jpg,22.108031480584806
085.Horned_Lark/Horned_Lark_0125_73910.jpg,26.6342844677031
085.Horned_Lark/Horned_Lark_0020_73914.jpg,24.414164980996432
085.Horned_Lark/Horned_Lark_0083_74444.jpg,27.134309849050517
085.Horned_Lark/Horned_Lark_0034_73940.jpg,23.5283414444535
085.Horned_Lark/Horned_Lark_0014_74963.jpg,22.260291160009817
085.Horned_Lark/Horned_Lark_0139_74492.jpg,19.947653908023085
085.Horned_Lark/Horned_Lark_0087_73989.jpg,15.969604896593005
085.Horned_Lark/Horned_Lark_0019_73996.jpg,34.35131051523355
085.Horned_Lark/Horned_Lark_0012_74511.jpg,16.060074202022353
085.Horned_Lark/Horned_Lark_0075_74126.jpg,24.644768277054162
085.Horned_Lark/Horned_Lark_0104_74142.jpg,21.904194085688932
085.Horned_Lark/Horned_Lark_0112_73971.jpg,14.846015677363326
085.Horned_Lark/Horned_Lark_0037_74696.jpg,16.5138926999483
085.Horned_Lark/Horned_Lark_0108_74193.jpg,21.929805079780614
085.Horned_Lark/Horned_Lark_0040_74214.jpg,24.47322457193168
086.Pacific_Loon/Pacific_Loon_0001_75521.jpg,7.466552720149899
086.Pacific_Loon/Pacific_Loon_0048_75524.jpg,13.918481280947919
086.Pacific_Loon/Pacific_Loon_0064_75532.jpg,20.952756017087896
086.Pacific_Loon/Pacific_Loon_0027_75542.jpg,25.00821158884459
086.Pacific_Loon/Pacific_Loon_0049_75780.jpg,23.703192646135975
086.Pacific_Loon/Pacific_Loon_0024_75555.jpg,33.31584348040173
086.Pacific_Loon/Pacific_Loon_0041_75782.jpg,25.096275189974286
086.Pacific_Loon/Pacific_Loon_0004_75815.jpg,11.333968759122062
086.Pacific_Loon/Pacific_Loon_0010_75818.jpg,21.82974310988005
086.Pacific_Loon/Pacific_Loon_0018_75564.jpg,14.673369062417354
086.Pacific_Loon/Pacific_Loon_0033_75571.jpg,38.065445535044226
086.Pacific_Loon/Pacific_Loon_0005_75829.jpg,19.241413191567844
086.Pacific_Loon/Pacific_Loon_0068_75836.jpg,44.6720067814643
086.Pacific_Loon/Pacific_Loon_0062_75587.jpg,19.487070150357724
086.Pacific_Loon/Pacific_Loon_0045_75589.jpg,22.555146245453898
086.Pacific_Loon/Pacific_Loon_0026_75593.jpg,9.414084577603987
086.Pacific_Loon/Pacific_Loon_0020_75596.jpg,16.777853924666577
086.Pacific_Loon/Pacific_Loon_0053_77673.jpg,9.908167050195
086.Pacific_Loon/Pacific_Loon_0042_75385.jpg,34.502346299152805
086.Pacific_Loon/Pacific_Loon_0050_75388.jpg,29.72450951652057
086.Pacific_Loon/Pacific_Loon_0047_75393.jpg,11.158025086089474
086.Pacific_Loon/Pacific_Loon_0040_75414.jpg,25.064551152797446
086.Pacific_Loon/Pacific_Loon_0008_75428.jpg,15.01087771810372
086.Pacific_Loon/Pacific_Loon_0032_75441.jpg,29.139202709040102
086.Pacific_Loon/Pacific_Loon_0003_75442.jpg,20.050211780702334
086.Pacific_Loon/Pacific_Loon_0069_75446.jpg,10.388438321502893
086.Pacific_Loon/Pacific_Loon_0059_75706.jpg,15.024969398849429
086.Pacific_Loon/Pacific_Loon_0044_75467.jpg,25.286781383860117
086.Pacific_Loon/Pacific_Loon_0043_75747.jpg,20.422366606716253
086.Pacific_Loon/Pacific_Loon_0002_75775.jpg,10.940938775018394
087.Mallard/Mallard_0131_76296.jpg,80.73863385643646
087.Mallard/Mallard_0016_76315.jpg,38.16109649892877
087.Mallard/Mallard_0044_76317.jpg,40.52819731097521
087.Mallard/Mallard_0130_76836.jpg,0.0
087.Mallard/Mallard_0115_76840.jpg,38.414190445311476
087.Mallard/Mallard_0128_77396.jpg,27.484873184577967
087.Mallard/Mallard_0038_76902.jpg,56.01952716670749
087.Mallard/Mallard_0033_76565.jpg,37.25163459466912
087.Mallard/Mallard_0064_76654.jpg,38.560734862948074
087.Mallard/Mallard_0024_75932.jpg,48.34031433224456
087.Mallard/Mallard_0048_76995.jpg,39.200875016044805
087.Mallard/Mallard_0107_76498.jpg,43.5969418539129
087.Mallard/Mallard_0028_76010.jpg,15.440358956019162
087.Mallard/Mallard_0043_77038.jpg,77.67603942317848
087.Mallard/Mallard_0112_77046.jpg,24.14550647440042
087.Mallard/Mallard_0083_77052.jpg,69.67568993189458
087.Mallard/Mallard_0106_77568.jpg,24.798459292635748
087.Mallard/Mallard_0089_77068.jpg,25.355756117857055
087.Mallard/Mallard_0070_77588.jpg,63.57178361507054
087.Mallard/Mallard_0035_77095.jpg,50.86053631084323
087.Mallard/Mallard_0109_76616.jpg,52.42915428795253
087.Mallard/Mallard_0045_77129.jpg,51.868587116651376
087.Mallard/Mallard_0067_77623.jpg,32.69331977355524
087.Mallard/Mallard_0087_77499.jpg,33.16160240904476
087.Mallard/Mallard_0006_77171.jpg,40.71045921866554
087.Mallard/Mallard_0046_76165.jpg,29.574908361367026
087.Mallard/Mallard_0138_76735.jpg,65.20865229690698
087.Mallard/Mallard_0078_76238.jpg,56.521779612190066
087.Mallard/Mallard_0081_76266.jpg,57.702772992565514
087.Mallard/Mallard_0004_76958.jpg,48.8096655135725
088.Western_Meadowlark/Western_Meadowlark_0034_78869.jpg,32.73870454530286
088.Western_Meadowlark/Western_Meadowlark_0060_78368.jpg,55.236652662559464
088.Western_Meadowlark/Western_Meadowlark_0116_77862.jpg,44.28583789999729
088.Western_Meadowlark/Western_Meadowlark_0032_78633.jpg,41.651573223763265
088.Western_Meadowlark/Western_Meadowlark_0086_78636.jpg,108.57152736162912
088.Western_Meadowlark/Western_Meadowlark_0019_77876.jpg,60.51771243446869
088.Western_Meadowlark/Western_Meadowlark_0018_77880.jpg,94.16015604020761
088.Western_Meadowlark/Western_Meadowlark_0115_77882.jpg,80.67821116114514
088.Western_Meadowlark/Western_Meadowlark_0099_78176.jpg,27.98169691943967
088.Western_Meadowlark/Western_Meadowlark_0121_78402.jpg,31.4974183850996
088.Western_Meadowlark/Western_Meadowlark_0022_78410.jpg,44.74619061584595
088.Western_Meadowlark/Western_Meadowlark_0108_78155.jpg,64.19682124297923
088.Western_Meadowlark/Western_Meadowlark_0096_77901.jpg,38.022280170845804
088.Western_Meadowlark/Western_Meadowlark_0111_78674.jpg,49.983200158682976
088.Western_Meadowlark/Western_Meadowlark_0014_78421.jpg,44.99561593418912
088.Western_Meadowlark/Western_Meadowlark_0107_78608.jpg,29.551241945428604
088.Western_Meadowlark/Western_Meadowlark_0026_78438.jpg,21.722170232150553
088.Western_Meadowlark/Western_Meadowlark_0033_78312.jpg,39.21316416710636
088.Western_Meadowlark/Western_Meadowlark_0083_78197.jpg,44.754785701031736
088.Western_Meadowlark/Western_Meadowlark_0063_77946.jpg,96.98794055885622
088.Western_Meadowlark/Western_Meadowlark_0028_78487.jpg,83.2653048460149
088.Western_Meadowlark/Western_Meadowlark_0101_78899.jpg,61.287871986335745
088.Western_Meadowlark/Western_Meadowlark_0103_78500.jpg,55.70868080769441
088.Western_Meadowlark/Western_Meadowlark_0037_77759.jpg,39.48989819497675
088.Western_Meadowlark/Western_Meadowlark_0067_78529.jpg,19.3362245796522
088.Western_Meadowlark/Western_Meadowlark_0064_78027.jpg,49.252621283956444
088.Western_Meadowlark/Western_Meadowlark_0100_78037.jpg,49.49116302451388
088.Western_Meadowlark/Western_Meadowlark_0029_78832.jpg,51.73369330936016
088.Western_Meadowlark/Western_Meadowlark_0091_78576.jpg,40.08530041028571
088.Western_Meadowlark/Western_Meadowlark_0076_77811.jpg,43.365070687705554
089.Hooded_Merganser/Hooded_Merganser_0056_79112.jpg,80.22918676183944
089.Hooded_Merganser/Hooded_Merganser_0022_79153.jpg,23.711668233530627
089.Hooded_Merganser/Hooded_Merganser_0037_796731.jpg,53.13131085859442
089.Hooded_Merganser/Hooded_Merganser_0007_79157.jpg,19.72793606830017
089.Hooded_Merganser/Hooded_Merganser_0012_796748.jpg,11.123891984489674
089.Hooded_Merganser/Hooded_Merganser_0048_796749.jpg,24.854561618904683
089.Hooded_Merganser/Hooded_Merganser_0076_796756.jpg,60.13686698127822
089.Hooded_Merganser/Hooded_Merganser_0074_796757.jpg,23.780822918253683
089.Hooded_Merganser/Hooded_Merganser_0071_796760.jpg,24.398773328102052
089.Hooded_Merganser/Hooded_Merganser_0046_796764.jpg,20.04797938545811
089.Hooded_Merganser/Hooded_Merganser_0086_796780.jpg,37.202201723039316
089.Hooded_Merganser/Hooded_Merganser_0002_796781.jpg,24.187742837360027
089.Hooded_Merganser/Hooded_Merganser_0026_796782.jpg,34.59865628403267
089.Hooded_Merganser/Hooded_Merganser_0047_78962.jpg,17.982579196250498
089.Hooded_Merganser/Hooded_Merganser_0087_78972.jpg,20.804751707139438
089.Hooded_Merganser/Hooded_Merganser_0018_78979.jpg,19.915520778158832
089.Hooded_Merganser/Hooded_Merganser_0092_78989.jpg,18.726099656852835
089.Hooded_Merganser/Hooded_Merganser_0025_78996.jpg,30.172090058829184
089.Hooded_Merganser/Hooded_Merganser_0062_78998.jpg,39.15291359100663
089.Hooded_Merganser/Hooded_Merganser_0043_796783.jpg,20.30559445171187
089.Hooded_Merganser/Hooded_Merganser_0009_79012.jpg,18.935028740212026
089.Hooded_Merganser/Hooded_Merganser_0010_796785.jpg,35.804026274536334
089.Hooded_Merganser/Hooded_Merganser_0094_796786.jpg,36.878106272419124
089.Hooded_Merganser/Hooded_Merganser_0016_79079.jpg,36.547018801163375
089.Hooded_Merganser/Hooded_Merganser_0064_79040.jpg,29.27852093979219
089.Hooded_Merganser/Hooded_Merganser_0020_79046.jpg,28.716734094728018
089.Hooded_Merganser/Hooded_Merganser_0068_79057.jpg,21.870445342525233
089.Hooded_Merganser/Hooded_Merganser_0028_79061.jpg,55.80661618187844
089.Hooded_Merganser/Hooded_Merganser_0063_79064.jpg,45.946342503110486
089.Hooded_Merganser/Hooded_Merganser_0072_78973.jpg,14.172188363295122
090.Red_breasted_Merganser/Red_Breasted_Merganser_0031_79372.jpg,43.61746532343648
090.Red_breasted_Merganser/Red_Breasted_Merganser_0043_79295.jpg,43.348741852979046
090.Red_breasted_Merganser/Red_Breasted_Merganser_0030_79411.jpg,34.491051320084594
090.Red_breasted_Merganser/Red_Breasted_Merganser_0067_79167.jpg,14.22450014063931
090.Red_breasted_Merganser/Red_Breasted_Merganser_0012_79425.jpg,67.58615699012789
090.Red_breasted_Merganser/Red_Breasted_Merganser_0052_79178.jpg,48.03368278221738
090.Red_breasted_Merganser/Red_Breasted_Merganser_0077_79180.jpg,28.496506914020006
090.Red_breasted_Merganser/Red_Breasted_Merganser_0042_79202.jpg,32.41619791157974
090.Red_breasted_Merganser/Red_Breasted_Merganser_0061_79453.jpg,14.85545736907349
090.Red_breasted_Merganser/Red_Breasted_Merganser_0001_79199.jpg,14.188952763222222
090.Red_breasted_Merganser/Red_Breasted_Merganser_0035_79200.jpg,27.703500819311316
090.Red_breasted_Merganser/Red_Breasted_Merganser_0008_79458.jpg,25.97824467786615
090.Red_breasted_Merganser/Red_Breasted_Merganser_0068_79203.jpg,31.189896600164225
090.Red_breasted_Merganser/Red_Breasted_Merganser_0069_79204.jpg,46.7373396986134
090.Red_breasted_Merganser/Red_Breasted_Merganser_0014_79205.jpg,34.922911465419794
090.Red_breasted_Merganser/Red_Breasted_Merganser_0082_79214.jpg,52.096961092663896
090.Red_breasted_Merganser/Red_Breasted_Merganser_0051_79474.jpg,40.70465298670211
090.Red_breasted_Merganser/Red_Breasted_Merganser_0024_79483.jpg,46.997045147279145
090.Red_breasted_Merganser/Red_Breasted_Merganser_0004_79232.jpg,41.78478737602228
090.Red_breasted_Merganser/Red_Breasted_Merganser_0079_79519.jpg,27.751707733966587
090.Red_breasted_Merganser/Red_Breasted_Merganser_0066_79275.jpg,49.13661893007907
090.Red_breasted_Merganser/Red_Breasted_Merganser_0027_79284.jpg,53.65293803110322
090.Red_breasted_Merganser/Red_Breasted_Merganser_0034_79292.jpg,37.4411656120498
090.Red_breasted_Merganser/Red_Breasted_Merganser_0083_79562.jpg,22.378406429603974
090.Red_breasted_Merganser/Red_Breasted_Merganser_0064_79563.jpg,39.464177046488615
090.Red_breasted_Merganser/Red_Breasted_Merganser_0070_79570.jpg,49.39623088140668
090.Red_breasted_Merganser/Red_Breasted_Merganser_0041_79574.jpg,38.826874337920025
090.Red_breasted_Merganser/Red_Breasted_Merganser_0009_79576.jpg,44.63623646729467
090.Red_breasted_Merganser/Red_Breasted_Merganser_0056_79348.jpg,54.7728826495333
090.Red_breasted_Merganser/Red_Breasted_Merganser_0045_79358.jpg,30.832552046699732
091.Mockingbird/Mockingbird_0030_79876.jpg,43.06524854675949
091.Mockingbird/Mockingbird_0006_79819.jpg,16.863621376489
091.Mockingbird/Mockingbird_0095_81177.jpg,37.05894794669403
091.Mockingbird/Mockingbird_0084_80670.jpg,32.40433449236671
091.Mockingbird/Mockingbird_0018_81183.jpg,20.77058615118242
091.Mockingbird/Mockingbird_0054_81703.jpg,17.62631126402236
091.Mockingbird/Mockingbird_0078_80426.jpg,7.841381768664985
091.Mockingbird/Mockingbird_0076_79934.jpg,44.63221112530983
091.Mockingbird/Mockingbird_0025_79935.jpg,19.55490736619621
091.Mockingbird/Mockingbird_0012_81216.jpg,32.626469872611324
091.Mockingbird/Mockingbird_0027_80980.jpg,24.027563603808094
091.Mockingbird/Mockingbird_0013_82010.jpg,28.672729220086328
091.Mockingbird/Mockingbird_0060_79972.jpg,29.761674550368035
091.Mockingbird/Mockingbird_0026_81214.jpg,36.52783577954433
091.Mockingbird/Mockingbird_0042_81728.jpg,34.40379568913009
091.Mockingbird/Mockingbird_0067_79723.jpg,42.53858631635287
091.Mockingbird/Mockingbird_0040_79680.jpg,101.9920072221462
091.Mockingbird/Mockingbird_0022_80552.jpg,36.604673427406254
091.Mockingbird/Mockingbird_0064_81068.jpg,34.902046311429224
091.Mockingbird/Mockingbird_0082_80570.jpg,45.207488712642494
091.Mockingbird/Mockingbird_0003_80833.jpg,38.36465436219858
091.Mockingbird/Mockingbird_0001_79812.jpg,24.421207636365665
091.Mockingbird/Mockingbird_0021_80343.jpg,30.14196455953927
091.Mockingbird/Mockingbird_0089_80601.jpg,25.772472913551567
091.Mockingbird/Mockingbird_0098_81117.jpg,77.80530937411686
091.Mockingbird/Mockingbird_0071_80357.jpg,23.050816831293854
091.Mockingbird/Mockingbird_0009_81130.jpg,31.857783474250496
091.Mockingbird/Mockingbird_0051_79599.jpg,16.947693681235023
091.Mockingbird/Mockingbird_0016_79605.jpg,17.524608228047338
091.Mockingbird/Mockingbird_0023_80121.jpg,43.61752170969396
092.Nighthawk/Nighthawk_0078_795340.jpg,41.61452048097456
092.Nighthawk/Nighthawk_0016_84490.jpg,14.39629347543336
092.Nighthawk/Nighthawk_0017_84237.jpg,32.30722339687761
092.Nighthawk/Nighthawk_0064_82196.jpg,24.71512838100832
092.Nighthawk/Nighthawk_0029_83733.jpg,15.396431315128975
092.Nighthawk/Nighthawk_0084_84510.jpg,24.06468984805917
092.Nighthawk/Nighthawk_0088_82225.jpg,24.591879965966186
092.Nighthawk/Nighthawk_0059_82741.jpg,88.391115675723
092.Nighthawk/Nighthawk_0066_82238.jpg,35.19760676285104
092.Nighthawk/Nighthawk_0024_83519.jpg,45.28991900998283
092.Nighthawk/Nighthawk_0062_84573.jpg,16.219600668265343
092.Nighthawk/Nighthawk_0087_82280.jpg,48.160064176560155
092.Nighthawk/Nighthawk_0005_84594.jpg,44.59221192147915
092.Nighthawk/Nighthawk_0042_83603.jpg,13.872400515971117
092.Nighthawk/Nighthawk_0025_82808.jpg,62.37293979195681
092.Nighthawk/Nighthawk_0021_82562.jpg,21.156413810395012
092.Nighthawk/Nighthawk_0047_82820.jpg,49.4547023819187
092.Nighthawk/Nighthawk_0020_83869.jpg,26.475843725098773
092.Nighthawk/Nighthawk_0026_83911.jpg,30.30984737110525
092.Nighthawk/Nighthawk_0031_83636.jpg,15.328849484060608
092.Nighthawk/Nighthawk_0069_82613.jpg,25.401401941384552
092.Nighthawk/Nighthawk_0048_83648.jpg,15.916615198788334
092.Nighthawk/Nighthawk_0072_795336.jpg,47.20609864824201
092.Nighthawk/Nighthawk_0054_795337.jpg,66.07852344705753
092.Nighthawk/Nighthawk_0028_82636.jpg,55.68264570778628
092.Nighthawk/Nighthawk_0065_82895.jpg,17.210660215532602
092.Nighthawk/Nighthawk_0053_84436.jpg,15.478051332132985
092.Nighthawk/Nighthawk_0013_83670.jpg,27.356062040140884
092.Nighthawk/Nighthawk_0007_83419.jpg,28.687771132061556
092.Nighthawk/Nighthawk_0070_82676.jpg,30.425505980964076
093.Clark_Nutcracker/Clark_Nutcracker_0096_84996.jpg,25.37674807782097
093.Clark_Nutcracker/Clark_Nutcracker_0089_85004.jpg,39.36459781634523
093.Clark_Nutcracker/Clark_Nutcracker_0104_85531.jpg,28.427420908849182
093.Clark_Nutcracker/Clark_Nutcracker_0134_85534.jpg,20.99921833686572
093.Clark_Nutcracker/Clark_Nutcracker_0076_85083.jpg,32.176230079351335
093.Clark_Nutcracker/Clark_Nutcracker_0102_85089.jpg,43.68763739854714
093.Clark_Nutcracker/Clark_Nutcracker_0090_85116.jpg,23.2712517696646
093.Clark_Nutcracker/Clark_Nutcracker_0126_85134.jpg,29.481830112113805
093.Clark_Nutcracker/Clark_Nutcracker_0107_85662.jpg,19.53508286854037
093.Clark_Nutcracker/Clark_Nutcracker_0018_85166.jpg,20.870162365609644
093.Clark_Nutcracker/Clark_Nutcracker_0131_85701.jpg,4.929276990705698
093.Clark_Nutcracker/Clark_Nutcracker_0005_85190.jpg,12.15925400690607
093.Clark_Nutcracker/Clark_Nutcracker_0099_85717.jpg,20.502035213998834
093.Clark_Nutcracker/Clark_Nutcracker_0024_85718.jpg,22.3415457189299
093.Clark_Nutcracker/Clark_Nutcracker_0072_85742.jpg,41.11885581620119
093.Clark_Nutcracker/Clark_Nutcracker_0047_85630.jpg,17.955162817223023
093.Clark_Nutcracker/Clark_Nutcracker_0027_85266.jpg,22.518978469903736
093.Clark_Nutcracker/Clark_Nutcracker_0110_85217.jpg,15.513114029985376
093.Clark_Nutcracker/Clark_Nutcracker_0093_84809.jpg,12.631255214007554
093.Clark_Nutcracker/Clark_Nutcracker_0142_85322.jpg,8.97311526139121
093.Clark_Nutcracker/Clark_Nutcracker_0033_85358.jpg,21.64493128872096
093.Clark_Nutcracker/Clark_Nutcracker_0043_84853.jpg,92.01942385342558
093.Clark_Nutcracker/Clark_Nutcracker_0106_84856.jpg,9.697474765221882
093.Clark_Nutcracker/Clark_Nutcracker_0014_85386.jpg,40.463006115272776
093.Clark_Nutcracker/Clark_Nutcracker_0078_85416.jpg,33.96252150909737
093.Clark_Nutcracker/Clark_Nutcracker_0116_84807.jpg,9.166796120535627
093.Clark_Nutcracker/Clark_Nutcracker_0121_85435.jpg,27.91073539689119
093.Clark_Nutcracker/Clark_Nutcracker_0139_84942.jpg,55.314981596711924
093.Clark_Nutcracker/Clark_Nutcracker_0051_84950.jpg,35.74482680691393
093.Clark_Nutcracker/Clark_Nutcracker_0113_85587.jpg,10.790815570382271
094.White_breasted_Nuthatch/White_Breasted_Nuthatch_0092_86016.jpg,31.487531057205054
094.White_breasted_Nuthatch/White_Breasted_Nuthatch_0014_86023.jpg,18.3767550244391
094.White_breasted_Nuthatch/White_Breasted_Nuthatch_0003_86029.jpg,41.17271528225504
094.White_breasted_Nuthatch/White_Breasted_Nuthatch_0060_86031.jpg,19.523052501865386
094.White_breasted_Nuthatch/White_Breasted_Nuthatch_0110_86038.jpg,18.947960451638252
094.White_breasted_Nuthatch/White_Breasted_Nuthatch_0086_86553.jpg,24.77723071391453
094.White_breasted_Nuthatch/White_Breasted_Nuthatch_0018_85937.jpg,16.700721405191036
094.White_breasted_Nuthatch/White_Breasted_Nuthatch_0113_86057.jpg,37.00140990369336
094.White_breasted_Nuthatch/White_Breasted_Nuthatch_0063_86573.jpg,21.04025241681159
094.White_breasted_Nuthatch/White_Breasted_Nuthatch_0020_86143.jpg,22.5367941971364
094.White_breasted_Nuthatch/White_Breasted_Nuthatch_0119_86182.jpg,20.488929426676506
094.White_breasted_Nuthatch/White_Breasted_Nuthatch_0101_86708.jpg,28.08708697733649
094.White_breasted_Nuthatch/White_Breasted_Nuthatch_0024_86200.jpg,43.565166729045785
094.White_breasted_Nuthatch/White_Breasted_Nuthatch_0129_86761.jpg,34.288398239724835
094.White_breasted_Nuthatch/White_Breasted_Nuthatch_0075_86289.jpg,40.3402364198789
094.White_breasted_Nuthatch/White_Breasted_Nuthatch_0010_85783.jpg,29.709140741036897
094.White_breasted_Nuthatch/White_Breasted_Nuthatch_0108_86308.jpg,19.09395316422687
094.White_breasted_Nuthatch/White_Breasted_Nuthatch_0076_85801.jpg,17.595651368961768
094.White_breasted_Nuthatch/White_Breasted_Nuthatch_0050_85815.jpg,30.609835598064034
094.White_breasted_Nuthatch/White_Breasted_Nuthatch_0030_85823.jpg,20.944902048031793
094.White_breasted_Nuthatch/White_Breasted_Nuthatch_0090_86856.jpg,25.978051335300197
094.White_breasted_Nuthatch/White_Breasted_Nuthatch_0059_85903.jpg,31.317165426953764
094.White_breasted_Nuthatch/White_Breasted_Nuthatch_0132_86876.jpg,24.13100282263024
094.White_breasted_Nuthatch/White_Breasted_Nuthatch_0120_85890.jpg,18.648561703616398
094.White_breasted_Nuthatch/White_Breasted_Nuthatch_0070_85983.jpg,15.201687172820646
094.White_breasted_Nuthatch/White_Breasted_Nuthatch_0078_85828.jpg,30.193452796122102
094.White_breasted_Nuthatch/White_Breasted_Nuthatch_0082_86435.jpg,31.648704840675954
094.White_breasted_Nuthatch/White_Breasted_Nuthatch_0004_86969.jpg,15.525742280470205
094.White_breasted_Nuthatch/White_Breasted_Nuthatch_0103_86470.jpg,30.129412531861696
094.White_breasted_Nuthatch/White_Breasted_Nuthatch_0042_86488.jpg,30.78334836644084
095.Baltimore_Oriole/Baltimore_Oriole_0127_87560.jpg,60.6160743047337
095.Baltimore_Oriole/Baltimore_Oriole_0090_87054.jpg,56.18152482591524
095.Baltimore_Oriole/Baltimore_Oriole_0060_89616.jpg,93.75421626071679
095.Baltimore_Oriole/Baltimore_Oriole_0108_87576.jpg,82.54546719042573
095.Baltimore_Oriole/Baltimore_Oriole_0126_89651.jpg,47.61006309191268
095.Baltimore_Oriole/Baltimore_Oriole_0047_89686.jpg,54.685305528533725
095.Baltimore_Oriole/Baltimore_Oriole_0076_89705.jpg,59.03133116007736
095.Baltimore_Oriole/Baltimore_Oriole_0083_89712.jpg,44.546202530183194
095.Baltimore_Oriole/Baltimore_Oriole_0019_88186.jpg,76.55770307844269
095.Baltimore_Oriole/Baltimore_Oriole_0087_89726.jpg,87.30765559752199
095.Baltimore_Oriole/Baltimore_Oriole_0073_87187.jpg,117.43467861393012
095.Baltimore_Oriole/Baltimore_Oriole_0074_87214.jpg,74.24750978356575
095.Baltimore_Oriole/Baltimore_Oriole_0042_87216.jpg,77.21478675718937
095.Baltimore_Oriole/Baltimore_Oriole_0051_89722.jpg,61.55432048011978
095.Baltimore_Oriole/Baltimore_Oriole_0054_89825.jpg,72.43507634062662
095.Baltimore_Oriole/Baltimore_Oriole_0018_87782.jpg,63.46731044199217
095.Baltimore_Oriole/Baltimore_Oriole_0037_87337.jpg,67.46207183262133
095.Baltimore_Oriole/Baltimore_Oriole_0058_87296.jpg,86.91053859758706
095.Baltimore_Oriole/Baltimore_Oriole_0065_87303.jpg,82.82192853998703
095.Baltimore_Oriole/Baltimore_Oriole_0114_89873.jpg,110.75114723793378
095.Baltimore_Oriole/Baltimore_Oriole_0016_89885.jpg,79.54755658967476
095.Baltimore_Oriole/Baltimore_Oriole_0082_87838.jpg,70.27463167151186
095.Baltimore_Oriole/Baltimore_Oriole_0056_88355.jpg,74.94332232665064
095.Baltimore_Oriole/Baltimore_Oriole_0086_88375.jpg,60.555967018695746
095.Baltimore_Oriole/Baltimore_Oriole_0041_87367.jpg,70.70037713138454
095.Baltimore_Oriole/Baltimore_Oriole_0006_89935.jpg,95.61521911500103
095.Baltimore_Oriole/Baltimore_Oriole_0066_87380.jpg,48.5897598607877
095.Baltimore_Oriole/Baltimore_Oriole_0109_87398.jpg,74.55683660972478
095.Baltimore_Oriole/Baltimore_Oriole_0125_88450.jpg,81.84347763354198
095.Baltimore_Oriole/Baltimore_Oriole_0112_87447.jpg,43.29398242524443
096.Hooded_Oriole/Hooded_Oriole_0008_90118.jpg,45.1701824589081
096.Hooded_Oriole/Hooded_Oriole_0047_90637.jpg,88.84696042137232
096.Hooded_Oriole/Hooded_Oriole_0037_91156.jpg,78.12473412584785
096.Hooded_Oriole/Hooded_Oriole_0024_90157.jpg,52.79616157552195
096.Hooded_Oriole/Hooded_Oriole_0006_90685.jpg,48.585689412022624
096.Hooded_Oriole/Hooded_Oriole_0034_90686.jpg,64.06992302616072
096.Hooded_Oriole/Hooded_Oriole_0127_90200.jpg,76.0419007045408
096.Hooded_Oriole/Hooded_Oriole_0048_89957.jpg,84.7729674567459
096.Hooded_Oriole/Hooded_Oriole_0041_90218.jpg,40.44428894606422
096.Hooded_Oriole/Hooded_Oriole_0056_89966.jpg,47.875830614945045
096.Hooded_Oriole/Hooded_Oriole_0072_90298.jpg,82.62712635631341
096.Hooded_Oriole/Hooded_Oriole_0095_90337.jpg,62.213935389097756
096.Hooded_Oriole/Hooded_Oriole_0088_90356.jpg,82.08840526605205
096.Hooded_Oriole/Hooded_Oriole_0105_90875.jpg,47.99750327261382
096.Hooded_Oriole/Hooded_Oriole_0077_90886.jpg,79.461663030411
096.Hooded_Oriole/Hooded_Oriole_0010_90413.jpg,85.27106605942896
096.Hooded_Oriole/Hooded_Oriole_0045_90415.jpg,92.0964177382584
096.Hooded_Oriole/Hooded_Oriole_0129_90441.jpg,73.50493884299914
096.Hooded_Oriole/Hooded_Oriole_0063_90976.jpg,64.51428662861204
096.Hooded_Oriole/Hooded_Oriole_0029_90485.jpg,79.58868804974013
096.Hooded_Oriole/Hooded_Oriole_0107_89985.jpg,65.19848068518002
096.Hooded_Oriole/Hooded_Oriole_0014_90594.jpg,84.53010036482719
096.Hooded_Oriole/Hooded_Oriole_0002_91034.jpg,108.45699564953891
096.Hooded_Oriole/Hooded_Oriole_0004_91057.jpg,70.94183863602512
096.Hooded_Oriole/Hooded_Oriole_0087_90037.jpg,72.25505249141145
096.Hooded_Oriole/Hooded_Oriole_0082_90045.jpg,88.01929323498152
096.Hooded_Oriole/Hooded_Oriole_0044_90082.jpg,75.28057969312917
096.Hooded_Oriole/Hooded_Oriole_0062_90089.jpg,97.42011966116934
096.Hooded_Oriole/Hooded_Oriole_0084_90607.jpg,82.54781091984589
096.Hooded_Oriole/Hooded_Oriole_0007_91133.jpg,71.56143986103555
097.Orchard_Oriole/Orchard_Oriole_0077_91651.jpg,70.74755152111685
097.Orchard_Oriole/Orchard_Oriole_0065_91397.jpg,62.32442202307379
097.Orchard_Oriole/Orchard_Oriole_0085_91411.jpg,64.22919952377877
097.Orchard_Oriole/Orchard_Oriole_0114_91412.jpg,103.01448273873567
097.Orchard_Oriole/Orchard_Oriole_0054_91414.jpg,28.96094501513894
097.Orchard_Oriole/Orchard_Oriole_0013_91945.jpg,43.49285168507984
097.Orchard_Oriole/Orchard_Oriole_0105_91186.jpg,54.45974320751817
097.Orchard_Oriole/Orchard_Oriole_0026_91444.jpg,40.23001726628768
097.Orchard_Oriole/Orchard_Oriole_0045_91205.jpg,70.26988519790858
097.Orchard_Oriole/Orchard_Oriole_0074_91979.jpg,64.91646568606352
097.Orchard_Oriole/Orchard_Oriole_0107_91472.jpg,51.02723751570183
097.Orchard_Oriole/Orchard_Oriole_0113_88407.jpg,55.850428185515355
097.Orchard_Oriole/Orchard_Oriole_0101_91233.jpg,30.848805141910805
097.Orchard_Oriole/Orchard_Oriole_0093_92020.jpg,54.39947026038213
097.Orchard_Oriole/Orchard_Oriole_0041_91258.jpg,24.78360455773621
097.Orchard_Oriole/Orchard_Oriole_0055_91515.jpg,63.50432965374903
097.Orchard_Oriole/Orchard_Oriole_0027_91265.jpg,50.11719049191016
097.Orchard_Oriole/Orchard_Oriole_0076_91527.jpg,52.69201821058822
097.Orchard_Oriole/Orchard_Oriole_0108_91530.jpg,53.690346407424414
097.Orchard_Oriole/Orchard_Oriole_0106_91830.jpg,87.4875797223598
097.Orchard_Oriole/Orchard_Oriole_0060_91536.jpg,50.10981373017807
097.Orchard_Oriole/Orchard_Oriole_0017_91801.jpg,58.08927691896944
097.Orchard_Oriole/Orchard_Oriole_0036_91818.jpg,47.51971518559197
097.Orchard_Oriole/Orchard_Oriole_0058_91819.jpg,53.890573322224235
097.Orchard_Oriole/Orchard_Oriole_0088_92086.jpg,59.539105855706985
097.Orchard_Oriole/Orchard_Oriole_0030_91612.jpg,53.296708765314904
097.Orchard_Oriole/Orchard_Oriole_0018_91601.jpg,30.230906631131774
097.Orchard_Oriole/Orchard_Oriole_0070_91383.jpg,70.99246929640458
097.Orchard_Oriole/Orchard_Oriole_0021_91644.jpg,48.5838963106322
098.Scott_Oriole/Scott_Oriole_0015_795862.jpg,90.56805581608904
098.Scott_Oriole/Scott_Oriole_0007_92439.jpg,39.272045739027355
098.Scott_Oriole/Scott_Oriole_0052_92440.jpg,33.31626335826961
098.Scott_Oriole/Scott_Oriole_0079_92248.jpg,65.12010395647641
098.Scott_Oriole/Scott_Oriole_0044_92262.jpg,70.38997438313413
098.Scott_Oriole/Scott_Oriole_0028_92270.jpg,65.50394569481088
098.Scott_Oriole/Scott_Oriole_0054_92310.jpg,43.44554999346077
098.Scott_Oriole/Scott_Oriole_0053_795805.jpg,56.3793497044313
098.Scott_Oriole/Scott_Oriole_0070_795808.jpg,59.56305820422157
098.Scott_Oriole/Scott_Oriole_0063_795812.jpg,68.39511965615452
098.Scott_Oriole/Scott_Oriole_0034_795813.jpg,27.912621245445898
098.Scott_Oriole/Scott_Oriole_0038_795818.jpg,68.44530170762846
098.Scott_Oriole/Scott_Oriole_0065_795819.jpg,110.43235124026488
098.Scott_Oriole/Scott_Oriole_0072_795822.jpg,58.00453312059159
098.Scott_Oriole/Scott_Oriole_0055_795825.jpg,64.98620008141583
098.Scott_Oriole/Scott_Oriole_0014_795827.jpg,45.53169106842496
098.Scott_Oriole/Scott_Oriole_0002_795829.jpg,63.571707658969856
098.Scott_Oriole/Scott_Oriole_0017_795832.jpg,60.32626801470636
098.Scott_Oriole/Scott_Oriole_0011_795836.jpg,29.192066882582797
098.Scott_Oriole/Scott_Oriole_0018_795840.jpg,104.12464465586396
098.Scott_Oriole/Scott_Oriole_0029_795846.jpg,74.0781712871808
098.Scott_Oriole/Scott_Oriole_0071_795848.jpg,61.094669977880514
098.Scott_Oriole/Scott_Oriole_0035_795851.jpg,54.671762737278314
098.Scott_Oriole/Scott_Oriole_0010_795852.jpg,59.340381795457404
098.Scott_Oriole/Scott_Oriole_0073_92369.jpg,53.57248731573671
098.Scott_Oriole/Scott_Oriole_0046_92371.jpg,51.901515603718146
098.Scott_Oriole/Scott_Oriole_0084_795860.jpg,78.73241941995141
098.Scott_Oriole/Scott_Oriole_0081_92374.jpg,49.037236612961046
098.Scott_Oriole/Scott_Oriole_0036_795850.jpg,51.02364100196259
098.Scott_Oriole/Scott_Oriole_0057_795856.jpg,63.64007744658922
099.Ovenbird/Ovenbird_0108_92675.jpg,16.55410730106489
099.Ovenbird/Ovenbird_0047_93203.jpg,42.499327939917855
099.Ovenbird/Ovenbird_0019_92699.jpg,35.202672767859504
099.Ovenbird/Ovenbird_0093_92705.jpg,25.169984966171818
099.Ovenbird/Ovenbird_0033_93232.jpg,25.25184037318646
099.Ovenbird/Ovenbird_0089_93234.jpg,23.55593785654348
099.Ovenbird/Ovenbird_0012_92778.jpg,39.91641589768254
099.Ovenbird/Ovenbird_0095_92796.jpg,29.535790461724467
099.Ovenbird/Ovenbird_0044_92828.jpg,46.536768431778476
099.Ovenbird/Ovenbird_0026_92850.jpg,29.896583148832434
099.Ovenbird/Ovenbird_0043_93374.jpg,38.93958035039957
099.Ovenbird/Ovenbird_0048_92876.jpg,25.67552271511959
099.Ovenbird/Ovenbird_0009_93395.jpg,15.263407514335757
099.Ovenbird/Ovenbird_0084_92901.jpg,72.15418908956767
099.Ovenbird/Ovenbird_0092_93416.jpg,29.709843512635228
099.Ovenbird/Ovenbird_0099_93148.jpg,28.151777068299005
099.Ovenbird/Ovenbird_0053_92462.jpg,10.001193993239468
099.Ovenbird/Ovenbird_0122_92993.jpg,38.799125117254356
099.Ovenbird/Ovenbird_0015_93037.jpg,11.79007068357082
099.Ovenbird/Ovenbird_0023_92534.jpg,37.04685579686155
099.Ovenbird/Ovenbird_0020_93049.jpg,31.65275477175713
099.Ovenbird/Ovenbird_0131_92559.jpg,34.58273929630914
099.Ovenbird/Ovenbird_0083_92561.jpg,35.48277305327677
099.Ovenbird/Ovenbird_0058_93078.jpg,35.9177018883946
099.Ovenbird/Ovenbird_0094_92577.jpg,28.7920346477366
099.Ovenbird/Ovenbird_0101_93104.jpg,28.604051620275946
099.Ovenbird/Ovenbird_0126_92602.jpg,38.943056548925625
099.Ovenbird/Ovenbird_0081_93115.jpg,25.275610063875934
099.Ovenbird/Ovenbird_0079_92610.jpg,31.54112746359748
099.Ovenbird/Ovenbird_0070_93140.jpg,43.908103324415094
100.Brown_Pelican/Brown_Pelican_0127_93700.jpg,48.34496264976753
100.Brown_Pelican/Brown_Pelican_0041_93720.jpg,28.522643067843514
100.Brown_Pelican/Brown_Pelican_0102_93727.jpg,43.77106174745089
100.Brown_Pelican/Brown_Pelican_0115_93731.jpg,12.878820775869636
100.Brown_Pelican/Brown_Pelican_0009_94256.jpg,57.88634701868031
100.Brown_Pelican/Brown_Pelican_0002_94773.jpg,23.40150577698735
100.Brown_Pelican/Brown_Pelican_0110_93622.jpg,84.92757341292878
100.Brown_Pelican/Brown_Pelican_0097_93767.jpg,17.45533996839433
100.Brown_Pelican/Brown_Pelican_0095_94290.jpg,23.094785435237494
100.Brown_Pelican/Brown_Pelican_0073_94823.jpg,24.451474042067606
100.Brown_Pelican/Brown_Pelican_0066_94840.jpg,29.53808318816977
100.Brown_Pelican/Brown_Pelican_0075_95357.jpg,36.6242956023471
100.Brown_Pelican/Brown_Pelican_0087_94358.jpg,18.35880417064549
100.Brown_Pelican/Brown_Pelican_0017_94383.jpg,47.933508722446454
100.Brown_Pelican/Brown_Pelican_0018_94432.jpg,21.332114343365575
100.Brown_Pelican/Brown_Pelican_0003_94427.jpg,53.874173370453946
100.Brown_Pelican/Brown_Pelican_0059_94504.jpg,34.556789419282225
100.Brown_Pelican/Brown_Pelican_0122_94022.jpg,27.22542182726378
100.Brown_Pelican/Brown_Pelican_0040_94051.jpg,52.17456199107698
100.Brown_Pelican/Brown_Pelican_0128_94059.jpg,8.417310701238153
100.Brown_Pelican/Brown_Pelican_0051_94578.jpg,18.758217447019753
100.Brown_Pelican/Brown_Pelican_0012_94079.jpg,39.03156512861815
100.Brown_Pelican/Brown_Pelican_0081_94085.jpg,41.879109308305736
100.Brown_Pelican/Brown_Pelican_0049_94598.jpg,66.14791306702259
100.Brown_Pelican/Brown_Pelican_0019_95158.jpg,22.591008352424012
100.Brown_Pelican/Brown_Pelican_0070_93678.jpg,50.264965328412686
100.Brown_Pelican/Brown_Pelican_0039_95216.jpg,30.630375569744363
100.Brown_Pelican/Brown_Pelican_0124_93684.jpg,30.282351106104844
100.Brown_Pelican/Brown_Pelican_0072_94974.jpg,48.91520488142467
100.Brown_Pelican/Brown_Pelican_0074_93692.jpg,46.85615264966968
101.White_Pelican/White_Pelican_0077_97025.jpg,37.47702003807782
101.White_Pelican/White_Pelican_0066_95495.jpg,30.164559790102352
101.White_Pelican/White_Pelican_0048_95764.jpg,56.24556926790343
101.White_Pelican/White_Pelican_0031_97064.jpg,39.12285230774034
101.White_Pelican/White_Pelican_0051_97833.jpg,31.028567966281816
101.White_Pelican/White_Pelican_0086_95538.jpg,58.51019609626765
101.White_Pelican/White_Pelican_0025_97604.jpg,46.41373157993671
101.White_Pelican/White_Pelican_0036_96863.jpg,49.33923583307166
101.White_Pelican/White_Pelican_0083_95840.jpg,26.129553307367477
101.White_Pelican/White_Pelican_0052_96865.jpg,52.09695481791881
101.White_Pelican/White_Pelican_0046_96888.jpg,30.81233355163187
101.White_Pelican/White_Pelican_0016_96659.jpg,9.56256847328986
101.White_Pelican/White_Pelican_0040_96026.jpg,26.99857669912349
101.White_Pelican/White_Pelican_0014_96417.jpg,12.80257115586507
101.White_Pelican/White_Pelican_0076_96427.jpg,24.699359575072354
101.White_Pelican/White_Pelican_0003_96691.jpg,52.640432066126245
101.White_Pelican/White_Pelican_0034_97466.jpg,34.21504686459099
101.White_Pelican/White_Pelican_0072_96975.jpg,30.381400565728498
101.White_Pelican/White_Pelican_0087_97247.jpg,16.860969281486174
101.White_Pelican/White_Pelican_0080_95721.jpg,52.12424818543904
102.Western_Wood_Pewee/Western_Wood_Pewee_0052_98006.jpg,72.92069231341269
102.Western_Wood_Pewee/Western_Wood_Pewee_0070_98225.jpg,17.822527401172422
102.Western_Wood_Pewee/Western_Wood_Pewee_0014_98094.jpg,32.28136499743067
102.Western_Wood_Pewee/Western_Wood_Pewee_0061_795060.jpg,59.16829185656
102.Western_Wood_Pewee/Western_Wood_Pewee_0024_98229.jpg,8.958882193119738
102.Western_Wood_Pewee/Western_Wood_Pewee_0009_98115.jpg,16.81318765785449
102.Western_Wood_Pewee/Western_Wood_Pewee_0032_98121.jpg,33.991167092322506
102.Western_Wood_Pewee/Western_Wood_Pewee_0062_98123.jpg,82.34128921765776
102.Western_Wood_Pewee/Western_Wood_Pewee_0042_98126.jpg,48.13214105254346
102.Western_Wood_Pewee/Western_Wood_Pewee_0037_98127.jpg,26.33212181484125
102.Western_Wood_Pewee/Western_Wood_Pewee_0077_98133.jpg,41.37718502136465
102.Western_Wood_Pewee/Western_Wood_Pewee_0018_98153.jpg,59.3191603927623
102.Western_Wood_Pewee/Western_Wood_Pewee_0053_98186.jpg,42.964599379458875
102.Western_Wood_Pewee/Western_Wood_Pewee_0010_98204.jpg,44.25506957072207
102.Western_Wood_Pewee/Western_Wood_Pewee_0031_795038.jpg,62.63064937747453
102.Western_Wood_Pewee/Western_Wood_Pewee_0017_795041.jpg,29.718629336706293
102.Western_Wood_Pewee/Western_Wood_Pewee_0029_795042.jpg,25.15935319494541
102.Western_Wood_Pewee/Western_Wood_Pewee_0073_795044.jpg,29.18823486189835
102.Western_Wood_Pewee/Western_Wood_Pewee_0019_795046.jpg,100.88486305077987
102.Western_Wood_Pewee/Western_Wood_Pewee_0043_795053.jpg,38.83359894555156
102.Western_Wood_Pewee/Western_Wood_Pewee_0022_795058.jpg,37.6178715697436
102.Western_Wood_Pewee/Western_Wood_Pewee_0045_97972.jpg,81.25180043612158
102.Western_Wood_Pewee/Western_Wood_Pewee_0051_98206.jpg,38.16933518874491
102.Western_Wood_Pewee/Western_Wood_Pewee_0050_98241.jpg,65.2499764219996
102.Western_Wood_Pewee/Western_Wood_Pewee_0013_98268.jpg,32.88424605463779
102.Western_Wood_Pewee/Western_Wood_Pewee_0065_98001.jpg,31.47154882069778
102.Western_Wood_Pewee/Western_Wood_Pewee_0056_98026.jpg,55.02442217883211
102.Western_Wood_Pewee/Western_Wood_Pewee_0063_98295.jpg,79.46455882092225
102.Western_Wood_Pewee/Western_Wood_Pewee_0069_98299.jpg,19.316558763084387
102.Western_Wood_Pewee/Western_Wood_Pewee_0001_98045.jpg,28.422820633372318
103.Sayornis/Sayornis_0137_98305.jpg,52.19295542291634
103.Sayornis/Sayornis_0022_98308.jpg,38.62219817484841
103.Sayornis/Sayornis_0115_99335.jpg,74.0281028869614
103.Sayornis/Sayornis_0134_98339.jpg,56.907683839011796
103.Sayornis/Sayornis_0105_98853.jpg,28.419520821298725
103.Sayornis/Sayornis_0030_98343.jpg,46.13032274720531
103.Sayornis/Sayornis_0075_98350.jpg,20.781920930946665
103.Sayornis/Sayornis_0119_98864.jpg,38.19143478475602
103.Sayornis/Sayornis_0042_98874.jpg,18.36091500876629
103.Sayornis/Sayornis_0061_98375.jpg,41.91416404641712
103.Sayornis/Sayornis_0069_98914.jpg,48.23313712055767
103.Sayornis/Sayornis_0067_98930.jpg,24.99220865578469
103.Sayornis/Sayornis_0039_98420.jpg,24.0635571718999
103.Sayornis/Sayornis_0116_98939.jpg,32.36195952721069
103.Sayornis/Sayornis_0079_98434.jpg,29.802750338293823
103.Sayornis/Sayornis_0037_98949.jpg,46.69930478349064
103.Sayornis/Sayornis_0032_98962.jpg,23.85055293553226
103.Sayornis/Sayornis_0029_99535.jpg,49.57330979078162
103.Sayornis/Sayornis_0094_98512.jpg,39.09348968878159
103.Sayornis/Sayornis_0080_98518.jpg,56.87146363941948
103.Sayornis/Sayornis_0047_98524.jpg,63.34189734857311
103.Sayornis/Sayornis_0125_98528.jpg,19.836841279559916
103.Sayornis/Sayornis_0045_98549.jpg,37.359687301055914
103.Sayornis/Sayornis_0108_98553.jpg,34.74968864574076
103.Sayornis/Sayornis_0136_99099.jpg,34.938793411246095
103.Sayornis/Sayornis_0007_99117.jpg,17.737522299685583
103.Sayornis/Sayornis_0021_98710.jpg,17.72789913761021
103.Sayornis/Sayornis_0077_98724.jpg,33.9771937710584
103.Sayornis/Sayornis_0014_98889.jpg,19.48315974085635
103.Sayornis/Sayornis_0100_98782.jpg,26.633413796421053
104.American_Pipit/American_Pipit_0010_99843.jpg,67.67591232135192
104.American_Pipit/American_Pipit_0124_99848.jpg,20.720116120742944
104.American_Pipit/American_Pipit_0048_100140.jpg,26.618615835179604
104.American_Pipit/American_Pipit_0072_99631.jpg,24.855112875274948
104.American_Pipit/American_Pipit_0104_100147.jpg,16.402219469204212
104.American_Pipit/American_Pipit_0078_99898.jpg,26.960446514686197
104.American_Pipit/American_Pipit_0017_99902.jpg,40.313952454586435
104.American_Pipit/American_Pipit_0007_99808.jpg,38.944661089465335
104.American_Pipit/American_Pipit_0029_99667.jpg,34.87250783800597
104.American_Pipit/American_Pipit_0035_100181.jpg,55.38443863131872
104.American_Pipit/American_Pipit_0059_99628.jpg,19.328889994423445
104.American_Pipit/American_Pipit_0123_99929.jpg,39.252390969075115
104.American_Pipit/American_Pipit_0111_99940.jpg,52.22978281931794
104.American_Pipit/American_Pipit_0022_100227.jpg,35.47046271141757
104.American_Pipit/American_Pipit_0088_100213.jpg,23.743272843757687
104.American_Pipit/American_Pipit_0066_99961.jpg,38.34698040458117
104.American_Pipit/American_Pipit_0109_99710.jpg,35.213983480932406
104.American_Pipit/American_Pipit_0001_100225.jpg,22.809708268570688
104.American_Pipit/American_Pipit_0099_99971.jpg,14.197495718035356
104.American_Pipit/American_Pipit_0046_100240.jpg,25.44395037442097
104.American_Pipit/American_Pipit_0098_99986.jpg,30.402351305311605
104.American_Pipit/American_Pipit_0090_99651.jpg,21.328839908925783
104.American_Pipit/American_Pipit_0091_100276.jpg,37.29967077880115
104.American_Pipit/American_Pipit_0043_100027.jpg,45.80323538715882
104.American_Pipit/American_Pipit_0121_100040.jpg,15.936923639979721
104.American_Pipit/American_Pipit_0101_100053.jpg,43.54414061128738
104.American_Pipit/American_Pipit_0080_100055.jpg,30.07806732593351
104.American_Pipit/American_Pipit_0041_100060.jpg,25.295540089804486
104.American_Pipit/American_Pipit_0070_100061.jpg,25.877335215015382
104.American_Pipit/American_Pipit_0119_99622.jpg,71.09245009995192
105.Whip_poor_Will/Whip_Poor_Will_0042_796419.jpg,23.51859389898678
105.Whip_poor_Will/Whip_Poor_Will_0028_796421.jpg,39.49005613919201
105.Whip_poor_Will/Whip_Poor_Will_0045_796422.jpg,52.79222117497098
105.Whip_poor_Will/Whip_Poor_Will_0005_796425.jpg,30.561178904374643
105.Whip_poor_Will/Whip_Poor_Will_0021_796426.jpg,43.5121095235584
105.Whip_poor_Will/Whip_Poor_Will_0002_796427.jpg,41.15293408625921
105.Whip_poor_Will/Whip_Poor_Will_0041_796428.jpg,24.96513002103631
105.Whip_poor_Will/Whip_Poor_Will_0019_796433.jpg,28.273663795891586
105.Whip_poor_Will/Whip_Poor_Will_0025_796434.jpg,19.71150515642596
105.Whip_poor_Will/Whip_Poor_Will_0015_796435.jpg,14.15867630534654
105.Whip_poor_Will/Whip_Poor_Will_0032_796437.jpg,25.775801017071224
105.Whip_poor_Will/Whip_Poor_Will_0022_796438.jpg,46.25140666163229
105.Whip_poor_Will/Whip_Poor_Will_0027_796441.jpg,24.41734476754453
105.Whip_poor_Will/Whip_Poor_Will_0020_100396.jpg,37.15502968020102
105.Whip_poor_Will/Whip_Poor_Will_0036_100399.jpg,49.38110544532696
105.Whip_poor_Will/Whip_Poor_Will_0029_796432.jpg,16.585270786004138
105.Whip_poor_Will/Whip_Poor_Will_0039_796408.jpg,13.746102380601991
105.Whip_poor_Will/Whip_Poor_Will_0023_796410.jpg,41.8858575129844
105.Whip_poor_Will/Whip_Poor_Will_0034_796413.jpg,50.608597343357715
106.Horned_Puffin/Horned_Puffin_0068_100872.jpg,24.95620217223152
106.Horned_Puffin/Horned_Puffin_0011_100621.jpg,61.54568985424729
106.Horned_Puffin/Horned_Puffin_0065_100625.jpg,42.27378919001777
106.Horned_Puffin/Horned_Puffin_0074_100886.jpg,24.7800733787424
106.Horned_Puffin/Horned_Puffin_0015_100889.jpg,35.310818529919075
106.Horned_Puffin/Horned_Puffin_0039_100890.jpg,21.392547282705106
106.Horned_Puffin/Horned_Puffin_0084_100637.jpg,24.326407561419984
106.Horned_Puffin/Horned_Puffin_0050_100645.jpg,34.12260556861972
106.Horned_Puffin/Horned_Puffin_0083_100649.jpg,19.41837403829369
106.Horned_Puffin/Horned_Puffin_0027_100906.jpg,26.448923277604184
106.Horned_Puffin/Horned_Puffin_0071_100651.jpg,20.93404820973754
106.Horned_Puffin/Horned_Puffin_0054_100915.jpg,18.882977387734197
106.Horned_Puffin/Horned_Puffin_0048_100916.jpg,45.34904372816037
106.Horned_Puffin/Horned_Puffin_0075_100664.jpg,60.99307403867907
106.Horned_Puffin/Horned_Puffin_0059_100925.jpg,13.136547591745908
106.Horned_Puffin/Horned_Puffin_0077_100671.jpg,55.68664598134329
106.Horned_Puffin/Horned_Puffin_0035_100690.jpg,47.769349274604465
106.Horned_Puffin/Horned_Puffin_0069_101018.jpg,31.621767271676404
106.Horned_Puffin/Horned_Puffin_0047_100967.jpg,30.438945750158968
106.Horned_Puffin/Horned_Puffin_0036_100974.jpg,35.58292376190003
106.Horned_Puffin/Horned_Puffin_0038_100635.jpg,49.835610670084684
106.Horned_Puffin/Horned_Puffin_0003_101045.jpg,23.214500759238202
106.Horned_Puffin/Horned_Puffin_0051_101048.jpg,12.82455334644171
106.Horned_Puffin/Horned_Puffin_0045_100803.jpg,9.998604292262717
106.Horned_Puffin/Horned_Puffin_0019_101063.jpg,28.44405401115477
106.Horned_Puffin/Horned_Puffin_0010_100771.jpg,42.222591816758126
106.Horned_Puffin/Horned_Puffin_0073_100830.jpg,14.138756522987995
106.Horned_Puffin/Horned_Puffin_0026_100937.jpg,18.74540165134472
106.Horned_Puffin/Horned_Puffin_0061_100845.jpg,22.337816282824047
106.Horned_Puffin/Horned_Puffin_0079_100847.jpg,36.38387325013079
107.Common_Raven/Common_Raven_0089_101891.jpg,15.533959772415615
107.Common_Raven/Common_Raven_0059_101893.jpg,41.40578801288865
107.Common_Raven/Common_Raven_0070_101896.jpg,32.483526650685874
107.Common_Raven/Common_Raven_0043_101901.jpg,19.044464061578054
107.Common_Raven/Common_Raven_0024_101394.jpg,16.433709240495705
107.Common_Raven/Common_Raven_0052_101909.jpg,14.746123004593409
107.Common_Raven/Common_Raven_0107_101412.jpg,13.348784180228924
107.Common_Raven/Common_Raven_0023_102437.jpg,52.29485369377429
107.Common_Raven/Common_Raven_0065_102465.jpg,35.951553759990134
107.Common_Raven/Common_Raven_0126_101459.jpg,17.824009228067172
107.Common_Raven/Common_Raven_0060_102013.jpg,35.65370656839044
107.Common_Raven/Common_Raven_0075_102530.jpg,10.444188783261296
107.Common_Raven/Common_Raven_0036_102025.jpg,46.455177677069635
107.Common_Raven/Common_Raven_0091_101524.jpg,10.92178622075745
107.Common_Raven/Common_Raven_0092_102550.jpg,41.35252283439161
107.Common_Raven/Common_Raven_0085_102041.jpg,35.58628349609395
107.Common_Raven/Common_Raven_0132_101543.jpg,26.723061468660024
107.Common_Raven/Common_Raven_0093_102058.jpg,9.616613293929122
107.Common_Raven/Common_Raven_0025_102584.jpg,46.42477831745546
107.Common_Raven/Common_Raven_0129_102094.jpg,20.030835505100146
107.Common_Raven/Common_Raven_0128_102017.jpg,14.047652868356144
107.Common_Raven/Common_Raven_0122_101708.jpg,37.68490660770107
107.Common_Raven/Common_Raven_0018_101713.jpg,27.913398285007354
107.Common_Raven/Common_Raven_0033_101759.jpg,23.079173118414705
107.Common_Raven/Common_Raven_0021_101767.jpg,37.47406130630958
107.Common_Raven/Common_Raven_0082_102306.jpg,22.211138358608924
107.Common_Raven/Common_Raven_0053_101291.jpg,42.61678483904927
107.Common_Raven/Common_Raven_0005_101347.jpg,37.632862866849486
107.Common_Raven/Common_Raven_0077_101349.jpg,26.298215821640557
107.Common_Raven/Common_Raven_0015_101364.jpg,31.116813682117975
108.White_necked_Raven/White_Necked_Raven_0047_102660.jpg,16.277434533263666
108.White_necked_Raven/White_Necked_Raven_0031_102686.jpg,9.526023563385658
108.White_necked_Raven/White_Necked_Raven_0034_102598.jpg,26.148085356151284
108.White_necked_Raven/White_Necked_Raven_0039_102699.jpg,40.20009354333967
108.White_necked_Raven/White_Necked_Raven_0012_102700.jpg,24.206157181477764
108.White_necked_Raven/White_Necked_Raven_0049_102713.jpg,46.37736307467281
108.White_necked_Raven/White_Necked_Raven_0058_102729.jpg,33.97277566884008
108.White_necked_Raven/White_Necked_Raven_0037_102734.jpg,46.7148778875935
108.White_necked_Raven/White_Necked_Raven_0009_102518.jpg,29.093799502662364
108.White_necked_Raven/White_Necked_Raven_0015_102593.jpg,27.78934568600206
108.White_necked_Raven/White_Necked_Raven_0046_797343.jpg,25.594770516221057
108.White_necked_Raven/White_Necked_Raven_0048_797345.jpg,15.906796534796772
108.White_necked_Raven/White_Necked_Raven_0006_797347.jpg,24.616272450886513
108.White_necked_Raven/White_Necked_Raven_0029_797349.jpg,20.421374709903528
108.White_necked_Raven/White_Necked_Raven_0065_797354.jpg,17.55249945180616
108.White_necked_Raven/White_Necked_Raven_0057_797358.jpg,31.114602350315323
108.White_necked_Raven/White_Necked_Raven_0043_797363.jpg,30.326315619853844
108.White_necked_Raven/White_Necked_Raven_0024_797364.jpg,36.704537002658405
108.White_necked_Raven/White_Necked_Raven_0060_797365.jpg,12.897400553894977
108.White_necked_Raven/White_Necked_Raven_0011_797367.jpg,16.371044495199953
108.White_necked_Raven/White_Necked_Raven_0056_797373.jpg,9.379459236912837
108.White_necked_Raven/White_Necked_Raven_0019_797377.jpg,33.700972007427815
108.White_necked_Raven/White_Necked_Raven_0064_797378.jpg,5.085169502293161
108.White_necked_Raven/White_Necked_Raven_0062_797382.jpg,22.115114128759704
108.White_necked_Raven/White_Necked_Raven_0016_797385.jpg,43.598897499581085
108.White_necked_Raven/White_Necked_Raven_0040_797386.jpg,10.889343424847873
108.White_necked_Raven/White_Necked_Raven_0008_797389.jpg,42.332488047545894
108.White_necked_Raven/White_Necked_Raven_0028_797392.jpg,23.74442786325565
108.White_necked_Raven/White_Necked_Raven_0070_102645.jpg,0.0
108.White_necked_Raven/White_Necked_Raven_0005_102653.jpg,54.91383992666726
109.American_Redstart/American_Redstart_0094_103425.jpg,39.649737347607584
109.American_Redstart/American_Redstart_0044_103433.jpg,32.28502161948563
109.American_Redstart/American_Redstart_0103_102946.jpg,43.68284262612224
109.American_Redstart/American_Redstart_0082_102973.jpg,55.75751657576568
109.American_Redstart/American_Redstart_0048_104021.jpg,46.45587762452808
109.American_Redstart/American_Redstart_0078_103268.jpg,63.46573891942574
109.American_Redstart/American_Redstart_0020_104027.jpg,36.072608831035346
109.American_Redstart/American_Redstart_0035_103017.jpg,50.71462756472783
109.American_Redstart/American_Redstart_0064_103081.jpg,41.90125200903512
109.American_Redstart/American_Redstart_0058_103082.jpg,39.76680281645477
109.American_Redstart/American_Redstart_0120_103089.jpg,38.495869747670646
109.American_Redstart/American_Redstart_0126_103091.jpg,34.16648866126663
109.American_Redstart/American_Redstart_0122_103102.jpg,21.901035241433636
109.American_Redstart/American_Redstart_0119_104057.jpg,47.16711828293004
109.American_Redstart/American_Redstart_0041_103717.jpg,60.35071825844446
109.American_Redstart/American_Redstart_0002_103723.jpg,17.82504568016253
109.American_Redstart/American_Redstart_0026_103729.jpg,52.45810682525844
109.American_Redstart/American_Redstart_0097_103238.jpg,41.64237543687914
109.American_Redstart/American_Redstart_0038_103278.jpg,47.25424389147639
109.American_Redstart/American_Redstart_0059_103402.jpg,77.05412428912496
109.American_Redstart/American_Redstart_0037_102818.jpg,47.6217849996367
109.American_Redstart/American_Redstart_0055_103750.jpg,40.73945273211014
109.American_Redstart/American_Redstart_0137_102848.jpg,40.43862347848744
109.American_Redstart/American_Redstart_0047_102860.jpg,63.46432717268398
109.American_Redstart/American_Redstart_0034_102866.jpg,53.10318653135337
109.American_Redstart/American_Redstart_0088_103892.jpg,58.39491623395706
109.American_Redstart/American_Redstart_0012_103385.jpg,39.001975894817406
109.American_Redstart/American_Redstart_0086_102876.jpg,23.588969930150792
109.American_Redstart/American_Redstart_0107_102888.jpg,52.72768514885184
109.American_Redstart/American_Redstart_0110_103924.jpg,39.02262357764308
110.Geococcyx/Geococcyx_0050_104506.jpg,20.708640583602886
110.Geococcyx/Geococcyx_0040_104507.jpg,50.3079705304534
110.Geococcyx/Geococcyx_0067_104537.jpg,38.972699057808434
110.Geococcyx/Geococcyx_0024_104243.jpg,59.22262069967623
110.Geococcyx/Geococcyx_0118_104131.jpg,18.695441310960835
110.Geococcyx/Geococcyx_0099_104134.jpg,35.31507091163721
110.Geococcyx/Geococcyx_0056_104142.jpg,42.19242590129649
110.Geococcyx/Geococcyx_0136_104144.jpg,25.829350777265258
110.Geococcyx/Geococcyx_0020_104164.jpg,13.979796914686563
110.Geococcyx/Geococcyx_0045_104166.jpg,23.13719574564347
110.Geococcyx/Geococcyx_0120_104176.jpg,30.127416359790963
110.Geococcyx/Geococcyx_0137_104693.jpg,18.126542972049897
110.Geococcyx/Geococcyx_0077_104185.jpg,122.81160765840254
110.Geococcyx/Geococcyx_0033_104195.jpg,27.0769031316836
110.Geococcyx/Geococcyx_0134_104196.jpg,16.211475699423957
110.Geococcyx/Geococcyx_0135_104716.jpg,52.50942114283829
110.Geococcyx/Geococcyx_0101_104230.jpg,25.87042675767814
110.Geococcyx/Geococcyx_0062_104743.jpg,24.95707093515461
110.Geococcyx/Geococcyx_0116_104240.jpg,33.37034378796646
110.Geococcyx/Geococcyx_0079_104249.jpg,19.94984837576574
110.Geococcyx/Geococcyx_0063_104250.jpg,81.79260020158223
110.Geococcyx/Geococcyx_0059_104258.jpg,31.525368341916
110.Geococcyx/Geococcyx_0133_104267.jpg,31.754260607670123
110.Geococcyx/Geococcyx_0139_104277.jpg,54.56624746610936
110.Geococcyx/Geococcyx_0015_104792.jpg,33.178731087926536
110.Geococcyx/Geococcyx_0027_104291.jpg,43.74818921361232
110.Geococcyx/Geococcyx_0048_104817.jpg,26.20169001011902
110.Geococcyx/Geococcyx_0108_104350.jpg,45.69015019231552
110.Geococcyx/Geococcyx_0012_104352.jpg,17.8814430155143
110.Geococcyx/Geococcyx_0011_104779.jpg,34.83857248152021
111.Loggerhead_Shrike/Loggerhead_Shrike_0022_105501.jpg,92.30350769298114
111.Loggerhead_Shrike/Loggerhead_Shrike_0086_105005.jpg,46.82559289980891
111.Loggerhead_Shrike/Loggerhead_Shrike_0108_105023.jpg,37.39258828122148
111.Loggerhead_Shrike/Loggerhead_Shrike_0089_106055.jpg,66.01505050801327
111.Loggerhead_Shrike/Loggerhead_Shrike_0059_106086.jpg,28.87112360957193
111.Loggerhead_Shrike/Loggerhead_Shrike_0115_105575.jpg,27.29170073778387
111.Loggerhead_Shrike/Loggerhead_Shrike_0091_105076.jpg,14.207377684219852
111.Loggerhead_Shrike/Loggerhead_Shrike_0125_105594.jpg,56.88624127690959
111.Loggerhead_Shrike/Loggerhead_Shrike_0075_106153.jpg,24.598398103858422
111.Loggerhead_Shrike/Loggerhead_Shrike_0069_73908.jpg,36.803897685559896
111.Loggerhead_Shrike/Loggerhead_Shrike_0088_105663.jpg,58.63898788155343
111.Loggerhead_Shrike/Loggerhead_Shrike_0118_105157.jpg,33.33504625505905
111.Loggerhead_Shrike/Loggerhead_Shrike_0106_105437.jpg,52.90464527989078
111.Loggerhead_Shrike/Loggerhead_Shrike_0025_104828.jpg,37.98172921574201
111.Loggerhead_Shrike/Loggerhead_Shrike_0002_105195.jpg,34.40541441282792
111.Loggerhead_Shrike/Loggerhead_Shrike_0028_106221.jpg,50.21351695290784
111.Loggerhead_Shrike/Loggerhead_Shrike_0064_106225.jpg,39.950076349362206
111.Loggerhead_Shrike/Loggerhead_Shrike_0120_105777.jpg,49.42294433336751
111.Loggerhead_Shrike/Loggerhead_Shrike_0126_106316.jpg,33.37977016883466
111.Loggerhead_Shrike/Loggerhead_Shrike_0123_105849.jpg,63.004890789728975
111.Loggerhead_Shrike/Loggerhead_Shrike_0039_106367.jpg,20.952296789345645
111.Loggerhead_Shrike/Loggerhead_Shrike_0101_105392.jpg,8.76247281116593
111.Loggerhead_Shrike/Loggerhead_Shrike_0010_104866.jpg,39.38081420799156
111.Loggerhead_Shrike/Loggerhead_Shrike_0023_105892.jpg,40.99578872639016
111.Loggerhead_Shrike/Loggerhead_Shrike_0021_104885.jpg,67.63298772120376
111.Loggerhead_Shrike/Loggerhead_Shrike_0068_105400.jpg,24.496973699012084
111.Loggerhead_Shrike/Loggerhead_Shrike_0017_104864.jpg,20.001762780034966
111.Loggerhead_Shrike/Loggerhead_Shrike_0026_104898.jpg,49.99272972696623
111.Loggerhead_Shrike/Loggerhead_Shrike_0110_105947.jpg,64.67205656867715
111.Loggerhead_Shrike/Loggerhead_Shrike_0030_104930.jpg,23.130335303307437
112.Great_Grey_Shrike/Great_Grey_Shrike_0048_106754.jpg,13.586669941404496
112.Great_Grey_Shrike/Great_Grey_Shrike_0066_106759.jpg,55.47470453965535
112.Great_Grey_Shrike/Great_Grey_Shrike_0068_797060.jpg,62.51182623498865
112.Great_Grey_Shrike/Great_Grey_Shrike_0086_106533.jpg,48.97204193617456
112.Great_Grey_Shrike/Great_Grey_Shrike_0053_106792.jpg,43.544953889397995
112.Great_Grey_Shrike/Great_Grey_Shrike_0094_106576.jpg,35.73313119435881
112.Great_Grey_Shrike/Great_Grey_Shrike_0027_797009.jpg,13.534892565614502
112.Great_Grey_Shrike/Great_Grey_Shrike_0039_797015.jpg,52.619975255579085
112.Great_Grey_Shrike/Great_Grey_Shrike_0075_797022.jpg,24.98152170842808
112.Great_Grey_Shrike/Great_Grey_Shrike_0010_797023.jpg,55.78381312483184
112.Great_Grey_Shrike/Great_Grey_Shrike_0080_106850.jpg,44.59167299668051
112.Great_Grey_Shrike/Great_Grey_Shrike_0065_797027.jpg,16.93758787664847
112.Great_Grey_Shrike/Great_Grey_Shrike_0011_106852.jpg,73.39130074957961
112.Great_Grey_Shrike/Great_Grey_Shrike_0015_797031.jpg,47.07554973345434
112.Great_Grey_Shrike/Great_Grey_Shrike_0055_106858.jpg,23.200206309748744
112.Great_Grey_Shrike/Great_Grey_Shrike_0085_797037.jpg,19.70535819695401
112.Great_Grey_Shrike/Great_Grey_Shrike_0038_106617.jpg,58.10893333259327
112.Great_Grey_Shrike/Great_Grey_Shrike_0025_106622.jpg,31.507708046746647
112.Great_Grey_Shrike/Great_Grey_Shrike_0005_797055.jpg,23.070808731905426
112.Great_Grey_Shrike/Great_Grey_Shrike_0062_106628.jpg,97.27972733250107
112.Great_Grey_Shrike/Great_Grey_Shrike_0071_106861.jpg,6.939684988432091
112.Great_Grey_Shrike/Great_Grey_Shrike_0082_106650.jpg,57.43701009914241
112.Great_Grey_Shrike/Great_Grey_Shrike_0012_106661.jpg,23.986824512470687
112.Great_Grey_Shrike/Great_Grey_Shrike_0044_106851.jpg,39.88403884995119
112.Great_Grey_Shrike/Great_Grey_Shrike_0023_106670.jpg,25.05748551905325
112.Great_Grey_Shrike/Great_Grey_Shrike_0028_106678.jpg,17.09480553124233
112.Great_Grey_Shrike/Great_Grey_Shrike_0074_106689.jpg,49.268385376402165
112.Great_Grey_Shrike/Great_Grey_Shrike_0019_797049.jpg,22.759315533780416
112.Great_Grey_Shrike/Great_Grey_Shrike_0060_797008.jpg,29.22239100964795
112.Great_Grey_Shrike/Great_Grey_Shrike_0091_797054.jpg,14.002354073650547
113.Baird_Sparrow/Baird_Sparrow_0012_794552.jpg,42.83898726773392
113.Baird_Sparrow/Baird_Sparrow_0044_794554.jpg,47.167843725182536
113.Baird_Sparrow/Baird_Sparrow_0003_794558.jpg,18.81888442321218
113.Baird_Sparrow/Baird_Sparrow_0023_794559.jpg,33.67711845102477
113.Baird_Sparrow/Baird_Sparrow_0042_794560.jpg,43.699405895961796
113.Baird_Sparrow/Baird_Sparrow_0037_794562.jpg,18.092701506236217
113.Baird_Sparrow/Baird_Sparrow_0007_794563.jpg,32.80978044292853
113.Baird_Sparrow/Baird_Sparrow_0005_794565.jpg,31.189639382748094
113.Baird_Sparrow/Baird_Sparrow_0033_794566.jpg,34.05021843735066
113.Baird_Sparrow/Baird_Sparrow_0019_794567.jpg,68.01188672230825
113.Baird_Sparrow/Baird_Sparrow_0004_794568.jpg,51.37228904283937
113.Baird_Sparrow/Baird_Sparrow_0015_794573.jpg,28.850216054216915
113.Baird_Sparrow/Baird_Sparrow_0011_794577.jpg,19.714148001297204
113.Baird_Sparrow/Baird_Sparrow_0001_794578.jpg,25.428979810557017
113.Baird_Sparrow/Baird_Sparrow_0006_794579.jpg,35.84622322675594
113.Baird_Sparrow/Baird_Sparrow_0031_794580.jpg,23.602744084802453
113.Baird_Sparrow/Baird_Sparrow_0017_794586.jpg,37.94768963691645
113.Baird_Sparrow/Baird_Sparrow_0013_794587.jpg,32.83907225957921
113.Baird_Sparrow/Baird_Sparrow_0020_106863.jpg,40.298827094023146
113.Baird_Sparrow/Baird_Sparrow_0050_787316.jpg,32.45358478033852
114.Black_throated_Sparrow/Black_Throated_Sparrow_0056_107010.jpg,13.142360210252152
114.Black_throated_Sparrow/Black_Throated_Sparrow_0044_107270.jpg,31.19137397696032
114.Black_throated_Sparrow/Black_Throated_Sparrow_0021_107021.jpg,12.035531476548831
114.Black_throated_Sparrow/Black_Throated_Sparrow_0054_107026.jpg,20.30422142398735
114.Black_throated_Sparrow/Black_Throated_Sparrow_0050_107033.jpg,10.705465464110851
114.Black_throated_Sparrow/Black_Throated_Sparrow_0003_107035.jpg,57.313054079092474
114.Black_throated_Sparrow/Black_Throated_Sparrow_0057_107036.jpg,24.93063748826006
114.Black_throated_Sparrow/Black_Throated_Sparrow_0080_107050.jpg,11.209391536435758
114.Black_throated_Sparrow/Black_Throated_Sparrow_0059_107060.jpg,13.515889277046032
114.Black_throated_Sparrow/Black_Throated_Sparrow_0084_107066.jpg,16.5924520217274
114.Black_throated_Sparrow/Black_Throated_Sparrow_0015_107079.jpg,13.087465392262287
114.Black_throated_Sparrow/Black_Throated_Sparrow_0094_107085.jpg,30.83435868665128
114.Black_throated_Sparrow/Black_Throated_Sparrow_0074_107113.jpg,14.296563385966504
114.Black_throated_Sparrow/Black_Throated_Sparrow_0053_107282.jpg,28.725172989666405
114.Black_throated_Sparrow/Black_Throated_Sparrow_0098_107138.jpg,14.391953970909439
114.Black_throated_Sparrow/Black_Throated_Sparrow_0005_107150.jpg,23.977620129268477
114.Black_throated_Sparrow/Black_Throated_Sparrow_0040_107172.jpg,17.792503179917887
114.Black_throated_Sparrow/Black_Throated_Sparrow_0060_107177.jpg,22.671253882313913
114.Black_throated_Sparrow/Black_Throated_Sparrow_0076_106995.jpg,82.83478639244673
114.Black_throated_Sparrow/Black_Throated_Sparrow_0070_107196.jpg,13.467880837420326
114.Black_throated_Sparrow/Black_Throated_Sparrow_0099_106944.jpg,21.958483079880327
114.Black_throated_Sparrow/Black_Throated_Sparrow_0007_106999.jpg,52.933694507683946
114.Black_throated_Sparrow/Black_Throated_Sparrow_0068_106960.jpg,38.60188112028163
114.Black_throated_Sparrow/Black_Throated_Sparrow_0051_107217.jpg,32.12743726818225
114.Black_throated_Sparrow/Black_Throated_Sparrow_0002_106962.jpg,15.790111141917867
114.Black_throated_Sparrow/Black_Throated_Sparrow_0061_106967.jpg,25.23268189626931
114.Black_throated_Sparrow/Black_Throated_Sparrow_0043_107236.jpg,34.64133775664005
114.Black_throated_Sparrow/Black_Throated_Sparrow_0008_107000.jpg,33.37251747761376
114.Black_throated_Sparrow/Black_Throated_Sparrow_0039_107259.jpg,15.914797685367542
114.Black_throated_Sparrow/Black_Throated_Sparrow_0013_107005.jpg,23.537896258932825
115.Brewer_Sparrow/Brewer_Sparrow_0034_796693.jpg,27.46355417229556
115.Brewer_Sparrow/Brewer_Sparrow_0044_796698.jpg,53.084231148981324
115.Brewer_Sparrow/Brewer_Sparrow_0007_796700.jpg,17.5164305360513
115.Brewer_Sparrow/Brewer_Sparrow_0011_796708.jpg,40.147164965350036
115.Brewer_Sparrow/Brewer_Sparrow_0031_796712.jpg,37.26516779297444
115.Brewer_Sparrow/Brewer_Sparrow_0027_796713.jpg,24.537316310990633
115.Brewer_Sparrow/Brewer_Sparrow_0072_796715.jpg,38.10225830698369
115.Brewer_Sparrow/Brewer_Sparrow_0010_796716.jpg,22.10787737040684
115.Brewer_Sparrow/Brewer_Sparrow_0070_796717.jpg,22.212680825769784
115.Brewer_Sparrow/Brewer_Sparrow_0055_796720.jpg,17.610517633734915
115.Brewer_Sparrow/Brewer_Sparrow_0042_796721.jpg,28.592333516222592
115.Brewer_Sparrow/Brewer_Sparrow_0065_107419.jpg,33.043833517440696
115.Brewer_Sparrow/Brewer_Sparrow_0047_107428.jpg,24.895522368624242
115.Brewer_Sparrow/Brewer_Sparrow_0039_107431.jpg,26.314183974325793
115.Brewer_Sparrow/Brewer_Sparrow_0018_107437.jpg,27.403875446185946
115.Brewer_Sparrow/Brewer_Sparrow_0061_107438.jpg,20.925634232855042
115.Brewer_Sparrow/Brewer_Sparrow_0024_107439.jpg,19.60799147946571
115.Brewer_Sparrow/Brewer_Sparrow_0037_107442.jpg,33.41759636832429
115.Brewer_Sparrow/Brewer_Sparrow_0005_107443.jpg,52.09111089908673
115.Brewer_Sparrow/Brewer_Sparrow_0071_107446.jpg,45.37353644918376
115.Brewer_Sparrow/Brewer_Sparrow_0062_107456.jpg,22.10940423526923
115.Brewer_Sparrow/Brewer_Sparrow_0056_107458.jpg,21.953984646155774
115.Brewer_Sparrow/Brewer_Sparrow_0003_107459.jpg,24.458675290064576
115.Brewer_Sparrow/Brewer_Sparrow_0050_107460.jpg,23.458194832776382
115.Brewer_Sparrow/Brewer_Sparrow_0006_107463.jpg,25.146162928515523
115.Brewer_Sparrow/Brewer_Sparrow_0052_107478.jpg,11.434273574167278
115.Brewer_Sparrow/Brewer_Sparrow_0043_107479.jpg,32.84156318331052
115.Brewer_Sparrow/Brewer_Sparrow_0067_107480.jpg,18.96636375332067
115.Brewer_Sparrow/Brewer_Sparrow_0073_107518.jpg,36.283049987278226
116.Chipping_Sparrow/Chipping_Sparrow_0089_107535.jpg,30.875172251767932
116.Chipping_Sparrow/Chipping_Sparrow_0021_109588.jpg,22.90137937817919
116.Chipping_Sparrow/Chipping_Sparrow_0096_109853.jpg,23.698391078358387
116.Chipping_Sparrow/Chipping_Sparrow_0017_107552.jpg,31.66816352318085
116.Chipping_Sparrow/Chipping_Sparrow_0022_107825.jpg,19.384615051395617
116.Chipping_Sparrow/Chipping_Sparrow_0018_108295.jpg,25.617347221318273
116.Chipping_Sparrow/Chipping_Sparrow_0052_109874.jpg,28.833480034505854
116.Chipping_Sparrow/Chipping_Sparrow_0061_109113.jpg,22.45788970280436
116.Chipping_Sparrow/Chipping_Sparrow_0035_110138.jpg,62.62300070982474
116.Chipping_Sparrow/Chipping_Sparrow_0075_108348.jpg,23.059377966179692
116.Chipping_Sparrow/Chipping_Sparrow_0006_107849.jpg,41.51239907858244
116.Chipping_Sparrow/Chipping_Sparrow_0041_108370.jpg,36.18120970822123
116.Chipping_Sparrow/Chipping_Sparrow_0062_110187.jpg,37.75649989182473
116.Chipping_Sparrow/Chipping_Sparrow_0091_108308.jpg,36.73617603544365
116.Chipping_Sparrow/Chipping_Sparrow_0090_14718.jpg,40.42214620047654
116.Chipping_Sparrow/Chipping_Sparrow_0109_108162.jpg,27.805607409214776
116.Chipping_Sparrow/Chipping_Sparrow_0024_109445.jpg,55.066640411833355
116.Chipping_Sparrow/Chipping_Sparrow_0004_108430.jpg,27.778500286956266
116.Chipping_Sparrow/Chipping_Sparrow_0050_108441.jpg,33.01915530105277
116.Chipping_Sparrow/Chipping_Sparrow_0097_107678.jpg,40.70429685213395
116.Chipping_Sparrow/Chipping_Sparrow_0074_108401.jpg,18.374399323006752
116.Chipping_Sparrow/Chipping_Sparrow_0085_109506.jpg,46.5324269733216
116.Chipping_Sparrow/Chipping_Sparrow_0043_109509.jpg,51.76246606710659
116.Chipping_Sparrow/Chipping_Sparrow_0103_109529.jpg,15.578284342182027
116.Chipping_Sparrow/Chipping_Sparrow_0086_109022.jpg,19.020710014840738
116.Chipping_Sparrow/Chipping_Sparrow_0111_108515.jpg,34.94425392897615
116.Chipping_Sparrow/Chipping_Sparrow_0026_109010.jpg,29.62844178418916
116.Chipping_Sparrow/Chipping_Sparrow_0067_107508.jpg,26.751228970680906
116.Chipping_Sparrow/Chipping_Sparrow_0070_108281.jpg,11.702086783027825
116.Chipping_Sparrow/Chipping_Sparrow_0016_109051.jpg,48.383700127543904
117.Clay_colored_Sparrow/Clay_Colored_Sparrow_0072_110851.jpg,66.70057725203392
117.Clay_colored_Sparrow/Clay_Colored_Sparrow_0020_110609.jpg,52.113099935005955
117.Clay_colored_Sparrow/Clay_Colored_Sparrow_0001_110632.jpg,47.68945830623681
117.Clay_colored_Sparrow/Clay_Colored_Sparrow_0055_110647.jpg,30.040483231644007
117.Clay_colored_Sparrow/Clay_Colored_Sparrow_0028_797241.jpg,61.999880448092156
117.Clay_colored_Sparrow/Clay_Colored_Sparrow_0042_797243.jpg,26.62370759675531
117.Clay_colored_Sparrow/Clay_Colored_Sparrow_0048_110653.jpg,28.681228382724562
117.Clay_colored_Sparrow/Clay_Colored_Sparrow_0094_797250.jpg,27.862067222319737
117.Clay_colored_Sparrow/Clay_Colored_Sparrow_0075_797251.jpg,26.876365079679637
117.Clay_colored_Sparrow/Clay_Colored_Sparrow_0034_797252.jpg,26.07868879650887
117.Clay_colored_Sparrow/Clay_Colored_Sparrow_0085_797260.jpg,21.424914697151774
117.Clay_colored_Sparrow/Clay_Colored_Sparrow_0090_110669.jpg,46.86378124992976
117.Clay_colored_Sparrow/Clay_Colored_Sparrow_0010_797262.jpg,37.797888979536594
117.Clay_colored_Sparrow/Clay_Colored_Sparrow_0093_110677.jpg,18.419185070766325
117.Clay_colored_Sparrow/Clay_Colored_Sparrow_0068_110706.jpg,35.56940274160782
117.Clay_colored_Sparrow/Clay_Colored_Sparrow_0040_110717.jpg,32.28401699076397
117.Clay_colored_Sparrow/Clay_Colored_Sparrow_0073_110718.jpg,16.720937727435512
117.Clay_colored_Sparrow/Clay_Colored_Sparrow_0046_110728.jpg,20.66129861012625
117.Clay_colored_Sparrow/Clay_Colored_Sparrow_0083_110734.jpg,57.123765558542736
117.Clay_colored_Sparrow/Clay_Colored_Sparrow_0049_110736.jpg,29.72703773620701
117.Clay_colored_Sparrow/Clay_Colored_Sparrow_0031_110769.jpg,41.8072785458111
117.Clay_colored_Sparrow/Clay_Colored_Sparrow_0097_110516.jpg,37.347012817327304
117.Clay_colored_Sparrow/Clay_Colored_Sparrow_0009_797256.jpg,47.251823211371175
117.Clay_colored_Sparrow/Clay_Colored_Sparrow_0038_110799.jpg,27.920229147417913
117.Clay_colored_Sparrow/Clay_Colored_Sparrow_0100_110545.jpg,25.306657529819272
117.Clay_colored_Sparrow/Clay_Colored_Sparrow_0022_110518.jpg,64.91962531937232
117.Clay_colored_Sparrow/Clay_Colored_Sparrow_0014_797248.jpg,26.731090503979043
117.Clay_colored_Sparrow/Clay_Colored_Sparrow_0107_110825.jpg,20.516015430137127
117.Clay_colored_Sparrow/Clay_Colored_Sparrow_0008_110536.jpg,43.851084558933664
118.House_Sparrow/House_Sparrow_0134_112644.jpg,15.653668037854331
118.House_Sparrow/House_Sparrow_0019_112645.jpg,33.70354186560228
118.House_Sparrow/House_Sparrow_0125_111130.jpg,32.698689945091495
118.House_Sparrow/House_Sparrow_0010_112678.jpg,33.58710619206602
118.House_Sparrow/House_Sparrow_0025_111669.jpg,60.67054947057434
118.House_Sparrow/House_Sparrow_0028_113217.jpg,19.408730551511663
118.House_Sparrow/House_Sparrow_0041_112706.jpg,25.293787264818896
118.House_Sparrow/House_Sparrow_0068_113247.jpg,35.63011599358342
118.House_Sparrow/House_Sparrow_0052_112252.jpg,32.102986959575546
118.House_Sparrow/House_Sparrow_0094_112773.jpg,39.4715483310065
118.House_Sparrow/House_Sparrow_0079_113288.jpg,41.08258603468175
118.House_Sparrow/House_Sparrow_0084_111300.jpg,19.592918522063492
118.House_Sparrow/House_Sparrow_0036_112847.jpg,40.88216134455374
118.House_Sparrow/House_Sparrow_0002_112905.jpg,28.772350077775172
118.House_Sparrow/House_Sparrow_0143_111400.jpg,32.01886247575653
118.House_Sparrow/House_Sparrow_0014_112947.jpg,30.718037185678085
118.House_Sparrow/House_Sparrow_0015_111085.jpg,56.72840377063289
118.House_Sparrow/House_Sparrow_0127_111935.jpg,68.11598845484362
118.House_Sparrow/House_Sparrow_0005_111967.jpg,35.03088081553803
118.House_Sparrow/House_Sparrow_0063_111460.jpg,53.76278111045296
118.House_Sparrow/House_Sparrow_0120_113001.jpg,54.9594996391014
118.House_Sparrow/House_Sparrow_0126_110959.jpg,61.994355145381135
118.House_Sparrow/House_Sparrow_0004_111989.jpg,36.3684563621552
118.House_Sparrow/House_Sparrow_0049_110976.jpg,57.46929294759182
118.House_Sparrow/House_Sparrow_0096_111519.jpg,22.558545709962118
118.House_Sparrow/House_Sparrow_0061_112795.jpg,38.875042223058465
118.House_Sparrow/House_Sparrow_0007_111029.jpg,59.834754043246825
118.House_Sparrow/House_Sparrow_0033_112590.jpg,34.56280382510657
118.House_Sparrow/House_Sparrow_0098_111073.jpg,76.81715675523651
118.House_Sparrow/House_Sparrow_0050_111087.jpg,42.11622161770436
119.Field_Sparrow/Field_Sparrow_0063_113667.jpg,28.616209684620557
119.Field_Sparrow/Field_Sparrow_0060_114177.jpg,35.20131166818288
119.Field_Sparrow/Field_Sparrow_0118_113416.jpg,33.42116336727941
119.Field_Sparrow/Field_Sparrow_0131_113582.jpg,22.53166786297953
119.Field_Sparrow/Field_Sparrow_0120_113953.jpg,34.14484861278753
119.Field_Sparrow/Field_Sparrow_0067_113448.jpg,24.67443666015201
119.Field_Sparrow/Field_Sparrow_0008_113459.jpg,41.1680092145336
119.Field_Sparrow/Field_Sparrow_0021_113461.jpg,24.534214776848685
119.Field_Sparrow/Field_Sparrow_0035_113479.jpg,37.6292564356476
119.Field_Sparrow/Field_Sparrow_0071_113747.jpg,68.9001188875979
119.Field_Sparrow/Field_Sparrow_0129_113748.jpg,22.130708039785183
119.Field_Sparrow/Field_Sparrow_0104_113524.jpg,34.79430120805564
119.Field_Sparrow/Field_Sparrow_0047_113801.jpg,28.945815819402796
119.Field_Sparrow/Field_Sparrow_0080_113811.jpg,58.78208838736703
119.Field_Sparrow/Field_Sparrow_0124_113868.jpg,21.31772227070841
119.Field_Sparrow/Field_Sparrow_0042_113815.jpg,13.916705792261935
119.Field_Sparrow/Field_Sparrow_0092_113580.jpg,54.20418966789785
119.Field_Sparrow/Field_Sparrow_0022_113838.jpg,27.565550893170325
119.Field_Sparrow/Field_Sparrow_0006_113839.jpg,54.292815433948576
119.Field_Sparrow/Field_Sparrow_0128_113587.jpg,36.97977462590636
119.Field_Sparrow/Field_Sparrow_0123_113847.jpg,32.85343625530981
119.Field_Sparrow/Field_Sparrow_0051_114107.jpg,54.408973564957606
119.Field_Sparrow/Field_Sparrow_0009_113860.jpg,68.935519234096
119.Field_Sparrow/Field_Sparrow_0038_113356.jpg,18.58306782566519
119.Field_Sparrow/Field_Sparrow_0016_110297.jpg,54.05601776140972
119.Field_Sparrow/Field_Sparrow_0109_113375.jpg,31.933567144645636
119.Field_Sparrow/Field_Sparrow_0090_113613.jpg,17.2015169400183
119.Field_Sparrow/Field_Sparrow_0048_113387.jpg,26.168997838931954
119.Field_Sparrow/Field_Sparrow_0112_114159.jpg,52.1144225310353
120.Fox_Sparrow/Fox_Sparrow_0065_114945.jpg,15.409583610366974
120.Fox_Sparrow/Fox_Sparrow_0106_114720.jpg,34.17890281555273
120.Fox_Sparrow/Fox_Sparrow_0016_114213.jpg,37.246984102113686
120.Fox_Sparrow/Fox_Sparrow_0022_115248.jpg,37.84675871376079
120.Fox_Sparrow/Fox_Sparrow_0135_115251.jpg,19.08233320496809
120.Fox_Sparrow/Fox_Sparrow_0103_115038.jpg,27.59516451918282
120.Fox_Sparrow/Fox_Sparrow_0020_114744.jpg,18.49140292222609
120.Fox_Sparrow/Fox_Sparrow_0136_115278.jpg,30.440662090013134
120.Fox_Sparrow/Fox_Sparrow_0026_115281.jpg,30.879538575429592
120.Fox_Sparrow/Fox_Sparrow_0115_114855.jpg,35.740752490464146
120.Fox_Sparrow/Fox_Sparrow_0013_114344.jpg,34.89103944793292
120.Fox_Sparrow/Fox_Sparrow_0057_114355.jpg,22.03111226147903
120.Fox_Sparrow/Fox_Sparrow_0052_114878.jpg,25.620979262930607
120.Fox_Sparrow/Fox_Sparrow_0121_114886.jpg,38.66527171164953
120.Fox_Sparrow/Fox_Sparrow_0099_115399.jpg,54.61322879421323
120.Fox_Sparrow/Fox_Sparrow_0125_114557.jpg,21.055833338848252
120.Fox_Sparrow/Fox_Sparrow_0068_114967.jpg,20.657207700279915
120.Fox_Sparrow/Fox_Sparrow_0018_114468.jpg,45.64154402636716
120.Fox_Sparrow/Fox_Sparrow_0114_114481.jpg,25.04462040992218
120.Fox_Sparrow/Fox_Sparrow_0123_114488.jpg,33.85627027782013
120.Fox_Sparrow/Fox_Sparrow_0083_114496.jpg,34.189193158890966
120.Fox_Sparrow/Fox_Sparrow_0047_115022.jpg,26.829055259460457
120.Fox_Sparrow/Fox_Sparrow_0040_115034.jpg,26.83323842068647
120.Fox_Sparrow/Fox_Sparrow_0111_114527.jpg,25.547335409124578
120.Fox_Sparrow/Fox_Sparrow_0067_114528.jpg,29.66157302725089
120.Fox_Sparrow/Fox_Sparrow_0054_114541.jpg,19.109504723153464
120.Fox_Sparrow/Fox_Sparrow_0062_115056.jpg,9.732701277881507
120.Fox_Sparrow/Fox_Sparrow_0081_115630.jpg,23.080919565266388
120.Fox_Sparrow/Fox_Sparrow_0094_114634.jpg,25.020605907845535
120.Fox_Sparrow/Fox_Sparrow_0015_114650.jpg,43.242636512308806
121.Grasshopper_Sparrow/Grasshopper_Sparrow_0067_115979.jpg,36.063113662413016
121.Grasshopper_Sparrow/Grasshopper_Sparrow_0117_115983.jpg,31.940377061249848
121.Grasshopper_Sparrow/Grasshopper_Sparrow_0009_115984.jpg,23.708347987419213
121.Grasshopper_Sparrow/Grasshopper_Sparrow_0053_115991.jpg,41.81675288662992
121.Grasshopper_Sparrow/Grasshopper_Sparrow_0075_116260.jpg,12.576381304645587
121.Grasshopper_Sparrow/Grasshopper_Sparrow_0109_115750.jpg,18.34870431719365
121.Grasshopper_Sparrow/Grasshopper_Sparrow_0120_116021.jpg,8.609211772045475
121.Grasshopper_Sparrow/Grasshopper_Sparrow_0060_15159.jpg,50.54505342186509
121.Grasshopper_Sparrow/Grasshopper_Sparrow_0107_116286.jpg,18.804780207643873
121.Grasshopper_Sparrow/Grasshopper_Sparrow_0044_115681.jpg,66.80254415346934
121.Grasshopper_Sparrow/Grasshopper_Sparrow_0082_116300.jpg,31.630263576407575
121.Grasshopper_Sparrow/Grasshopper_Sparrow_0078_116052.jpg,22.346504968223847
121.Grasshopper_Sparrow/Grasshopper_Sparrow_0116_116066.jpg,32.27647953338413
121.Grasshopper_Sparrow/Grasshopper_Sparrow_0099_116069.jpg,21.10613054329859
121.Grasshopper_Sparrow/Grasshopper_Sparrow_0069_116332.jpg,42.079198699929876
121.Grasshopper_Sparrow/Grasshopper_Sparrow_0015_116352.jpg,23.844577470544262
121.Grasshopper_Sparrow/Grasshopper_Sparrow_0106_116028.jpg,23.33389137866449
121.Grasshopper_Sparrow/Grasshopper_Sparrow_0012_115849.jpg,39.999679468438515
121.Grasshopper_Sparrow/Grasshopper_Sparrow_0021_116107.jpg,41.74781356861639
121.Grasshopper_Sparrow/Grasshopper_Sparrow_0121_116110.jpg,54.34851606799194
121.Grasshopper_Sparrow/Grasshopper_Sparrow_0006_115864.jpg,22.157973993164124
121.Grasshopper_Sparrow/Grasshopper_Sparrow_0016_115695.jpg,56.84036403351922
121.Grasshopper_Sparrow/Grasshopper_Sparrow_0077_116127.jpg,33.25904964369899
121.Grasshopper_Sparrow/Grasshopper_Sparrow_0043_115880.jpg,29.957938661029047
121.Grasshopper_Sparrow/Grasshopper_Sparrow_0108_115894.jpg,53.725318358110485
121.Grasshopper_Sparrow/Grasshopper_Sparrow_0102_116101.jpg,33.96409894214101
121.Grasshopper_Sparrow/Grasshopper_Sparrow_0049_115918.jpg,40.6927174589083
121.Grasshopper_Sparrow/Grasshopper_Sparrow_0051_115923.jpg,30.394627230412702
121.Grasshopper_Sparrow/Grasshopper_Sparrow_0011_115937.jpg,21.39099607216389
121.Grasshopper_Sparrow/Grasshopper_Sparrow_0101_116094.jpg,41.8253690501838
122.Harris_Sparrow/Harris_Sparrow_0007_116484.jpg,21.184090556068387
122.Harris_Sparrow/Harris_Sparrow_0087_116490.jpg,18.433719643490967
122.Harris_Sparrow/Harris_Sparrow_0014_116494.jpg,18.00905609240938
122.Harris_Sparrow/Harris_Sparrow_0042_116499.jpg,18.56724800259263
122.Harris_Sparrow/Harris_Sparrow_0076_116509.jpg,30.742047179158178
122.Harris_Sparrow/Harris_Sparrow_0084_116519.jpg,16.973796870950014
122.Harris_Sparrow/Harris_Sparrow_0089_116531.jpg,28.9726927523953
122.Harris_Sparrow/Harris_Sparrow_0085_116534.jpg,17.132114020618584
122.Harris_Sparrow/Harris_Sparrow_0082_116660.jpg,23.485625994342627
122.Harris_Sparrow/Harris_Sparrow_0090_116664.jpg,42.09677957821038
122.Harris_Sparrow/Harris_Sparrow_0060_116576.jpg,18.289264848202393
122.Harris_Sparrow/Harris_Sparrow_0004_116581.jpg,32.11696778969909
122.Harris_Sparrow/Harris_Sparrow_0083_116588.jpg,21.831655750536548
122.Harris_Sparrow/Harris_Sparrow_0045_116603.jpg,41.03236366531707
122.Harris_Sparrow/Harris_Sparrow_0059_116608.jpg,20.723162486160426
122.Harris_Sparrow/Harris_Sparrow_0002_116356.jpg,22.400783846460197
122.Harris_Sparrow/Harris_Sparrow_0066_116362.jpg,65.33201580940631
122.Harris_Sparrow/Harris_Sparrow_0050_116369.jpg,25.793266220260524
122.Harris_Sparrow/Harris_Sparrow_0086_116373.jpg,56.02690235098298
122.Harris_Sparrow/Harris_Sparrow_0010_116376.jpg,20.034571759257865
122.Harris_Sparrow/Harris_Sparrow_0033_116380.jpg,30.75503934600954
122.Harris_Sparrow/Harris_Sparrow_0063_116383.jpg,36.28031999273776
122.Harris_Sparrow/Harris_Sparrow_0001_116398.jpg,26.516363888351158
122.Harris_Sparrow/Harris_Sparrow_0021_116399.jpg,24.97638827756627
122.Harris_Sparrow/Harris_Sparrow_0070_116400.jpg,22.53677747096971
122.Harris_Sparrow/Harris_Sparrow_0075_116404.jpg,41.29732955093774
122.Harris_Sparrow/Harris_Sparrow_0048_116405.jpg,31.58357777767272
122.Harris_Sparrow/Harris_Sparrow_0017_116636.jpg,28.940701619412884
122.Harris_Sparrow/Harris_Sparrow_0067_116707.jpg,16.664512801357954
122.Harris_Sparrow/Harris_Sparrow_0071_116476.jpg,25.498275207169918
123.Henslow_Sparrow/Henslow_Sparrow_0046_116740.jpg,37.049604902080965
123.Henslow_Sparrow/Henslow_Sparrow_0043_116756.jpg,42.10965411583425
123.Henslow_Sparrow/Henslow_Sparrow_0017_796591.jpg,42.010204575501824
123.Henslow_Sparrow/Henslow_Sparrow_0073_116803.jpg,33.461617978940595
123.Henslow_Sparrow/Henslow_Sparrow_0075_116805.jpg,20.639743470025426
123.Henslow_Sparrow/Henslow_Sparrow_0080_11360.jpg,33.18958730212961
123.Henslow_Sparrow/Henslow_Sparrow_0022_116835.jpg,48.32970294969392
123.Henslow_Sparrow/Henslow_Sparrow_0112_116845.jpg,44.49270057517984
123.Henslow_Sparrow/Henslow_Sparrow_0104_796541.jpg,56.9502235389613
123.Henslow_Sparrow/Henslow_Sparrow_0026_796542.jpg,28.659422689951775
123.Henslow_Sparrow/Henslow_Sparrow_0086_796545.jpg,32.57001804632183
123.Henslow_Sparrow/Henslow_Sparrow_0055_796557.jpg,44.88243435805754
123.Henslow_Sparrow/Henslow_Sparrow_0040_116882.jpg,39.74249933663591
123.Henslow_Sparrow/Henslow_Sparrow_0100_796565.jpg,54.56052309523441
123.Henslow_Sparrow/Henslow_Sparrow_0099_796567.jpg,63.760122674400264
123.Henslow_Sparrow/Henslow_Sparrow_0011_796568.jpg,48.93013231078322
123.Henslow_Sparrow/Henslow_Sparrow_0041_796572.jpg,36.03315382279222
123.Henslow_Sparrow/Henslow_Sparrow_0028_796570.jpg,43.849829818983366
123.Henslow_Sparrow/Henslow_Sparrow_0109_796577.jpg,29.281079358548617
123.Henslow_Sparrow/Henslow_Sparrow_0013_796578.jpg,39.29384597443079
123.Henslow_Sparrow/Henslow_Sparrow_0084_796587.jpg,44.2948935511157
123.Henslow_Sparrow/Henslow_Sparrow_0039_796589.jpg,50.21347548267006
123.Henslow_Sparrow/Henslow_Sparrow_0108_796592.jpg,39.17099264336663
123.Henslow_Sparrow/Henslow_Sparrow_0015_796593.jpg,27.21945624694616
123.Henslow_Sparrow/Henslow_Sparrow_0010_796600.jpg,20.202878034460976
123.Henslow_Sparrow/Henslow_Sparrow_0034_796602.jpg,43.32304752801355
123.Henslow_Sparrow/Henslow_Sparrow_0033_796605.jpg,31.743674943921825
123.Henslow_Sparrow/Henslow_Sparrow_0068_796615.jpg,21.218976363241197
123.Henslow_Sparrow/Henslow_Sparrow_0060_796619.jpg,22.21940921040123
123.Henslow_Sparrow/Henslow_Sparrow_0056_796585.jpg,41.26175497815901
124.Le_Conte_Sparrow/Le_Conte_Sparrow_0005_795137.jpg,54.27687801154023
124.Le_Conte_Sparrow/Le_Conte_Sparrow_0050_795143.jpg,56.87752251748077
124.Le_Conte_Sparrow/Le_Conte_Sparrow_0006_795146.jpg,59.45573815150456
124.Le_Conte_Sparrow/Le_Conte_Sparrow_0023_795156.jpg,40.146995348269506
124.Le_Conte_Sparrow/Le_Conte_Sparrow_0083_795163.jpg,33.77160897900994
124.Le_Conte_Sparrow/Le_Conte_Sparrow_0010_795166.jpg,63.47847630467844
124.Le_Conte_Sparrow/Le_Conte_Sparrow_0085_795167.jpg,60.54933025382943
124.Le_Conte_Sparrow/Le_Conte_Sparrow_0088_117040.jpg,44.477941818063414
124.Le_Conte_Sparrow/Le_Conte_Sparrow_0086_795170.jpg,44.8082876039263
124.Le_Conte_Sparrow/Le_Conte_Sparrow_0013_795176.jpg,25.37313419897396
124.Le_Conte_Sparrow/Le_Conte_Sparrow_0097_795183.jpg,41.49407194252667
124.Le_Conte_Sparrow/Le_Conte_Sparrow_0053_795187.jpg,70.58882447383121
124.Le_Conte_Sparrow/Le_Conte_Sparrow_0025_795188.jpg,39.07472969731956
124.Le_Conte_Sparrow/Le_Conte_Sparrow_0024_795190.jpg,37.83278666196921
124.Le_Conte_Sparrow/Le_Conte_Sparrow_0047_795192.jpg,47.84502865803785
124.Le_Conte_Sparrow/Le_Conte_Sparrow_0061_795194.jpg,61.52572128202664
124.Le_Conte_Sparrow/Le_Conte_Sparrow_0102_795195.jpg,39.00374253562285
124.Le_Conte_Sparrow/Le_Conte_Sparrow_0087_795198.jpg,75.28465804881901
124.Le_Conte_Sparrow/Le_Conte_Sparrow_0066_795206.jpg,54.24745679938362
124.Le_Conte_Sparrow/Le_Conte_Sparrow_0012_795211.jpg,43.911329184583494
124.Le_Conte_Sparrow/Le_Conte_Sparrow_0035_795214.jpg,83.99043655408099
124.Le_Conte_Sparrow/Le_Conte_Sparrow_0041_795218.jpg,46.351825922675886
124.Le_Conte_Sparrow/Le_Conte_Sparrow_0049_795220.jpg,13.881867094231234
124.Le_Conte_Sparrow/Le_Conte_Sparrow_0092_795221.jpg,28.05267990845975
124.Le_Conte_Sparrow/Le_Conte_Sparrow_0046_795227.jpg,24.409281100087387
124.Le_Conte_Sparrow/Le_Conte_Sparrow_0098_795231.jpg,15.44982427098643
124.Le_Conte_Sparrow/Le_Conte_Sparrow_0039_117054.jpg,57.65113832559717
124.Le_Conte_Sparrow/Le_Conte_Sparrow_0044_117116.jpg,47.83937563526341
124.Le_Conte_Sparrow/Le_Conte_Sparrow_0011_117038.jpg,56.93320040093056
125.Lincoln_Sparrow/Lincoln_Sparrow_0094_117762.jpg,48.21841921658146
125.Lincoln_Sparrow/Lincoln_Sparrow_0010_117263.jpg,56.66125763580074
125.Lincoln_Sparrow/Lincoln_Sparrow_0049_117265.jpg,46.57165308313113
125.Lincoln_Sparrow/Lincoln_Sparrow_0131_117277.jpg,27.65280939908286
125.Lincoln_Sparrow/Lincoln_Sparrow_0092_117294.jpg,32.184041979812235
125.Lincoln_Sparrow/Lincoln_Sparrow_0069_117812.jpg,22.56174973595047
125.Lincoln_Sparrow/Lincoln_Sparrow_0033_117303.jpg,39.05557220578137
125.Lincoln_Sparrow/Lincoln_Sparrow_0100_117835.jpg,17.942690921317453
125.Lincoln_Sparrow/Lincoln_Sparrow_0037_117837.jpg,21.75938394701884
125.Lincoln_Sparrow/Lincoln_Sparrow_0113_117603.jpg,23.451503081277643
125.Lincoln_Sparrow/Lincoln_Sparrow_0066_117875.jpg,50.260650579953634
125.Lincoln_Sparrow/Lincoln_Sparrow_0116_117372.jpg,24.491909638263447
125.Lincoln_Sparrow/Lincoln_Sparrow_0035_117383.jpg,61.36672204844048
125.Lincoln_Sparrow/Lincoln_Sparrow_0129_117898.jpg,31.526469209172724
125.Lincoln_Sparrow/Lincoln_Sparrow_0017_117432.jpg,34.98506188014792
125.Lincoln_Sparrow/Lincoln_Sparrow_0047_117442.jpg,50.3823808627036
125.Lincoln_Sparrow/Lincoln_Sparrow_0099_117482.jpg,43.005302591478554
125.Lincoln_Sparrow/Lincoln_Sparrow_0078_117483.jpg,87.59057057831473
125.Lincoln_Sparrow/Lincoln_Sparrow_0055_117506.jpg,28.495656785617612
125.Lincoln_Sparrow/Lincoln_Sparrow_0052_117521.jpg,25.04096961963609
125.Lincoln_Sparrow/Lincoln_Sparrow_0089_117527.jpg,23.62219032815194
125.Lincoln_Sparrow/Lincoln_Sparrow_0061_117529.jpg,85.42500942663347
125.Lincoln_Sparrow/Lincoln_Sparrow_0020_117542.jpg,16.503489459015626
125.Lincoln_Sparrow/Lincoln_Sparrow_0045_117547.jpg,21.931653193151845
125.Lincoln_Sparrow/Lincoln_Sparrow_0074_117584.jpg,26.966961732338945
125.Lincoln_Sparrow/Lincoln_Sparrow_0112_117631.jpg,40.76317301621364
125.Lincoln_Sparrow/Lincoln_Sparrow_0041_117636.jpg,50.98857767859388
125.Lincoln_Sparrow/Lincoln_Sparrow_0013_117202.jpg,36.08928335906208
125.Lincoln_Sparrow/Lincoln_Sparrow_0026_117754.jpg,14.962194680867668
126.Nelson_Sharp_tailed_Sparrow/Nelson_Sharp_Tailed_Sparrow_0001_796931.jpg,44.85097467777866
126.Nelson_Sharp_tailed_Sparrow/Nelson_Sharp_Tailed_Sparrow_0044_796932.jpg,32.93293347954429
126.Nelson_Sharp_tailed_Sparrow/Nelson_Sharp_Tailed_Sparrow_0065_796933.jpg,42.187016777170534
126.Nelson_Sharp_tailed_Sparrow/Nelson_Sharp_Tailed_Sparrow_0027_118028.jpg,30.128068812296043
126.Nelson_Sharp_tailed_Sparrow/Nelson_Sharp_Tailed_Sparrow_0046_118032.jpg,53.27397471029441
126.Nelson_Sharp_tailed_Sparrow/Nelson_Sharp_Tailed_Sparrow_0032_118036.jpg,34.54487292305662
126.Nelson_Sharp_tailed_Sparrow/Nelson_Sharp_Tailed_Sparrow_0057_796949.jpg,16.233916106380004
126.Nelson_Sharp_tailed_Sparrow/Nelson_Sharp_Tailed_Sparrow_0034_796950.jpg,34.96874868679976
126.Nelson_Sharp_tailed_Sparrow/Nelson_Sharp_Tailed_Sparrow_0054_796936.jpg,42.3658610992831
126.Nelson_Sharp_tailed_Sparrow/Nelson_Sharp_Tailed_Sparrow_0072_118012.jpg,52.87894447592413
126.Nelson_Sharp_tailed_Sparrow/Nelson_Sharp_Tailed_Sparrow_0053_118069.jpg,17.59716850022469
126.Nelson_Sharp_tailed_Sparrow/Nelson_Sharp_Tailed_Sparrow_0039_118074.jpg,37.47478668682295
126.Nelson_Sharp_tailed_Sparrow/Nelson_Sharp_Tailed_Sparrow_0036_118075.jpg,31.0084184144053
126.Nelson_Sharp_tailed_Sparrow/Nelson_Sharp_Tailed_Sparrow_0016_118077.jpg,27.806933084880963
126.Nelson_Sharp_tailed_Sparrow/Nelson_Sharp_Tailed_Sparrow_0005_118078.jpg,33.478949191795365
126.Nelson_Sharp_tailed_Sparrow/Nelson_Sharp_Tailed_Sparrow_0009_796940.jpg,61.12237752196956
126.Nelson_Sharp_tailed_Sparrow/Nelson_Sharp_Tailed_Sparrow_0024_118010.jpg,26.467901633831328
126.Nelson_Sharp_tailed_Sparrow/Nelson_Sharp_Tailed_Sparrow_0008_796944.jpg,18.445790810887722
126.Nelson_Sharp_tailed_Sparrow/Nelson_Sharp_Tailed_Sparrow_0025_796945.jpg,38.14217691243754
126.Nelson_Sharp_tailed_Sparrow/Nelson_Sharp_Tailed_Sparrow_0052_796903.jpg,36.82222902192839
126.Nelson_Sharp_tailed_Sparrow/Nelson_Sharp_Tailed_Sparrow_0076_117964.jpg,49.608170682573274
126.Nelson_Sharp_tailed_Sparrow/Nelson_Sharp_Tailed_Sparrow_0037_117986.jpg,31.46259867694933
126.Nelson_Sharp_tailed_Sparrow/Nelson_Sharp_Tailed_Sparrow_0047_117991.jpg,56.02156974029333
126.Nelson_Sharp_tailed_Sparrow/Nelson_Sharp_Tailed_Sparrow_0061_796907.jpg,55.97736552098716
126.Nelson_Sharp_tailed_Sparrow/Nelson_Sharp_Tailed_Sparrow_0006_796909.jpg,39.69785613858921
126.Nelson_Sharp_tailed_Sparrow/Nelson_Sharp_Tailed_Sparrow_0003_796917.jpg,25.84897689552144
126.Nelson_Sharp_tailed_Sparrow/Nelson_Sharp_Tailed_Sparrow_0029_796923.jpg,65.2368711750099
126.Nelson_Sharp_tailed_Sparrow/Nelson_Sharp_Tailed_Sparrow_0035_796924.jpg,20.228575312955527
126.Nelson_Sharp_tailed_Sparrow/Nelson_Sharp_Tailed_Sparrow_0070_796925.jpg,19.679788722518726
126.Nelson_Sharp_tailed_Sparrow/Nelson_Sharp_Tailed_Sparrow_0041_796926.jpg,43.17693782596034
127.Savannah_Sparrow/Savannah_Sparrow_0048_120321.jpg,27.59707711478788
127.Savannah_Sparrow/Savannah_Sparrow_0023_120326.jpg,39.016662618201806
127.Savannah_Sparrow/Savannah_Sparrow_0059_119810.jpg,33.137802749679295
127.Savannah_Sparrow/Savannah_Sparrow_0106_118294.jpg,27.67430211276652
127.Savannah_Sparrow/Savannah_Sparrow_0058_118323.jpg,41.15369208524864
127.Savannah_Sparrow/Savannah_Sparrow_0096_120376.jpg,34.1228025636157
127.Savannah_Sparrow/Savannah_Sparrow_0043_119362.jpg,83.89879336365865
127.Savannah_Sparrow/Savannah_Sparrow_0075_116305.jpg,38.62949115142907
127.Savannah_Sparrow/Savannah_Sparrow_0115_118882.jpg,63.868479825971704
127.Savannah_Sparrow/Savannah_Sparrow_0117_119917.jpg,70.60671358627172
127.Savannah_Sparrow/Savannah_Sparrow_0015_118910.jpg,29.73129696009955
127.Savannah_Sparrow/Savannah_Sparrow_0131_119946.jpg,26.984624993320182
127.Savannah_Sparrow/Savannah_Sparrow_0139_119444.jpg,20.36033009627242
127.Savannah_Sparrow/Savannah_Sparrow_0132_119962.jpg,35.292173963090086
127.Savannah_Sparrow/Savannah_Sparrow_0028_119982.jpg,36.200425735733475
127.Savannah_Sparrow/Savannah_Sparrow_0057_120016.jpg,26.93963593498651
127.Savannah_Sparrow/Savannah_Sparrow_0084_120063.jpg,23.031414563655233
127.Savannah_Sparrow/Savannah_Sparrow_0136_119581.jpg,49.55027458916686
127.Savannah_Sparrow/Savannah_Sparrow_0035_120099.jpg,20.6507702470416
127.Savannah_Sparrow/Savannah_Sparrow_0032_120109.jpg,71.14191865316037
127.Savannah_Sparrow/Savannah_Sparrow_0051_118574.jpg,36.36143638528148
127.Savannah_Sparrow/Savannah_Sparrow_0135_119620.jpg,51.130123846038046
127.Savannah_Sparrow/Savannah_Sparrow_0025_119124.jpg,16.546582869510445
127.Savannah_Sparrow/Savannah_Sparrow_0095_119670.jpg,20.703367457510307
127.Savannah_Sparrow/Savannah_Sparrow_0062_120185.jpg,22.07075642587307
127.Savannah_Sparrow/Savannah_Sparrow_0005_119735.jpg,35.226603995503964
127.Savannah_Sparrow/Savannah_Sparrow_0019_118200.jpg,28.90846642394885
127.Savannah_Sparrow/Savannah_Sparrow_0114_119750.jpg,50.963560101952766
127.Savannah_Sparrow/Savannah_Sparrow_0076_120267.jpg,25.41323106723393
127.Savannah_Sparrow/Savannah_Sparrow_0093_118267.jpg,63.2880586358817
128.Seaside_Sparrow/Seaside_Sparrow_0052_796498.jpg,46.20382318379107
128.Seaside_Sparrow/Seaside_Sparrow_0062_796503.jpg,42.851721329977096
128.Seaside_Sparrow/Seaside_Sparrow_0065_796504.jpg,36.68570616108577
128.Seaside_Sparrow/Seaside_Sparrow_0033_796506.jpg,40.060591075221694
128.Seaside_Sparrow/Seaside_Sparrow_0054_796507.jpg,47.501708045756104
128.Seaside_Sparrow/Seaside_Sparrow_0043_796510.jpg,21.91919453858079
128.Seaside_Sparrow/Seaside_Sparrow_0004_796514.jpg,64.73321042024668
128.Seaside_Sparrow/Seaside_Sparrow_0068_796515.jpg,35.27247647024979
128.Seaside_Sparrow/Seaside_Sparrow_0034_796521.jpg,24.03668959689802
128.Seaside_Sparrow/Seaside_Sparrow_0031_796526.jpg,33.71272184114335
128.Seaside_Sparrow/Seaside_Sparrow_0037_796531.jpg,15.936939404192465
128.Seaside_Sparrow/Seaside_Sparrow_0013_796535.jpg,15.872720961653874
128.Seaside_Sparrow/Seaside_Sparrow_0008_796538.jpg,57.438920361277454
128.Seaside_Sparrow/Seaside_Sparrow_0003_796539.jpg,30.580840989926116
128.Seaside_Sparrow/Seaside_Sparrow_0070_796540.jpg,47.84126256054764
128.Seaside_Sparrow/Seaside_Sparrow_0063_120707.jpg,27.14981574894176
128.Seaside_Sparrow/Seaside_Sparrow_0056_120710.jpg,31.437914867809063
128.Seaside_Sparrow/Seaside_Sparrow_0018_120716.jpg,47.91852423428962
128.Seaside_Sparrow/Seaside_Sparrow_0022_120721.jpg,31.247888997797574
128.Seaside_Sparrow/Seaside_Sparrow_0020_120743.jpg,13.881212189337068
128.Seaside_Sparrow/Seaside_Sparrow_0058_120744.jpg,20.48200862546474
128.Seaside_Sparrow/Seaside_Sparrow_0007_120690.jpg,43.009409300422405
128.Seaside_Sparrow/Seaside_Sparrow_0032_120767.jpg,20.54911479434464
128.Seaside_Sparrow/Seaside_Sparrow_0030_120780.jpg,56.14880672151434
128.Seaside_Sparrow/Seaside_Sparrow_0059_120794.jpg,72.03142667958
128.Seaside_Sparrow/Seaside_Sparrow_0026_120798.jpg,30.696181949480803
128.Seaside_Sparrow/Seaside_Sparrow_0069_120700.jpg,50.584875824894745
128.Seaside_Sparrow/Seaside_Sparrow_0038_120819.jpg,33.05182001892339
128.Seaside_Sparrow/Seaside_Sparrow_0019_120826.jpg,60.80873101636186
128.Seaside_Sparrow/Seaside_Sparrow_0029_120828.jpg,16.671603556519212
129.Song_Sparrow/Song_Sparrow_0060_122371.jpg,26.663177752172075
129.Song_Sparrow/Song_Sparrow_0118_121905.jpg,37.34858077157319
129.Song_Sparrow/Song_Sparrow_0059_120885.jpg,31.313761605911576
129.Song_Sparrow/Song_Sparrow_0067_122424.jpg,51.48395717767519
129.Song_Sparrow/Song_Sparrow_0003_122425.jpg,16.2207337978509
129.Song_Sparrow/Song_Sparrow_0126_120901.jpg,24.580717470325553
129.Song_Sparrow/Song_Sparrow_0071_122446.jpg,20.453961498390903
129.Song_Sparrow/Song_Sparrow_0097_121438.jpg,21.742232935031677
129.Song_Sparrow/Song_Sparrow_0045_121951.jpg,24.744393533967646
129.Song_Sparrow/Song_Sparrow_0009_121025.jpg,63.87477386057158
129.Song_Sparrow/Song_Sparrow_0035_120986.jpg,44.84672989202679
129.Song_Sparrow/Song_Sparrow_0050_121514.jpg,61.75013925300843
129.Song_Sparrow/Song_Sparrow_0080_121033.jpg,56.333165985148206
129.Song_Sparrow/Song_Sparrow_0069_122065.jpg,39.65725935029592
129.Song_Sparrow/Song_Sparrow_0053_121554.jpg,30.570241782527052
129.Song_Sparrow/Song_Sparrow_0102_122090.jpg,55.104128180959414
129.Song_Sparrow/Song_Sparrow_0130_121583.jpg,26.26103676942913
129.Song_Sparrow/Song_Sparrow_0037_121078.jpg,46.61590932859918
129.Song_Sparrow/Song_Sparrow_0057_121090.jpg,47.43188618707832
129.Song_Sparrow/Song_Sparrow_0001_122169.jpg,22.802676173272474
129.Song_Sparrow/Song_Sparrow_0038_121666.jpg,28.33342680282327
129.Song_Sparrow/Song_Sparrow_0015_122081.jpg,24.2991050334581
129.Song_Sparrow/Song_Sparrow_0113_121683.jpg,57.508751829778014
129.Song_Sparrow/Song_Sparrow_0099_121193.jpg,38.48671069563024
129.Song_Sparrow/Song_Sparrow_0106_121154.jpg,39.16752104752889
129.Song_Sparrow/Song_Sparrow_0114_121233.jpg,66.8710534398847
129.Song_Sparrow/Song_Sparrow_0123_121249.jpg,33.7979680240157
129.Song_Sparrow/Song_Sparrow_0034_121255.jpg,28.19008923112928
129.Song_Sparrow/Song_Sparrow_0096_121313.jpg,38.74095581486073
129.Song_Sparrow/Song_Sparrow_0108_121327.jpg,43.960119275685116
130.Tree_Sparrow/Tree_Sparrow_0066_123569.jpg,26.7918628317351
130.Tree_Sparrow/Tree_Sparrow_0053_122933.jpg,16.19918782058715
130.Tree_Sparrow/Tree_Sparrow_0044_122946.jpg,40.518259826167984
130.Tree_Sparrow/Tree_Sparrow_0005_122949.jpg,34.48149949748764
130.Tree_Sparrow/Tree_Sparrow_0011_122964.jpg,18.01014825969417
130.Tree_Sparrow/Tree_Sparrow_0112_125014.jpg,40.647614163982645
130.Tree_Sparrow/Tree_Sparrow_0072_123991.jpg,29.05881648462559
130.Tree_Sparrow/Tree_Sparrow_0042_124512.jpg,40.931442215865125
130.Tree_Sparrow/Tree_Sparrow_0062_123000.jpg,30.561966457728364
130.Tree_Sparrow/Tree_Sparrow_0076_123669.jpg,34.02246132319476
130.Tree_Sparrow/Tree_Sparrow_0043_124034.jpg,30.23243908769127
130.Tree_Sparrow/Tree_Sparrow_0015_125105.jpg,30.239448322871205
130.Tree_Sparrow/Tree_Sparrow_0095_124090.jpg,39.94853389477434
130.Tree_Sparrow/Tree_Sparrow_0058_123591.jpg,29.982556137990784
130.Tree_Sparrow/Tree_Sparrow_0080_124120.jpg,22.735081708316315
130.Tree_Sparrow/Tree_Sparrow_0113_123613.jpg,20.86151659046005
130.Tree_Sparrow/Tree_Sparrow_0068_125230.jpg,64.04754239486937
130.Tree_Sparrow/Tree_Sparrow_0025_124233.jpg,48.019066931050034
130.Tree_Sparrow/Tree_Sparrow_0105_123227.jpg,25.260623737471168
130.Tree_Sparrow/Tree_Sparrow_0088_125305.jpg,13.541113741041919
130.Tree_Sparrow/Tree_Sparrow_0090_110145.jpg,23.241331545058944
130.Tree_Sparrow/Tree_Sparrow_0127_125322.jpg,19.63107827460246
130.Tree_Sparrow/Tree_Sparrow_0036_122772.jpg,25.231542652191102
130.Tree_Sparrow/Tree_Sparrow_0109_123802.jpg,29.34658065801107
130.Tree_Sparrow/Tree_Sparrow_0024_123805.jpg,33.5034727024742
130.Tree_Sparrow/Tree_Sparrow_0009_123294.jpg,40.81806008902045
130.Tree_Sparrow/Tree_Sparrow_0028_122829.jpg,30.05586458168972
130.Tree_Sparrow/Tree_Sparrow_0073_123871.jpg,22.527167647095297
130.Tree_Sparrow/Tree_Sparrow_0030_122850.jpg,27.859126423520827
130.Tree_Sparrow/Tree_Sparrow_0128_123979.jpg,58.1656994907197
131.Vesper_Sparrow/Vesper_Sparrow_0052_125444.jpg,17.90264948900156
131.Vesper_Sparrow/Vesper_Sparrow_0065_125446.jpg,22.118706717209136
131.Vesper_Sparrow/Vesper_Sparrow_0043_125703.jpg,30.482344201616957
131.Vesper_Sparrow/Vesper_Sparrow_0095_125459.jpg,27.228632107592677
131.Vesper_Sparrow/Vesper_Sparrow_0083_125718.jpg,36.40296819000758
131.Vesper_Sparrow/Vesper_Sparrow_0023_125465.jpg,40.27213142362769
131.Vesper_Sparrow/Vesper_Sparrow_0047_125788.jpg,45.56652283546349
131.Vesper_Sparrow/Vesper_Sparrow_0089_125705.jpg,41.69747146435289
131.Vesper_Sparrow/Vesper_Sparrow_0082_125503.jpg,53.219656944542116
131.Vesper_Sparrow/Vesper_Sparrow_0086_125776.jpg,38.45493310519393
131.Vesper_Sparrow/Vesper_Sparrow_0004_125787.jpg,19.64633861271511
131.Vesper_Sparrow/Vesper_Sparrow_0081_125541.jpg,25.628126852302994
131.Vesper_Sparrow/Vesper_Sparrow_0049_125806.jpg,30.129413305608225
131.Vesper_Sparrow/Vesper_Sparrow_0032_125564.jpg,47.08839232122554
131.Vesper_Sparrow/Vesper_Sparrow_0051_125587.jpg,46.39010198948024
131.Vesper_Sparrow/Vesper_Sparrow_0077_125597.jpg,14.999689925248274
131.Vesper_Sparrow/Vesper_Sparrow_0091_125598.jpg,19.194693546743434
131.Vesper_Sparrow/Vesper_Sparrow_0068_125601.jpg,17.714579732517734
131.Vesper_Sparrow/Vesper_Sparrow_0011_125608.jpg,25.1632476810057
131.Vesper_Sparrow/Vesper_Sparrow_0055_125611.jpg,41.33637513014912
131.Vesper_Sparrow/Vesper_Sparrow_0016_125615.jpg,38.88174539180701
131.Vesper_Sparrow/Vesper_Sparrow_0028_118217.jpg,26.5740467868005
131.Vesper_Sparrow/Vesper_Sparrow_0031_125631.jpg,26.215103954739774
131.Vesper_Sparrow/Vesper_Sparrow_0045_125643.jpg,19.875742440656655
131.Vesper_Sparrow/Vesper_Sparrow_0037_125648.jpg,21.681719635473463
131.Vesper_Sparrow/Vesper_Sparrow_0056_125657.jpg,18.72426531921764
131.Vesper_Sparrow/Vesper_Sparrow_0058_125661.jpg,33.83521160030006
131.Vesper_Sparrow/Vesper_Sparrow_0030_125663.jpg,18.112528820769768
131.Vesper_Sparrow/Vesper_Sparrow_0003_125427.jpg,35.00939724797427
131.Vesper_Sparrow/Vesper_Sparrow_0067_125429.jpg,28.66311416960186
132.White_crowned_Sparrow/White_Crowned_Sparrow_0047_127575.jpg,17.802400864258193
132.White_crowned_Sparrow/White_Crowned_Sparrow_0116_127512.jpg,58.94477759862614
132.White_crowned_Sparrow/White_Crowned_Sparrow_0098_127019.jpg,31.541832441733135
132.White_crowned_Sparrow/White_Crowned_Sparrow_0093_126531.jpg,12.820252740612638
132.White_crowned_Sparrow/White_Crowned_Sparrow_0109_128529.jpg,18.95311410872325
132.White_crowned_Sparrow/White_Crowned_Sparrow_0043_127096.jpg,61.56185820794194
132.White_crowned_Sparrow/White_Crowned_Sparrow_0019_127652.jpg,15.071113830091823
132.White_crowned_Sparrow/White_Crowned_Sparrow_0009_127658.jpg,55.37082186942656
132.White_crowned_Sparrow/White_Crowned_Sparrow_0076_127604.jpg,15.069964154070934
132.White_crowned_Sparrow/White_Crowned_Sparrow_0085_127194.jpg,39.94444382450425
132.White_crowned_Sparrow/White_Crowned_Sparrow_0102_127708.jpg,62.53142304525504
132.White_crowned_Sparrow/White_Crowned_Sparrow_0054_126068.jpg,27.171944767027778
132.White_crowned_Sparrow/White_Crowned_Sparrow_0083_128777.jpg,17.257450311246167
132.White_crowned_Sparrow/White_Crowned_Sparrow_0141_127766.jpg,17.46374231421707
132.White_crowned_Sparrow/White_Crowned_Sparrow_0002_127774.jpg,79.64577639324604
132.White_crowned_Sparrow/White_Crowned_Sparrow_0017_125829.jpg,44.103445485795156
132.White_crowned_Sparrow/White_Crowned_Sparrow_0089_127778.jpg,54.52699141261695
132.White_crowned_Sparrow/White_Crowned_Sparrow_0049_128311.jpg,35.32474911333087
132.White_crowned_Sparrow/White_Crowned_Sparrow_0040_127313.jpg,28.767123042259655
132.White_crowned_Sparrow/White_Crowned_Sparrow_0012_127853.jpg,59.4222576788605
132.White_crowned_Sparrow/White_Crowned_Sparrow_0042_128395.jpg,18.07989107921784
132.White_crowned_Sparrow/White_Crowned_Sparrow_0142_128237.jpg,20.56451509488074
132.White_crowned_Sparrow/White_Crowned_Sparrow_0044_127386.jpg,9.77679843205273
132.White_crowned_Sparrow/White_Crowned_Sparrow_0090_125864.jpg,32.26364219349647
132.White_crowned_Sparrow/White_Crowned_Sparrow_0111_127404.jpg,39.29032860269682
132.White_crowned_Sparrow/White_Crowned_Sparrow_0118_127919.jpg,24.065296567825584
132.White_crowned_Sparrow/White_Crowned_Sparrow_0071_127922.jpg,26.873503480243276
132.White_crowned_Sparrow/White_Crowned_Sparrow_0037_126969.jpg,42.48708752129511
132.White_crowned_Sparrow/White_Crowned_Sparrow_0092_125934.jpg,20.911034879035988
132.White_crowned_Sparrow/White_Crowned_Sparrow_0031_126457.jpg,22.12580500514418
133.White_throated_Sparrow/White_Throated_Sparrow_0078_129041.jpg,23.292554820595175
133.White_throated_Sparrow/White_Throated_Sparrow_0107_129046.jpg,25.37437545745843
133.White_throated_Sparrow/White_Throated_Sparrow_0082_129048.jpg,21.31624502783262
133.White_throated_Sparrow/White_Throated_Sparrow_0109_129066.jpg,29.610732484703615
133.White_throated_Sparrow/White_Throated_Sparrow_0030_129076.jpg,29.428188681573324
133.White_throated_Sparrow/White_Throated_Sparrow_0076_129088.jpg,11.489098739633945
133.White_throated_Sparrow/White_Throated_Sparrow_0098_129089.jpg,36.755856217302394
133.White_throated_Sparrow/White_Throated_Sparrow_0014_129148.jpg,33.72666702403592
133.White_throated_Sparrow/White_Throated_Sparrow_0121_129201.jpg,43.35075384711553
133.White_throated_Sparrow/White_Throated_Sparrow_0072_129203.jpg,50.01772187564222
133.White_throated_Sparrow/White_Throated_Sparrow_0060_128802.jpg,38.92523863235539
133.White_throated_Sparrow/White_Throated_Sparrow_0063_128803.jpg,24.05358239645328
133.White_throated_Sparrow/White_Throated_Sparrow_0105_128814.jpg,25.18125997777666
133.White_throated_Sparrow/White_Throated_Sparrow_0106_128815.jpg,20.318181968250343
133.White_throated_Sparrow/White_Throated_Sparrow_0043_128818.jpg,16.58421358495907
133.White_throated_Sparrow/White_Throated_Sparrow_0135_128819.jpg,24.21669648546351
133.White_throated_Sparrow/White_Throated_Sparrow_0132_128833.jpg,54.48222930100613
133.White_throated_Sparrow/White_Throated_Sparrow_0110_128838.jpg,19.59443987471005
133.White_throated_Sparrow/White_Throated_Sparrow_0026_128843.jpg,30.64292810621724
133.White_throated_Sparrow/White_Throated_Sparrow_0038_128853.jpg,11.683818366395613
133.White_throated_Sparrow/White_Throated_Sparrow_0039_128859.jpg,16.66184588121259
133.White_throated_Sparrow/White_Throated_Sparrow_0032_128866.jpg,20.671255821952613
133.White_throated_Sparrow/White_Throated_Sparrow_0007_128918.jpg,26.28877314060888
133.White_throated_Sparrow/White_Throated_Sparrow_0052_128923.jpg,54.099152550764245
133.White_throated_Sparrow/White_Throated_Sparrow_0004_128944.jpg,52.53237315114785
133.White_throated_Sparrow/White_Throated_Sparrow_0059_128964.jpg,32.48914103894234
133.White_throated_Sparrow/White_Throated_Sparrow_0017_128982.jpg,21.746238780631266
133.White_throated_Sparrow/White_Throated_Sparrow_0075_128990.jpg,32.73970511173983
133.White_throated_Sparrow/White_Throated_Sparrow_0047_129014.jpg,35.00480324191632
133.White_throated_Sparrow/White_Throated_Sparrow_0033_129016.jpg,12.673068494010456
134.Cape_Glossy_Starling/Cape_Glossy_Starling_0027_129282.jpg,84.59943876846808
134.Cape_Glossy_Starling/Cape_Glossy_Starling_0026_129288.jpg,18.82993020510359
134.Cape_Glossy_Starling/Cape_Glossy_Starling_0074_129294.jpg,91.15445174375026
134.Cape_Glossy_Starling/Cape_Glossy_Starling_0038_129301.jpg,37.62152927247304
134.Cape_Glossy_Starling/Cape_Glossy_Starling_0097_129303.jpg,65.10252719802646
134.Cape_Glossy_Starling/Cape_Glossy_Starling_0002_129310.jpg,64.4475793236669
134.Cape_Glossy_Starling/Cape_Glossy_Starling_0025_129341.jpg,43.93215862747586
134.Cape_Glossy_Starling/Cape_Glossy_Starling_0007_129345.jpg,18.185178203976903
134.Cape_Glossy_Starling/Cape_Glossy_Starling_0047_129348.jpg,33.16167441939552
134.Cape_Glossy_Starling/Cape_Glossy_Starling_0018_129356.jpg,53.36094616267107
134.Cape_Glossy_Starling/Cape_Glossy_Starling_0098_129365.jpg,71.12243054202676
134.Cape_Glossy_Starling/Cape_Glossy_Starling_0094_129368.jpg,35.912416507263806
134.Cape_Glossy_Starling/Cape_Glossy_Starling_0072_129386.jpg,48.02709544062392
134.Cape_Glossy_Starling/Cape_Glossy_Starling_0079_129399.jpg,37.90301939118305
134.Cape_Glossy_Starling/Cape_Glossy_Starling_0099_129412.jpg,49.78777946204785
134.Cape_Glossy_Starling/Cape_Glossy_Starling_0022_129414.jpg,67.85061150404681
134.Cape_Glossy_Starling/Cape_Glossy_Starling_0068_129446.jpg,16.737087373101268
134.Cape_Glossy_Starling/Cape_Glossy_Starling_0087_129481.jpg,119.13854478100532
134.Cape_Glossy_Starling/Cape_Glossy_Starling_0016_129464.jpg,42.0374178430084
134.Cape_Glossy_Starling/Cape_Glossy_Starling_0073_129465.jpg,58.74779705102219
134.Cape_Glossy_Starling/Cape_Glossy_Starling_0082_129216.jpg,81.17019733993428
134.Cape_Glossy_Starling/Cape_Glossy_Starling_0069_129218.jpg,53.93740725860331
134.Cape_Glossy_Starling/Cape_Glossy_Starling_0053_129219.jpg,16.253339759588712
134.Cape_Glossy_Starling/Cape_Glossy_Starling_0081_129220.jpg,49.3150101508468
134.Cape_Glossy_Starling/Cape_Glossy_Starling_0060_129222.jpg,41.07575493037955
134.Cape_Glossy_Starling/Cape_Glossy_Starling_0013_129244.jpg,73.59569114447898
134.Cape_Glossy_Starling/Cape_Glossy_Starling_0062_129254.jpg,48.95663739543289
134.Cape_Glossy_Starling/Cape_Glossy_Starling_0005_129262.jpg,60.836652866681256
134.Cape_Glossy_Starling/Cape_Glossy_Starling_0015_129266.jpg,47.390896387719664
134.Cape_Glossy_Starling/Cape_Glossy_Starling_0050_129274.jpg,60.025233354140695
135.Bank_Swallow/Bank_Swallow_0013_129563.jpg,48.73924961965937
135.Bank_Swallow/Bank_Swallow_0038_129830.jpg,46.85443719709062
135.Bank_Swallow/Bank_Swallow_0008_129590.jpg,37.0586042126975
135.Bank_Swallow/Bank_Swallow_0039_129599.jpg,22.906569586152138
135.Bank_Swallow/Bank_Swallow_0026_129870.jpg,84.64760535645055
135.Bank_Swallow/Bank_Swallow_0041_129625.jpg,51.59188315998017
135.Bank_Swallow/Bank_Swallow_0018_129891.jpg,21.057063263618346
135.Bank_Swallow/Bank_Swallow_0059_129896.jpg,28.994117975499545
135.Bank_Swallow/Bank_Swallow_0006_129652.jpg,37.87138973230861
135.Bank_Swallow/Bank_Swallow_0022_129923.jpg,24.95309664797874
135.Bank_Swallow/Bank_Swallow_0014_129668.jpg,25.44587124966785
135.Bank_Swallow/Bank_Swallow_0040_129674.jpg,45.45915550125407
135.Bank_Swallow/Bank_Swallow_0043_129685.jpg,19.36317583431654
135.Bank_Swallow/Bank_Swallow_0012_129518.jpg,16.420710329005992
135.Bank_Swallow/Bank_Swallow_0061_129484.jpg,21.04317164689739
135.Bank_Swallow/Bank_Swallow_0046_129742.jpg,51.406102531446905
135.Bank_Swallow/Bank_Swallow_0032_129491.jpg,31.09786197845832
135.Bank_Swallow/Bank_Swallow_0029_129751.jpg,28.866166751824387
135.Bank_Swallow/Bank_Swallow_0034_129496.jpg,71.78147984054428
135.Bank_Swallow/Bank_Swallow_0028_129754.jpg,40.087961021247914
135.Bank_Swallow/Bank_Swallow_0027_129503.jpg,15.99893072180442
135.Bank_Swallow/Bank_Swallow_0033_129509.jpg,51.07295942552072
135.Bank_Swallow/Bank_Swallow_0001_129516.jpg,76.13215639622729
135.Bank_Swallow/Bank_Swallow_0063_129774.jpg,60.42217207556536
135.Bank_Swallow/Bank_Swallow_0047_129520.jpg,11.0363493146257
135.Bank_Swallow/Bank_Swallow_0025_129521.jpg,73.67686232074567
135.Bank_Swallow/Bank_Swallow_0050_129780.jpg,54.61310814494098
135.Bank_Swallow/Bank_Swallow_0035_129528.jpg,11.872484542400507
135.Bank_Swallow/Bank_Swallow_0019_129788.jpg,52.31437402796832
135.Bank_Swallow/Bank_Swallow_0016_129791.jpg,13.36572828785208
136.Barn_Swallow/Barn_Swallow_0038_132780.jpg,44.64655217284861
136.Barn_Swallow/Barn_Swallow_0041_131860.jpg,54.64914224001916
136.Barn_Swallow/Barn_Swallow_0053_130585.jpg,32.91569188415979
136.Barn_Swallow/Barn_Swallow_0003_130086.jpg,22.982909128387565
136.Barn_Swallow/Barn_Swallow_0050_130095.jpg,38.73602212911055
136.Barn_Swallow/Barn_Swallow_0034_130099.jpg,35.76317200295654
136.Barn_Swallow/Barn_Swallow_0022_130631.jpg,53.34298222363022
136.Barn_Swallow/Barn_Swallow_0054_131146.jpg,32.908174821058374
136.Barn_Swallow/Barn_Swallow_0085_132939.jpg,55.020884697818175
136.Barn_Swallow/Barn_Swallow_0083_132949.jpg,53.791183163394706
136.Barn_Swallow/Barn_Swallow_0055_131933.jpg,25.808160527383663
136.Barn_Swallow/Barn_Swallow_0089_131934.jpg,34.27389748787343
136.Barn_Swallow/Barn_Swallow_0014_130403.jpg,53.18030979387879
136.Barn_Swallow/Barn_Swallow_0062_132755.jpg,53.54797618640923
136.Barn_Swallow/Barn_Swallow_0044_132542.jpg,43.43624196058781
136.Barn_Swallow/Barn_Swallow_0086_132477.jpg,47.369217767993675
136.Barn_Swallow/Barn_Swallow_0023_130325.jpg,32.35074661430717
136.Barn_Swallow/Barn_Swallow_0072_130474.jpg,49.99858473380819
136.Barn_Swallow/Barn_Swallow_0093_130121.jpg,27.31609156607062
136.Barn_Swallow/Barn_Swallow_0027_129978.jpg,31.779453646628387
136.Barn_Swallow/Barn_Swallow_0052_131539.jpg,25.066409709269333
136.Barn_Swallow/Barn_Swallow_0007_131030.jpg,38.50936953590244
136.Barn_Swallow/Barn_Swallow_0063_132572.jpg,41.91943537055191
136.Barn_Swallow/Barn_Swallow_0020_132317.jpg,28.267246499191923
136.Barn_Swallow/Barn_Swallow_0029_132832.jpg,62.330446245987886
136.Barn_Swallow/Barn_Swallow_0013_131812.jpg,45.88303741617254
136.Barn_Swallow/Barn_Swallow_0006_131315.jpg,18.04524299490251
136.Barn_Swallow/Barn_Swallow_0080_131829.jpg,26.002441813507005
136.Barn_Swallow/Barn_Swallow_0019_130555.jpg,48.980821826339394
136.Barn_Swallow/Barn_Swallow_0074_132094.jpg,9.296140473419046
137.Cliff_Swallow/Cliff_Swallow_0012_133527.jpg,17.215977445055152
137.Cliff_Swallow/Cliff_Swallow_0084_133974.jpg,55.59020249219496
137.Cliff_Swallow/Cliff_Swallow_0098_133130.jpg,21.117595576209663
137.Cliff_Swallow/Cliff_Swallow_0039_133645.jpg,11.20901016985913
137.Cliff_Swallow/Cliff_Swallow_0042_133646.jpg,25.230411622128113
137.Cliff_Swallow/Cliff_Swallow_0100_133665.jpg,22.441851915615697
137.Cliff_Swallow/Cliff_Swallow_0031_133164.jpg,16.837736014809266
137.Cliff_Swallow/Cliff_Swallow_0036_133168.jpg,36.20351842654411
137.Cliff_Swallow/Cliff_Swallow_0013_133169.jpg,31.449926965379145
137.Cliff_Swallow/Cliff_Swallow_0038_133701.jpg,72.78174503864727
137.Cliff_Swallow/Cliff_Swallow_0027_133203.jpg,33.57830522976712
137.Cliff_Swallow/Cliff_Swallow_0068_134236.jpg,12.40480096972749
137.Cliff_Swallow/Cliff_Swallow_0099_133948.jpg,43.79090211139586
137.Cliff_Swallow/Cliff_Swallow_0006_133489.jpg,23.372214907691653
137.Cliff_Swallow/Cliff_Swallow_0003_133496.jpg,47.91662063919454
137.Cliff_Swallow/Cliff_Swallow_0061_133259.jpg,23.75067438192364
137.Cliff_Swallow/Cliff_Swallow_0060_133280.jpg,50.86718703196068
137.Cliff_Swallow/Cliff_Swallow_0083_133771.jpg,33.86128638221087
137.Cliff_Swallow/Cliff_Swallow_0089_133545.jpg,81.24748422902938
137.Cliff_Swallow/Cliff_Swallow_0017_133806.jpg,58.10160053532817
137.Cliff_Swallow/Cliff_Swallow_0093_133052.jpg,32.78096701704631
137.Cliff_Swallow/Cliff_Swallow_0052_133055.jpg,59.35369272031577
137.Cliff_Swallow/Cliff_Swallow_0085_134338.jpg,20.63788870668847
137.Cliff_Swallow/Cliff_Swallow_0056_133921.jpg,31.280916513873073
137.Cliff_Swallow/Cliff_Swallow_0033_133836.jpg,53.97398629565976
137.Cliff_Swallow/Cliff_Swallow_0063_133852.jpg,9.945634715609872
137.Cliff_Swallow/Cliff_Swallow_0041_134111.jpg,24.563572846034454
137.Cliff_Swallow/Cliff_Swallow_0081_134119.jpg,23.01838132878919
137.Cliff_Swallow/Cliff_Swallow_0035_133097.jpg,21.87251557380973
137.Cliff_Swallow/Cliff_Swallow_0073_133116.jpg,26.628777634506847
138.Tree_Swallow/Tree_Swallow_0100_137493.jpg,27.935510078904
138.Tree_Swallow/Tree_Swallow_0032_136216.jpg,67.54332972434823
138.Tree_Swallow/Tree_Swallow_0098_134916.jpg,43.7225164994729
138.Tree_Swallow/Tree_Swallow_0107_136223.jpg,44.45513681895644
138.Tree_Swallow/Tree_Swallow_0092_136236.jpg,44.98487175147848
138.Tree_Swallow/Tree_Swallow_0044_135984.jpg,48.09500434256253
138.Tree_Swallow/Tree_Swallow_0074_135219.jpg,33.59420428121831
138.Tree_Swallow/Tree_Swallow_0061_134712.jpg,20.849749996517176
138.Tree_Swallow/Tree_Swallow_0008_135352.jpg,37.32235317659711
138.Tree_Swallow/Tree_Swallow_0082_135006.jpg,68.3422324173055
138.Tree_Swallow/Tree_Swallow_0083_136800.jpg,15.863888574451993
138.Tree_Swallow/Tree_Swallow_0066_135788.jpg,33.216109093862606
138.Tree_Swallow/Tree_Swallow_0016_135549.jpg,28.086453336442297
138.Tree_Swallow/Tree_Swallow_0039_135038.jpg,35.88456996361577
138.Tree_Swallow/Tree_Swallow_0037_134647.jpg,56.43892092353213
138.Tree_Swallow/Tree_Swallow_0020_136587.jpg,53.694287207172614
138.Tree_Swallow/Tree_Swallow_0035_136589.jpg,39.25771723681493
138.Tree_Swallow/Tree_Swallow_0113_136849.jpg,20.69372957387807
138.Tree_Swallow/Tree_Swallow_0095_135829.jpg,36.66439423165434
138.Tree_Swallow/Tree_Swallow_0115_135832.jpg,23.97494253004186
138.Tree_Swallow/Tree_Swallow_0090_135325.jpg,34.87108339719551
138.Tree_Swallow/Tree_Swallow_0075_136081.jpg,39.55744169196837
138.Tree_Swallow/Tree_Swallow_0091_136870.jpg,22.371032850347706
138.Tree_Swallow/Tree_Swallow_0023_135345.jpg,48.67960806776951
138.Tree_Swallow/Tree_Swallow_0050_135104.jpg,23.46547872645597
138.Tree_Swallow/Tree_Swallow_0042_136401.jpg,52.81185782427995
138.Tree_Swallow/Tree_Swallow_0110_136921.jpg,54.018793889226
138.Tree_Swallow/Tree_Swallow_0029_134882.jpg,34.51992459392909
138.Tree_Swallow/Tree_Swallow_0056_135079.jpg,33.646890531178215
138.Tree_Swallow/Tree_Swallow_0073_134997.jpg,37.47532810345595
139.Scarlet_Tanager/Scarlet_Tanager_0116_138242.jpg,102.19026717229173
139.Scarlet_Tanager/Scarlet_Tanager_0121_138255.jpg,93.90711542126246
139.Scarlet_Tanager/Scarlet_Tanager_0129_137745.jpg,78.35265970551367
139.Scarlet_Tanager/Scarlet_Tanager_0068_137758.jpg,88.8486838142485
139.Scarlet_Tanager/Scarlet_Tanager_0099_137783.jpg,103.96725415783523
139.Scarlet_Tanager/Scarlet_Tanager_0014_138298.jpg,97.26409872135133
139.Scarlet_Tanager/Scarlet_Tanager_0050_137874.jpg,98.57692565820184
139.Scarlet_Tanager/Scarlet_Tanager_0012_138410.jpg,113.83523380086584
139.Scarlet_Tanager/Scarlet_Tanager_0087_137937.jpg,110.72991529031077
139.Scarlet_Tanager/Scarlet_Tanager_0082_137978.jpg,66.39861521937868
139.Scarlet_Tanager/Scarlet_Tanager_0021_138199.jpg,82.34650295078005
139.Scarlet_Tanager/Scarlet_Tanager_0039_138010.jpg,99.29760711645632
139.Scarlet_Tanager/Scarlet_Tanager_0096_138022.jpg,61.88439547995247
139.Scarlet_Tanager/Scarlet_Tanager_0022_138049.jpg,88.91316135683675
139.Scarlet_Tanager/Scarlet_Tanager_0054_138210.jpg,83.43048254069618
139.Scarlet_Tanager/Scarlet_Tanager_0009_138076.jpg,93.40757107469676
139.Scarlet_Tanager/Scarlet_Tanager_0073_138108.jpg,56.87686996164465
139.Scarlet_Tanager/Scarlet_Tanager_0008_137607.jpg,80.21919708357564
139.Scarlet_Tanager/Scarlet_Tanager_0065_138683.jpg,67.62356879747192
139.Scarlet_Tanager/Scarlet_Tanager_0092_138688.jpg,71.59742231490337
139.Scarlet_Tanager/Scarlet_Tanager_0112_138695.jpg,100.61312568669337
139.Scarlet_Tanager/Scarlet_Tanager_0038_138198.jpg,90.34915048784413
139.Scarlet_Tanager/Scarlet_Tanager_0025_138712.jpg,92.53142041300381
139.Scarlet_Tanager/Scarlet_Tanager_0109_137698.jpg,73.57344119153632
139.Scarlet_Tanager/Scarlet_Tanager_0135_137699.jpg,117.8181909771783
139.Scarlet_Tanager/Scarlet_Tanager_0076_137702.jpg,51.56297077322871
139.Scarlet_Tanager/Scarlet_Tanager_0043_138236.jpg,85.95139826124135
139.Scarlet_Tanager/Scarlet_Tanager_0063_138227.jpg,76.24994422077866
139.Scarlet_Tanager/Scarlet_Tanager_0097_137717.jpg,79.2108820879645
139.Scarlet_Tanager/Scarlet_Tanager_0003_137724.jpg,88.15668832089402
140.Summer_Tanager/Summer_Tanager_0103_139267.jpg,41.03048988202494
140.Summer_Tanager/Summer_Tanager_0071_140289.jpg,57.691686443290465
140.Summer_Tanager/Summer_Tanager_0106_139801.jpg,70.36189063085976
140.Summer_Tanager/Summer_Tanager_0052_139804.jpg,78.908103547468
140.Summer_Tanager/Summer_Tanager_0127_139297.jpg,94.10151937785812
140.Summer_Tanager/Summer_Tanager_0059_140582.jpg,125.4120105119736
140.Summer_Tanager/Summer_Tanager_0101_139441.jpg,50.102945309433146
140.Summer_Tanager/Summer_Tanager_0117_140812.jpg,91.13365207078927
140.Summer_Tanager/Summer_Tanager_0080_140110.jpg,85.16153218867677
140.Summer_Tanager/Summer_Tanager_0075_139858.jpg,81.89985105872965
140.Summer_Tanager/Summer_Tanager_0023_139859.jpg,70.07764759525048
140.Summer_Tanager/Summer_Tanager_0094_139351.jpg,60.514209367580136
140.Summer_Tanager/Summer_Tanager_0062_140633.jpg,91.10670640843904
140.Summer_Tanager/Summer_Tanager_0050_139358.jpg,83.48936254525998
140.Summer_Tanager/Summer_Tanager_0038_139371.jpg,57.60013894218722
140.Summer_Tanager/Summer_Tanager_0043_139884.jpg,97.8233035942755
140.Summer_Tanager/Summer_Tanager_0073_139379.jpg,46.84678397118754
140.Summer_Tanager/Summer_Tanager_0041_139902.jpg,92.42845348621255
140.Summer_Tanager/Summer_Tanager_0074_139592.jpg,114.37381969889597
140.Summer_Tanager/Summer_Tanager_0017_140173.jpg,97.77306169066364
140.Summer_Tanager/Summer_Tanager_0047_140164.jpg,63.85989474313986
140.Summer_Tanager/Summer_Tanager_0069_139941.jpg,61.84748739530519
140.Summer_Tanager/Summer_Tanager_0064_140725.jpg,57.89498120328493
140.Summer_Tanager/Summer_Tanager_0124_139963.jpg,69.10918441540366
140.Summer_Tanager/Summer_Tanager_0044_140611.jpg,77.16122606465049
140.Summer_Tanager/Summer_Tanager_0107_139488.jpg,59.83194341844595
140.Summer_Tanager/Summer_Tanager_0091_139602.jpg,74.28813438300844
140.Summer_Tanager/Summer_Tanager_0070_137714.jpg,90.14420437064996
140.Summer_Tanager/Summer_Tanager_0115_139253.jpg,74.59884148748334
140.Summer_Tanager/Summer_Tanager_0093_139517.jpg,60.942181445779745
141.Artic_Tern/Artic_Tern_0015_141829.jpg,42.43708251089856
141.Artic_Tern/Artic_Tern_0035_143366.jpg,56.91448250300948
141.Artic_Tern/Artic_Tern_0048_142372.jpg,39.23530877380183
141.Artic_Tern/Artic_Tern_0059_141876.jpg,43.65966709431323
141.Artic_Tern/Artic_Tern_0093_141880.jpg,47.23165060841428
141.Artic_Tern/Artic_Tern_0129_141395.jpg,56.2786340151527
141.Artic_Tern/Artic_Tern_0019_141922.jpg,36.570540421386355
141.Artic_Tern/Artic_Tern_0127_142440.jpg,28.632725460541792
141.Artic_Tern/Artic_Tern_0036_142447.jpg,31.575026263699403
141.Artic_Tern/Artic_Tern_0102_141453.jpg,10.51881969325722
141.Artic_Tern/Artic_Tern_0060_141955.jpg,45.21578246293583
141.Artic_Tern/Artic_Tern_0023_140898.jpg,54.76669764841845
141.Artic_Tern/Artic_Tern_0138_142527.jpg,11.409823339490709
141.Artic_Tern/Artic_Tern_0034_142022.jpg,52.05722166545591
141.Artic_Tern/Artic_Tern_0117_143394.jpg,10.954581018586609
141.Artic_Tern/Artic_Tern_0115_142570.jpg,42.8499998777014
141.Artic_Tern/Artic_Tern_0142_142078.jpg,15.584241359752653
141.Artic_Tern/Artic_Tern_0041_142079.jpg,17.054580222651847
141.Artic_Tern/Artic_Tern_0083_141579.jpg,47.62287069740384
141.Artic_Tern/Artic_Tern_0027_141617.jpg,55.46992815684853
141.Artic_Tern/Artic_Tern_0082_142127.jpg,43.436755875266904
141.Artic_Tern/Artic_Tern_0044_142151.jpg,14.32971815567766
141.Artic_Tern/Artic_Tern_0037_141141.jpg,51.777337619295686
141.Artic_Tern/Artic_Tern_0119_142682.jpg,44.03766127273719
141.Artic_Tern/Artic_Tern_0014_141716.jpg,20.960036883760136
141.Artic_Tern/Artic_Tern_0029_142220.jpg,41.97088091439441
141.Artic_Tern/Artic_Tern_0024_143268.jpg,22.40344112230934
141.Artic_Tern/Artic_Tern_0030_141816.jpg,28.196943651925306
141.Artic_Tern/Artic_Tern_0011_143355.jpg,51.74828650836946
142.Black_Tern/Black_Tern_0017_143876.jpg,26.728895169576308
142.Black_Tern/Black_Tern_0006_144646.jpg,35.7080619164085
142.Black_Tern/Black_Tern_0056_143906.jpg,21.52304805775878
142.Black_Tern/Black_Tern_0096_143917.jpg,15.048615865937686
142.Black_Tern/Black_Tern_0014_143939.jpg,33.33322027176631
142.Black_Tern/Black_Tern_0094_144466.jpg,15.555446908591447
142.Black_Tern/Black_Tern_0008_143965.jpg,22.513324433214006
142.Black_Tern/Black_Tern_0058_143981.jpg,31.943072849242512
142.Black_Tern/Black_Tern_0023_143985.jpg,10.323260771026334
142.Black_Tern/Black_Tern_0064_143990.jpg,33.71074899979297
142.Black_Tern/Black_Tern_0025_144503.jpg,13.166519948466112
142.Black_Tern/Black_Tern_0107_144661.jpg,15.402091578987982
142.Black_Tern/Black_Tern_0050_144000.jpg,42.67263481806575
142.Black_Tern/Black_Tern_0048_144001.jpg,25.619647237109955
142.Black_Tern/Black_Tern_0044_144021.jpg,36.53109527141716
142.Black_Tern/Black_Tern_0032_144029.jpg,48.9767857867943
142.Black_Tern/Black_Tern_0070_144292.jpg,9.168246044143574
142.Black_Tern/Black_Tern_0104_144038.jpg,44.99320717166955
142.Black_Tern/Black_Tern_0024_144039.jpg,22.705124410568388
142.Black_Tern/Black_Tern_0091_144063.jpg,12.76640881336372
142.Black_Tern/Black_Tern_0033_144328.jpg,74.61996913564671
142.Black_Tern/Black_Tern_0065_144076.jpg,29.997839025231134
142.Black_Tern/Black_Tern_0101_144331.jpg,23.48628353186924
142.Black_Tern/Black_Tern_0073_144638.jpg,13.26188115416568
142.Black_Tern/Black_Tern_0100_144597.jpg,38.38408477597791
142.Black_Tern/Black_Tern_0102_144344.jpg,51.7709184905
142.Black_Tern/Black_Tern_0098_144089.jpg,9.808747760247348
142.Black_Tern/Black_Tern_0012_144091.jpg,22.827792213305443
142.Black_Tern/Black_Tern_0034_144106.jpg,35.195740657587876
142.Black_Tern/Black_Tern_0105_144380.jpg,24.615373664154887
143.Caspian_Tern/Caspian_Tern_0024_146033.jpg,34.12552248361471
143.Caspian_Tern/Caspian_Tern_0097_145923.jpg,9.940941028641344
143.Caspian_Tern/Caspian_Tern_0115_145927.jpg,39.69289575256082
143.Caspian_Tern/Caspian_Tern_0102_145928.jpg,25.660230299576206
143.Caspian_Tern/Caspian_Tern_0005_145929.jpg,24.77294966563272
143.Caspian_Tern/Caspian_Tern_0069_145931.jpg,35.97962094802756
143.Caspian_Tern/Caspian_Tern_0079_145777.jpg,20.65649880332012
143.Caspian_Tern/Caspian_Tern_0099_145939.jpg,24.278853094720237
143.Caspian_Tern/Caspian_Tern_0010_145667.jpg,26.93862841324038
143.Caspian_Tern/Caspian_Tern_0074_145964.jpg,58.56914107707621
143.Caspian_Tern/Caspian_Tern_0062_145981.jpg,40.99131454451173
143.Caspian_Tern/Caspian_Tern_0041_144964.jpg,47.11493521052395
143.Caspian_Tern/Caspian_Tern_0111_145995.jpg,56.479293450809735
143.Caspian_Tern/Caspian_Tern_0119_145492.jpg,45.07614958739154
143.Caspian_Tern/Caspian_Tern_0060_146007.jpg,59.88481990794806
143.Caspian_Tern/Caspian_Tern_0018_146010.jpg,20.421286182045545
143.Caspian_Tern/Caspian_Tern_0108_145278.jpg,22.911921143535043
143.Caspian_Tern/Caspian_Tern_0113_146828.jpg,50.14891544710215
143.Caspian_Tern/Caspian_Tern_0063_146082.jpg,66.64196291502898
143.Caspian_Tern/Caspian_Tern_0012_147632.jpg,11.716019092445535
143.Caspian_Tern/Caspian_Tern_0068_146615.jpg,16.351391475031104
143.Caspian_Tern/Caspian_Tern_0106_147645.jpg,40.12552089505192
143.Caspian_Tern/Caspian_Tern_0048_145672.jpg,47.57755020630743
143.Caspian_Tern/Caspian_Tern_0016_145314.jpg,21.124479328032045
143.Caspian_Tern/Caspian_Tern_0022_144922.jpg,76.95437166632688
143.Caspian_Tern/Caspian_Tern_0067_145107.jpg,16.42562970037747
143.Caspian_Tern/Caspian_Tern_0058_145886.jpg,31.45103904202769
143.Caspian_Tern/Caspian_Tern_0054_145890.jpg,78.63329529467774
143.Caspian_Tern/Caspian_Tern_0026_145125.jpg,23.086885356304016
143.Caspian_Tern/Caspian_Tern_0014_145640.jpg,35.154991109826916
144.Common_Tern/Common_Tern_0040_147973.jpg,43.36002582813864
144.Common_Tern/Common_Tern_0075_148528.jpg,37.51828623942681
144.Common_Tern/Common_Tern_0045_150067.jpg,5.513698738437374
144.Common_Tern/Common_Tern_0056_148549.jpg,31.31389014956464
144.Common_Tern/Common_Tern_0063_147789.jpg,10.265043846173748
144.Common_Tern/Common_Tern_0037_148048.jpg,13.494793740474558
144.Common_Tern/Common_Tern_0105_149841.jpg,7.949848091079322
144.Common_Tern/Common_Tern_0088_147941.jpg,26.39090818926048
144.Common_Tern/Common_Tern_0027_150113.jpg,34.21006476876679
144.Common_Tern/Common_Tern_0028_150117.jpg,26.604207288123487
144.Common_Tern/Common_Tern_0009_149609.jpg,23.686085085465166
144.Common_Tern/Common_Tern_0087_147945.jpg,29.146441913111264
144.Common_Tern/Common_Tern_0097_148874.jpg,12.168896280137318
144.Common_Tern/Common_Tern_0092_147779.jpg,12.847716887643578
144.Common_Tern/Common_Tern_0055_149486.jpg,34.295345539642156
144.Common_Tern/Common_Tern_0108_149672.jpg,30.619015090889384
144.Common_Tern/Common_Tern_0078_149161.jpg,22.796616932857926
144.Common_Tern/Common_Tern_0106_149345.jpg,20.717255118248936
144.Common_Tern/Common_Tern_0042_147897.jpg,24.175519682724794
144.Common_Tern/Common_Tern_0120_148670.jpg,25.621439819859233
144.Common_Tern/Common_Tern_0050_148928.jpg,12.157492783183185
144.Common_Tern/Common_Tern_0051_150469.jpg,27.371390060346634
144.Common_Tern/Common_Tern_0044_148680.jpg,27.19289040134735
144.Common_Tern/Common_Tern_0047_149195.jpg,22.646205442464186
144.Common_Tern/Common_Tern_0004_148977.jpg,10.163374765310872
144.Common_Tern/Common_Tern_0103_149733.jpg,30.625298555982308
144.Common_Tern/Common_Tern_0014_149194.jpg,22.428286910412762
144.Common_Tern/Common_Tern_0115_149482.jpg,41.122729184571845
144.Common_Tern/Common_Tern_0057_149749.jpg,29.237335119710707
144.Common_Tern/Common_Tern_0012_148477.jpg,46.750745725807235
145.Elegant_Tern/Elegant_Tern_0093_150534.jpg,44.68213423339384
145.Elegant_Tern/Elegant_Tern_0080_150538.jpg,46.576447817888734
145.Elegant_Tern/Elegant_Tern_0077_150548.jpg,20.963703183529848
145.Elegant_Tern/Elegant_Tern_0030_151067.jpg,66.23878119987775
145.Elegant_Tern/Elegant_Tern_0096_151068.jpg,18.819324173641256
145.Elegant_Tern/Elegant_Tern_0085_151091.jpg,31.16338264083696
145.Elegant_Tern/Elegant_Tern_0060_150837.jpg,23.024497267915088
145.Elegant_Tern/Elegant_Tern_0024_150852.jpg,24.721598568780006
145.Elegant_Tern/Elegant_Tern_0058_150853.jpg,12.009437332642015
145.Elegant_Tern/Elegant_Tern_0089_150854.jpg,18.101251865305137
145.Elegant_Tern/Elegant_Tern_0106_150872.jpg,21.610493412119606
145.Elegant_Tern/Elegant_Tern_0090_45924.jpg,14.923464264773981
145.Elegant_Tern/Elegant_Tern_0023_150654.jpg,20.724858670889212
145.Elegant_Tern/Elegant_Tern_0072_150911.jpg,29.463425051418422
145.Elegant_Tern/Elegant_Tern_0053_150507.jpg,27.84791216906011
145.Elegant_Tern/Elegant_Tern_0084_150922.jpg,26.38074528575054
145.Elegant_Tern/Elegant_Tern_0067_151185.jpg,27.42410926591655
145.Elegant_Tern/Elegant_Tern_0042_150851.jpg,26.309955210030882
145.Elegant_Tern/Elegant_Tern_0099_150682.jpg,26.683587459731946
145.Elegant_Tern/Elegant_Tern_0033_150687.jpg,15.872572054469957
145.Elegant_Tern/Elegant_Tern_0079_150953.jpg,36.36130073823909
145.Elegant_Tern/Elegant_Tern_0107_150960.jpg,14.114305844295941
145.Elegant_Tern/Elegant_Tern_0006_150963.jpg,25.887598844142328
145.Elegant_Tern/Elegant_Tern_0005_150708.jpg,9.486449600344603
145.Elegant_Tern/Elegant_Tern_0101_150715.jpg,13.496772233318222
145.Elegant_Tern/Elegant_Tern_0036_150972.jpg,18.538325525331867
145.Elegant_Tern/Elegant_Tern_0039_150944.jpg,26.562233256469217
145.Elegant_Tern/Elegant_Tern_0044_150946.jpg,25.134831646578963
145.Elegant_Tern/Elegant_Tern_0035_150744.jpg,46.001851423668036
145.Elegant_Tern/Elegant_Tern_0082_150517.jpg,62.867423078282535
146.Forsters_Tern/Forsters_Tern_0012_151558.jpg,86.67817636722913
146.Forsters_Tern/Forsters_Tern_0098_151258.jpg,18.509427233731603
146.Forsters_Tern/Forsters_Tern_0057_151570.jpg,23.16042764356348
146.Forsters_Tern/Forsters_Tern_0109_152094.jpg,60.31199606971264
146.Forsters_Tern/Forsters_Tern_0076_151330.jpg,18.651555931213526
146.Forsters_Tern/Forsters_Tern_0043_151332.jpg,69.93070659010779
146.Forsters_Tern/Forsters_Tern_0092_152119.jpg,7.785945931528755
146.Forsters_Tern/Forsters_Tern_0071_152142.jpg,12.989484926447503
146.Forsters_Tern/Forsters_Tern_0049_151631.jpg,51.21862843948666
146.Forsters_Tern/Forsters_Tern_0041_149586.jpg,22.087860763987173
146.Forsters_Tern/Forsters_Tern_0091_151895.jpg,35.04635978631873
146.Forsters_Tern/Forsters_Tern_0032_151384.jpg,37.02244812455673
146.Forsters_Tern/Forsters_Tern_0042_151644.jpg,10.251870649482106
146.Forsters_Tern/Forsters_Tern_0021_144734.jpg,41.2070224307988
146.Forsters_Tern/Forsters_Tern_0082_151937.jpg,16.814653817120043
146.Forsters_Tern/Forsters_Tern_0116_151688.jpg,13.474076075700378
146.Forsters_Tern/Forsters_Tern_0065_152206.jpg,18.534517449113856
146.Forsters_Tern/Forsters_Tern_0064_152047.jpg,20.31075078958878
146.Forsters_Tern/Forsters_Tern_0086_152738.jpg,16.800909082864912
146.Forsters_Tern/Forsters_Tern_0097_151731.jpg,11.768694430783068
146.Forsters_Tern/Forsters_Tern_0087_151226.jpg,12.411999877219033
146.Forsters_Tern/Forsters_Tern_0029_151228.jpg,49.146986868017684
146.Forsters_Tern/Forsters_Tern_0010_151243.jpg,14.008877226371654
146.Forsters_Tern/Forsters_Tern_0126_151257.jpg,17.67806697575413
146.Forsters_Tern/Forsters_Tern_0003_151547.jpg,17.630878699668557
146.Forsters_Tern/Forsters_Tern_0059_151269.jpg,26.95148542171036
146.Forsters_Tern/Forsters_Tern_0099_152529.jpg,32.099429247821796
146.Forsters_Tern/Forsters_Tern_0095_152067.jpg,8.943454613691294
146.Forsters_Tern/Forsters_Tern_0083_151282.jpg,27.27999968334839
146.Forsters_Tern/Forsters_Tern_0004_152358.jpg,18.543199232323833
147.Least_Tern/Least_Tern_0127_154141.jpg,18.57800494196504
147.Least_Tern/Least_Tern_0007_153661.jpg,31.782063102982804
147.Least_Tern/Least_Tern_0025_153678.jpg,18.454114666494622
147.Least_Tern/Least_Tern_0026_153702.jpg,28.967453728572405
147.Least_Tern/Least_Tern_0116_153715.jpg,30.199230000963723
147.Least_Tern/Least_Tern_0011_153722.jpg,26.362220308007952
147.Least_Tern/Least_Tern_0128_153732.jpg,20.85714735818082
147.Least_Tern/Least_Tern_0058_153747.jpg,15.831514695745003
147.Least_Tern/Least_Tern_0014_153757.jpg,18.928174559621887
147.Least_Tern/Least_Tern_0028_153781.jpg,33.858632711223
147.Least_Tern/Least_Tern_0098_153820.jpg,14.528326350355089
147.Least_Tern/Least_Tern_0008_153313.jpg,12.911023780367474
147.Least_Tern/Least_Tern_0024_153317.jpg,26.651784601290068
147.Least_Tern/Least_Tern_0096_153868.jpg,38.53995705020464
147.Least_Tern/Least_Tern_0111_153308.jpg,25.897056642249098
147.Least_Tern/Least_Tern_0132_154149.jpg,28.395526111818633
147.Least_Tern/Least_Tern_0113_153415.jpg,28.468240020905622
147.Least_Tern/Least_Tern_0089_152912.jpg,34.67825656677772
147.Least_Tern/Least_Tern_0035_152932.jpg,27.991965103547784
147.Least_Tern/Least_Tern_0129_153449.jpg,31.286616939135342
147.Least_Tern/Least_Tern_0034_153963.jpg,15.82520239408395
147.Least_Tern/Least_Tern_0100_153461.jpg,13.070400800252582
147.Least_Tern/Least_Tern_0104_152950.jpg,62.2782813711398
147.Least_Tern/Least_Tern_0021_153979.jpg,21.305026696772394
147.Least_Tern/Least_Tern_0041_153470.jpg,56.86830634371261
147.Least_Tern/Least_Tern_0131_153983.jpg,25.37375004585379
147.Least_Tern/Least_Tern_0125_153996.jpg,23.49532742279169
147.Least_Tern/Least_Tern_0107_154015.jpg,23.53067845509642
147.Least_Tern/Least_Tern_0040_153039.jpg,13.39818790360709
147.Least_Tern/Least_Tern_0029_154064.jpg,23.437036837649572
148.Green_tailed_Towhee/Green_Tailed_Towhee_0109_797440.jpg,27.380050145109102
148.Green_tailed_Towhee/Green_Tailed_Towhee_0061_154880.jpg,37.1313996689783
148.Green_tailed_Towhee/Green_Tailed_Towhee_0035_154888.jpg,29.7389378590631
148.Green_tailed_Towhee/Green_Tailed_Towhee_0050_154898.jpg,38.050792484859876
148.Green_tailed_Towhee/Green_Tailed_Towhee_0101_154907.jpg,17.179018306584492
148.Green_tailed_Towhee/Green_Tailed_Towhee_0021_797404.jpg,53.356453855563
148.Green_tailed_Towhee/Green_Tailed_Towhee_0044_154934.jpg,32.76090233660202
148.Green_tailed_Towhee/Green_Tailed_Towhee_0072_154946.jpg,24.40217125490556
148.Green_tailed_Towhee/Green_Tailed_Towhee_0004_154951.jpg,38.0645711373128
148.Green_tailed_Towhee/Green_Tailed_Towhee_0100_154966.jpg,21.79185294407513
148.Green_tailed_Towhee/Green_Tailed_Towhee_0079_154764.jpg,29.018096935483236
148.Green_tailed_Towhee/Green_Tailed_Towhee_0051_154768.jpg,35.56728080302024
148.Green_tailed_Towhee/Green_Tailed_Towhee_0047_154776.jpg,16.850733091808497
148.Green_tailed_Towhee/Green_Tailed_Towhee_0005_154784.jpg,23.187043392434603
148.Green_tailed_Towhee/Green_Tailed_Towhee_0053_154921.jpg,23.779507294264054
148.Green_tailed_Towhee/Green_Tailed_Towhee_0085_154822.jpg,37.85158204935512
148.Green_tailed_Towhee/Green_Tailed_Towhee_0082_797395.jpg,33.17865167402381
148.Green_tailed_Towhee/Green_Tailed_Towhee_0092_797397.jpg,31.43878536762914
148.Green_tailed_Towhee/Green_Tailed_Towhee_0017_797400.jpg,29.66942866245807
148.Green_tailed_Towhee/Green_Tailed_Towhee_0104_797403.jpg,24.916698244312627
148.Green_tailed_Towhee/Green_Tailed_Towhee_0037_797405.jpg,34.782643395319866
148.Green_tailed_Towhee/Green_Tailed_Towhee_0003_797414.jpg,26.572717041304223
148.Green_tailed_Towhee/Green_Tailed_Towhee_0014_797415.jpg,32.66605949954828
148.Green_tailed_Towhee/Green_Tailed_Towhee_0030_797417.jpg,25.038123391798873
148.Green_tailed_Towhee/Green_Tailed_Towhee_0102_797420.jpg,41.776719762759306
148.Green_tailed_Towhee/Green_Tailed_Towhee_0062_797424.jpg,37.80790851411166
148.Green_tailed_Towhee/Green_Tailed_Towhee_0015_797425.jpg,39.699867357739215
148.Green_tailed_Towhee/Green_Tailed_Towhee_0067_797426.jpg,23.965866345280475
148.Green_tailed_Towhee/Green_Tailed_Towhee_0110_154868.jpg,50.205001924439536
148.Green_tailed_Towhee/Green_Tailed_Towhee_0010_797431.jpg,39.74882948140696
149.Brown_Thrasher/Brown_Thrasher_0061_155140.jpg,54.82502284074327
149.Brown_Thrasher/Brown_Thrasher_0054_155145.jpg,59.06414249935044
149.Brown_Thrasher/Brown_Thrasher_0046_155154.jpg,65.30202713675783
149.Brown_Thrasher/Brown_Thrasher_0057_155164.jpg,41.24278287268706
149.Brown_Thrasher/Brown_Thrasher_0015_155165.jpg,33.90618484910814
149.Brown_Thrasher/Brown_Thrasher_0005_155176.jpg,50.09895488320029
149.Brown_Thrasher/Brown_Thrasher_0084_155189.jpg,45.822050600327124
149.Brown_Thrasher/Brown_Thrasher_0127_155193.jpg,53.424216050272804
149.Brown_Thrasher/Brown_Thrasher_0080_155200.jpg,29.03331056251403
149.Brown_Thrasher/Brown_Thrasher_0042_155213.jpg,35.017752233386084
149.Brown_Thrasher/Brown_Thrasher_0020_155223.jpg,39.67475790497478
149.Brown_Thrasher/Brown_Thrasher_0065_155229.jpg,40.01615956957853
149.Brown_Thrasher/Brown_Thrasher_0038_155246.jpg,51.929569728731266
149.Brown_Thrasher/Brown_Thrasher_0132_155337.jpg,45.30497571252552
149.Brown_Thrasher/Brown_Thrasher_0070_155343.jpg,76.29800129107991
149.Brown_Thrasher/Brown_Thrasher_0130_155350.jpg,45.481156357612086
149.Brown_Thrasher/Brown_Thrasher_0024_155363.jpg,25.538571960876894
149.Brown_Thrasher/Brown_Thrasher_0135_155366.jpg,39.574823835933245
149.Brown_Thrasher/Brown_Thrasher_0011_155370.jpg,59.572529803146004
149.Brown_Thrasher/Brown_Thrasher_0073_155376.jpg,39.39659271767361
149.Brown_Thrasher/Brown_Thrasher_0096_155412.jpg,30.38504649977024
149.Brown_Thrasher/Brown_Thrasher_0092_155415.jpg,28.99211797335892
149.Brown_Thrasher/Brown_Thrasher_0014_155421.jpg,25.25426862805861
149.Brown_Thrasher/Brown_Thrasher_0056_155048.jpg,71.49895260304163
149.Brown_Thrasher/Brown_Thrasher_0124_155052.jpg,39.52895243992877
149.Brown_Thrasher/Brown_Thrasher_0049_155110.jpg,61.508051959619635
149.Brown_Thrasher/Brown_Thrasher_0113_155111.jpg,36.979007583545496
149.Brown_Thrasher/Brown_Thrasher_0063_155127.jpg,22.685386978505065
149.Brown_Thrasher/Brown_Thrasher_0120_155133.jpg,61.60732195880435
150.Sage_Thrasher/Sage_Thrasher_0097_155564.jpg,37.702830392769556
150.Sage_Thrasher/Sage_Thrasher_0036_796444.jpg,46.3900849107541
150.Sage_Thrasher/Sage_Thrasher_0098_796448.jpg,15.51448201229182
150.Sage_Thrasher/Sage_Thrasher_0056_796457.jpg,37.05955268969929
150.Sage_Thrasher/Sage_Thrasher_0029_796459.jpg,24.334391309943783
150.Sage_Thrasher/Sage_Thrasher_0062_796462.jpg,40.13603456418096
150.Sage_Thrasher/Sage_Thrasher_0024_796463.jpg,37.10937887712522
150.Sage_Thrasher/Sage_Thrasher_0003_155479.jpg,21.20394746477062
150.Sage_Thrasher/Sage_Thrasher_0022_155447.jpg,27.36335693081206
150.Sage_Thrasher/Sage_Thrasher_0068_155452.jpg,20.866967954194962
150.Sage_Thrasher/Sage_Thrasher_0002_155455.jpg,18.128253404451225
150.Sage_Thrasher/Sage_Thrasher_0090_155713.jpg,24.0803484912218
150.Sage_Thrasher/Sage_Thrasher_0055_155467.jpg,19.29047279887442
150.Sage_Thrasher/Sage_Thrasher_0081_155724.jpg,24.763552962134
150.Sage_Thrasher/Sage_Thrasher_0050_155475.jpg,34.31277068179288
150.Sage_Thrasher/Sage_Thrasher_0006_155478.jpg,19.566865973233377
150.Sage_Thrasher/Sage_Thrasher_0057_155488.jpg,38.57521434837448
150.Sage_Thrasher/Sage_Thrasher_0084_155490.jpg,18.11280012358084
150.Sage_Thrasher/Sage_Thrasher_0038_155498.jpg,17.63363355872017
150.Sage_Thrasher/Sage_Thrasher_0064_155531.jpg,27.08132438590822
150.Sage_Thrasher/Sage_Thrasher_0072_155539.jpg,15.10638222990176
150.Sage_Thrasher/Sage_Thrasher_0061_155462.jpg,17.875209932827534
150.Sage_Thrasher/Sage_Thrasher_0085_155562.jpg,18.905365906824183
150.Sage_Thrasher/Sage_Thrasher_0009_155463.jpg,24.958358747377197
150.Sage_Thrasher/Sage_Thrasher_0016_155566.jpg,19.104197793508956
150.Sage_Thrasher/Sage_Thrasher_0005_155569.jpg,35.08808914767805
150.Sage_Thrasher/Sage_Thrasher_0044_155610.jpg,55.447572968667984
150.Sage_Thrasher/Sage_Thrasher_0073_155614.jpg,23.361954873594563
150.Sage_Thrasher/Sage_Thrasher_0023_796458.jpg,26.37813224814596
150.Sage_Thrasher/Sage_Thrasher_0026_155646.jpg,22.02628653719762
151.Black_capped_Vireo/Black_Capped_Vireo_0031_797446.jpg,28.58587216218041
151.Black_capped_Vireo/Black_Capped_Vireo_0034_797448.jpg,29.157836148355884
151.Black_capped_Vireo/Black_Capped_Vireo_0048_797449.jpg,52.3607466852699
151.Black_capped_Vireo/Black_Capped_Vireo_0051_797456.jpg,12.31712023574043
151.Black_capped_Vireo/Black_Capped_Vireo_0045_797464.jpg,38.341828952574204
151.Black_capped_Vireo/Black_Capped_Vireo_0038_797465.jpg,27.627161498177514
151.Black_capped_Vireo/Black_Capped_Vireo_0049_797468.jpg,31.043949672074852
151.Black_capped_Vireo/Black_Capped_Vireo_0032_797470.jpg,44.79227587175596
151.Black_capped_Vireo/Black_Capped_Vireo_0033_797474.jpg,17.531884033085074
151.Black_capped_Vireo/Black_Capped_Vireo_0036_797475.jpg,53.61670676336245
151.Black_capped_Vireo/Black_Capped_Vireo_0021_797480.jpg,21.44541151332694
151.Black_capped_Vireo/Black_Capped_Vireo_0042_797483.jpg,33.43509016507221
151.Black_capped_Vireo/Black_Capped_Vireo_0023_797486.jpg,34.103641359548384
151.Black_capped_Vireo/Black_Capped_Vireo_0052_797487.jpg,42.97349506591762
151.Black_capped_Vireo/Black_Capped_Vireo_0011_797488.jpg,26.180994416897505
151.Black_capped_Vireo/Black_Capped_Vireo_0017_797492.jpg,36.561609438202154
151.Black_capped_Vireo/Black_Capped_Vireo_0046_797494.jpg,35.687682617919485
151.Black_capped_Vireo/Black_Capped_Vireo_0037_797495.jpg,24.535544909645658
151.Black_capped_Vireo/Black_Capped_Vireo_0050_155836.jpg,65.64426932548845
151.Black_capped_Vireo/Black_Capped_Vireo_0026_155745.jpg,47.762978103141556
151.Black_capped_Vireo/Black_Capped_Vireo_0019_797479.jpg,38.5083541190152
152.Blue_headed_Vireo/Blue_Headed_Vireo_0088_156416.jpg,46.641922180872804
152.Blue_headed_Vireo/Blue_Headed_Vireo_0012_156434.jpg,43.16253788093248
152.Blue_headed_Vireo/Blue_Headed_Vireo_0022_156184.jpg,20.275677044401093
152.Blue_headed_Vireo/Blue_Headed_Vireo_0123_156443.jpg,35.108970418941624
152.Blue_headed_Vireo/Blue_Headed_Vireo_0091_155934.jpg,65.097258371346
152.Blue_headed_Vireo/Blue_Headed_Vireo_0118_156193.jpg,24.47275968874983
152.Blue_headed_Vireo/Blue_Headed_Vireo_0087_156461.jpg,50.647859410547795
152.Blue_headed_Vireo/Blue_Headed_Vireo_0008_155950.jpg,42.34012901148489
152.Blue_headed_Vireo/Blue_Headed_Vireo_0076_156209.jpg,20.8645501309014
152.Blue_headed_Vireo/Blue_Headed_Vireo_0037_155955.jpg,42.80135326028584
152.Blue_headed_Vireo/Blue_Headed_Vireo_0028_156217.jpg,72.1123071667056
152.Blue_headed_Vireo/Blue_Headed_Vireo_0105_156229.jpg,15.763151310344591
152.Blue_headed_Vireo/Blue_Headed_Vireo_0032_156239.jpg,45.36474735222208
152.Blue_headed_Vireo/Blue_Headed_Vireo_0002_156241.jpg,51.09408557075749
152.Blue_headed_Vireo/Blue_Headed_Vireo_0072_155987.jpg,45.488138586073404
152.Blue_headed_Vireo/Blue_Headed_Vireo_0086_156244.jpg,92.55040749594268
152.Blue_headed_Vireo/Blue_Headed_Vireo_0117_156026.jpg,35.01113859198969
152.Blue_headed_Vireo/Blue_Headed_Vireo_0027_155999.jpg,32.38359834026727
152.Blue_headed_Vireo/Blue_Headed_Vireo_0111_156258.jpg,25.37952808532915
152.Blue_headed_Vireo/Blue_Headed_Vireo_0058_156261.jpg,37.77940269674821
152.Blue_headed_Vireo/Blue_Headed_Vireo_0005_156007.jpg,43.877173878585864
152.Blue_headed_Vireo/Blue_Headed_Vireo_0017_156063.jpg,26.25455517818725
152.Blue_headed_Vireo/Blue_Headed_Vireo_0113_156332.jpg,19.598112931274734
152.Blue_headed_Vireo/Blue_Headed_Vireo_0044_156080.jpg,35.50444009769918
152.Blue_headed_Vireo/Blue_Headed_Vireo_0049_156082.jpg,80.34000938468918
152.Blue_headed_Vireo/Blue_Headed_Vireo_0079_156086.jpg,35.07331184533988
152.Blue_headed_Vireo/Blue_Headed_Vireo_0115_156099.jpg,41.86081441130243
152.Blue_headed_Vireo/Blue_Headed_Vireo_0107_156111.jpg,19.712200813536235
152.Blue_headed_Vireo/Blue_Headed_Vireo_0103_156382.jpg,33.66128245256009
152.Blue_headed_Vireo/Blue_Headed_Vireo_0116_156049.jpg,36.82823325458691
153.Philadelphia_Vireo/Philadelphia_Vireo_0044_156548.jpg,51.78595786869671
153.Philadelphia_Vireo/Philadelphia_Vireo_0008_156551.jpg,37.565214644501395
153.Philadelphia_Vireo/Philadelphia_Vireo_0060_156555.jpg,27.14695584943903
153.Philadelphia_Vireo/Philadelphia_Vireo_0056_156502.jpg,36.8562072367836
153.Philadelphia_Vireo/Philadelphia_Vireo_0028_156510.jpg,49.36516813015967
153.Philadelphia_Vireo/Philadelphia_Vireo_0057_156525.jpg,42.19973668210482
153.Philadelphia_Vireo/Philadelphia_Vireo_0050_156538.jpg,50.61396621071004
153.Philadelphia_Vireo/Philadelphia_Vireo_0022_156546.jpg,42.413765723267865
153.Philadelphia_Vireo/Philadelphia_Vireo_0038_794759.jpg,25.015914251168944
153.Philadelphia_Vireo/Philadelphia_Vireo_0083_794761.jpg,16.73431282412865
153.Philadelphia_Vireo/Philadelphia_Vireo_0021_794765.jpg,20.09483846377003
153.Philadelphia_Vireo/Philadelphia_Vireo_0010_794769.jpg,32.51076495205565
153.Philadelphia_Vireo/Philadelphia_Vireo_0037_794770.jpg,65.75440447721645
153.Philadelphia_Vireo/Philadelphia_Vireo_0062_794777.jpg,26.81256805002771
153.Philadelphia_Vireo/Philadelphia_Vireo_0063_794781.jpg,19.884857361190587
153.Philadelphia_Vireo/Philadelphia_Vireo_0082_156574.jpg,67.99064812996602
153.Philadelphia_Vireo/Philadelphia_Vireo_0055_156575.jpg,40.86215837861471
153.Philadelphia_Vireo/Philadelphia_Vireo_0084_794790.jpg,16.48463474180019
153.Philadelphia_Vireo/Philadelphia_Vireo_0027_156585.jpg,43.450857426366
153.Philadelphia_Vireo/Philadelphia_Vireo_0023_794797.jpg,39.621807130865264
153.Philadelphia_Vireo/Philadelphia_Vireo_0059_794799.jpg,52.81522101842466
153.Philadelphia_Vireo/Philadelphia_Vireo_0035_156596.jpg,22.846114037667526
153.Philadelphia_Vireo/Philadelphia_Vireo_0016_156598.jpg,67.76302626080243
153.Philadelphia_Vireo/Philadelphia_Vireo_0005_156599.jpg,58.02248190028308
153.Philadelphia_Vireo/Philadelphia_Vireo_0058_156558.jpg,25.889884632498067
153.Philadelphia_Vireo/Philadelphia_Vireo_0031_156632.jpg,51.532355654301156
153.Philadelphia_Vireo/Philadelphia_Vireo_0041_156642.jpg,27.63832388842907
153.Philadelphia_Vireo/Philadelphia_Vireo_0072_156655.jpg,24.42912094099439
153.Philadelphia_Vireo/Philadelphia_Vireo_0020_156663.jpg,52.33439068376333
154.Red_eyed_Vireo/Red_Eyed_Vireo_0052_157185.jpg,57.53707900239685
154.Red_eyed_Vireo/Red_Eyed_Vireo_0132_156686.jpg,72.04689319328526
154.Red_eyed_Vireo/Red_Eyed_Vireo_0061_157202.jpg,24.21660041852953
154.Red_eyed_Vireo/Red_Eyed_Vireo_0141_157205.jpg,21.52882078162748
154.Red_eyed_Vireo/Red_Eyed_Vireo_0044_156708.jpg,46.987931466640944
154.Red_eyed_Vireo/Red_Eyed_Vireo_0004_157224.jpg,38.398108890780634
154.Red_eyed_Vireo/Red_Eyed_Vireo_0036_156727.jpg,63.27952357265428
154.Red_eyed_Vireo/Red_Eyed_Vireo_0026_156751.jpg,57.176955702902134
154.Red_eyed_Vireo/Red_Eyed_Vireo_0046_157265.jpg,67.01734072851359
154.Red_eyed_Vireo/Red_Eyed_Vireo_0123_156780.jpg,27.130653402217483
154.Red_eyed_Vireo/Red_Eyed_Vireo_0129_156781.jpg,75.4065302308126
154.Red_eyed_Vireo/Red_Eyed_Vireo_0049_156785.jpg,52.63919539897709
154.Red_eyed_Vireo/Red_Eyed_Vireo_0138_156798.jpg,46.326483632146775
154.Red_eyed_Vireo/Red_Eyed_Vireo_0023_156800.jpg,43.57953551721331
154.Red_eyed_Vireo/Red_Eyed_Vireo_0020_156875.jpg,64.32193701787
154.Red_eyed_Vireo/Red_Eyed_Vireo_0032_156897.jpg,55.67292834310374
154.Red_eyed_Vireo/Red_Eyed_Vireo_0134_156919.jpg,29.458772946014584
154.Red_eyed_Vireo/Red_Eyed_Vireo_0016_156971.jpg,27.32231437627046
154.Red_eyed_Vireo/Red_Eyed_Vireo_0059_156974.jpg,29.358217543543844
154.Red_eyed_Vireo/Red_Eyed_Vireo_0096_157013.jpg,49.60175080583247
154.Red_eyed_Vireo/Red_Eyed_Vireo_0065_157019.jpg,41.396277314047836
154.Red_eyed_Vireo/Red_Eyed_Vireo_0014_157062.jpg,46.78389579413846
154.Red_eyed_Vireo/Red_Eyed_Vireo_0075_158151.jpg,27.162430622653496
154.Red_eyed_Vireo/Red_Eyed_Vireo_0054_157158.jpg,24.362525620358223
154.Red_eyed_Vireo/Red_Eyed_Vireo_0133_156668.jpg,30.70046318954662
154.Red_eyed_Vireo/Red_Eyed_Vireo_0043_157162.jpg,54.818619847352245
154.Red_eyed_Vireo/Red_Eyed_Vireo_0074_157170.jpg,46.24101909147337
154.Red_eyed_Vireo/Red_Eyed_Vireo_0025_157173.jpg,38.35045676236621
154.Red_eyed_Vireo/Red_Eyed_Vireo_0079_158198.jpg,26.033585598420025
154.Red_eyed_Vireo/Red_Eyed_Vireo_0126_157179.jpg,49.54767465635599
155.Warbling_Vireo/Warbling_Vireo_0009_158721.jpg,36.02057489431477
155.Warbling_Vireo/Warbling_Vireo_0105_158727.jpg,56.47042319318574
155.Warbling_Vireo/Warbling_Vireo_0047_158250.jpg,36.63875284601993
155.Warbling_Vireo/Warbling_Vireo_0036_158268.jpg,48.050532404331875
155.Warbling_Vireo/Warbling_Vireo_0083_158284.jpg,44.00621259417625
155.Warbling_Vireo/Warbling_Vireo_0018_158304.jpg,37.65896224090943
155.Warbling_Vireo/Warbling_Vireo_0019_158313.jpg,35.467250980979
155.Warbling_Vireo/Warbling_Vireo_0054_158321.jpg,42.699200540610974
155.Warbling_Vireo/Warbling_Vireo_0081_158344.jpg,45.80797669865453
155.Warbling_Vireo/Warbling_Vireo_0099_158744.jpg,34.779685871334685
155.Warbling_Vireo/Warbling_Vireo_0087_158355.jpg,21.037383861793277
155.Warbling_Vireo/Warbling_Vireo_0001_158397.jpg,18.670797445455147
155.Warbling_Vireo/Warbling_Vireo_0090_158403.jpg,20.858415857723138
155.Warbling_Vireo/Warbling_Vireo_0091_158419.jpg,75.00790153337728
155.Warbling_Vireo/Warbling_Vireo_0072_158422.jpg,43.60349945247104
155.Warbling_Vireo/Warbling_Vireo_0111_158423.jpg,18.077024437413517
155.Warbling_Vireo/Warbling_Vireo_0064_158437.jpg,49.74525255111863
155.Warbling_Vireo/Warbling_Vireo_0088_158452.jpg,28.449221300217395
155.Warbling_Vireo/Warbling_Vireo_0006_158467.jpg,68.7579100629264
155.Warbling_Vireo/Warbling_Vireo_0089_158519.jpg,54.66795063069114
155.Warbling_Vireo/Warbling_Vireo_0131_158522.jpg,30.713263720857277
155.Warbling_Vireo/Warbling_Vireo_0052_158534.jpg,56.2056356243028
155.Warbling_Vireo/Warbling_Vireo_0058_158539.jpg,32.34632710648687
155.Warbling_Vireo/Warbling_Vireo_0086_158564.jpg,59.2183223655996
155.Warbling_Vireo/Warbling_Vireo_0113_158588.jpg,46.73037368603599
155.Warbling_Vireo/Warbling_Vireo_0127_158601.jpg,35.95097955510077
155.Warbling_Vireo/Warbling_Vireo_0068_158684.jpg,24.835168231228792
155.Warbling_Vireo/Warbling_Vireo_0092_158688.jpg,40.53571081753687
155.Warbling_Vireo/Warbling_Vireo_0126_158696.jpg,34.6843216736486
155.Warbling_Vireo/Warbling_Vireo_0102_158704.jpg,17.744447057479658
156.White_eyed_Vireo/White_Eyed_Vireo_0045_159232.jpg,53.322541522009004
156.White_eyed_Vireo/White_Eyed_Vireo_0001_159237.jpg,15.363219885202607
156.White_eyed_Vireo/White_Eyed_Vireo_0120_158991.jpg,36.757040708279284
156.White_eyed_Vireo/White_Eyed_Vireo_0132_158908.jpg,18.806480496129804
156.White_eyed_Vireo/White_Eyed_Vireo_0049_158835.jpg,35.474443171745094
156.White_eyed_Vireo/White_Eyed_Vireo_0046_158849.jpg,48.176690847981874
156.White_eyed_Vireo/White_Eyed_Vireo_0111_158864.jpg,50.73969152353314
156.White_eyed_Vireo/White_Eyed_Vireo_0078_159382.jpg,35.42677945499837
156.White_eyed_Vireo/White_Eyed_Vireo_0095_158886.jpg,37.77914281956969
156.White_eyed_Vireo/White_Eyed_Vireo_0134_158889.jpg,55.4095335435296
156.White_eyed_Vireo/White_Eyed_Vireo_0115_158932.jpg,29.28548390260324
156.White_eyed_Vireo/White_Eyed_Vireo_0099_158933.jpg,24.396609154759503
156.White_eyed_Vireo/White_Eyed_Vireo_0018_159450.jpg,37.88206136737588
156.White_eyed_Vireo/White_Eyed_Vireo_0135_158955.jpg,28.970248841251035
156.White_eyed_Vireo/White_Eyed_Vireo_0090_158958.jpg,40.285570209290874
156.White_eyed_Vireo/White_Eyed_Vireo_0026_158963.jpg,47.58593352394776
156.White_eyed_Vireo/White_Eyed_Vireo_0116_159028.jpg,45.86905195379832
156.White_eyed_Vireo/White_Eyed_Vireo_0041_159032.jpg,50.2579852466427
156.White_eyed_Vireo/White_Eyed_Vireo_0051_159033.jpg,33.40089804962086
156.White_eyed_Vireo/White_Eyed_Vireo_0022_159037.jpg,31.644997279125793
156.White_eyed_Vireo/White_Eyed_Vireo_0061_159042.jpg,78.51536827520533
156.White_eyed_Vireo/White_Eyed_Vireo_0091_159045.jpg,42.23106023022236
156.White_eyed_Vireo/White_Eyed_Vireo_0130_159075.jpg,44.57313894371635
156.White_eyed_Vireo/White_Eyed_Vireo_0088_159084.jpg,63.085150715699015
156.White_eyed_Vireo/White_Eyed_Vireo_0112_159147.jpg,46.566350494400766
156.White_eyed_Vireo/White_Eyed_Vireo_0024_159193.jpg,32.168757681089915
156.White_eyed_Vireo/White_Eyed_Vireo_0086_159202.jpg,48.162879430426955
156.White_eyed_Vireo/White_Eyed_Vireo_0083_159203.jpg,81.97393713465021
156.White_eyed_Vireo/White_Eyed_Vireo_0114_159206.jpg,47.74940203445437
156.White_eyed_Vireo/White_Eyed_Vireo_0059_159225.jpg,38.81681328626025
157.Yellow_throated_Vireo/Yellow_Throated_Vireo_0072_794969.jpg,73.72913684708773
157.Yellow_throated_Vireo/Yellow_Throated_Vireo_0022_795012.jpg,56.174291905498805
157.Yellow_throated_Vireo/Yellow_Throated_Vireo_0085_159580.jpg,69.95271794185926
157.Yellow_throated_Vireo/Yellow_Throated_Vireo_0013_159531.jpg,98.22756213815926
157.Yellow_throated_Vireo/Yellow_Throated_Vireo_0055_159532.jpg,45.85190803538799
157.Yellow_throated_Vireo/Yellow_Throated_Vireo_0005_159588.jpg,58.725140712029265
157.Yellow_throated_Vireo/Yellow_Throated_Vireo_0023_159584.jpg,45.76423976642334
157.Yellow_throated_Vireo/Yellow_Throated_Vireo_0076_794984.jpg,43.340866502966406
157.Yellow_throated_Vireo/Yellow_Throated_Vireo_0057_159570.jpg,74.7620377452841
157.Yellow_throated_Vireo/Yellow_Throated_Vireo_0074_159571.jpg,58.6536808039929
157.Yellow_throated_Vireo/Yellow_Throated_Vireo_0059_794970.jpg,56.725845043553484
157.Yellow_throated_Vireo/Yellow_Throated_Vireo_0021_794971.jpg,52.14289207414457
157.Yellow_throated_Vireo/Yellow_Throated_Vireo_0007_794972.jpg,34.255918049210656
157.Yellow_throated_Vireo/Yellow_Throated_Vireo_0050_794979.jpg,42.75253778111891
157.Yellow_throated_Vireo/Yellow_Throated_Vireo_0016_794981.jpg,78.10535177795961
157.Yellow_throated_Vireo/Yellow_Throated_Vireo_0048_794982.jpg,37.54458589745104
157.Yellow_throated_Vireo/Yellow_Throated_Vireo_0011_794986.jpg,28.99282239857438
157.Yellow_throated_Vireo/Yellow_Throated_Vireo_0027_794989.jpg,51.869585936724896
157.Yellow_throated_Vireo/Yellow_Throated_Vireo_0034_794993.jpg,28.361964502192677
157.Yellow_throated_Vireo/Yellow_Throated_Vireo_0010_795000.jpg,37.729184773597964
157.Yellow_throated_Vireo/Yellow_Throated_Vireo_0068_159620.jpg,46.00283035803102
157.Yellow_throated_Vireo/Yellow_Throated_Vireo_0002_159625.jpg,41.49969559401702
157.Yellow_throated_Vireo/Yellow_Throated_Vireo_0043_159628.jpg,85.10065901180738
157.Yellow_throated_Vireo/Yellow_Throated_Vireo_0082_159597.jpg,56.28390005883134
157.Yellow_throated_Vireo/Yellow_Throated_Vireo_0020_159634.jpg,42.581347882758195
157.Yellow_throated_Vireo/Yellow_Throated_Vireo_0042_159655.jpg,37.71766172735909
157.Yellow_throated_Vireo/Yellow_Throated_Vireo_0071_159707.jpg,28.359582559666944
157.Yellow_throated_Vireo/Yellow_Throated_Vireo_0014_159709.jpg,67.47899656643429
157.Yellow_throated_Vireo/Yellow_Throated_Vireo_0031_159712.jpg,54.85958036479191
158.Bay_breasted_Warbler/Bay_Breasted_Warbler_0080_159749.jpg,55.02860375652388
158.Bay_breasted_Warbler/Bay_Breasted_Warbler_0013_159787.jpg,39.51119014676374
158.Bay_breasted_Warbler/Bay_Breasted_Warbler_0032_797150.jpg,42.177269866249034
158.Bay_breasted_Warbler/Bay_Breasted_Warbler_0057_159818.jpg,67.1585171378322
158.Bay_breasted_Warbler/Bay_Breasted_Warbler_0034_159861.jpg,43.36571113165133
158.Bay_breasted_Warbler/Bay_Breasted_Warbler_0065_159722.jpg,42.63511236955924
158.Bay_breasted_Warbler/Bay_Breasted_Warbler_0019_159871.jpg,40.536107294111076
158.Bay_breasted_Warbler/Bay_Breasted_Warbler_0102_159887.jpg,63.5330162482976
158.Bay_breasted_Warbler/Bay_Breasted_Warbler_0067_159895.jpg,35.90499194493333
158.Bay_breasted_Warbler/Bay_Breasted_Warbler_0018_159897.jpg,49.09711595613975
158.Bay_breasted_Warbler/Bay_Breasted_Warbler_0085_797107.jpg,33.40165830773939
158.Bay_breasted_Warbler/Bay_Breasted_Warbler_0064_797109.jpg,23.199712669213216
158.Bay_breasted_Warbler/Bay_Breasted_Warbler_0008_797115.jpg,22.613084674995182
158.Bay_breasted_Warbler/Bay_Breasted_Warbler_0007_797118.jpg,19.302427472089818
158.Bay_breasted_Warbler/Bay_Breasted_Warbler_0028_797119.jpg,51.338844122922275
158.Bay_breasted_Warbler/Bay_Breasted_Warbler_0082_797121.jpg,49.340161136381155
158.Bay_breasted_Warbler/Bay_Breasted_Warbler_0054_797124.jpg,32.586075465437375
158.Bay_breasted_Warbler/Bay_Breasted_Warbler_0090_797128.jpg,31.256168098138943
158.Bay_breasted_Warbler/Bay_Breasted_Warbler_0051_797132.jpg,31.90790408888313
158.Bay_breasted_Warbler/Bay_Breasted_Warbler_0068_797133.jpg,51.397417159182844
158.Bay_breasted_Warbler/Bay_Breasted_Warbler_0016_797134.jpg,48.45562569066033
158.Bay_breasted_Warbler/Bay_Breasted_Warbler_0031_797137.jpg,37.49269854715628
158.Bay_breasted_Warbler/Bay_Breasted_Warbler_0025_159957.jpg,56.64563744740242
158.Bay_breasted_Warbler/Bay_Breasted_Warbler_0101_797146.jpg,27.70814001523202
158.Bay_breasted_Warbler/Bay_Breasted_Warbler_0039_797152.jpg,38.09568134330152
158.Bay_breasted_Warbler/Bay_Breasted_Warbler_0043_797154.jpg,28.59617204925995
158.Bay_breasted_Warbler/Bay_Breasted_Warbler_0053_797157.jpg,23.246752100901027
158.Bay_breasted_Warbler/Bay_Breasted_Warbler_0042_797160.jpg,51.741993595308095
158.Bay_breasted_Warbler/Bay_Breasted_Warbler_0110_159735.jpg,50.79178204136192
158.Bay_breasted_Warbler/Bay_Breasted_Warbler_0076_159996.jpg,29.68954380820292
159.Black_and_white_Warbler/Black_And_White_Warbler_0128_160803.jpg,31.64184829450861
159.Black_and_white_Warbler/Black_And_White_Warbler_0071_160308.jpg,55.54455567219413
159.Black_and_white_Warbler/Black_And_White_Warbler_0135_160334.jpg,37.774917167505826
159.Black_and_white_Warbler/Black_And_White_Warbler_0111_160342.jpg,26.93356436220766
159.Black_and_white_Warbler/Black_And_White_Warbler_0070_160354.jpg,26.5080344015803
159.Black_and_white_Warbler/Black_And_White_Warbler_0118_160363.jpg,46.09669019478493
159.Black_and_white_Warbler/Black_And_White_Warbler_0089_160370.jpg,56.58927826188473
159.Black_and_white_Warbler/Black_And_White_Warbler_0002_160376.jpg,38.02760301427829
159.Black_and_white_Warbler/Black_And_White_Warbler_0091_160896.jpg,58.995312312537024
159.Black_and_white_Warbler/Black_And_White_Warbler_0061_160404.jpg,29.83749703855482
159.Black_and_white_Warbler/Black_And_White_Warbler_0125_160482.jpg,26.067079555693915
159.Black_and_white_Warbler/Black_And_White_Warbler_0106_160014.jpg,53.01799087581059
159.Black_and_white_Warbler/Black_And_White_Warbler_0114_160537.jpg,44.81267969548291
159.Black_and_white_Warbler/Black_And_White_Warbler_0073_160539.jpg,20.385744693858648
159.Black_and_white_Warbler/Black_And_White_Warbler_0047_160547.jpg,28.193523985001292
159.Black_and_white_Warbler/Black_And_White_Warbler_0024_160057.jpg,34.33928196432872
159.Black_and_white_Warbler/Black_And_White_Warbler_0025_160584.jpg,54.46497293799032
159.Black_and_white_Warbler/Black_And_White_Warbler_0030_160592.jpg,26.105921055635186
159.Black_and_white_Warbler/Black_And_White_Warbler_0032_160569.jpg,44.555518121803466
159.Black_and_white_Warbler/Black_And_White_Warbler_0122_160106.jpg,18.79326912898471
159.Black_and_white_Warbler/Black_And_White_Warbler_0085_160110.jpg,41.02375519809177
159.Black_and_white_Warbler/Black_And_White_Warbler_0083_160237.jpg,45.408611617096916
159.Black_and_white_Warbler/Black_And_White_Warbler_0088_160668.jpg,46.8026079270151
159.Black_and_white_Warbler/Black_And_White_Warbler_0076_160173.jpg,40.70813241915925
159.Black_and_white_Warbler/Black_And_White_Warbler_0034_160695.jpg,36.37005091759066
159.Black_and_white_Warbler/Black_And_White_Warbler_0010_160200.jpg,46.20905172097581
159.Black_and_white_Warbler/Black_And_White_Warbler_0090_160247.jpg,47.31367090852202
159.Black_and_white_Warbler/Black_And_White_Warbler_0003_160228.jpg,26.77777240083157
159.Black_and_white_Warbler/Black_And_White_Warbler_0049_160749.jpg,47.81268990576018
159.Black_and_white_Warbler/Black_And_White_Warbler_0109_160245.jpg,48.592223609748174
160.Black_throated_Blue_Warbler/Black_Throated_Blue_Warbler_0129_161399.jpg,50.0522077971751
160.Black_throated_Blue_Warbler/Black_Throated_Blue_Warbler_0136_161400.jpg,64.94517157243988
160.Black_throated_Blue_Warbler/Black_Throated_Blue_Warbler_0113_161407.jpg,21.900492275920634
160.Black_throated_Blue_Warbler/Black_Throated_Blue_Warbler_0119_161416.jpg,12.892293766543025
160.Black_throated_Blue_Warbler/Black_Throated_Blue_Warbler_0101_161510.jpg,62.67118784484199
160.Black_throated_Blue_Warbler/Black_Throated_Blue_Warbler_0047_161511.jpg,24.255948510580858
160.Black_throated_Blue_Warbler/Black_Throated_Blue_Warbler_0022_161520.jpg,20.814777594870534
160.Black_throated_Blue_Warbler/Black_Throated_Blue_Warbler_0099_161524.jpg,54.49149866544524
160.Black_throated_Blue_Warbler/Black_Throated_Blue_Warbler_0009_161534.jpg,56.75645104166614
160.Black_throated_Blue_Warbler/Black_Throated_Blue_Warbler_0111_161615.jpg,30.286290902454546
160.Black_throated_Blue_Warbler/Black_Throated_Blue_Warbler_0085_161621.jpg,25.882765984527346
160.Black_throated_Blue_Warbler/Black_Throated_Blue_Warbler_0100_161622.jpg,74.51160062555306
160.Black_throated_Blue_Warbler/Black_Throated_Blue_Warbler_0109_161635.jpg,38.196148089589464
160.Black_throated_Blue_Warbler/Black_Throated_Blue_Warbler_0072_161636.jpg,39.155674244808495
160.Black_throated_Blue_Warbler/Black_Throated_Blue_Warbler_0096_161654.jpg,55.84360150822747
160.Black_throated_Blue_Warbler/Black_Throated_Blue_Warbler_0064_161656.jpg,41.36780841923801
160.Black_throated_Blue_Warbler/Black_Throated_Blue_Warbler_0048_161665.jpg,31.63509459287165
160.Black_throated_Blue_Warbler/Black_Throated_Blue_Warbler_0102_161161.jpg,63.14559955388138
160.Black_throated_Blue_Warbler/Black_Throated_Blue_Warbler_0076_161162.jpg,51.9350693100904
160.Black_throated_Blue_Warbler/Black_Throated_Blue_Warbler_0080_161681.jpg,43.30566206074604
160.Black_throated_Blue_Warbler/Black_Throated_Blue_Warbler_0104_161686.jpg,42.47344259852449
160.Black_throated_Blue_Warbler/Black_Throated_Blue_Warbler_0127_161176.jpg,76.43375103771717
160.Black_throated_Blue_Warbler/Black_Throated_Blue_Warbler_0027_104004.jpg,31.75929808112433
160.Black_throated_Blue_Warbler/Black_Throated_Blue_Warbler_0001_161189.jpg,49.351546725081285
160.Black_throated_Blue_Warbler/Black_Throated_Blue_Warbler_0079_161194.jpg,65.5083595161326
160.Black_throated_Blue_Warbler/Black_Throated_Blue_Warbler_0128_161708.jpg,30.69167084159438
160.Black_throated_Blue_Warbler/Black_Throated_Blue_Warbler_0086_161716.jpg,29.872139440400165
160.Black_throated_Blue_Warbler/Black_Throated_Blue_Warbler_0110_161726.jpg,66.83411943937767
160.Black_throated_Blue_Warbler/Black_Throated_Blue_Warbler_0107_161214.jpg,47.28862882857884
161.Blue_winged_Warbler/Blue_Winged_Warbler_0050_162057.jpg,62.19047920933572
161.Blue_winged_Warbler/Blue_Winged_Warbler_0041_161802.jpg,57.67420213163841
161.Blue_winged_Warbler/Blue_Winged_Warbler_0063_161810.jpg,58.591061538061055
161.Blue_winged_Warbler/Blue_Winged_Warbler_0026_161813.jpg,55.70691487334841
161.Blue_winged_Warbler/Blue_Winged_Warbler_0013_161816.jpg,58.13292840792276
161.Blue_winged_Warbler/Blue_Winged_Warbler_0057_162085.jpg,87.58903718885453
161.Blue_winged_Warbler/Blue_Winged_Warbler_0030_162088.jpg,37.85753036857494
161.Blue_winged_Warbler/Blue_Winged_Warbler_0049_161856.jpg,69.48491790682445
161.Blue_winged_Warbler/Blue_Winged_Warbler_0067_161860.jpg,97.75725893854364
161.Blue_winged_Warbler/Blue_Winged_Warbler_0042_161869.jpg,51.450978080632595
161.Blue_winged_Warbler/Blue_Winged_Warbler_0025_161873.jpg,83.43052499146752
161.Blue_winged_Warbler/Blue_Winged_Warbler_0066_162062.jpg,67.95202939525832
161.Blue_winged_Warbler/Blue_Winged_Warbler_0017_161878.jpg,87.6045948620225
161.Blue_winged_Warbler/Blue_Winged_Warbler_0060_161888.jpg,73.16590377460675
161.Blue_winged_Warbler/Blue_Winged_Warbler_0078_161889.jpg,71.1024926142727
161.Blue_winged_Warbler/Blue_Winged_Warbler_0053_161896.jpg,49.172714493398836
161.Blue_winged_Warbler/Blue_Winged_Warbler_0061_161984.jpg,66.40184483303763
161.Blue_winged_Warbler/Blue_Winged_Warbler_0072_161991.jpg,82.63680530195515
161.Blue_winged_Warbler/Blue_Winged_Warbler_0052_161739.jpg,103.69457957620145
161.Blue_winged_Warbler/Blue_Winged_Warbler_0055_161996.jpg,86.38494809543445
161.Blue_winged_Warbler/Blue_Winged_Warbler_0045_161997.jpg,63.30475126545764
161.Blue_winged_Warbler/Blue_Winged_Warbler_0004_162005.jpg,60.21663711776997
161.Blue_winged_Warbler/Blue_Winged_Warbler_0056_162013.jpg,80.74926139730015
161.Blue_winged_Warbler/Blue_Winged_Warbler_0093_162014.jpg,62.539171119833426
161.Blue_winged_Warbler/Blue_Winged_Warbler_0088_162018.jpg,59.59241113880433
161.Blue_winged_Warbler/Blue_Winged_Warbler_0089_162026.jpg,72.86602005153435
161.Blue_winged_Warbler/Blue_Winged_Warbler_0086_162027.jpg,56.74195451429677
161.Blue_winged_Warbler/Blue_Winged_Warbler_0065_162030.jpg,55.79410085939891
161.Blue_winged_Warbler/Blue_Winged_Warbler_0007_161785.jpg,58.248482914694065
161.Blue_winged_Warbler/Blue_Winged_Warbler_0094_161790.jpg,55.871676302512554
162.Canada_Warbler/Canada_Warbler_0094_26880.jpg,43.32107824071264
162.Canada_Warbler/Canada_Warbler_0119_162307.jpg,87.04413283470522
162.Canada_Warbler/Canada_Warbler_0115_162309.jpg,73.94019977020795
162.Canada_Warbler/Canada_Warbler_0067_162314.jpg,56.674779461157456
162.Canada_Warbler/Canada_Warbler_0063_162324.jpg,44.12239933566034
162.Canada_Warbler/Canada_Warbler_0006_103959.jpg,54.217346345793736
162.Canada_Warbler/Canada_Warbler_0103_162339.jpg,45.749470836768644
162.Canada_Warbler/Canada_Warbler_0104_162345.jpg,57.74422703948385
162.Canada_Warbler/Canada_Warbler_0022_157106.jpg,28.55229410025787
162.Canada_Warbler/Canada_Warbler_0020_162354.jpg,58.55278228082527
162.Canada_Warbler/Canada_Warbler_0093_162356.jpg,74.97078378181422
162.Canada_Warbler/Canada_Warbler_0074_162366.jpg,35.47011031453534
162.Canada_Warbler/Canada_Warbler_0105_162372.jpg,57.00358400042907
162.Canada_Warbler/Canada_Warbler_0013_162375.jpg,61.32496727537155
162.Canada_Warbler/Canada_Warbler_0035_162377.jpg,81.17996809555456
162.Canada_Warbler/Canada_Warbler_0023_162383.jpg,49.508094810992006
162.Canada_Warbler/Canada_Warbler_0015_162388.jpg,40.130859865874555
162.Canada_Warbler/Canada_Warbler_0117_162394.jpg,51.74123680531525
162.Canada_Warbler/Canada_Warbler_0114_162396.jpg,59.90892796396126
162.Canada_Warbler/Canada_Warbler_0095_162401.jpg,73.93552510805887
162.Canada_Warbler/Canada_Warbler_0037_162405.jpg,62.88783705188649
162.Canada_Warbler/Canada_Warbler_0056_162407.jpg,51.50564538607853
162.Canada_Warbler/Canada_Warbler_0008_162416.jpg,68.30805563104884
162.Canada_Warbler/Canada_Warbler_0002_162426.jpg,63.43450462195614
162.Canada_Warbler/Canada_Warbler_0090_162432.jpg,56.730646027977556
162.Canada_Warbler/Canada_Warbler_0107_162440.jpg,72.73770661468929
162.Canada_Warbler/Canada_Warbler_0051_162447.jpg,69.49966065746682
162.Canada_Warbler/Canada_Warbler_0122_162219.jpg,76.73953075992226
162.Canada_Warbler/Canada_Warbler_0027_162223.jpg,57.93998574850623
162.Canada_Warbler/Canada_Warbler_0109_93363.jpg,74.15159097904595
163.Cape_May_Warbler/Cape_May_Warbler_0117_163079.jpg,71.70346010431717
163.Cape_May_Warbler/Cape_May_Warbler_0093_163089.jpg,56.083347728283
163.Cape_May_Warbler/Cape_May_Warbler_0096_163093.jpg,62.93404093801372
163.Cape_May_Warbler/Cape_May_Warbler_0115_163121.jpg,84.16832833645202
163.Cape_May_Warbler/Cape_May_Warbler_0122_163131.jpg,54.76198892778803
163.Cape_May_Warbler/Cape_May_Warbler_0033_162657.jpg,61.41522754978453
163.Cape_May_Warbler/Cape_May_Warbler_0085_162628.jpg,70.2510033524702
163.Cape_May_Warbler/Cape_May_Warbler_0048_162915.jpg,51.802897242153584
163.Cape_May_Warbler/Cape_May_Warbler_0129_163157.jpg,40.071161068860675
163.Cape_May_Warbler/Cape_May_Warbler_0015_163159.jpg,29.877242094033683
163.Cape_May_Warbler/Cape_May_Warbler_0007_163087.jpg,57.454592465236544
163.Cape_May_Warbler/Cape_May_Warbler_0046_163167.jpg,40.18949093508973
163.Cape_May_Warbler/Cape_May_Warbler_0026_162913.jpg,74.34453199338449
163.Cape_May_Warbler/Cape_May_Warbler_0035_162658.jpg,39.95858086540384
163.Cape_May_Warbler/Cape_May_Warbler_0055_163171.jpg,42.666678773486275
163.Cape_May_Warbler/Cape_May_Warbler_0003_162920.jpg,40.82897457966319
163.Cape_May_Warbler/Cape_May_Warbler_0100_162923.jpg,63.58235340534557
163.Cape_May_Warbler/Cape_May_Warbler_0004_162928.jpg,64.76482368541494
163.Cape_May_Warbler/Cape_May_Warbler_0107_162941.jpg,70.66999178149939
163.Cape_May_Warbler/Cape_May_Warbler_0060_162949.jpg,36.910702985787964
163.Cape_May_Warbler/Cape_May_Warbler_0053_162950.jpg,55.441290512961416
163.Cape_May_Warbler/Cape_May_Warbler_0062_162955.jpg,54.82713218467506
163.Cape_May_Warbler/Cape_May_Warbler_0104_162958.jpg,49.45414384568834
163.Cape_May_Warbler/Cape_May_Warbler_0095_162965.jpg,67.76171230856825
163.Cape_May_Warbler/Cape_May_Warbler_0119_162976.jpg,59.59351963666418
163.Cape_May_Warbler/Cape_May_Warbler_0092_163057.jpg,57.57853243208984
163.Cape_May_Warbler/Cape_May_Warbler_0008_163062.jpg,45.34931098811292
163.Cape_May_Warbler/Cape_May_Warbler_0124_163037.jpg,43.140578537771475
163.Cape_May_Warbler/Cape_May_Warbler_0067_162539.jpg,94.79926961913446
163.Cape_May_Warbler/Cape_May_Warbler_0044_163055.jpg,31.07309622677627
164.Cerulean_Warbler/Cerulean_Warbler_0019_797186.jpg,49.41474021073447
164.Cerulean_Warbler/Cerulean_Warbler_0022_797189.jpg,37.88052124884601
164.Cerulean_Warbler/Cerulean_Warbler_0088_797194.jpg,67.80338011517169
164.Cerulean_Warbler/Cerulean_Warbler_0093_797196.jpg,34.84878794852436
164.Cerulean_Warbler/Cerulean_Warbler_0053_797197.jpg,51.671581467550396
164.Cerulean_Warbler/Cerulean_Warbler_0017_797198.jpg,51.596296344347856
164.Cerulean_Warbler/Cerulean_Warbler_0004_797199.jpg,40.009871368696096
164.Cerulean_Warbler/Cerulean_Warbler_0009_797201.jpg,41.04016407106602
164.Cerulean_Warbler/Cerulean_Warbler_0043_797203.jpg,52.82367744427796
164.Cerulean_Warbler/Cerulean_Warbler_0005_797206.jpg,33.259249080746336
164.Cerulean_Warbler/Cerulean_Warbler_0037_797212.jpg,54.95287944408102
164.Cerulean_Warbler/Cerulean_Warbler_0007_797215.jpg,20.379104528895375
164.Cerulean_Warbler/Cerulean_Warbler_0067_797220.jpg,20.05396965226725
164.Cerulean_Warbler/Cerulean_Warbler_0046_797222.jpg,36.83984659764329
164.Cerulean_Warbler/Cerulean_Warbler_0042_797223.jpg,44.82883826145793
164.Cerulean_Warbler/Cerulean_Warbler_0075_797233.jpg,47.43885732407678
164.Cerulean_Warbler/Cerulean_Warbler_0054_797235.jpg,36.684606121740366
164.Cerulean_Warbler/Cerulean_Warbler_0024_163406.jpg,44.71528224655154
164.Cerulean_Warbler/Cerulean_Warbler_0092_163455.jpg,40.188975033371406
164.Cerulean_Warbler/Cerulean_Warbler_0040_163219.jpg,51.84547700642786
164.Cerulean_Warbler/Cerulean_Warbler_0057_163227.jpg,67.03383909679775
164.Cerulean_Warbler/Cerulean_Warbler_0051_163244.jpg,38.32166707360877
164.Cerulean_Warbler/Cerulean_Warbler_0016_163265.jpg,63.57992568980847
164.Cerulean_Warbler/Cerulean_Warbler_0055_163524.jpg,47.27317585479776
164.Cerulean_Warbler/Cerulean_Warbler_0041_163535.jpg,57.66457366659162
164.Cerulean_Warbler/Cerulean_Warbler_0002_797219.jpg,30.275317254146984
164.Cerulean_Warbler/Cerulean_Warbler_0028_163302.jpg,51.762328624121686
164.Cerulean_Warbler/Cerulean_Warbler_0025_797232.jpg,45.116616283404426
164.Cerulean_Warbler/Cerulean_Warbler_0081_797179.jpg,30.001900328045043
164.Cerulean_Warbler/Cerulean_Warbler_0082_797180.jpg,39.211198914286115
165.Chestnut_sided_Warbler/Chestnut_Sided_Warbler_0038_164354.jpg,61.60354846071159
165.Chestnut_sided_Warbler/Chestnut_Sided_Warbler_0108_164356.jpg,50.60995295753897
165.Chestnut_sided_Warbler/Chestnut_Sided_Warbler_0030_163847.jpg,19.57199438939012
165.Chestnut_sided_Warbler/Chestnut_Sided_Warbler_0046_163856.jpg,27.117448446312363
165.Chestnut_sided_Warbler/Chestnut_Sided_Warbler_0096_163672.jpg,40.90800259047741
165.Chestnut_sided_Warbler/Chestnut_Sided_Warbler_0062_163859.jpg,31.246710460000102
165.Chestnut_sided_Warbler/Chestnut_Sided_Warbler_0127_163860.jpg,45.25775157457247
165.Chestnut_sided_Warbler/Chestnut_Sided_Warbler_0033_163607.jpg,41.733270413696694
165.Chestnut_sided_Warbler/Chestnut_Sided_Warbler_0084_163872.jpg,47.98480837145606
165.Chestnut_sided_Warbler/Chestnut_Sided_Warbler_0036_163622.jpg,51.46345517132527
165.Chestnut_sided_Warbler/Chestnut_Sided_Warbler_0090_163629.jpg,47.866044265297226
165.Chestnut_sided_Warbler/Chestnut_Sided_Warbler_0034_163911.jpg,59.56726495798499
165.Chestnut_sided_Warbler/Chestnut_Sided_Warbler_0103_163669.jpg,28.09368832260303
165.Chestnut_sided_Warbler/Chestnut_Sided_Warbler_0068_164184.jpg,84.0626436464576
165.Chestnut_sided_Warbler/Chestnut_Sided_Warbler_0057_163957.jpg,13.511658827855827
165.Chestnut_sided_Warbler/Chestnut_Sided_Warbler_0087_164221.jpg,62.70422942597206
165.Chestnut_sided_Warbler/Chestnut_Sided_Warbler_0037_164233.jpg,55.14932277212781
165.Chestnut_sided_Warbler/Chestnut_Sided_Warbler_0061_163978.jpg,78.71385540234743
165.Chestnut_sided_Warbler/Chestnut_Sided_Warbler_0052_163728.jpg,39.280513567253585
165.Chestnut_sided_Warbler/Chestnut_Sided_Warbler_0058_163990.jpg,32.32503464861377
165.Chestnut_sided_Warbler/Chestnut_Sided_Warbler_0049_163735.jpg,39.333081838616195
165.Chestnut_sided_Warbler/Chestnut_Sided_Warbler_0008_164001.jpg,32.912253974705415
165.Chestnut_sided_Warbler/Chestnut_Sided_Warbler_0004_164279.jpg,67.7838078056536
165.Chestnut_sided_Warbler/Chestnut_Sided_Warbler_0086_164024.jpg,46.26839997144353
165.Chestnut_sided_Warbler/Chestnut_Sided_Warbler_0089_163776.jpg,93.2800518712523
165.Chestnut_sided_Warbler/Chestnut_Sided_Warbler_0125_164247.jpg,32.541304985869225
165.Chestnut_sided_Warbler/Chestnut_Sided_Warbler_0083_164056.jpg,51.60391545007029
165.Chestnut_sided_Warbler/Chestnut_Sided_Warbler_0005_164061.jpg,65.86516193750366
165.Chestnut_sided_Warbler/Chestnut_Sided_Warbler_0117_164066.jpg,78.45070414658437
165.Chestnut_sided_Warbler/Chestnut_Sided_Warbler_0001_163813.jpg,60.03192127850225
166.Golden_winged_Warbler/Golden_Winged_Warbler_0035_164362.jpg,32.069643419331804
166.Golden_winged_Warbler/Golden_Winged_Warbler_0041_164379.jpg,28.555601245967345
166.Golden_winged_Warbler/Golden_Winged_Warbler_0075_794848.jpg,40.90848732580998
166.Golden_winged_Warbler/Golden_Winged_Warbler_0077_164432.jpg,43.38429312279438
166.Golden_winged_Warbler/Golden_Winged_Warbler_0042_164437.jpg,41.98728197434623
166.Golden_winged_Warbler/Golden_Winged_Warbler_0070_164460.jpg,22.27719218517186
166.Golden_winged_Warbler/Golden_Winged_Warbler_0084_164541.jpg,35.257680755331535
166.Golden_winged_Warbler/Golden_Winged_Warbler_0043_164476.jpg,66.25469367733707
166.Golden_winged_Warbler/Golden_Winged_Warbler_0081_164487.jpg,43.616962085310774
166.Golden_winged_Warbler/Golden_Winged_Warbler_0049_164509.jpg,30.525189595605635
166.Golden_winged_Warbler/Golden_Winged_Warbler_0034_794800.jpg,52.25845824797328
166.Golden_winged_Warbler/Golden_Winged_Warbler_0052_164529.jpg,27.393638912899252
166.Golden_winged_Warbler/Golden_Winged_Warbler_0091_794808.jpg,38.25396937575104
166.Golden_winged_Warbler/Golden_Winged_Warbler_0095_794809.jpg,42.33587875444679
166.Golden_winged_Warbler/Golden_Winged_Warbler_0087_794810.jpg,66.88494992390183
166.Golden_winged_Warbler/Golden_Winged_Warbler_0082_164544.jpg,32.51308091430672
166.Golden_winged_Warbler/Golden_Winged_Warbler_0036_794817.jpg,67.30392033013835
166.Golden_winged_Warbler/Golden_Winged_Warbler_0039_794818.jpg,37.47368248439153
166.Golden_winged_Warbler/Golden_Winged_Warbler_0022_794833.jpg,43.56402224072057
166.Golden_winged_Warbler/Golden_Winged_Warbler_0090_794830.jpg,37.78823809285778
166.Golden_winged_Warbler/Golden_Winged_Warbler_0037_794839.jpg,50.89025099067908
166.Golden_winged_Warbler/Golden_Winged_Warbler_0031_794840.jpg,28.56223555246746
166.Golden_winged_Warbler/Golden_Winged_Warbler_0065_794842.jpg,27.255231468336397
166.Golden_winged_Warbler/Golden_Winged_Warbler_0086_794844.jpg,58.835881141114946
166.Golden_winged_Warbler/Golden_Winged_Warbler_0067_794846.jpg,38.58304817114491
166.Golden_winged_Warbler/Golden_Winged_Warbler_0032_794849.jpg,59.92246981617572
166.Golden_winged_Warbler/Golden_Winged_Warbler_0050_164589.jpg,46.40959199697002
166.Golden_winged_Warbler/Golden_Winged_Warbler_0076_164591.jpg,73.38385072327435
166.Golden_winged_Warbler/Golden_Winged_Warbler_0040_164605.jpg,73.42124991526967
167.Hooded_Warbler/Hooded_Warbler_0106_164869.jpg,47.34491376965976
167.Hooded_Warbler/Hooded_Warbler_0068_164872.jpg,52.451771270403825
167.Hooded_Warbler/Hooded_Warbler_0028_164883.jpg,64.09406300754013
167.Hooded_Warbler/Hooded_Warbler_0051_164892.jpg,41.96033758378998
167.Hooded_Warbler/Hooded_Warbler_0042_164895.jpg,49.34389432793245
167.Hooded_Warbler/Hooded_Warbler_0030_164897.jpg,42.921641343482975
167.Hooded_Warbler/Hooded_Warbler_0017_164911.jpg,63.147404593275766
167.Hooded_Warbler/Hooded_Warbler_0125_164925.jpg,55.53876838492238
167.Hooded_Warbler/Hooded_Warbler_0128_164620.jpg,55.280749406020725
167.Hooded_Warbler/Hooded_Warbler_0072_22097.jpg,50.640891114181635
167.Hooded_Warbler/Hooded_Warbler_0118_164991.jpg,58.26302774289414
167.Hooded_Warbler/Hooded_Warbler_0133_165016.jpg,61.51918218900565
167.Hooded_Warbler/Hooded_Warbler_0035_165040.jpg,48.93265732099984
167.Hooded_Warbler/Hooded_Warbler_0105_165095.jpg,38.346525469148844
167.Hooded_Warbler/Hooded_Warbler_0117_165106.jpg,48.76599106014036
167.Hooded_Warbler/Hooded_Warbler_0048_164622.jpg,79.35507031698549
167.Hooded_Warbler/Hooded_Warbler_0116_164630.jpg,67.48602065364693
167.Hooded_Warbler/Hooded_Warbler_0007_164633.jpg,62.59489284148164
167.Hooded_Warbler/Hooded_Warbler_0122_164635.jpg,53.22272450762193
167.Hooded_Warbler/Hooded_Warbler_0089_164640.jpg,48.48444518062106
167.Hooded_Warbler/Hooded_Warbler_0112_164650.jpg,72.83728924687685
167.Hooded_Warbler/Hooded_Warbler_0050_164662.jpg,45.95337868214449
167.Hooded_Warbler/Hooded_Warbler_0033_165213.jpg,54.330440000343835
167.Hooded_Warbler/Hooded_Warbler_0095_164709.jpg,87.07024118329561
167.Hooded_Warbler/Hooded_Warbler_0019_164710.jpg,48.40385848413352
167.Hooded_Warbler/Hooded_Warbler_0096_164739.jpg,59.54552394228867
167.Hooded_Warbler/Hooded_Warbler_0067_164743.jpg,70.66537676423181
167.Hooded_Warbler/Hooded_Warbler_0036_164779.jpg,47.20889483149301
167.Hooded_Warbler/Hooded_Warbler_0090_164794.jpg,64.03060855013099
167.Hooded_Warbler/Hooded_Warbler_0101_164806.jpg,35.33591633587429
168.Kentucky_Warbler/Kentucky_Warbler_0063_795904.jpg,61.480780984589394
168.Kentucky_Warbler/Kentucky_Warbler_0076_795907.jpg,32.33621201477149
168.Kentucky_Warbler/Kentucky_Warbler_0019_165389.jpg,51.37331688492958
168.Kentucky_Warbler/Kentucky_Warbler_0005_795919.jpg,30.781988709925244
168.Kentucky_Warbler/Kentucky_Warbler_0014_165336.jpg,63.40732623118019
168.Kentucky_Warbler/Kentucky_Warbler_0067_165404.jpg,34.20856363637454
168.Kentucky_Warbler/Kentucky_Warbler_0044_165436.jpg,74.86123693312885
168.Kentucky_Warbler/Kentucky_Warbler_0058_165441.jpg,75.69020485365347
168.Kentucky_Warbler/Kentucky_Warbler_0002_795886.jpg,37.724099855235224
168.Kentucky_Warbler/Kentucky_Warbler_0021_165230.jpg,49.739254366164886
168.Kentucky_Warbler/Kentucky_Warbler_0043_165240.jpg,76.59607841424419
168.Kentucky_Warbler/Kentucky_Warbler_0023_165247.jpg,40.41027083069005
168.Kentucky_Warbler/Kentucky_Warbler_0074_165269.jpg,48.37694837288395
168.Kentucky_Warbler/Kentucky_Warbler_0048_165360.jpg,83.89170267662958
168.Kentucky_Warbler/Kentucky_Warbler_0047_165298.jpg,45.80010608953664
168.Kentucky_Warbler/Kentucky_Warbler_0049_165313.jpg,47.98726975623963
168.Kentucky_Warbler/Kentucky_Warbler_0053_165332.jpg,41.13869565021624
168.Kentucky_Warbler/Kentucky_Warbler_0009_795865.jpg,66.53251074205546
168.Kentucky_Warbler/Kentucky_Warbler_0015_795867.jpg,58.73172303802961
168.Kentucky_Warbler/Kentucky_Warbler_0082_795869.jpg,41.98752314921374
168.Kentucky_Warbler/Kentucky_Warbler_0036_795872.jpg,43.21125961349493
168.Kentucky_Warbler/Kentucky_Warbler_0012_795875.jpg,64.95607737057101
168.Kentucky_Warbler/Kentucky_Warbler_0057_165349.jpg,55.712012744045786
168.Kentucky_Warbler/Kentucky_Warbler_0022_795882.jpg,51.493595110679124
168.Kentucky_Warbler/Kentucky_Warbler_0083_795883.jpg,50.807025825455575
168.Kentucky_Warbler/Kentucky_Warbler_0030_795885.jpg,60.89187169018157
168.Kentucky_Warbler/Kentucky_Warbler_0003_795892.jpg,67.22500497287245
168.Kentucky_Warbler/Kentucky_Warbler_0073_795895.jpg,43.99322798812148
168.Kentucky_Warbler/Kentucky_Warbler_0065_795899.jpg,34.80689893473058
169.Magnolia_Warbler/Magnolia_Warbler_0113_166401.jpg,47.58419657774254
169.Magnolia_Warbler/Magnolia_Warbler_0047_165900.jpg,66.85601230544965
169.Magnolia_Warbler/Magnolia_Warbler_0021_165919.jpg,46.323115137636336
169.Magnolia_Warbler/Magnolia_Warbler_0122_165940.jpg,59.97623769321814
169.Magnolia_Warbler/Magnolia_Warbler_0045_165448.jpg,67.18774014162015
169.Magnolia_Warbler/Magnolia_Warbler_0120_165462.jpg,71.93507253569292
169.Magnolia_Warbler/Magnolia_Warbler_0111_165478.jpg,44.53152969001572
169.Magnolia_Warbler/Magnolia_Warbler_0067_165484.jpg,59.79753280984038
169.Magnolia_Warbler/Magnolia_Warbler_0026_165498.jpg,46.74375336273737
169.Magnolia_Warbler/Magnolia_Warbler_0039_165532.jpg,74.89436911238715
169.Magnolia_Warbler/Magnolia_Warbler_0072_165534.jpg,50.4452627579024
169.Magnolia_Warbler/Magnolia_Warbler_0139_166081.jpg,91.86429153660546
169.Magnolia_Warbler/Magnolia_Warbler_0034_166097.jpg,70.60482790666597
169.Magnolia_Warbler/Magnolia_Warbler_0095_166098.jpg,73.61072229351808
169.Magnolia_Warbler/Magnolia_Warbler_0044_165599.jpg,50.53854196416168
169.Magnolia_Warbler/Magnolia_Warbler_0046_166150.jpg,77.31752837368883
169.Magnolia_Warbler/Magnolia_Warbler_0051_165646.jpg,44.932210288385356
169.Magnolia_Warbler/Magnolia_Warbler_0103_165647.jpg,37.6292179887896
169.Magnolia_Warbler/Magnolia_Warbler_0105_165661.jpg,54.70136025240622
169.Magnolia_Warbler/Magnolia_Warbler_0066_166184.jpg,53.91886195268813
169.Magnolia_Warbler/Magnolia_Warbler_0057_165673.jpg,57.699308653157814
169.Magnolia_Warbler/Magnolia_Warbler_0131_166197.jpg,77.3405400062683
169.Magnolia_Warbler/Magnolia_Warbler_0022_165693.jpg,72.82882476740528
169.Magnolia_Warbler/Magnolia_Warbler_0043_165774.jpg,75.44658020892426
169.Magnolia_Warbler/Magnolia_Warbler_0020_166211.jpg,37.165283623160335
169.Magnolia_Warbler/Magnolia_Warbler_0079_165783.jpg,43.891168074606966
169.Magnolia_Warbler/Magnolia_Warbler_0048_165862.jpg,43.10178236289512
169.Magnolia_Warbler/Magnolia_Warbler_0140_165543.jpg,47.540461578792716
169.Magnolia_Warbler/Magnolia_Warbler_0136_166388.jpg,68.4189766927112
170.Mourning_Warbler/Mourning_Warbler_0009_166429.jpg,33.10761283118971
170.Mourning_Warbler/Mourning_Warbler_0055_166436.jpg,31.564099728243118
170.Mourning_Warbler/Mourning_Warbler_0056_166476.jpg,65.25719951505445
170.Mourning_Warbler/Mourning_Warbler_0033_166489.jpg,47.93255099354752
170.Mourning_Warbler/Mourning_Warbler_0066_166491.jpg,45.95358958396736
170.Mourning_Warbler/Mourning_Warbler_0031_166494.jpg,57.94899423301295
170.Mourning_Warbler/Mourning_Warbler_0039_166546.jpg,22.636813444188
170.Mourning_Warbler/Mourning_Warbler_0038_166549.jpg,55.298645037341345
170.Mourning_Warbler/Mourning_Warbler_0077_166567.jpg,45.98091687548786
170.Mourning_Warbler/Mourning_Warbler_0045_166575.jpg,47.393685059488035
170.Mourning_Warbler/Mourning_Warbler_0006_166595.jpg,58.75560340073257
170.Mourning_Warbler/Mourning_Warbler_0048_166596.jpg,34.85606459092547
170.Mourning_Warbler/Mourning_Warbler_0061_166598.jpg,72.6065356265529
170.Mourning_Warbler/Mourning_Warbler_0057_795342.jpg,57.874813273392824
170.Mourning_Warbler/Mourning_Warbler_0050_795343.jpg,64.48767840310977
170.Mourning_Warbler/Mourning_Warbler_0025_166608.jpg,81.63444662080153
170.Mourning_Warbler/Mourning_Warbler_0053_795345.jpg,50.54020867745898
170.Mourning_Warbler/Mourning_Warbler_0019_795347.jpg,50.957226437796805
170.Mourning_Warbler/Mourning_Warbler_0067_795353.jpg,49.627164561933405
170.Mourning_Warbler/Mourning_Warbler_0060_795355.jpg,59.33354736188899
170.Mourning_Warbler/Mourning_Warbler_0041_795358.jpg,46.5426839872055
170.Mourning_Warbler/Mourning_Warbler_0023_795362.jpg,64.48008682032585
170.Mourning_Warbler/Mourning_Warbler_0024_795363.jpg,42.65639410169104
170.Mourning_Warbler/Mourning_Warbler_0040_795370.jpg,44.63895418267679
170.Mourning_Warbler/Mourning_Warbler_0005_795372.jpg,50.61351715542038
170.Mourning_Warbler/Mourning_Warbler_0047_795373.jpg,35.42405724755906
170.Mourning_Warbler/Mourning_Warbler_0065_795374.jpg,47.3147878491142
170.Mourning_Warbler/Mourning_Warbler_0083_795376.jpg,64.03791086542066
170.Mourning_Warbler/Mourning_Warbler_0018_795386.jpg,46.84207270568466
170.Mourning_Warbler/Mourning_Warbler_0054_795387.jpg,44.0876210696124
171.Myrtle_Warbler/Myrtle_Warbler_0094_166922.jpg,60.39807726855531
171.Myrtle_Warbler/Myrtle_Warbler_0086_166926.jpg,38.454825207003154
171.Myrtle_Warbler/Myrtle_Warbler_0071_166692.jpg,37.56198130207744
171.Myrtle_Warbler/Myrtle_Warbler_0039_166709.jpg,32.44707574769578
171.Myrtle_Warbler/Myrtle_Warbler_0045_166710.jpg,61.6217439234534
171.Myrtle_Warbler/Myrtle_Warbler_0034_166720.jpg,27.911844070641003
171.Myrtle_Warbler/Myrtle_Warbler_0054_166985.jpg,13.167764306075936
171.Myrtle_Warbler/Myrtle_Warbler_0093_166986.jpg,26.069322007855067
171.Myrtle_Warbler/Myrtle_Warbler_0047_166987.jpg,24.39114239994116
171.Myrtle_Warbler/Myrtle_Warbler_0016_166736.jpg,38.91555413547731
171.Myrtle_Warbler/Myrtle_Warbler_0083_166738.jpg,26.43265499682028
171.Myrtle_Warbler/Myrtle_Warbler_0020_166997.jpg,27.671932049242706
171.Myrtle_Warbler/Myrtle_Warbler_0097_167001.jpg,38.448176484320356
171.Myrtle_Warbler/Myrtle_Warbler_0077_166749.jpg,46.47570160716683
171.Myrtle_Warbler/Myrtle_Warbler_0091_166762.jpg,30.192773296231298
171.Myrtle_Warbler/Myrtle_Warbler_0001_166770.jpg,48.409937001533514
171.Myrtle_Warbler/Myrtle_Warbler_0087_166783.jpg,54.46649820833541
171.Myrtle_Warbler/Myrtle_Warbler_0068_166892.jpg,24.301549987979936
171.Myrtle_Warbler/Myrtle_Warbler_0028_166905.jpg,33.60118398544
171.Myrtle_Warbler/Myrtle_Warbler_0061_166816.jpg,47.80525821381336
171.Myrtle_Warbler/Myrtle_Warbler_0014_166831.jpg,33.40065041483432
171.Myrtle_Warbler/Myrtle_Warbler_0113_166834.jpg,101.88986681373595
171.Myrtle_Warbler/Myrtle_Warbler_0032_166847.jpg,28.531326345742297
171.Myrtle_Warbler/Myrtle_Warbler_0063_93378.jpg,53.905371354169496
171.Myrtle_Warbler/Myrtle_Warbler_0044_166852.jpg,27.30927885049147
171.Myrtle_Warbler/Myrtle_Warbler_0005_166853.jpg,31.81838103178353
171.Myrtle_Warbler/Myrtle_Warbler_0030_166732.jpg,20.43960655212686
171.Myrtle_Warbler/Myrtle_Warbler_0078_166875.jpg,24.78130682580187
171.Myrtle_Warbler/Myrtle_Warbler_0074_166637.jpg,17.367907550439323
171.Myrtle_Warbler/Myrtle_Warbler_0088_166639.jpg,32.1570321002063
172.Nashville_Warbler/Nashville_Warbler_0109_167428.jpg,42.775524448391735
172.Nashville_Warbler/Nashville_Warbler_0015_167429.jpg,56.76597191662101
172.Nashville_Warbler/Nashville_Warbler_0105_167452.jpg,43.29246165186126
172.Nashville_Warbler/Nashville_Warbler_0127_167494.jpg,42.91184784393835
172.Nashville_Warbler/Nashville_Warbler_0057_167008.jpg,64.99597394710054
172.Nashville_Warbler/Nashville_Warbler_0115_167039.jpg,65.37884679460448
172.Nashville_Warbler/Nashville_Warbler_0029_167044.jpg,62.40199633079139
172.Nashville_Warbler/Nashville_Warbler_0086_167045.jpg,78.529479984761
172.Nashville_Warbler/Nashville_Warbler_0041_167534.jpg,41.80692944396169
172.Nashville_Warbler/Nashville_Warbler_0130_167101.jpg,55.03344113196689
172.Nashville_Warbler/Nashville_Warbler_0005_167103.jpg,27.61874156503371
172.Nashville_Warbler/Nashville_Warbler_0001_167117.jpg,56.8494469023085
172.Nashville_Warbler/Nashville_Warbler_0056_167123.jpg,49.57367502868999
172.Nashville_Warbler/Nashville_Warbler_0004_167146.jpg,32.55174586215378
172.Nashville_Warbler/Nashville_Warbler_0120_167149.jpg,88.23122958210854
172.Nashville_Warbler/Nashville_Warbler_0107_167186.jpg,70.75848838217817
172.Nashville_Warbler/Nashville_Warbler_0014_167190.jpg,35.04639032429284
172.Nashville_Warbler/Nashville_Warbler_0018_167191.jpg,46.029194715826605
172.Nashville_Warbler/Nashville_Warbler_0020_167198.jpg,54.68312440812785
172.Nashville_Warbler/Nashville_Warbler_0027_167224.jpg,48.473680201332456
172.Nashville_Warbler/Nashville_Warbler_0054_167258.jpg,54.23126126834477
172.Nashville_Warbler/Nashville_Warbler_0126_167274.jpg,69.86296001335594
172.Nashville_Warbler/Nashville_Warbler_0037_167280.jpg,46.40404065214621
172.Nashville_Warbler/Nashville_Warbler_0124_167285.jpg,37.450197390707935
172.Nashville_Warbler/Nashville_Warbler_0123_167324.jpg,23.825391143091363
172.Nashville_Warbler/Nashville_Warbler_0013_167326.jpg,47.919360209089504
172.Nashville_Warbler/Nashville_Warbler_0042_167346.jpg,47.0821056406674
172.Nashville_Warbler/Nashville_Warbler_0061_167355.jpg,46.74699829519652
172.Nashville_Warbler/Nashville_Warbler_0044_167357.jpg,41.77611216847489
172.Nashville_Warbler/Nashville_Warbler_0075_167419.jpg,46.26118305163132
173.Orange_crowned_Warbler/Orange_Crowned_Warbler_0065_167952.jpg,45.908918816752454
173.Orange_crowned_Warbler/Orange_Crowned_Warbler_0064_166929.jpg,41.53003368512773
173.Orange_crowned_Warbler/Orange_Crowned_Warbler_0078_167964.jpg,62.13791968276678
173.Orange_crowned_Warbler/Orange_Crowned_Warbler_0037_167687.jpg,36.150822747514184
173.Orange_crowned_Warbler/Orange_Crowned_Warbler_0113_167984.jpg,24.73970006642442
173.Orange_crowned_Warbler/Orange_Crowned_Warbler_0117_167987.jpg,28.020062886448194
173.Orange_crowned_Warbler/Orange_Crowned_Warbler_0033_167991.jpg,39.156360917648804
173.Orange_crowned_Warbler/Orange_Crowned_Warbler_0006_167998.jpg,48.53553962581273
173.Orange_crowned_Warbler/Orange_Crowned_Warbler_0097_168004.jpg,57.032588893871974
173.Orange_crowned_Warbler/Orange_Crowned_Warbler_0090_167607.jpg,39.71280116013334
173.Orange_crowned_Warbler/Orange_Crowned_Warbler_0040_168029.jpg,55.91891057694596
173.Orange_crowned_Warbler/Orange_Crowned_Warbler_0088_168052.jpg,43.85195895793516
173.Orange_crowned_Warbler/Orange_Crowned_Warbler_0007_167545.jpg,33.8367857447986
173.Orange_crowned_Warbler/Orange_Crowned_Warbler_0016_168082.jpg,73.21348137282577
173.Orange_crowned_Warbler/Orange_Crowned_Warbler_0094_167584.jpg,87.4377854333452
173.Orange_crowned_Warbler/Orange_Crowned_Warbler_0048_167610.jpg,47.818142582502006
173.Orange_crowned_Warbler/Orange_Crowned_Warbler_0011_167615.jpg,45.77429071535639
173.Orange_crowned_Warbler/Orange_Crowned_Warbler_0019_167626.jpg,30.090038082508194
173.Orange_crowned_Warbler/Orange_Crowned_Warbler_0081_167647.jpg,51.744426453382886
173.Orange_crowned_Warbler/Orange_Crowned_Warbler_0102_168189.jpg,44.09115335961722
173.Orange_crowned_Warbler/Orange_Crowned_Warbler_0015_168196.jpg,61.39627449576622
173.Orange_crowned_Warbler/Orange_Crowned_Warbler_0009_168228.jpg,39.263900566031936
173.Orange_crowned_Warbler/Orange_Crowned_Warbler_0114_167732.jpg,45.72168886466011
173.Orange_crowned_Warbler/Orange_Crowned_Warbler_0059_168259.jpg,64.42424302579563
173.Orange_crowned_Warbler/Orange_Crowned_Warbler_0021_168263.jpg,38.478292704516704
173.Orange_crowned_Warbler/Orange_Crowned_Warbler_0005_168314.jpg,40.60906880330971
173.Orange_crowned_Warbler/Orange_Crowned_Warbler_0027_168381.jpg,28.774119609530985
173.Orange_crowned_Warbler/Orange_Crowned_Warbler_0038_168384.jpg,61.20961079067858
173.Orange_crowned_Warbler/Orange_Crowned_Warbler_0112_168437.jpg,16.36759836207329
173.Orange_crowned_Warbler/Orange_Crowned_Warbler_0126_168445.jpg,52.82862148440962
174.Palm_Warbler/Palm_Warbler_0007_169473.jpg,51.49756204092489
174.Palm_Warbler/Palm_Warbler_0051_169487.jpg,39.222403998541466
174.Palm_Warbler/Palm_Warbler_0110_169490.jpg,39.06588393833303
174.Palm_Warbler/Palm_Warbler_0002_169527.jpg,21.918238067907083
174.Palm_Warbler/Palm_Warbler_0050_170042.jpg,57.71384954537434
174.Palm_Warbler/Palm_Warbler_0077_169042.jpg,24.698413777386783
174.Palm_Warbler/Palm_Warbler_0106_169571.jpg,25.414786774382957
174.Palm_Warbler/Palm_Warbler_0107_170620.jpg,25.560262522812856
174.Palm_Warbler/Palm_Warbler_0046_169837.jpg,41.86070587541363
174.Palm_Warbler/Palm_Warbler_0111_169663.jpg,45.66364042317557
174.Palm_Warbler/Palm_Warbler_0086_169676.jpg,44.924177105096604
174.Palm_Warbler/Palm_Warbler_0068_170243.jpg,54.379266762299395
174.Palm_Warbler/Palm_Warbler_0082_168709.jpg,40.330979033846184
174.Palm_Warbler/Palm_Warbler_0100_168725.jpg,28.593193659711098
174.Palm_Warbler/Palm_Warbler_0081_169256.jpg,26.717924707555515
174.Palm_Warbler/Palm_Warbler_0075_168751.jpg,62.774349539344385
174.Palm_Warbler/Palm_Warbler_0073_169781.jpg,59.8141183795378
174.Palm_Warbler/Palm_Warbler_0066_169284.jpg,21.180202685821442
174.Palm_Warbler/Palm_Warbler_0116_170319.jpg,37.396908935907035
174.Palm_Warbler/Palm_Warbler_0067_169318.jpg,30.614646368217706
174.Palm_Warbler/Palm_Warbler_0044_169319.jpg,48.64118789238323
174.Palm_Warbler/Palm_Warbler_0034_170352.jpg,47.86291676701802
174.Palm_Warbler/Palm_Warbler_0096_170867.jpg,26.4053209478915
174.Palm_Warbler/Palm_Warbler_0102_168829.jpg,88.07819615241281
174.Palm_Warbler/Palm_Warbler_0047_169354.jpg,41.59655829455866
174.Palm_Warbler/Palm_Warbler_0039_170894.jpg,41.9666899890357
174.Palm_Warbler/Palm_Warbler_0105_170429.jpg,70.98593186045801
174.Palm_Warbler/Palm_Warbler_0005_169918.jpg,36.53290324943608
174.Palm_Warbler/Palm_Warbler_0013_169411.jpg,50.944106290607564
174.Palm_Warbler/Palm_Warbler_0108_169426.jpg,44.816713540623994
175.Pine_Warbler/Pine_Warbler_0005_171548.jpg,48.71774097285449
175.Pine_Warbler/Pine_Warbler_0119_171551.jpg,54.96440473068929
175.Pine_Warbler/Pine_Warbler_0111_171040.jpg,31.238323953641956
175.Pine_Warbler/Pine_Warbler_0095_171588.jpg,48.58610928221114
175.Pine_Warbler/Pine_Warbler_0076_172104.jpg,37.34515282867226
175.Pine_Warbler/Pine_Warbler_0065_172119.jpg,57.62620410976291
175.Pine_Warbler/Pine_Warbler_0035_98396.jpg,44.4310381929867
175.Pine_Warbler/Pine_Warbler_0044_171104.jpg,46.1299168461952
175.Pine_Warbler/Pine_Warbler_0133_171641.jpg,57.171970979922136
175.Pine_Warbler/Pine_Warbler_0045_171150.jpg,46.065467561397476
175.Pine_Warbler/Pine_Warbler_0104_171668.jpg,54.696481072109485
175.Pine_Warbler/Pine_Warbler_0097_171671.jpg,61.6928275242323
175.Pine_Warbler/Pine_Warbler_0002_171176.jpg,61.783720350872464
175.Pine_Warbler/Pine_Warbler_0050_159442.jpg,76.459204817012
175.Pine_Warbler/Pine_Warbler_0141_171263.jpg,42.81437056511546
175.Pine_Warbler/Pine_Warbler_0122_171274.jpg,38.452267634620995
175.Pine_Warbler/Pine_Warbler_0054_171287.jpg,49.25656911020924
175.Pine_Warbler/Pine_Warbler_0120_172340.jpg,39.77038246060887
175.Pine_Warbler/Pine_Warbler_0008_171330.jpg,81.5744446885176
175.Pine_Warbler/Pine_Warbler_0052_171380.jpg,81.16001567562992
175.Pine_Warbler/Pine_Warbler_0136_171382.jpg,67.13956297915468
175.Pine_Warbler/Pine_Warbler_0084_172409.jpg,37.15396891130848
175.Pine_Warbler/Pine_Warbler_0038_171386.jpg,84.31790626022226
175.Pine_Warbler/Pine_Warbler_0103_171922.jpg,61.29811740654759
175.Pine_Warbler/Pine_Warbler_0075_171933.jpg,53.30450892755209
175.Pine_Warbler/Pine_Warbler_0132_171936.jpg,40.2641876296054
175.Pine_Warbler/Pine_Warbler_0113_172456.jpg,46.579494356829294
175.Pine_Warbler/Pine_Warbler_0080_171975.jpg,46.86196138588288
175.Pine_Warbler/Pine_Warbler_0020_171989.jpg,68.59856514201657
175.Pine_Warbler/Pine_Warbler_0101_171501.jpg,47.31882156234201
176.Prairie_Warbler/Prairie_Warbler_0113_172544.jpg,98.61774683449762
176.Prairie_Warbler/Prairie_Warbler_0010_172547.jpg,93.7650569202594
176.Prairie_Warbler/Prairie_Warbler_0037_172550.jpg,92.8145852926509
176.Prairie_Warbler/Prairie_Warbler_0108_172559.jpg,65.6828292670195
176.Prairie_Warbler/Prairie_Warbler_0058_172573.jpg,42.512887294368554
176.Prairie_Warbler/Prairie_Warbler_0096_172577.jpg,67.25141472316669
176.Prairie_Warbler/Prairie_Warbler_0048_173095.jpg,83.65391706639387
176.Prairie_Warbler/Prairie_Warbler_0091_172597.jpg,63.860753776811876
176.Prairie_Warbler/Prairie_Warbler_0130_172609.jpg,61.49652633157678
176.Prairie_Warbler/Prairie_Warbler_0028_173123.jpg,77.07849216263003
176.Prairie_Warbler/Prairie_Warbler_0029_172618.jpg,91.32821688434198
176.Prairie_Warbler/Prairie_Warbler_0071_173140.jpg,60.46652574032637
176.Prairie_Warbler/Prairie_Warbler_0138_172695.jpg,60.849612399991344
176.Prairie_Warbler/Prairie_Warbler_0132_172705.jpg,51.39288817092533
176.Prairie_Warbler/Prairie_Warbler_0078_172729.jpg,54.83844531279558
176.Prairie_Warbler/Prairie_Warbler_0079_172735.jpg,53.562182873962584
176.Prairie_Warbler/Prairie_Warbler_0011_172744.jpg,67.71796248062986
176.Prairie_Warbler/Prairie_Warbler_0118_173261.jpg,55.904619123340076
176.Prairie_Warbler/Prairie_Warbler_0062_172755.jpg,58.85143377338994
176.Prairie_Warbler/Prairie_Warbler_0133_173279.jpg,44.888572102380316
176.Prairie_Warbler/Prairie_Warbler_0066_173350.jpg,69.30193298783436
176.Prairie_Warbler/Prairie_Warbler_0094_91950.jpg,61.12043093012372
176.Prairie_Warbler/Prairie_Warbler_0052_173400.jpg,70.13654097800438
176.Prairie_Warbler/Prairie_Warbler_0021_172902.jpg,63.24075027837161
176.Prairie_Warbler/Prairie_Warbler_0127_172913.jpg,67.71348143806628
176.Prairie_Warbler/Prairie_Warbler_0126_172931.jpg,85.56537779206886
176.Prairie_Warbler/Prairie_Warbler_0027_172465.jpg,58.22349640770986
176.Prairie_Warbler/Prairie_Warbler_0009_173022.jpg,45.95363695605877
176.Prairie_Warbler/Prairie_Warbler_0125_172536.jpg,75.15437495223671
176.Prairie_Warbler/Prairie_Warbler_0014_172542.jpg,55.61379027574553
177.Prothonotary_Warbler/Prothonotary_Warbler_0102_174595.jpg,80.17334353073863
177.Prothonotary_Warbler/Prothonotary_Warbler_0105_174097.jpg,70.5075647979046
177.Prothonotary_Warbler/Prothonotary_Warbler_0117_174622.jpg,82.47128855555694
177.Prothonotary_Warbler/Prothonotary_Warbler_0094_173607.jpg,87.7887581287243
177.Prothonotary_Warbler/Prothonotary_Warbler_0033_174123.jpg,69.65371886095181
177.Prothonotary_Warbler/Prothonotary_Warbler_0089_174636.jpg,76.17835934255658
177.Prothonotary_Warbler/Prothonotary_Warbler_0121_174643.jpg,83.70148946182702
177.Prothonotary_Warbler/Prothonotary_Warbler_0022_174138.jpg,90.2342529944772
177.Prothonotary_Warbler/Prothonotary_Warbler_0127_174149.jpg,49.72232263309049
177.Prothonotary_Warbler/Prothonotary_Warbler_0090_174183.jpg,77.03723404370241
177.Prothonotary_Warbler/Prothonotary_Warbler_0018_174196.jpg,64.64775383571099
177.Prothonotary_Warbler/Prothonotary_Warbler_0071_173690.jpg,81.13621785953337
177.Prothonotary_Warbler/Prothonotary_Warbler_0069_174210.jpg,63.67404607576378
177.Prothonotary_Warbler/Prothonotary_Warbler_0049_174213.jpg,71.95356562247872
177.Prothonotary_Warbler/Prothonotary_Warbler_0106_174221.jpg,39.44759573469031
177.Prothonotary_Warbler/Prothonotary_Warbler_0023_173788.jpg,73.94948447301289
177.Prothonotary_Warbler/Prothonotary_Warbler_0057_173865.jpg,69.59337810756891
177.Prothonotary_Warbler/Prothonotary_Warbler_0047_174340.jpg,50.45069660684979
177.Prothonotary_Warbler/Prothonotary_Warbler_0085_173829.jpg,61.56921683473322
177.Prothonotary_Warbler/Prothonotary_Warbler_0019_173838.jpg,68.97018993111806
177.Prothonotary_Warbler/Prothonotary_Warbler_0107_173921.jpg,69.53515094758693
177.Prothonotary_Warbler/Prothonotary_Warbler_0065_173422.jpg,94.10784468357464
177.Prothonotary_Warbler/Prothonotary_Warbler_0059_173434.jpg,44.03145517880998
177.Prothonotary_Warbler/Prothonotary_Warbler_0074_173443.jpg,89.14189249673085
177.Prothonotary_Warbler/Prothonotary_Warbler_0040_173447.jpg,111.22043637861094
177.Prothonotary_Warbler/Prothonotary_Warbler_0004_173475.jpg,108.84015110675014
177.Prothonotary_Warbler/Prothonotary_Warbler_0081_173510.jpg,57.39137295917004
177.Prothonotary_Warbler/Prothonotary_Warbler_0100_174539.jpg,41.26190654429741
177.Prothonotary_Warbler/Prothonotary_Warbler_0054_174556.jpg,83.81228597233698
177.Prothonotary_Warbler/Prothonotary_Warbler_0031_174578.jpg,45.244131254050096
178.Swainson_Warbler/Swainson_Warbler_0029_794883.jpg,32.25879292872376
178.Swainson_Warbler/Swainson_Warbler_0010_174724.jpg,40.91621163530963
178.Swainson_Warbler/Swainson_Warbler_0008_794886.jpg,26.715954968270488
178.Swainson_Warbler/Swainson_Warbler_0015_794891.jpg,33.12059866636091
178.Swainson_Warbler/Swainson_Warbler_0013_794892.jpg,39.3320835222661
178.Swainson_Warbler/Swainson_Warbler_0042_794895.jpg,37.6411936336998
178.Swainson_Warbler/Swainson_Warbler_0028_794896.jpg,38.75821512851151
178.Swainson_Warbler/Swainson_Warbler_0012_174739.jpg,26.12849302608734
178.Swainson_Warbler/Swainson_Warbler_0035_174741.jpg,49.678273918382736
178.Swainson_Warbler/Swainson_Warbler_0026_794884.jpg,29.980450600399188
178.Swainson_Warbler/Swainson_Warbler_0009_174746.jpg,32.91417969472798
178.Swainson_Warbler/Swainson_Warbler_0005_794888.jpg,31.119614816028356
178.Swainson_Warbler/Swainson_Warbler_0033_794856.jpg,35.25952918523173
178.Swainson_Warbler/Swainson_Warbler_0053_174678.jpg,53.85282444097011
178.Swainson_Warbler/Swainson_Warbler_0031_174696.jpg,42.58418863349886
178.Swainson_Warbler/Swainson_Warbler_0006_794857.jpg,31.45871495052198
178.Swainson_Warbler/Swainson_Warbler_0014_794858.jpg,53.59888955913781
178.Swainson_Warbler/Swainson_Warbler_0050_794861.jpg,25.806128085417697
178.Swainson_Warbler/Swainson_Warbler_0016_174705.jpg,73.96404197097259
178.Swainson_Warbler/Swainson_Warbler_0003_794866.jpg,42.77095744725672
178.Swainson_Warbler/Swainson_Warbler_0055_794899.jpg,66.75685043356657
178.Swainson_Warbler/Swainson_Warbler_0001_794869.jpg,23.303309170012973
178.Swainson_Warbler/Swainson_Warbler_0056_794871.jpg,41.67785545140087
178.Swainson_Warbler/Swainson_Warbler_0046_794872.jpg,38.596300503053946
178.Swainson_Warbler/Swainson_Warbler_0052_794875.jpg,21.13023473406499
178.Swainson_Warbler/Swainson_Warbler_0027_794877.jpg,34.54461049271981
179.Tennessee_Warbler/Tennessee_Warbler_0050_174851.jpg,50.285699184752566
179.Tennessee_Warbler/Tennessee_Warbler_0014_175126.jpg,83.05867897004198
179.Tennessee_Warbler/Tennessee_Warbler_0039_174883.jpg,80.75195168745674
179.Tennessee_Warbler/Tennessee_Warbler_0002_174884.jpg,34.698935647686355
179.Tennessee_Warbler/Tennessee_Warbler_0003_175154.jpg,23.73727407521732
179.Tennessee_Warbler/Tennessee_Warbler_0041_174900.jpg,47.52765763851332
179.Tennessee_Warbler/Tennessee_Warbler_0088_175163.jpg,40.85009985830837
179.Tennessee_Warbler/Tennessee_Warbler_0054_174914.jpg,53.07369353504164
179.Tennessee_Warbler/Tennessee_Warbler_0040_174933.jpg,35.73304244661572
179.Tennessee_Warbler/Tennessee_Warbler_0009_174937.jpg,59.177091980542855
179.Tennessee_Warbler/Tennessee_Warbler_0085_156530.jpg,14.578519994695283
179.Tennessee_Warbler/Tennessee_Warbler_0087_174968.jpg,27.03980996268273
179.Tennessee_Warbler/Tennessee_Warbler_0025_174973.jpg,38.1558633893977
179.Tennessee_Warbler/Tennessee_Warbler_0049_175006.jpg,48.290564812318735
179.Tennessee_Warbler/Tennessee_Warbler_0065_174757.jpg,52.83641768202737
179.Tennessee_Warbler/Tennessee_Warbler_0038_174760.jpg,26.33619742011325
179.Tennessee_Warbler/Tennessee_Warbler_0075_174763.jpg,69.30768521805157
179.Tennessee_Warbler/Tennessee_Warbler_0089_174764.jpg,20.06406429331161
179.Tennessee_Warbler/Tennessee_Warbler_0070_174962.jpg,33.358626499168025
179.Tennessee_Warbler/Tennessee_Warbler_0081_174771.jpg,44.84666696637361
179.Tennessee_Warbler/Tennessee_Warbler_0042_175092.jpg,27.748468385765573
179.Tennessee_Warbler/Tennessee_Warbler_0007_174796.jpg,32.445654869309344
179.Tennessee_Warbler/Tennessee_Warbler_0080_167714.jpg,104.75307537556151
179.Tennessee_Warbler/Tennessee_Warbler_0098_174800.jpg,48.78957342551806
179.Tennessee_Warbler/Tennessee_Warbler_0027_174805.jpg,40.940189564783864
179.Tennessee_Warbler/Tennessee_Warbler_0076_174807.jpg,73.04570641730243
179.Tennessee_Warbler/Tennessee_Warbler_0092_174810.jpg,39.82962097619027
179.Tennessee_Warbler/Tennessee_Warbler_0013_163552.jpg,71.63642934458653
179.Tennessee_Warbler/Tennessee_Warbler_0048_175079.jpg,16.250372681153817
180.Wilson_Warbler/Wilson_Warbler_0007_175618.jpg,98.96496497685472
180.Wilson_Warbler/Wilson_Warbler_0133_175626.jpg,51.124676593634916
180.Wilson_Warbler/Wilson_Warbler_0127_175637.jpg,74.90205120566338
180.Wilson_Warbler/Wilson_Warbler_0074_175645.jpg,92.50197495309457
180.Wilson_Warbler/Wilson_Warbler_0066_117820.jpg,61.059834007574196
180.Wilson_Warbler/Wilson_Warbler_0019_175175.jpg,75.60548824174508
180.Wilson_Warbler/Wilson_Warbler_0055_175183.jpg,73.40006864307854
180.Wilson_Warbler/Wilson_Warbler_0075_175234.jpg,67.19489064990098
180.Wilson_Warbler/Wilson_Warbler_0080_175770.jpg,79.40828732908811
180.Wilson_Warbler/Wilson_Warbler_0067_175261.jpg,78.94594628383398
180.Wilson_Warbler/Wilson_Warbler_0118_175779.jpg,58.153081893987384
180.Wilson_Warbler/Wilson_Warbler_0131_175268.jpg,71.8105605215281
180.Wilson_Warbler/Wilson_Warbler_0056_175269.jpg,51.26674258557596
180.Wilson_Warbler/Wilson_Warbler_0024_175278.jpg,76.64460047143132
180.Wilson_Warbler/Wilson_Warbler_0027_175290.jpg,75.49165451601696
180.Wilson_Warbler/Wilson_Warbler_0012_175328.jpg,50.263998117467054
180.Wilson_Warbler/Wilson_Warbler_0040_175347.jpg,50.82602667739851
180.Wilson_Warbler/Wilson_Warbler_0064_175361.jpg,82.22394947881355
180.Wilson_Warbler/Wilson_Warbler_0134_175374.jpg,65.43229653597734
180.Wilson_Warbler/Wilson_Warbler_0029_175417.jpg,49.46020724450378
180.Wilson_Warbler/Wilson_Warbler_0060_175420.jpg,59.5279213060571
180.Wilson_Warbler/Wilson_Warbler_0034_175443.jpg,57.08144092022205
180.Wilson_Warbler/Wilson_Warbler_0072_175958.jpg,55.64302540585072
180.Wilson_Warbler/Wilson_Warbler_0092_175676.jpg,49.67311603518334
180.Wilson_Warbler/Wilson_Warbler_0043_175491.jpg,61.66972606443243
180.Wilson_Warbler/Wilson_Warbler_0016_175532.jpg,83.35561040131479
180.Wilson_Warbler/Wilson_Warbler_0099_175559.jpg,60.45399088107956
180.Wilson_Warbler/Wilson_Warbler_0002_175571.jpg,55.48353847309065
180.Wilson_Warbler/Wilson_Warbler_0109_175578.jpg,61.87363382597006
180.Wilson_Warbler/Wilson_Warbler_0095_175595.jpg,63.80205179971509
181.Worm_eating_Warbler/Worm_Eating_Warbler_0075_176045.jpg,37.33175234018661
181.Worm_eating_Warbler/Worm_Eating_Warbler_0066_92460.jpg,22.883886943897316
181.Worm_eating_Warbler/Worm_Eating_Warbler_0046_176053.jpg,47.74336613675458
181.Worm_eating_Warbler/Worm_Eating_Warbler_0069_176055.jpg,40.11764656926008
181.Worm_eating_Warbler/Worm_Eating_Warbler_0005_175977.jpg,37.80020432378151
181.Worm_eating_Warbler/Worm_Eating_Warbler_0087_175978.jpg,15.619038539059002
181.Worm_eating_Warbler/Worm_Eating_Warbler_0045_795518.jpg,70.43102454483554
181.Worm_eating_Warbler/Worm_Eating_Warbler_0067_795520.jpg,62.09875771640506
181.Worm_eating_Warbler/Worm_Eating_Warbler_0090_795523.jpg,29.196297436544675
181.Worm_eating_Warbler/Worm_Eating_Warbler_0016_795528.jpg,76.14143573572875
181.Worm_eating_Warbler/Worm_Eating_Warbler_0002_795533.jpg,52.84186254341939
181.Worm_eating_Warbler/Worm_Eating_Warbler_0061_795537.jpg,27.51964235715691
181.Worm_eating_Warbler/Worm_Eating_Warbler_0021_795545.jpg,31.392927432657828
181.Worm_eating_Warbler/Worm_Eating_Warbler_0056_795547.jpg,45.14826389000044
181.Worm_eating_Warbler/Worm_Eating_Warbler_0019_795554.jpg,49.9675761886217
181.Worm_eating_Warbler/Worm_Eating_Warbler_0079_176036.jpg,49.9124452497986
181.Worm_eating_Warbler/Worm_Eating_Warbler_0072_795559.jpg,20.25852530989776
181.Worm_eating_Warbler/Worm_Eating_Warbler_0014_176042.jpg,32.17129956728922
181.Worm_eating_Warbler/Worm_Eating_Warbler_0098_795565.jpg,31.713948770203835
181.Worm_eating_Warbler/Worm_Eating_Warbler_0062_795568.jpg,32.40465432674554
181.Worm_eating_Warbler/Worm_Eating_Warbler_0042_795571.jpg,32.77287853593342
181.Worm_eating_Warbler/Worm_Eating_Warbler_0036_795573.jpg,36.03203697148038
181.Worm_eating_Warbler/Worm_Eating_Warbler_0027_176062.jpg,49.01838853923801
181.Worm_eating_Warbler/Worm_Eating_Warbler_0051_176068.jpg,37.64623331234253
181.Worm_eating_Warbler/Worm_Eating_Warbler_0086_176073.jpg,42.69781749374802
181.Worm_eating_Warbler/Worm_Eating_Warbler_0031_176075.jpg,32.84197256198291
181.Worm_eating_Warbler/Worm_Eating_Warbler_0053_176079.jpg,42.99523404736299
181.Worm_eating_Warbler/Worm_Eating_Warbler_0076_176086.jpg,33.72085875810265
181.Worm_eating_Warbler/Worm_Eating_Warbler_0039_176120.jpg,50.486059732305975
182.Yellow_Warbler/Yellow_Warbler_0038_176388.jpg,68.0935966743906
182.Yellow_Warbler/Yellow_Warbler_0071_176655.jpg,53.986774474057924
182.Yellow_Warbler/Yellow_Warbler_0061_176559.jpg,68.34457941253825
182.Yellow_Warbler/Yellow_Warbler_0080_176542.jpg,87.55876045946141
182.Yellow_Warbler/Yellow_Warbler_0118_176409.jpg,87.23730757547132
182.Yellow_Warbler/Yellow_Warbler_0014_176414.jpg,85.07643375756086
182.Yellow_Warbler/Yellow_Warbler_0057_176675.jpg,48.710057505474225
182.Yellow_Warbler/Yellow_Warbler_0011_176676.jpg,96.10626594726989
182.Yellow_Warbler/Yellow_Warbler_0003_176429.jpg,74.54426652434014
182.Yellow_Warbler/Yellow_Warbler_0122_176182.jpg,83.97275155102126
182.Yellow_Warbler/Yellow_Warbler_0016_176452.jpg,66.11780483463605
182.Yellow_Warbler/Yellow_Warbler_0047_176456.jpg,91.7817523206912
182.Yellow_Warbler/Yellow_Warbler_0114_176201.jpg,61.582283977756624
182.Yellow_Warbler/Yellow_Warbler_0123_176471.jpg,75.73348932295917
182.Yellow_Warbler/Yellow_Warbler_0073_176218.jpg,63.105450297112384
182.Yellow_Warbler/Yellow_Warbler_0093_176490.jpg,83.65543103578939
182.Yellow_Warbler/Yellow_Warbler_0040_176954.jpg,64.66563370270188
182.Yellow_Warbler/Yellow_Warbler_0031_176282.jpg,88.94372152938232
182.Yellow_Warbler/Yellow_Warbler_0063_176800.jpg,60.469438428085205
182.Yellow_Warbler/Yellow_Warbler_0112_176301.jpg,90.4465604261503
182.Yellow_Warbler/Yellow_Warbler_0042_176460.jpg,97.77221524642107
182.Yellow_Warbler/Yellow_Warbler_0088_176336.jpg,83.88196934488394
182.Yellow_Warbler/Yellow_Warbler_0026_176337.jpg,50.81733936091131
182.Yellow_Warbler/Yellow_Warbler_0029_176855.jpg,56.0525484270426
182.Yellow_Warbler/Yellow_Warbler_0101_176864.jpg,64.89070929547358
182.Yellow_Warbler/Yellow_Warbler_0105_176849.jpg,54.26076408298984
182.Yellow_Warbler/Yellow_Warbler_0035_176360.jpg,87.5102822930754
182.Yellow_Warbler/Yellow_Warbler_0017_176888.jpg,91.51697981475147
182.Yellow_Warbler/Yellow_Warbler_0058_176891.jpg,83.44108596774281
182.Yellow_Warbler/Yellow_Warbler_0106_176383.jpg,76.22676033751881
183.Northern_Waterthrush/Northern_Waterthrush_0077_177152.jpg,34.09446388914908
183.Northern_Waterthrush/Northern_Waterthrush_0046_176984.jpg,49.35949368889449
183.Northern_Waterthrush/Northern_Waterthrush_0038_177027.jpg,31.210510645596912
183.Northern_Waterthrush/Northern_Waterthrush_0021_177187.jpg,31.29586377674419
183.Northern_Waterthrush/Northern_Waterthrush_0041_177199.jpg,43.26693485730017
183.Northern_Waterthrush/Northern_Waterthrush_0060_177213.jpg,23.777535904798885
183.Northern_Waterthrush/Northern_Waterthrush_0033_177214.jpg,23.144700392495288
183.Northern_Waterthrush/Northern_Waterthrush_0081_176972.jpg,22.920098020511706
183.Northern_Waterthrush/Northern_Waterthrush_0075_176978.jpg,21.38546757386447
183.Northern_Waterthrush/Northern_Waterthrush_0082_177243.jpg,25.261783230666058
183.Northern_Waterthrush/Northern_Waterthrush_0023_177002.jpg,53.52040668261847
183.Northern_Waterthrush/Northern_Waterthrush_0096_177007.jpg,12.692753137468545
183.Northern_Waterthrush/Northern_Waterthrush_0079_177008.jpg,32.67070350728665
183.Northern_Waterthrush/Northern_Waterthrush_0042_177272.jpg,18.937889906580935
183.Northern_Waterthrush/Northern_Waterthrush_0036_177274.jpg,22.718047898725814
183.Northern_Waterthrush/Northern_Waterthrush_0005_177023.jpg,62.313430427934065
183.Northern_Waterthrush/Northern_Waterthrush_0027_177286.jpg,15.596277526290745
183.Northern_Waterthrush/Northern_Waterthrush_0057_177291.jpg,16.423927903547995
183.Northern_Waterthrush/Northern_Waterthrush_0097_177045.jpg,35.16964478920208
183.Northern_Waterthrush/Northern_Waterthrush_0047_177304.jpg,38.828269579996466
183.Northern_Waterthrush/Northern_Waterthrush_0073_177063.jpg,14.334734249579657
183.Northern_Waterthrush/Northern_Waterthrush_0110_177074.jpg,24.501243288897676
183.Northern_Waterthrush/Northern_Waterthrush_0063_177346.jpg,36.25200459345267
183.Northern_Waterthrush/Northern_Waterthrush_0086_177358.jpg,26.177027920546898
183.Northern_Waterthrush/Northern_Waterthrush_0062_177364.jpg,19.93137221358714
183.Northern_Waterthrush/Northern_Waterthrush_0098_177116.jpg,34.461115716269994
183.Northern_Waterthrush/Northern_Waterthrush_0072_177121.jpg,25.571076613863756
183.Northern_Waterthrush/Northern_Waterthrush_0093_177141.jpg,26.813324805967742
183.Northern_Waterthrush/Northern_Waterthrush_0058_177143.jpg,28.440595526248185
183.Northern_Waterthrush/Northern_Waterthrush_0087_177148.jpg,24.45946073617088
184.Louisiana_Waterthrush/Louisiana_Waterthrush_0027_177539.jpg,16.454696364002988
184.Louisiana_Waterthrush/Louisiana_Waterthrush_0078_177444.jpg,30.802516436572926
184.Louisiana_Waterthrush/Louisiana_Waterthrush_0059_177449.jpg,36.52282541383795
184.Louisiana_Waterthrush/Louisiana_Waterthrush_0047_177523.jpg,43.87695543848598
184.Louisiana_Waterthrush/Louisiana_Waterthrush_0054_176977.jpg,38.3201869357159
184.Louisiana_Waterthrush/Louisiana_Waterthrush_0016_795240.jpg,42.23738550942781
184.Louisiana_Waterthrush/Louisiana_Waterthrush_0053_795241.jpg,55.02396737260477
184.Louisiana_Waterthrush/Louisiana_Waterthrush_0030_795248.jpg,23.88120530553428
184.Louisiana_Waterthrush/Louisiana_Waterthrush_0040_795251.jpg,20.970485672574185
184.Louisiana_Waterthrush/Louisiana_Waterthrush_0079_795252.jpg,16.688534397508533
184.Louisiana_Waterthrush/Louisiana_Waterthrush_0010_795255.jpg,31.617708139307876
184.Louisiana_Waterthrush/Louisiana_Waterthrush_0076_795257.jpg,16.537243396207042
184.Louisiana_Waterthrush/Louisiana_Waterthrush_0007_795258.jpg,19.59289829731683
184.Louisiana_Waterthrush/Louisiana_Waterthrush_0066_795259.jpg,18.688301255196762
184.Louisiana_Waterthrush/Louisiana_Waterthrush_0086_795263.jpg,31.73612597320257
184.Louisiana_Waterthrush/Louisiana_Waterthrush_0094_795264.jpg,27.80842017035264
184.Louisiana_Waterthrush/Louisiana_Waterthrush_0057_795270.jpg,32.82185535943121
184.Louisiana_Waterthrush/Louisiana_Waterthrush_0055_795280.jpg,32.49560456608173
184.Louisiana_Waterthrush/Louisiana_Waterthrush_0033_795281.jpg,21.22110328972628
184.Louisiana_Waterthrush/Louisiana_Waterthrush_0081_795283.jpg,18.5268228549593
184.Louisiana_Waterthrush/Louisiana_Waterthrush_0088_795284.jpg,24.758165980035198
184.Louisiana_Waterthrush/Louisiana_Waterthrush_0002_795285.jpg,45.825710386095324
184.Louisiana_Waterthrush/Louisiana_Waterthrush_0073_177558.jpg,13.665026255667039
184.Louisiana_Waterthrush/Louisiana_Waterthrush_0019_177062.jpg,14.342373920495953
184.Louisiana_Waterthrush/Louisiana_Waterthrush_0052_177519.jpg,22.48916647732813
184.Louisiana_Waterthrush/Louisiana_Waterthrush_0046_177604.jpg,45.445601067803146
184.Louisiana_Waterthrush/Louisiana_Waterthrush_0064_177380.jpg,50.577338719769784
184.Louisiana_Waterthrush/Louisiana_Waterthrush_0032_177385.jpg,17.25939718733933
184.Louisiana_Waterthrush/Louisiana_Waterthrush_0058_177388.jpg,32.72890170219352
184.Louisiana_Waterthrush/Louisiana_Waterthrush_0022_177397.jpg,20.770192816319533
185.Bohemian_Waxwing/Bohemian_Waxwing_0001_796680.jpg,69.96749387012667
185.Bohemian_Waxwing/Bohemian_Waxwing_0068_796682.jpg,56.935638589584286
185.Bohemian_Waxwing/Bohemian_Waxwing_0062_796683.jpg,23.12517565151208
185.Bohemian_Waxwing/Bohemian_Waxwing_0104_177676.jpg,18.50856622994708
185.Bohemian_Waxwing/Bohemian_Waxwing_0079_796687.jpg,48.07479421906594
185.Bohemian_Waxwing/Bohemian_Waxwing_0037_796638.jpg,34.05600528091516
185.Bohemian_Waxwing/Bohemian_Waxwing_0084_796639.jpg,27.929491763874754
185.Bohemian_Waxwing/Bohemian_Waxwing_0115_177724.jpg,33.49621129602378
185.Bohemian_Waxwing/Bohemian_Waxwing_0099_177747.jpg,31.47063833342513
185.Bohemian_Waxwing/Bohemian_Waxwing_0098_178009.jpg,38.3920534878405
185.Bohemian_Waxwing/Bohemian_Waxwing_0101_796653.jpg,24.534703561176336
185.Bohemian_Waxwing/Bohemian_Waxwing_0078_796649.jpg,22.427596139376213
185.Bohemian_Waxwing/Bohemian_Waxwing_0057_177784.jpg,74.17042153465454
185.Bohemian_Waxwing/Bohemian_Waxwing_0102_796692.jpg,30.201272859551192
185.Bohemian_Waxwing/Bohemian_Waxwing_0119_177942.jpg,29.994431352412292
185.Bohemian_Waxwing/Bohemian_Waxwing_0004_796652.jpg,60.11348868426265
185.Bohemian_Waxwing/Bohemian_Waxwing_0082_796655.jpg,32.49070093411465
185.Bohemian_Waxwing/Bohemian_Waxwing_0121_796658.jpg,92.91102801617573
185.Bohemian_Waxwing/Bohemian_Waxwing_0026_177845.jpg,64.8270263552657
185.Bohemian_Waxwing/Bohemian_Waxwing_0054_796623.jpg,31.08493011591368
185.Bohemian_Waxwing/Bohemian_Waxwing_0100_796627.jpg,32.3229440312616
185.Bohemian_Waxwing/Bohemian_Waxwing_0050_796630.jpg,63.40892973809967
185.Bohemian_Waxwing/Bohemian_Waxwing_0038_796632.jpg,70.00479097169053
185.Bohemian_Waxwing/Bohemian_Waxwing_0081_796636.jpg,91.83727022287444
185.Bohemian_Waxwing/Bohemian_Waxwing_0041_177630.jpg,29.270082559656025
185.Bohemian_Waxwing/Bohemian_Waxwing_0060_796642.jpg,33.86127022433618
185.Bohemian_Waxwing/Bohemian_Waxwing_0056_796645.jpg,40.887538414123995
185.Bohemian_Waxwing/Bohemian_Waxwing_0034_796646.jpg,64.27329482933429
185.Bohemian_Waxwing/Bohemian_Waxwing_0036_796661.jpg,20.590928003981734
185.Bohemian_Waxwing/Bohemian_Waxwing_0029_177915.jpg,44.77286061245928
186.Cedar_Waxwing/Cedar_Waxwing_0034_179715.jpg,49.104814185863276
186.Cedar_Waxwing/Cedar_Waxwing_0028_179724.jpg,43.93272156994388
186.Cedar_Waxwing/Cedar_Waxwing_0030_178202.jpg,48.217621690280865
186.Cedar_Waxwing/Cedar_Waxwing_0049_178723.jpg,34.66081578980831
186.Cedar_Waxwing/Cedar_Waxwing_0033_178737.jpg,77.08051191535674
186.Cedar_Waxwing/Cedar_Waxwing_0024_178230.jpg,57.01728051983547
186.Cedar_Waxwing/Cedar_Waxwing_0083_178743.jpg,69.03728828027525
186.Cedar_Waxwing/Cedar_Waxwing_0061_179305.jpg,50.24587612366989
186.Cedar_Waxwing/Cedar_Waxwing_0058_178795.jpg,41.34385417914729
186.Cedar_Waxwing/Cedar_Waxwing_0015_178818.jpg,68.06196272303687
186.Cedar_Waxwing/Cedar_Waxwing_0057_178370.jpg,38.72394426447064
186.Cedar_Waxwing/Cedar_Waxwing_0043_178321.jpg,122.08501089043159
186.Cedar_Waxwing/Cedar_Waxwing_0069_179310.jpg,40.033797881663965
186.Cedar_Waxwing/Cedar_Waxwing_0124_178857.jpg,26.86825470218588
186.Cedar_Waxwing/Cedar_Waxwing_0042_179391.jpg,41.24334428904602
186.Cedar_Waxwing/Cedar_Waxwing_0074_178888.jpg,39.9610143644266
186.Cedar_Waxwing/Cedar_Waxwing_0010_178891.jpg,34.250695324135904
186.Cedar_Waxwing/Cedar_Waxwing_0053_178892.jpg,36.562236256670126
186.Cedar_Waxwing/Cedar_Waxwing_0051_178385.jpg,82.16728267501504
186.Cedar_Waxwing/Cedar_Waxwing_0019_178654.jpg,60.661749861429215
186.Cedar_Waxwing/Cedar_Waxwing_0072_178058.jpg,59.96111766475722
186.Cedar_Waxwing/Cedar_Waxwing_0070_179007.jpg,40.02237414646959
186.Cedar_Waxwing/Cedar_Waxwing_0059_178500.jpg,33.16926797302176
186.Cedar_Waxwing/Cedar_Waxwing_0002_179071.jpg,36.4021384507581
186.Cedar_Waxwing/Cedar_Waxwing_0107_179098.jpg,59.47753365381377
186.Cedar_Waxwing/Cedar_Waxwing_0075_179114.jpg,29.572086186610615
186.Cedar_Waxwing/Cedar_Waxwing_0113_178627.jpg,66.024933143769
186.Cedar_Waxwing/Cedar_Waxwing_0011_179149.jpg,45.24801225761096
186.Cedar_Waxwing/Cedar_Waxwing_0100_178643.jpg,92.4139940556354
186.Cedar_Waxwing/Cedar_Waxwing_0001_179170.jpg,52.39606844598841
187.American_Three_toed_Woodpecker/American_Three_Toed_Woodpecker_0048_796163.jpg,11.794704003753122
187.American_Three_toed_Woodpecker/American_Three_Toed_Woodpecker_0034_796165.jpg,19.858448013357176
187.American_Three_toed_Woodpecker/American_Three_Toed_Woodpecker_0028_796175.jpg,26.972781697575783
187.American_Three_toed_Woodpecker/American_Three_Toed_Woodpecker_0040_796180.jpg,15.490879284927479
187.American_Three_toed_Woodpecker/American_Three_Toed_Woodpecker_0047_796185.jpg,16.261786616993874
187.American_Three_toed_Woodpecker/American_Three_Toed_Woodpecker_0050_796186.jpg,62.564290926451264
187.American_Three_toed_Woodpecker/American_Three_Toed_Woodpecker_0019_179870.jpg,34.66916721795452
187.American_Three_toed_Woodpecker/American_Three_Toed_Woodpecker_0014_179882.jpg,24.947058092776963
187.American_Three_toed_Woodpecker/American_Three_Toed_Woodpecker_0003_179891.jpg,15.81456937451641
187.American_Three_toed_Woodpecker/American_Three_Toed_Woodpecker_0020_179828.jpg,19.81479905823344
187.American_Three_toed_Woodpecker/American_Three_Toed_Woodpecker_0032_796170.jpg,18.548063702956554
187.American_Three_toed_Woodpecker/American_Three_Toed_Woodpecker_0005_179902.jpg,30.576242310010425
187.American_Three_toed_Woodpecker/American_Three_Toed_Woodpecker_0023_179909.jpg,24.775294398165546
187.American_Three_toed_Woodpecker/American_Three_Toed_Woodpecker_0017_179830.jpg,11.842036270764497
187.American_Three_toed_Woodpecker/American_Three_Toed_Woodpecker_0022_179933.jpg,35.65274708972796
187.American_Three_toed_Woodpecker/American_Three_Toed_Woodpecker_0036_796146.jpg,32.026805291844646
187.American_Three_toed_Woodpecker/American_Three_Toed_Woodpecker_0045_796148.jpg,18.409767589926158
187.American_Three_toed_Woodpecker/American_Three_Toed_Woodpecker_0042_796149.jpg,26.63393510070931
187.American_Three_toed_Woodpecker/American_Three_Toed_Woodpecker_0026_796157.jpg,34.72317548919167
187.American_Three_toed_Woodpecker/American_Three_Toed_Woodpecker_0035_796158.jpg,11.618515676562605
188.Pileated_Woodpecker/Pileated_Woodpecker_0075_180480.jpg,24.330916755890968
188.Pileated_Woodpecker/Pileated_Woodpecker_0012_179976.jpg,40.3915720531986
188.Pileated_Woodpecker/Pileated_Woodpecker_0013_180746.jpg,38.60640192369178
188.Pileated_Woodpecker/Pileated_Woodpecker_0082_180523.jpg,52.9558482083298
188.Pileated_Woodpecker/Pileated_Woodpecker_0039_180012.jpg,37.09230971595552
188.Pileated_Woodpecker/Pileated_Woodpecker_0002_180024.jpg,31.475012421860026
188.Pileated_Woodpecker/Pileated_Woodpecker_0121_180026.jpg,32.48189881864214
188.Pileated_Woodpecker/Pileated_Woodpecker_0070_180034.jpg,21.600348560727657
188.Pileated_Woodpecker/Pileated_Woodpecker_0067_179979.jpg,52.071752512784784
188.Pileated_Woodpecker/Pileated_Woodpecker_0083_180038.jpg,46.255706175205766
188.Pileated_Woodpecker/Pileated_Woodpecker_0074_180306.jpg,31.522554337083278
188.Pileated_Woodpecker/Pileated_Woodpecker_0015_180072.jpg,52.63283417740515
188.Pileated_Woodpecker/Pileated_Woodpecker_0123_180076.jpg,15.05296686673805
188.Pileated_Woodpecker/Pileated_Woodpecker_0080_180589.jpg,40.45159197552991
188.Pileated_Woodpecker/Pileated_Woodpecker_0091_180343.jpg,64.2233562327321
188.Pileated_Woodpecker/Pileated_Woodpecker_0073_180345.jpg,38.10113187922768
188.Pileated_Woodpecker/Pileated_Woodpecker_0009_180460.jpg,37.053353576731915
188.Pileated_Woodpecker/Pileated_Woodpecker_0093_180205.jpg,30.917860556014297
188.Pileated_Woodpecker/Pileated_Woodpecker_0026_180078.jpg,36.18435498123414
188.Pileated_Woodpecker/Pileated_Woodpecker_0097_180392.jpg,36.46429409042798
188.Pileated_Woodpecker/Pileated_Woodpecker_0118_180138.jpg,30.3664352563076
188.Pileated_Woodpecker/Pileated_Woodpecker_0050_180398.jpg,43.80969216854578
188.Pileated_Woodpecker/Pileated_Woodpecker_0086_180096.jpg,27.380020699030894
188.Pileated_Woodpecker/Pileated_Woodpecker_0098_180170.jpg,32.19942093280707
188.Pileated_Woodpecker/Pileated_Woodpecker_0060_180443.jpg,26.378572850953155
188.Pileated_Woodpecker/Pileated_Woodpecker_0106_180446.jpg,36.96295038354421
188.Pileated_Woodpecker/Pileated_Woodpecker_0114_180455.jpg,29.737832856662905
188.Pileated_Woodpecker/Pileated_Woodpecker_0041_180461.jpg,72.02332418480393
188.Pileated_Woodpecker/Pileated_Woodpecker_0027_179956.jpg,31.91442227296095
188.Pileated_Woodpecker/Pileated_Woodpecker_0053_179960.jpg,39.307908510662855
189.Red_bellied_Woodpecker/Red_Bellied_Woodpecker_0079_181010.jpg,70.67522330833505
189.Red_bellied_Woodpecker/Red_Bellied_Woodpecker_0049_180755.jpg,82.81540471781672
189.Red_bellied_Woodpecker/Red_Bellied_Woodpecker_0025_180756.jpg,34.74793504380831
189.Red_bellied_Woodpecker/Red_Bellied_Woodpecker_0106_180757.jpg,62.48287241534806
189.Red_bellied_Woodpecker/Red_Bellied_Woodpecker_0016_180760.jpg,27.994904101742367
189.Red_bellied_Woodpecker/Red_Bellied_Woodpecker_0015_182320.jpg,38.45202847827471
189.Red_bellied_Woodpecker/Red_Bellied_Woodpecker_0075_180788.jpg,27.38135462735616
189.Red_bellied_Woodpecker/Red_Bellied_Woodpecker_0081_182336.jpg,58.04166928558533
189.Red_bellied_Woodpecker/Red_Bellied_Woodpecker_0039_180814.jpg,45.351328695442554
189.Red_bellied_Woodpecker/Red_Bellied_Woodpecker_0032_181587.jpg,38.181673560812015
189.Red_bellied_Woodpecker/Red_Bellied_Woodpecker_0044_181122.jpg,22.44514853695257
189.Red_bellied_Woodpecker/Red_Bellied_Woodpecker_0097_181363.jpg,46.8651071714728
189.Red_bellied_Woodpecker/Red_Bellied_Woodpecker_0008_180858.jpg,35.45160574715538
189.Red_bellied_Woodpecker/Red_Bellied_Woodpecker_0078_181887.jpg,23.76999513506033
189.Red_bellied_Woodpecker/Red_Bellied_Woodpecker_0071_180866.jpg,70.3846596192473
189.Red_bellied_Woodpecker/Red_Bellied_Woodpecker_0089_181907.jpg,62.80352222611008
189.Red_bellied_Woodpecker/Red_Bellied_Woodpecker_0035_181913.jpg,39.45834856409534
189.Red_bellied_Woodpecker/Red_Bellied_Woodpecker_0054_182031.jpg,28.11816996431806
189.Red_bellied_Woodpecker/Red_Bellied_Woodpecker_0070_181182.jpg,34.91894501656499
189.Red_bellied_Woodpecker/Red_Bellied_Woodpecker_0023_181958.jpg,27.56514651705971
189.Red_bellied_Woodpecker/Red_Bellied_Woodpecker_0074_180936.jpg,46.12468272032543
189.Red_bellied_Woodpecker/Red_Bellied_Woodpecker_0091_180938.jpg,45.6875119960243
189.Red_bellied_Woodpecker/Red_Bellied_Woodpecker_0056_180946.jpg,39.264497161711766
189.Red_bellied_Woodpecker/Red_Bellied_Woodpecker_0095_180948.jpg,56.07683307317365
189.Red_bellied_Woodpecker/Red_Bellied_Woodpecker_0068_180949.jpg,44.53865890079406
189.Red_bellied_Woodpecker/Red_Bellied_Woodpecker_0092_182235.jpg,19.956789243746268
189.Red_bellied_Woodpecker/Red_Bellied_Woodpecker_0108_180956.jpg,56.16899524594501
189.Red_bellied_Woodpecker/Red_Bellied_Woodpecker_0007_182242.jpg,35.96692357518784
189.Red_bellied_Woodpecker/Red_Bellied_Woodpecker_0031_180975.jpg,43.20746026254182
189.Red_bellied_Woodpecker/Red_Bellied_Woodpecker_0123_182116.jpg,51.25574293135391
190.Red_cockaded_Woodpecker/Red_Cockaded_Woodpecker_0008_794753.jpg,16.40971814861848
190.Red_cockaded_Woodpecker/Red_Cockaded_Woodpecker_0041_182408.jpg,18.683477294477896
190.Red_cockaded_Woodpecker/Red_Cockaded_Woodpecker_0009_182540.jpg,37.840799987880594
190.Red_cockaded_Woodpecker/Red_Cockaded_Woodpecker_0001_182541.jpg,40.902676474092786
190.Red_cockaded_Woodpecker/Red_Cockaded_Woodpecker_0042_182373.jpg,31.18743792109924
190.Red_cockaded_Woodpecker/Red_Cockaded_Woodpecker_0035_182435.jpg,13.96069951683914
190.Red_cockaded_Woodpecker/Red_Cockaded_Woodpecker_0048_182599.jpg,37.72764869680028
190.Red_cockaded_Woodpecker/Red_Cockaded_Woodpecker_0049_182452.jpg,28.629699996701234
190.Red_cockaded_Woodpecker/Red_Cockaded_Woodpecker_0061_794728.jpg,9.170486699846442
190.Red_cockaded_Woodpecker/Red_Cockaded_Woodpecker_0051_182347.jpg,40.6952414804235
190.Red_cockaded_Woodpecker/Red_Cockaded_Woodpecker_0003_794695.jpg,13.99128705239175
190.Red_cockaded_Woodpecker/Red_Cockaded_Woodpecker_0053_794707.jpg,34.63459496242069
190.Red_cockaded_Woodpecker/Red_Cockaded_Woodpecker_0024_794708.jpg,24.598606193097172
190.Red_cockaded_Woodpecker/Red_Cockaded_Woodpecker_0025_794710.jpg,12.453339146573729
190.Red_cockaded_Woodpecker/Red_Cockaded_Woodpecker_0030_794711.jpg,66.75367544319289
190.Red_cockaded_Woodpecker/Red_Cockaded_Woodpecker_0017_794712.jpg,59.79157138458433
190.Red_cockaded_Woodpecker/Red_Cockaded_Woodpecker_0016_182493.jpg,45.76689104959993
190.Red_cockaded_Woodpecker/Red_Cockaded_Woodpecker_0014_794718.jpg,56.04709415453205
190.Red_cockaded_Woodpecker/Red_Cockaded_Woodpecker_0038_794719.jpg,22.712199092047122
190.Red_cockaded_Woodpecker/Red_Cockaded_Woodpecker_0034_794720.jpg,23.397364059937257
190.Red_cockaded_Woodpecker/Red_Cockaded_Woodpecker_0047_794704.jpg,25.675062445462633
190.Red_cockaded_Woodpecker/Red_Cockaded_Woodpecker_0046_794722.jpg,15.045808831089722
190.Red_cockaded_Woodpecker/Red_Cockaded_Woodpecker_0057_794725.jpg,34.09805437962717
190.Red_cockaded_Woodpecker/Red_Cockaded_Woodpecker_0044_182374.jpg,34.41704554600901
190.Red_cockaded_Woodpecker/Red_Cockaded_Woodpecker_0045_794727.jpg,18.396289488925703
190.Red_cockaded_Woodpecker/Red_Cockaded_Woodpecker_0056_794734.jpg,14.075122366049147
190.Red_cockaded_Woodpecker/Red_Cockaded_Woodpecker_0031_794737.jpg,34.92192854925694
190.Red_cockaded_Woodpecker/Red_Cockaded_Woodpecker_0013_794740.jpg,14.02790887575113
190.Red_cockaded_Woodpecker/Red_Cockaded_Woodpecker_0050_794743.jpg,28.15442606516873
191.Red_headed_Woodpecker/Red_Headed_Woodpecker_0073_182784.jpg,74.119438348709
191.Red_headed_Woodpecker/Red_Headed_Woodpecker_0024_183297.jpg,48.855967076869476
191.Red_headed_Woodpecker/Red_Headed_Woodpecker_0092_182787.jpg,43.138379449753046
191.Red_headed_Woodpecker/Red_Headed_Woodpecker_0087_183271.jpg,62.054345696841516
191.Red_headed_Woodpecker/Red_Headed_Woodpecker_0034_182806.jpg,70.83756255868076
191.Red_headed_Woodpecker/Red_Headed_Woodpecker_0029_183337.jpg,68.82625234057477
191.Red_headed_Woodpecker/Red_Headed_Woodpecker_0058_183086.jpg,30.931314299262233
191.Red_headed_Woodpecker/Red_Headed_Woodpecker_0045_182832.jpg,23.26523104174228
191.Red_headed_Woodpecker/Red_Headed_Woodpecker_0042_182834.jpg,21.026889765581622
191.Red_headed_Woodpecker/Red_Headed_Woodpecker_0031_183096.jpg,29.514761696565557
191.Red_headed_Woodpecker/Red_Headed_Woodpecker_0086_182715.jpg,95.47073892154451
191.Red_headed_Woodpecker/Red_Headed_Woodpecker_0065_182863.jpg,30.586338395543546
191.Red_headed_Woodpecker/Red_Headed_Woodpecker_0006_183383.jpg,34.159503696661325
191.Red_headed_Woodpecker/Red_Headed_Woodpecker_0109_183385.jpg,52.9623939413387
191.Red_headed_Woodpecker/Red_Headed_Woodpecker_0044_183141.jpg,51.68620721739237
191.Red_headed_Woodpecker/Red_Headed_Woodpecker_0091_183144.jpg,64.79210299087886
191.Red_headed_Woodpecker/Red_Headed_Woodpecker_0049_183229.jpg,64.77968054580188
191.Red_headed_Woodpecker/Red_Headed_Woodpecker_0089_183435.jpg,55.98361696735883
191.Red_headed_Woodpecker/Red_Headed_Woodpecker_0093_182925.jpg,46.60286773851011
191.Red_headed_Woodpecker/Red_Headed_Woodpecker_0039_183446.jpg,55.61477673658308
191.Red_headed_Woodpecker/Red_Headed_Woodpecker_0018_183455.jpg,57.82805015311627
191.Red_headed_Woodpecker/Red_Headed_Woodpecker_0067_183710.jpg,48.270717411649244
191.Red_headed_Woodpecker/Red_Headed_Woodpecker_0032_182815.jpg,18.132388989189103
191.Red_headed_Woodpecker/Red_Headed_Woodpecker_0051_182724.jpg,41.844663316269724
191.Red_headed_Woodpecker/Red_Headed_Woodpecker_0085_182703.jpg,43.04932187955594
191.Red_headed_Woodpecker/Red_Headed_Woodpecker_0084_183004.jpg,87.59397252029724
191.Red_headed_Woodpecker/Red_Headed_Woodpecker_0099_183524.jpg,38.01601249032005
191.Red_headed_Woodpecker/Red_Headed_Woodpecker_0038_183280.jpg,30.202015163839512
191.Red_headed_Woodpecker/Red_Headed_Woodpecker_0027_183029.jpg,47.94951380690482
191.Red_headed_Woodpecker/Red_Headed_Woodpecker_0107_183290.jpg,46.491035481019
192.Downy_Woodpecker/Downy_Woodpecker_0116_184326.jpg,42.009761851591385
192.Downy_Woodpecker/Downy_Woodpecker_0124_184364.jpg,25.916594902889873
192.Downy_Woodpecker/Downy_Woodpecker_0078_184375.jpg,31.001172257298226
192.Downy_Woodpecker/Downy_Woodpecker_0059_184396.jpg,20.576700882944568
192.Downy_Woodpecker/Downy_Woodpecker_0072_184401.jpg,48.21566740081993
192.Downy_Woodpecker/Downy_Woodpecker_0132_184408.jpg,19.322873900075482
192.Downy_Woodpecker/Downy_Woodpecker_0113_184413.jpg,17.110059473332313
192.Downy_Woodpecker/Downy_Woodpecker_0074_183907.jpg,50.25536599592471
192.Downy_Woodpecker/Downy_Woodpecker_0056_183913.jpg,28.371596399447057
192.Downy_Woodpecker/Downy_Woodpecker_0082_183922.jpg,33.64948828769603
192.Downy_Woodpecker/Downy_Woodpecker_0120_183926.jpg,40.61736934958861
192.Downy_Woodpecker/Downy_Woodpecker_0027_183940.jpg,73.3240654046508
192.Downy_Woodpecker/Downy_Woodpecker_0094_184478.jpg,25.091167741469548
192.Downy_Woodpecker/Downy_Woodpecker_0037_183968.jpg,15.399495526891409
192.Downy_Woodpecker/Downy_Woodpecker_0001_184484.jpg,25.058202911983813
192.Downy_Woodpecker/Downy_Woodpecker_0058_184520.jpg,23.125856463667887
192.Downy_Woodpecker/Downy_Woodpecker_0091_184537.jpg,63.326570475946454
192.Downy_Woodpecker/Downy_Woodpecker_0006_184538.jpg,17.877163618663946
192.Downy_Woodpecker/Downy_Woodpecker_0029_184046.jpg,38.71392027354284
192.Downy_Woodpecker/Downy_Woodpecker_0036_184048.jpg,20.334298964223493
192.Downy_Woodpecker/Downy_Woodpecker_0131_184446.jpg,30.460474284090637
192.Downy_Woodpecker/Downy_Woodpecker_0098_184567.jpg,25.834237797974268
192.Downy_Woodpecker/Downy_Woodpecker_0100_184584.jpg,39.390469369998
192.Downy_Woodpecker/Downy_Woodpecker_0028_184131.jpg,30.388403401805498
192.Downy_Woodpecker/Downy_Woodpecker_0025_184545.jpg,15.016517298098005
192.Downy_Woodpecker/Downy_Woodpecker_0004_184648.jpg,38.94005505799589
192.Downy_Woodpecker/Downy_Woodpecker_0048_184164.jpg,22.808185335939232
192.Downy_Woodpecker/Downy_Woodpecker_0039_184243.jpg,15.476193989839254
192.Downy_Woodpecker/Downy_Woodpecker_0061_184285.jpg,43.85677285501961
192.Downy_Woodpecker/Downy_Woodpecker_0125_184656.jpg,60.41509349612746
193.Bewick_Wren/Bewick_Wren_0056_184834.jpg,15.461537398281095
193.Bewick_Wren/Bewick_Wren_0087_184918.jpg,27.193212281384564
193.Bewick_Wren/Bewick_Wren_0139_184839.jpg,30.858810736300427
193.Bewick_Wren/Bewick_Wren_0060_185366.jpg,50.69211410295973
193.Bewick_Wren/Bewick_Wren_0032_184870.jpg,31.353499199131683
193.Bewick_Wren/Bewick_Wren_0070_184892.jpg,29.787242671896895
193.Bewick_Wren/Bewick_Wren_0061_184898.jpg,18.498428854753364
193.Bewick_Wren/Bewick_Wren_0092_184901.jpg,26.155772015696027
193.Bewick_Wren/Bewick_Wren_0051_185425.jpg,15.481895496232008
193.Bewick_Wren/Bewick_Wren_0066_184928.jpg,28.306209476982552
193.Bewick_Wren/Bewick_Wren_0121_184765.jpg,48.50994449707298
193.Bewick_Wren/Bewick_Wren_0085_185474.jpg,59.79838991794252
193.Bewick_Wren/Bewick_Wren_0016_184999.jpg,37.52588844153411
193.Bewick_Wren/Bewick_Wren_0106_185013.jpg,56.940634969840666
193.Bewick_Wren/Bewick_Wren_0082_185021.jpg,44.29722793418916
193.Bewick_Wren/Bewick_Wren_0075_185046.jpg,43.201056502610996
193.Bewick_Wren/Bewick_Wren_0073_185049.jpg,15.348679259378297
193.Bewick_Wren/Bewick_Wren_0123_185069.jpg,23.763516812466914
193.Bewick_Wren/Bewick_Wren_0113_185113.jpg,76.40944739080362
193.Bewick_Wren/Bewick_Wren_0017_185127.jpg,50.501546940524555
193.Bewick_Wren/Bewick_Wren_0096_185139.jpg,20.554227999588115
193.Bewick_Wren/Bewick_Wren_0118_185169.jpg,24.42536550414126
193.Bewick_Wren/Bewick_Wren_0109_185170.jpg,22.398981468188474
193.Bewick_Wren/Bewick_Wren_0005_184699.jpg,49.783871519475056
193.Bewick_Wren/Bewick_Wren_0027_185212.jpg,51.565264915082935
193.Bewick_Wren/Bewick_Wren_0055_185230.jpg,31.977477123264343
193.Bewick_Wren/Bewick_Wren_0127_184756.jpg,11.031679508422538
193.Bewick_Wren/Bewick_Wren_0052_184760.jpg,43.29716342132969
193.Bewick_Wren/Bewick_Wren_0014_184810.jpg,15.381248166983328
193.Bewick_Wren/Bewick_Wren_0037_185332.jpg,33.26670080025995
194.Cactus_Wren/Cactus_Wren_0040_185859.jpg,18.547637190268414
194.Cactus_Wren/Cactus_Wren_0009_185871.jpg,16.595879131303473
194.Cactus_Wren/Cactus_Wren_0088_185873.jpg,37.107827124224954
194.Cactus_Wren/Cactus_Wren_0056_185626.jpg,26.715819335465504
194.Cactus_Wren/Cactus_Wren_0101_185627.jpg,74.11121169210088
194.Cactus_Wren/Cactus_Wren_0095_185633.jpg,54.17580399333764
194.Cactus_Wren/Cactus_Wren_0007_185634.jpg,26.440444322921376
194.Cactus_Wren/Cactus_Wren_0027_185893.jpg,33.30966439190682
194.Cactus_Wren/Cactus_Wren_0115_185895.jpg,18.144401081215833
194.Cactus_Wren/Cactus_Wren_0096_185898.jpg,25.862611422196057
194.Cactus_Wren/Cactus_Wren_0102_185902.jpg,18.027491367661383
194.Cactus_Wren/Cactus_Wren_0116_185927.jpg,31.450359378396136
194.Cactus_Wren/Cactus_Wren_0002_185680.jpg,131.65686722106398
194.Cactus_Wren/Cactus_Wren_0092_185951.jpg,25.74238898273592
194.Cactus_Wren/Cactus_Wren_0120_185956.jpg,22.551961419895736
194.Cactus_Wren/Cactus_Wren_0014_185993.jpg,95.33862314824565
194.Cactus_Wren/Cactus_Wren_0017_185745.jpg,73.71377257511652
194.Cactus_Wren/Cactus_Wren_0077_186003.jpg,20.83513434438813
194.Cactus_Wren/Cactus_Wren_0124_185501.jpg,36.726170282604926
194.Cactus_Wren/Cactus_Wren_0046_186017.jpg,93.8415900057029
194.Cactus_Wren/Cactus_Wren_0042_185514.jpg,41.851119662367545
194.Cactus_Wren/Cactus_Wren_0085_185515.jpg,32.40207830425302
194.Cactus_Wren/Cactus_Wren_0067_186034.jpg,41.79659490920973
194.Cactus_Wren/Cactus_Wren_0114_185532.jpg,47.93808204003847
194.Cactus_Wren/Cactus_Wren_0004_185797.jpg,44.368423345900766
194.Cactus_Wren/Cactus_Wren_0076_186067.jpg,34.886173565600636
194.Cactus_Wren/Cactus_Wren_0045_185556.jpg,61.845363436303394
194.Cactus_Wren/Cactus_Wren_0079_185560.jpg,22.338863366478478
194.Cactus_Wren/Cactus_Wren_0036_185563.jpg,30.867804623929906
194.Cactus_Wren/Cactus_Wren_0063_185589.jpg,39.8211722740812
195.Carolina_Wren/Carolina_Wren_0130_186369.jpg,60.29135270268823
195.Carolina_Wren/Carolina_Wren_0062_186390.jpg,20.160153900800918
195.Carolina_Wren/Carolina_Wren_0080_186919.jpg,20.59203443308321
195.Carolina_Wren/Carolina_Wren_0082_186421.jpg,39.09687915418904
195.Carolina_Wren/Carolina_Wren_0090_186942.jpg,29.649069823198776
195.Carolina_Wren/Carolina_Wren_0001_186455.jpg,27.790085373742148
195.Carolina_Wren/Carolina_Wren_0125_187009.jpg,42.2579206886146
195.Carolina_Wren/Carolina_Wren_0002_186506.jpg,42.26671249579556
195.Carolina_Wren/Carolina_Wren_0028_186526.jpg,34.02902398901174
195.Carolina_Wren/Carolina_Wren_0019_186527.jpg,24.32371327922538
195.Carolina_Wren/Carolina_Wren_0032_186566.jpg,27.400880869213143
195.Carolina_Wren/Carolina_Wren_0078_186570.jpg,29.88225352132038
195.Carolina_Wren/Carolina_Wren_0073_186587.jpg,55.016976272347364
195.Carolina_Wren/Carolina_Wren_0108_186089.jpg,43.931626806637794
195.Carolina_Wren/Carolina_Wren_0005_186109.jpg,39.84846901895324
195.Carolina_Wren/Carolina_Wren_0044_186645.jpg,37.77019171049931
195.Carolina_Wren/Carolina_Wren_0126_186654.jpg,39.87182688122552
195.Carolina_Wren/Carolina_Wren_0119_186153.jpg,31.98683721155694
195.Carolina_Wren/Carolina_Wren_0021_186683.jpg,34.27669374003101
195.Carolina_Wren/Carolina_Wren_0031_186713.jpg,19.969313197397682
195.Carolina_Wren/Carolina_Wren_0036_186722.jpg,36.91025603946545
195.Carolina_Wren/Carolina_Wren_0069_186230.jpg,38.66445162088744
195.Carolina_Wren/Carolina_Wren_0077_186294.jpg,49.13833768787948
195.Carolina_Wren/Carolina_Wren_0060_186296.jpg,36.63155527519054
195.Carolina_Wren/Carolina_Wren_0066_186818.jpg,45.45392418923532
195.Carolina_Wren/Carolina_Wren_0068_186830.jpg,70.9024487164798
195.Carolina_Wren/Carolina_Wren_0083_186324.jpg,36.00689955777675
195.Carolina_Wren/Carolina_Wren_0102_186332.jpg,49.732828198351314
195.Carolina_Wren/Carolina_Wren_0006_186742.jpg,38.0773632331268
195.Carolina_Wren/Carolina_Wren_0011_186871.jpg,39.320039345007174
196.House_Wren/House_Wren_0061_187911.jpg,23.277905641861565
196.House_Wren/House_Wren_0004_187448.jpg,24.323521536906455
196.House_Wren/House_Wren_0012_187973.jpg,47.60554484572519
196.House_Wren/House_Wren_0103_187466.jpg,37.75096152899785
196.House_Wren/House_Wren_0064_187489.jpg,22.820877431269682
196.House_Wren/House_Wren_0005_187493.jpg,45.80885889228874
196.House_Wren/House_Wren_0016_188006.jpg,36.62684246455886
196.House_Wren/House_Wren_0114_188016.jpg,40.301833275389136
196.House_Wren/House_Wren_0057_187157.jpg,48.88404676006901
196.House_Wren/House_Wren_0047_188036.jpg,39.583529217745216
196.House_Wren/House_Wren_0123_187095.jpg,52.97897438835424
196.House_Wren/House_Wren_0042_187098.jpg,38.8595198170702
196.House_Wren/House_Wren_0092_187100.jpg,45.07803704702083
196.House_Wren/House_Wren_0110_187111.jpg,31.329073676873847
196.House_Wren/House_Wren_0034_187120.jpg,38.58512488735948
196.House_Wren/House_Wren_0101_187133.jpg,33.65629840795774
196.House_Wren/House_Wren_0025_187160.jpg,59.96209133980493
196.House_Wren/House_Wren_0139_187177.jpg,92.19055867967339
196.House_Wren/House_Wren_0137_187273.jpg,30.304692140305583
196.House_Wren/House_Wren_0023_187192.jpg,30.811918620966395
196.House_Wren/House_Wren_0062_187194.jpg,21.6755436906332
196.House_Wren/House_Wren_0043_187224.jpg,55.14024132136962
196.House_Wren/House_Wren_0099_187240.jpg,17.27649123602978
196.House_Wren/House_Wren_0090_187762.jpg,48.81421743007046
196.House_Wren/House_Wren_0125_187251.jpg,43.02784747518698
196.House_Wren/House_Wren_0086_187815.jpg,40.93056972152618
196.House_Wren/House_Wren_0017_187330.jpg,46.12681679144762
196.House_Wren/House_Wren_0022_187848.jpg,21.326793486962384
196.House_Wren/House_Wren_0098_187368.jpg,31.9526301234946
196.House_Wren/House_Wren_0118_187383.jpg,34.24602868261486
197.Marsh_Wren/Marsh_Wren_0043_188426.jpg,21.19641895160168
197.Marsh_Wren/Marsh_Wren_0110_188434.jpg,17.92952504975059
197.Marsh_Wren/Marsh_Wren_0115_188443.jpg,33.73336677486475
197.Marsh_Wren/Marsh_Wren_0049_188540.jpg,40.30394266210172
197.Marsh_Wren/Marsh_Wren_0106_188100.jpg,43.89437902140622
197.Marsh_Wren/Marsh_Wren_0099_188579.jpg,49.42256697068132
197.Marsh_Wren/Marsh_Wren_0053_188276.jpg,29.331106585717656
197.Marsh_Wren/Marsh_Wren_0076_188108.jpg,36.82752537941461
197.Marsh_Wren/Marsh_Wren_0071_188111.jpg,12.515357652197327
197.Marsh_Wren/Marsh_Wren_0055_188123.jpg,21.21005038593004
197.Marsh_Wren/Marsh_Wren_0102_188654.jpg,33.20968216441111
197.Marsh_Wren/Marsh_Wren_0050_188657.jpg,47.74831705870542
197.Marsh_Wren/Marsh_Wren_0117_188676.jpg,63.16918835367541
197.Marsh_Wren/Marsh_Wren_0082_188699.jpg,80.17023279086621
197.Marsh_Wren/Marsh_Wren_0004_188188.jpg,49.09801394826385
197.Marsh_Wren/Marsh_Wren_0145_188193.jpg,43.74597751889338
197.Marsh_Wren/Marsh_Wren_0042_188195.jpg,23.406547765085847
197.Marsh_Wren/Marsh_Wren_0070_188205.jpg,69.8607844831943
197.Marsh_Wren/Marsh_Wren_0134_188213.jpg,29.820400209310158
197.Marsh_Wren/Marsh_Wren_0072_188764.jpg,64.27847629589726
197.Marsh_Wren/Marsh_Wren_0051_188260.jpg,39.56431624980003
197.Marsh_Wren/Marsh_Wren_0069_188776.jpg,39.38664722190326
197.Marsh_Wren/Marsh_Wren_0108_188788.jpg,30.15324078397429
197.Marsh_Wren/Marsh_Wren_0022_188280.jpg,68.63248927438318
197.Marsh_Wren/Marsh_Wren_0028_188797.jpg,32.68619793569417
197.Marsh_Wren/Marsh_Wren_0080_188812.jpg,16.277305158623037
197.Marsh_Wren/Marsh_Wren_0015_188852.jpg,53.75895897210147
197.Marsh_Wren/Marsh_Wren_0147_188367.jpg,40.947735414185225
197.Marsh_Wren/Marsh_Wren_0048_188370.jpg,59.55386474223094
197.Marsh_Wren/Marsh_Wren_0119_188404.jpg,52.812382749236974
198.Rock_Wren/Rock_Wren_0127_188931.jpg,14.59284795065209
198.Rock_Wren/Rock_Wren_0034_187656.jpg,34.61659536685423
198.Rock_Wren/Rock_Wren_0098_188947.jpg,10.754647575951804
198.Rock_Wren/Rock_Wren_0073_188952.jpg,33.49734812720963
198.Rock_Wren/Rock_Wren_0078_188960.jpg,37.66871513653196
198.Rock_Wren/Rock_Wren_0041_189227.jpg,18.213259560191037
198.Rock_Wren/Rock_Wren_0065_188995.jpg,31.759797396764007
198.Rock_Wren/Rock_Wren_0035_188998.jpg,24.619191391032583
198.Rock_Wren/Rock_Wren_0025_188897.jpg,67.07034189596801
198.Rock_Wren/Rock_Wren_0037_189256.jpg,27.56178243257339
198.Rock_Wren/Rock_Wren_0042_189006.jpg,18.08999689353994
198.Rock_Wren/Rock_Wren_0066_189034.jpg,14.990203080745342
198.Rock_Wren/Rock_Wren_0094_189037.jpg,19.753415095968066
198.Rock_Wren/Rock_Wren_0036_189245.jpg,15.676787260444286
198.Rock_Wren/Rock_Wren_0062_189045.jpg,28.05434962105572
198.Rock_Wren/Rock_Wren_0050_189207.jpg,49.50744613348258
198.Rock_Wren/Rock_Wren_0038_189328.jpg,28.59898454053215
198.Rock_Wren/Rock_Wren_0023_189075.jpg,67.3966674214735
198.Rock_Wren/Rock_Wren_0109_189094.jpg,39.92411461754517
198.Rock_Wren/Rock_Wren_0116_189101.jpg,27.572945051308107
198.Rock_Wren/Rock_Wren_0071_189213.jpg,18.43289907743646
198.Rock_Wren/Rock_Wren_0053_189112.jpg,39.32626190926301
198.Rock_Wren/Rock_Wren_0044_189127.jpg,18.250224057759645
198.Rock_Wren/Rock_Wren_0058_189346.jpg,30.821291350659326
198.Rock_Wren/Rock_Wren_0029_189145.jpg,32.97138640043742
198.Rock_Wren/Rock_Wren_0020_188895.jpg,39.90802289162179
198.Rock_Wren/Rock_Wren_0067_189152.jpg,48.86827712004594
198.Rock_Wren/Rock_Wren_0040_189159.jpg,43.49194617941113
198.Rock_Wren/Rock_Wren_0104_189161.jpg,23.719058880399217
198.Rock_Wren/Rock_Wren_0100_189426.jpg,18.381332453949636
199.Winter_Wren/Winter_Wren_0122_189475.jpg,25.807766631943977
199.Winter_Wren/Winter_Wren_0013_189500.jpg,42.39165212426674
199.Winter_Wren/Winter_Wren_0062_189501.jpg,22.330012836664412
199.Winter_Wren/Winter_Wren_0049_189504.jpg,37.5835931935102
199.Winter_Wren/Winter_Wren_0112_189507.jpg,64.3929057295051
199.Winter_Wren/Winter_Wren_0056_189508.jpg,35.13873853499353
199.Winter_Wren/Winter_Wren_0038_189510.jpg,41.70873268386658
199.Winter_Wren/Winter_Wren_0083_190025.jpg,23.15123849267512
199.Winter_Wren/Winter_Wren_0050_189514.jpg,30.410107618668142
199.Winter_Wren/Winter_Wren_0073_190044.jpg,42.311744851377554
199.Winter_Wren/Winter_Wren_0019_189533.jpg,52.97804984598252
199.Winter_Wren/Winter_Wren_0063_189543.jpg,40.190565748603824
199.Winter_Wren/Winter_Wren_0082_189549.jpg,38.88363456197976
199.Winter_Wren/Winter_Wren_0102_189563.jpg,35.802589450509835
199.Winter_Wren/Winter_Wren_0110_189569.jpg,27.20933053913442
199.Winter_Wren/Winter_Wren_0127_190091.jpg,40.30246754023157
199.Winter_Wren/Winter_Wren_0090_190104.jpg,57.671954324431226
199.Winter_Wren/Winter_Wren_0111_189596.jpg,20.487544965705304
199.Winter_Wren/Winter_Wren_0021_189597.jpg,52.30971142815317
199.Winter_Wren/Winter_Wren_0097_190139.jpg,17.71266322609438
199.Winter_Wren/Winter_Wren_0141_190152.jpg,50.34667120478881
199.Winter_Wren/Winter_Wren_0004_189670.jpg,45.409959560333895
199.Winter_Wren/Winter_Wren_0048_189683.jpg,31.3336728167332
199.Winter_Wren/Winter_Wren_0093_189686.jpg,55.652761381557994
199.Winter_Wren/Winter_Wren_0071_189689.jpg,27.196024869210213
199.Winter_Wren/Winter_Wren_0086_189692.jpg,91.1823794210899
199.Winter_Wren/Winter_Wren_0003_189838.jpg,49.28145350237732
199.Winter_Wren/Winter_Wren_0132_189861.jpg,25.363389272604948
199.Winter_Wren/Winter_Wren_0142_190379.jpg,27.693565265877734
199.Winter_Wren/Winter_Wren_0047_190390.jpg,29.281822126028512
200.Common_Yellowthroat/Common_Yellowthroat_0020_190720.jpg,42.759217783749136
200.Common_Yellowthroat/Common_Yellowthroat_0016_190986.jpg,64.49639981146912
200.Common_Yellowthroat/Common_Yellowthroat_0114_190501.jpg,83.38882546680397
200.Common_Yellowthroat/Common_Yellowthroat_0039_190513.jpg,68.81617048667574
200.Common_Yellowthroat/Common_Yellowthroat_0019_190524.jpg,64.18169727548629
200.Common_Yellowthroat/Common_Yellowthroat_0099_190531.jpg,50.33180322435318
200.Common_Yellowthroat/Common_Yellowthroat_0125_190902.jpg,46.06413504831043
200.Common_Yellowthroat/Common_Yellowthroat_0050_190535.jpg,47.399142050471546
200.Common_Yellowthroat/Common_Yellowthroat_0025_190547.jpg,61.24776256574594
200.Common_Yellowthroat/Common_Yellowthroat_0118_190805.jpg,57.91138350335429
200.Common_Yellowthroat/Common_Yellowthroat_0045_190563.jpg,58.297632237772426
200.Common_Yellowthroat/Common_Yellowthroat_0111_190569.jpg,44.17382986650172
200.Common_Yellowthroat/Common_Yellowthroat_0112_190571.jpg,37.803820081591596
200.Common_Yellowthroat/Common_Yellowthroat_0031_190582.jpg,62.75833215431472
200.Common_Yellowthroat/Common_Yellowthroat_0059_190584.jpg,70.37987490485652
200.Common_Yellowthroat/Common_Yellowthroat_0046_190446.jpg,49.00836618311287
200.Common_Yellowthroat/Common_Yellowthroat_0027_190869.jpg,32.010937274138215
200.Common_Yellowthroat/Common_Yellowthroat_0086_190639.jpg,49.821045142034194
200.Common_Yellowthroat/Common_Yellowthroat_0066_190646.jpg,69.6907533075205
200.Common_Yellowthroat/Common_Yellowthroat_0018_190904.jpg,37.81614794978288
200.Common_Yellowthroat/Common_Yellowthroat_0021_190655.jpg,42.26722463617129
200.Common_Yellowthroat/Common_Yellowthroat_0011_190401.jpg,74.84820024350287
200.Common_Yellowthroat/Common_Yellowthroat_0029_190403.jpg,59.165652001015175
200.Common_Yellowthroat/Common_Yellowthroat_0071_190665.jpg,54.99943219062858
200.Common_Yellowthroat/Common_Yellowthroat_0070_190678.jpg,79.09157631060887
200.Common_Yellowthroat/Common_Yellowthroat_0040_190427.jpg,50.87762563117761
200.Common_Yellowthroat/Common_Yellowthroat_0063_190440.jpg,50.64209441190249
200.Common_Yellowthroat/Common_Yellowthroat_0058_190958.jpg,61.92899203204288
200.Common_Yellowthroat/Common_Yellowthroat_0008_190703.jpg,89.9534467526893
200.Common_Yellowthroat/Common_Yellowthroat_0055_190967.jpg,51.65060527250138
