image_id,C_fg
image_06734.jpg,53.695486735145955
image_06735.jpg,43.492481806428074
image_06737.jpg,43.83453835029766
image_06742.jpg,42.61413901899807
image_06743.jpg,46.10789226930854
image_06745.jpg,23.689786578908304
image_06746.jpg,37.06857277783772
image_06748.jpg,46.049093876871375
image_06751.jpg,48.050188499471695
image_06752.jpg,33.83130564894526
image_06753.jpg,70.27608970047426
image_06756.jpg,37.57052877374066
image_06757.jpg,29.78378725355103
image_06758.jpg,45.81356130434304
image_06759.jpg,61.92209591004429
image_06760.jpg,61.913055522419455
image_06764.jpg,58.497795898634834
image_06769.jpg,33.57662730676927
image_06770.jpg,30.87488925516146
image_06772.jpg,68.286128261414
image_05087.jpg,52.89406815127619
image_05088.jpg,40.79575532836864
image_05089.jpg,51.33595513282266
image_05090.jpg,51.20182813484354
image_05092.jpg,30.07291896930553
image_05093.jpg,50.62352820374321
image_05094.jpg,50.65676952342518
image_05095.jpg,28.656706005036696
image_05096.jpg,58.38438882621848
image_05098.jpg,56.89381643752406
image_05099.jpg,39.18327362720589
image_05102.jpg,36.150718196655575
image_05103.jpg,32.09669803996729
image_05105.jpg,48.393823294740756
image_05107.jpg,39.55315863647562
image_05109.jpg,80.00664635747833
image_05110.jpg,30.125117748692208
image_05111.jpg,42.728918443244
image_05112.jpg,44.49483596049363
image_05113.jpg,49.88360004734625
image_05117.jpg,61.045056440382965
image_05119.jpg,26.955111449331373
image_05121.jpg,50.50256873859527
image_05122.jpg,45.80986563697644
image_05125.jpg,45.32569277707655
image_05126.jpg,38.60416936447152
image_05127.jpg,38.192057373975075
image_05128.jpg,45.733448067990324
image_05129.jpg,23.42823251251402
image_05130.jpg,35.99644605827795
image_05131.jpg,46.25320223988802
image_05133.jpg,38.58915388225839
image_05134.jpg,29.037135580159315
image_05135.jpg,58.01907137796266
image_05136.jpg,39.15566465571836
image_05139.jpg,38.89928158824768
image_05140.jpg,27.1013313101399
image_05141.jpg,35.12666130169208
image_05143.jpg,72.00199732469105
image_05144.jpg,48.095992424094284
image_06613.jpg,82.26870460854633
image_06615.jpg,53.503887082981294
image_06617.jpg,37.17440942395571
image_06619.jpg,57.0741804519932
image_06620.jpg,15.241787532109461
image_06621.jpg,81.10874338062328
image_06622.jpg,65.92816170719527
image_06625.jpg,86.71136002439965
image_06627.jpg,31.592430181464312
image_06628.jpg,48.27658826790453
image_06629.jpg,93.35688384716002
image_06633.jpg,74.30723442253421
image_06635.jpg,58.49304950946828
image_06636.jpg,53.98569697771833
image_06637.jpg,74.90715752135733
image_06641.jpg,87.77720602729401
image_06643.jpg,79.93984239827812
image_06648.jpg,59.21863727463819
image_06649.jpg,24.016664765404254
image_06650.jpg,54.270116176029504
image_05629.jpg,89.90079796072428
image_05630.jpg,59.66831110917461
image_05631.jpg,27.788282372000292
image_05632.jpg,41.469409517461926
image_05633.jpg,26.01978386166784
image_05639.jpg,50.00443177335241
image_05641.jpg,37.44975823242054
image_05642.jpg,30.39413901380928
image_05643.jpg,78.01858503497286
image_05644.jpg,63.98077786733146
image_05645.jpg,72.83232187205974
image_05646.jpg,28.893906698446347
image_05647.jpg,44.067032564786665
image_05649.jpg,108.02253882552492
image_05650.jpg,46.39068019952518
image_05652.jpg,49.75170728832957
image_05655.jpg,53.61006762492812
image_05656.jpg,70.12414641290167
image_05657.jpg,60.455149339209676
image_05660.jpg,49.2738292337604
image_05661.jpg,86.75292452255042
image_05665.jpg,82.69601803730197
image_05666.jpg,26.282076404225986
image_05667.jpg,48.55635147673145
image_05668.jpg,30.52609621107806
image_05669.jpg,89.09448308473748
image_05671.jpg,39.52306311953677
image_05673.jpg,69.19324861155452
image_05675.jpg,32.53788552010443
image_05676.jpg,32.287049369032204
image_05677.jpg,25.362224433258355
image_05679.jpg,21.721117238670846
image_05680.jpg,96.34858516675037
image_05681.jpg,60.14985903830336
image_05682.jpg,71.74807568389815
image_05683.jpg,62.52324753680769
image_05147.jpg,110.8748110842887
image_05148.jpg,112.31054455124021
image_05149.jpg,103.79045514852355
image_05150.jpg,103.40246726695467
image_05151.jpg,109.39643277249792
image_05152.jpg,108.96287095233097
image_05153.jpg,110.51195503683394
image_05154.jpg,94.01493492422686
image_05155.jpg,71.9662839757399
image_05156.jpg,103.84251604996923
image_05157.jpg,118.46278694742655
image_05158.jpg,105.66083537648927
image_05159.jpg,114.05930317164355
image_05160.jpg,104.25042852639334
image_05163.jpg,93.50796048462715
image_05165.jpg,112.71508518081535
image_05170.jpg,110.28473588361825
image_05171.jpg,119.22844733253606
image_05172.jpg,77.04634029675213
image_05173.jpg,110.48161561195118
image_05175.jpg,100.21414038046402
image_05176.jpg,98.5238401294057
image_05177.jpg,112.54709900879706
image_05180.jpg,88.10781342399818
image_05181.jpg,99.10279948927672
image_05183.jpg,94.27027678205413
image_05184.jpg,108.3072712534522
image_05188.jpg,82.23688098300856
image_05189.jpg,112.34805232542635
image_05190.jpg,93.64616116383537
image_05193.jpg,76.22529543084929
image_05195.jpg,105.22470197399
image_05196.jpg,79.62898422151537
image_05197.jpg,107.32716885715294
image_05198.jpg,97.84981370580218
image_05200.jpg,108.14109441932882
image_05201.jpg,87.01375535944138
image_05202.jpg,94.36388517085422
image_05203.jpg,94.7227900834686
image_05205.jpg,110.4231945333016
image_05206.jpg,94.87342347055
image_05207.jpg,109.04349090426521
image_05208.jpg,99.36114904053684
image_05209.jpg,113.11066079107326
image_05210.jpg,127.19482531500773
image_07162.jpg,75.99171002120026
image_07163.jpg,85.29334650013737
image_07164.jpg,90.07173326469211
image_07168.jpg,102.1620034584963
image_07170.jpg,86.70600891394315
image_07172.jpg,84.00854412960582
image_07174.jpg,58.83800881115418
image_07175.jpg,70.1795277994518
image_07176.jpg,80.87792457358456
image_07177.jpg,95.58705668953482
image_07179.jpg,84.65681490257678
image_07182.jpg,85.79349048019539
image_07183.jpg,112.84136374302389
image_07185.jpg,74.35747912790987
image_07186.jpg,68.62657273922002
image_07187.jpg,83.13675044414688
image_07188.jpg,71.78530059297816
image_07189.jpg,98.02053819023122
image_07190.jpg,84.28543961605861
image_07193.jpg,55.533063613164884
image_07197.jpg,97.45182025347316
image_07198.jpg,89.15331169089171
image_07199.jpg,71.3753022706021
image_08107.jpg,58.962832595121974
image_08110.jpg,81.91764617223129
image_07200.jpg,10.595821284551818
image_07201.jpg,10.289838289785285
image_07202.jpg,17.935843996095453
image_07204.jpg,24.893081714113773
image_07205.jpg,16.65520641879368
image_07206.jpg,22.840674857724128
image_07207.jpg,35.633775338394706
image_07208.jpg,6.012833128608368
image_07209.jpg,6.2378662275472845
image_07211.jpg,17.53759924147694
image_07216.jpg,16.618521755174804
image_07217.jpg,16.365816747345868
image_07220.jpg,36.2601409606697
image_07222.jpg,17.89427642564318
image_07223.jpg,21.181958613735286
image_07227.jpg,20.89371955204431
image_07232.jpg,18.021732697945875
image_08099.jpg,29.965147813920407
image_08100.jpg,22.011462224375236
image_08102.jpg,35.32247366352765
image_03284.jpg,56.02144993332443
image_03285.jpg,139.84500033612468
image_03286.jpg,109.41374776542276
image_03287.jpg,45.51788402692317
image_03288.jpg,90.83785867909711
image_03289.jpg,79.21432747751845
image_03290.jpg,100.38583455054388
image_03291.jpg,117.70529915242194
image_03292.jpg,102.60344264636326
image_03293.jpg,98.82250772321129
image_03296.jpg,74.36923723465792
image_03299.jpg,116.03760592290489
image_03300.jpg,125.89783127951463
image_03301.jpg,107.93812990625997
image_03303.jpg,118.68035281753805
image_03304.jpg,105.6645768080376
image_03305.jpg,128.57592190234405
image_03307.jpg,98.55083978882833
image_03308.jpg,119.11016342944606
image_03309.jpg,131.91741724679767
image_03311.jpg,93.28690568945947
image_03312.jpg,104.24240904394618
image_03314.jpg,110.05032183123262
image_03316.jpg,110.10981199922765
image_03317.jpg,91.61101602554422
image_03319.jpg,105.42758122041405
image_03320.jpg,105.11754113100861
image_03321.jpg,87.52566548677473
image_03322.jpg,137.08983149848007
image_03323.jpg,122.99837861665097
image_03324.jpg,98.22296695118989
image_03325.jpg,101.76548648001541
image_03326.jpg,116.5704879406971
image_03328.jpg,113.57192098102185
image_03329.jpg,127.51520298580596
image_03330.jpg,92.68320172965915
image_03331.jpg,139.96838833675866
image_03332.jpg,121.02337230024685
image_03334.jpg,96.4590019758713
image_03335.jpg,141.50583373552084
image_03338.jpg,113.70313584721399
image_03340.jpg,134.85182397844815
image_03341.jpg,171.97482442276484
image_03342.jpg,106.22576223478808
image_03343.jpg,104.42419346871216
image_03344.jpg,71.42375017902717
image_03347.jpg,130.40480794023352
image_03348.jpg,94.69813114404562
image_03349.jpg,90.08265203250915
image_03350.jpg,76.87941817981363
image_03351.jpg,131.43627928286358
image_03352.jpg,115.55455890138796
image_03353.jpg,131.3809858976539
image_03354.jpg,85.15412304347763
image_03355.jpg,102.46566447769078
image_03357.jpg,70.4864644268446
image_03358.jpg,62.33483047580164
image_03359.jpg,102.58229949868185
image_03361.jpg,58.840589661114606
image_03363.jpg,64.24323627949863
image_03364.jpg,85.72229418159358
image_03365.jpg,108.81837237010458
image_03366.jpg,142.4024854817244
image_03367.jpg,103.68522879528466
image_03368.jpg,120.13253778221858
image_06395.jpg,45.008487981061926
image_06396.jpg,53.681776329304796
image_06397.jpg,53.12976771873429
image_06399.jpg,40.00642973051444
image_06401.jpg,43.62752220141745
image_06402.jpg,43.62672030597026
image_06406.jpg,67.51046941060608
image_06407.jpg,62.149349620682216
image_06409.jpg,41.78943836299793
image_06410.jpg,66.76076495378818
image_06412.jpg,46.45530419080533
image_06414.jpg,57.75456763003513
image_06416.jpg,53.27247320192485
image_06417.jpg,46.43119140665425
image_06418.jpg,117.45482605536705
image_06419.jpg,50.156846405525414
image_06421.jpg,59.69486449306855
image_06422.jpg,55.56034646075778
image_06425.jpg,48.57941940121714
image_06426.jpg,54.02338467332862
image_06429.jpg,60.3356316705451
image_06431.jpg,58.69243649854444
image_06433.jpg,46.11678866948107
image_06435.jpg,42.22343112842651
image_06439.jpg,50.7722007745897
image_06440.jpg,56.18815707011094
image_07086.jpg,30.712901793670383
image_07088.jpg,35.09303544898178
image_07089.jpg,38.44574295267944
image_07090.jpg,38.26765077756539
image_07091.jpg,33.04891257668791
image_07092.jpg,24.268930031985043
image_07094.jpg,36.52158321867393
image_07097.jpg,23.84538441612514
image_07100.jpg,19.094016012319987
image_07101.jpg,30.770071700846568
image_07103.jpg,37.197226619461624
image_07105.jpg,23.136794800829314
image_07106.jpg,19.425571504948454
image_07108.jpg,18.55996302477273
image_07109.jpg,41.118073103701946
image_07110.jpg,16.189015328785015
image_07111.jpg,43.956602420077004
image_07115.jpg,41.81244705153815
image_07116.jpg,20.088480011891455
image_07118.jpg,37.77538187408244
image_07119.jpg,36.034839137442674
image_07120.jpg,32.011835346086485
image_07121.jpg,55.247537032196654
image_07122.jpg,22.94193126051467
image_08091.jpg,21.386771766153508
image_03095.jpg,75.88041018109428
image_03096.jpg,89.6198819451892
image_03097.jpg,77.60720630868965
image_03098.jpg,39.83793806826647
image_03099.jpg,42.562048441200844
image_03100.jpg,64.55697821633136
image_03103.jpg,64.12779690739134
image_03105.jpg,112.20815896698221
image_03106.jpg,39.41720750452462
image_03107.jpg,72.92450204625439
image_03108.jpg,62.68954852592049
image_03109.jpg,57.282036917737
image_03110.jpg,51.98391073112508
image_03111.jpg,68.58743383349014
image_03112.jpg,76.25804005809843
image_03113.jpg,36.65521615458788
image_03115.jpg,108.71116042149205
image_03118.jpg,84.27120914772871
image_03120.jpg,114.54852447687426
image_03121.jpg,95.18364026222544
image_03122.jpg,71.847285101446
image_03123.jpg,27.21613025437047
image_03124.jpg,35.06658919511976
image_03125.jpg,79.03169634871503
image_03126.jpg,102.40999833690091
image_03127.jpg,97.88700814002155
image_03129.jpg,87.09724024490531
image_03130.jpg,85.17242836613121
image_03131.jpg,112.10800590053604
image_03133.jpg,56.80210160476525
image_03134.jpg,70.23773606057283
image_03135.jpg,84.30514269433357
image_03136.jpg,130.46248675914165
image_03137.jpg,57.776350970521804
image_03138.jpg,81.28024247377951
image_03139.jpg,30.96274698909743
image_03140.jpg,93.05473173732092
image_03141.jpg,109.73072554862281
image_03143.jpg,80.73825555574024
image_03144.jpg,62.52652891891657
image_03145.jpg,82.95954000650359
image_03146.jpg,100.74111206246094
image_03147.jpg,108.05609234795011
image_03148.jpg,73.17381840296868
image_03149.jpg,65.69126186860268
image_03151.jpg,68.11579532439185
image_03152.jpg,82.06525664273627
image_03153.jpg,93.9770381139106
image_03154.jpg,68.6281084951377
image_03155.jpg,48.996345263826285
image_03158.jpg,47.677609929812824
image_03159.jpg,96.04326081752517
image_03160.jpg,63.2613588671992
image_03161.jpg,64.62403769153121
image_03162.jpg,102.75504263402709
image_03163.jpg,77.36780786382758
image_03167.jpg,77.24006804920327
image_03168.jpg,83.41940962736625
image_03170.jpg,97.55512991070165
image_03173.jpg,76.44220940725171
image_03174.jpg,30.714284025676143
image_03175.jpg,94.26127921839871
image_03176.jpg,32.899673387686036
image_03177.jpg,98.51215142198461
image_03178.jpg,71.25698432419665
image_03179.jpg,62.27955665512802
image_03180.jpg,36.580693826092606
image_03994.jpg,63.703150776109226
image_03995.jpg,98.92014253723687
image_03996.jpg,59.554990850521534
image_03997.jpg,92.45185555090981
image_03998.jpg,74.0264900137105
image_03999.jpg,94.1482970092017
image_04000.jpg,60.18859807695206
image_04001.jpg,97.30400222684551
image_04002.jpg,65.5178510394467
image_04003.jpg,62.117008045560596
image_04004.jpg,87.46121023503878
image_04005.jpg,99.8916062869509
image_04006.jpg,92.35182552356092
image_04007.jpg,92.95547527230123
image_04008.jpg,57.149702951981
image_04010.jpg,74.59908123057855
image_04011.jpg,89.45743979471558
image_04012.jpg,84.37582518286182
image_04013.jpg,81.2688057375047
image_04014.jpg,77.50596486019384
image_04015.jpg,95.6582272993553
image_04016.jpg,78.06189976100164
image_04017.jpg,100.00438565508634
image_04018.jpg,66.51650212379818
image_04021.jpg,76.76895950271543
image_04022.jpg,73.06919115866056
image_04023.jpg,80.37763521737062
image_04024.jpg,101.08597862024982
image_04025.jpg,89.87776061974208
image_04026.jpg,70.65840624243069
image_04028.jpg,91.62763214600463
image_04029.jpg,88.15148894946276
image_04031.jpg,65.78383194609671
image_04034.jpg,63.664946564135356
image_04038.jpg,82.29002006749755
image_04039.jpg,82.55870995236319
image_04040.jpg,95.17546455724667
image_04041.jpg,83.36833679131847
image_04042.jpg,79.69410792291322
image_04043.jpg,89.98582890997541
image_04044.jpg,117.67031553628813
image_04046.jpg,84.6321193804895
image_04047.jpg,117.93528167634125
image_04048.jpg,84.46553110586186
image_04049.jpg,99.5201039277867
image_04050.jpg,96.87386726214945
image_04051.jpg,107.16592503447961
image_04052.jpg,59.81229321564414
image_04053.jpg,73.86677661727236
image_04054.jpg,91.80787168964434
image_04055.jpg,89.60480335051173
image_04060.jpg,99.19796939929637
image_04061.jpg,89.54327846381409
image_04063.jpg,75.95298407835588
image_04064.jpg,85.47419676684544
image_04065.jpg,89.90235269405748
image_04067.jpg,73.12514043013256
image_04068.jpg,81.13487101524443
image_04069.jpg,94.47212148869605
image_04070.jpg,97.98202574417317
image_04071.jpg,82.76561236715821
image_04072.jpg,84.47540000544163
image_04074.jpg,100.31061389346608
image_04077.jpg,88.24876542705951
image_04078.jpg,86.22998848308228
image_04079.jpg,75.7172007512355
image_04080.jpg,82.1863498900642
image_05744.jpg,108.63538071542011
image_05745.jpg,78.20751543482142
image_05747.jpg,72.04649663049125
image_05748.jpg,67.94765263971448
image_05749.jpg,55.96854291422931
image_05750.jpg,73.11181995283457
image_05751.jpg,58.9951275824659
image_05754.jpg,45.57375062615699
image_05756.jpg,49.769050812194905
image_05758.jpg,81.56791218890481
image_05759.jpg,54.851182721845234
image_05760.jpg,52.05907837683186
image_05761.jpg,48.854787454300094
image_05763.jpg,46.93647382765417
image_05764.jpg,37.71369318564087
image_05765.jpg,51.2806019483208
image_05766.jpg,68.01659797143633
image_05769.jpg,67.62215035591274
image_05771.jpg,62.64250346054054
image_05775.jpg,70.92240969332244
image_05776.jpg,53.37654314402786
image_05777.jpg,49.903163615013845
image_05778.jpg,68.65992395911535
image_05780.jpg,55.470306107925346
image_05781.jpg,78.42000093671032
image_05782.jpg,47.216141580984015
image_05784.jpg,73.64150487723346
image_05788.jpg,83.15203415534162
image_05792.jpg,66.75162473299193
image_06050.jpg,34.0849199646883
image_06054.jpg,40.88704456860338
image_06056.jpg,76.43518008450854
image_06062.jpg,60.530847436170376
image_06063.jpg,42.96489796258866
image_06064.jpg,55.03777486620568
image_06067.jpg,50.992276596800856
image_06068.jpg,52.446527753987226
image_06069.jpg,83.13281337231562
image_06071.jpg,33.13224403936616
image_06072.jpg,82.2116355379276
image_06074.jpg,59.53406343336101
image_06077.jpg,47.01662731620287
image_06078.jpg,79.9366353858343
image_06079.jpg,54.30024436644203
image_06080.jpg,53.02892625343868
image_06081.jpg,70.88546212619643
image_06082.jpg,50.93120921129781
image_06084.jpg,42.78206367981264
image_06085.jpg,35.70636082964255
image_06086.jpg,82.38950895411335
image_06088.jpg,50.8640311223523
image_06089.jpg,45.594882896017054
image_06090.jpg,45.17389541992763
image_06091.jpg,74.83106644620513
image_06094.jpg,71.49717008625859
image_06095.jpg,68.00576342548462
image_06096.jpg,46.5567072341824
image_06346.jpg,88.61859795745701
image_06347.jpg,84.8693930815094
image_06351.jpg,82.64834492309896
image_06352.jpg,97.26014214316447
image_06353.jpg,88.29071170553927
image_06355.jpg,87.46316599457732
image_06358.jpg,96.56842158488988
image_06360.jpg,68.39416014654498
image_06361.jpg,78.48466085130161
image_06362.jpg,69.32341674416836
image_06363.jpg,68.70321649757608
image_06365.jpg,81.74094671413049
image_06366.jpg,114.64068136818577
image_06367.jpg,79.8718984494954
image_06369.jpg,78.90476652096791
image_06370.jpg,85.286511055197
image_06371.jpg,80.96403238452382
image_06372.jpg,102.00315361022733
image_06373.jpg,75.21407848640146
image_06374.jpg,105.10042451367416
image_06377.jpg,95.7281574559261
image_06379.jpg,75.9929707216518
image_06380.jpg,80.19373846530189
image_06382.jpg,96.66331627050059
image_06383.jpg,85.7502648161877
image_06385.jpg,75.17216343196064
image_06389.jpg,86.52632595026226
image_06391.jpg,62.234563134251744
image_06394.jpg,79.22128415603407
image_06653.jpg,66.85065373806951
image_06654.jpg,79.24307842685616
image_06655.jpg,86.7385897349786
image_06656.jpg,92.40158731440667
image_06657.jpg,95.22937088736779
image_06658.jpg,94.95161989447965
image_06659.jpg,85.97466496056133
image_06661.jpg,94.96077480284151
image_06664.jpg,71.75201144678837
image_06665.jpg,84.26163507841332
image_06666.jpg,70.3436098178652
image_06670.jpg,61.70387028521026
image_06671.jpg,75.69856418168416
image_06672.jpg,81.57821417128187
image_06673.jpg,64.53380618265672
image_06676.jpg,72.80389310651367
image_06677.jpg,65.66580040933434
image_06683.jpg,77.51432756670168
image_06684.jpg,80.31146137965212
image_06685.jpg,98.53494205581593
image_06687.jpg,70.70216602268047
image_06777.jpg,119.20963773354022
image_06811.jpg,81.45651545423765
image_06801.jpg,116.17096328832984
image_06776.jpg,98.34773521696707
image_06784.jpg,87.5271046562552
image_06813.jpg,114.46006809118086
image_06787.jpg,119.75981733385274
image_06805.jpg,56.799931912510246
image_06779.jpg,77.52178965868204
image_06785.jpg,123.28430326945671
image_06796.jpg,85.82011154481654
image_06782.jpg,107.98714404825992
image_06810.jpg,87.90316377671631
image_06778.jpg,94.1262852066447
image_06793.jpg,98.48668497410289
image_06791.jpg,101.36685159584236
image_06786.jpg,109.47652041830295
image_06807.jpg,77.15393297793116
image_06790.jpg,95.24144083968181
image_06774.jpg,123.93947296580438
image_03828.jpg,54.33108760993795
image_03829.jpg,43.01676297596757
image_03830.jpg,80.8303534227928
image_03831.jpg,53.350020265413775
image_03832.jpg,57.71903737863482
image_03833.jpg,67.40923890432238
image_03834.jpg,64.79853679802724
image_03837.jpg,56.519100807756466
image_03838.jpg,51.44851081465781
image_03839.jpg,28.410861251624794
image_03840.jpg,34.686261511620785
image_03841.jpg,58.083195230628185
image_03842.jpg,78.38312814592061
image_03844.jpg,60.85514095967599
image_03845.jpg,56.18250265083376
image_03846.jpg,72.55909774166219
image_03847.jpg,86.41304812232626
image_03849.jpg,49.476119970500356
image_03850.jpg,65.80142786435006
image_03853.jpg,40.59622841552611
image_03856.jpg,70.41823594034626
image_03857.jpg,85.22832772310812
image_03858.jpg,60.17865193992969
image_03859.jpg,51.69282333423219
image_03861.jpg,44.62435039454823
image_03862.jpg,79.0161055258514
image_03863.jpg,69.4074192747883
image_03865.jpg,63.12533074902797
image_03866.jpg,89.16786275811897
image_03868.jpg,70.85532544475265
image_03869.jpg,66.53073128065549
image_03870.jpg,57.85886145555889
image_03871.jpg,30.057890551602924
image_03872.jpg,54.61008345537638
image_03876.jpg,64.44246346617487
image_03877.jpg,77.72163284869292
image_03878.jpg,62.843061233094105
image_03880.jpg,66.49626748440471
image_03881.jpg,52.724877225610115
image_03882.jpg,85.98446360186769
image_03883.jpg,55.242860894673925
image_03884.jpg,76.91478052646914
image_03885.jpg,55.00537342710476
image_03888.jpg,69.18777689557238
image_03889.jpg,51.71158683537244
image_03890.jpg,64.64090402907007
image_03891.jpg,48.95348374458208
image_03892.jpg,72.92086905980835
image_03893.jpg,85.74630071186407
image_03894.jpg,57.33441697772212
image_03895.jpg,68.42374713259352
image_03896.jpg,82.85536502715297
image_03897.jpg,68.84650380929347
image_03898.jpg,62.58403572468774
image_03899.jpg,74.8513269267383
image_03900.jpg,82.53353405033639
image_03901.jpg,75.62358402763184
image_03902.jpg,42.521564835187235
image_03904.jpg,52.79693005203282
image_03905.jpg,75.15396145583854
image_03906.jpg,74.54470985518348
image_03907.jpg,77.52774357327631
image_03909.jpg,63.975926530433995
image_03910.jpg,80.8522096736132
image_03911.jpg,102.43310727921687
image_04245.jpg,53.82563161256135
image_04247.jpg,65.54564847549406
image_04248.jpg,104.57867689192128
image_04249.jpg,80.94904814224108
image_04250.jpg,67.78240899577695
image_04251.jpg,54.50551036553705
image_04253.jpg,102.26400179394099
image_04254.jpg,121.95857508219383
image_04255.jpg,59.907751177191116
image_04257.jpg,67.96348416108793
image_04259.jpg,108.69466305902918
image_04262.jpg,47.63957043622761
image_04263.jpg,57.49333543453189
image_04264.jpg,46.48911191402375
image_04265.jpg,70.39243028226281
image_04266.jpg,31.263084601368597
image_04268.jpg,19.204130753823605
image_04269.jpg,79.15017379222616
image_04270.jpg,88.0332378010101
image_04271.jpg,76.65543661964138
image_04272.jpg,63.85558752712566
image_04273.jpg,54.290617575943344
image_04274.jpg,23.76113394119603
image_04275.jpg,31.922823619191192
image_04276.jpg,62.34455064250347
image_04277.jpg,49.95885829601641
image_04278.jpg,88.38962377925283
image_04280.jpg,91.02085839329492
image_04281.jpg,74.41039635105173
image_04283.jpg,51.57657173675746
image_04285.jpg,67.66315183955223
image_04286.jpg,57.057106339067495
image_04288.jpg,21.992442870901073
image_04290.jpg,51.95105805345291
image_04291.jpg,17.840752884248005
image_04292.jpg,46.40267542138082
image_04293.jpg,110.06175989359744
image_04294.jpg,108.0378008328769
image_04295.jpg,104.06787898769065
image_04301.jpg,48.7421024673454
image_04302.jpg,36.16157472895788
image_04303.jpg,38.355618691949466
image_04304.jpg,50.78681491908389
image_04305.jpg,44.701788555102894
image_04306.jpg,19.821184008560984
image_04307.jpg,56.530325802493756
image_04308.jpg,92.20093924767764
image_04309.jpg,79.84106745478222
image_04310.jpg,44.51752911234941
image_04311.jpg,17.240606545332614
image_04313.jpg,92.42382044907473
image_04314.jpg,76.85867677141411
image_04315.jpg,69.19337613609717
image_04316.jpg,52.77828358265371
image_04317.jpg,55.95671863511817
image_04318.jpg,32.047080802562434
image_04319.jpg,71.9033442094802
image_04320.jpg,96.72070341608818
image_04321.jpg,92.79490329447182
image_04322.jpg,23.9875358211168
image_04324.jpg,96.73427848257546
image_04325.jpg,84.23317991385528
image_06149.jpg,77.36247321812564
image_06150.jpg,44.44764281745907
image_06151.jpg,28.568603443555773
image_06152.jpg,48.30935057431948
image_06153.jpg,34.02155621962794
image_06154.jpg,10.498073611792984
image_06158.jpg,45.729477245693246
image_06159.jpg,30.96548225743566
image_06160.jpg,12.159750079904782
image_06162.jpg,38.899616846264806
image_06163.jpg,36.20554125808855
image_06164.jpg,60.69957772135215
image_06166.jpg,41.58633144639691
image_06167.jpg,37.43610399973155
image_06168.jpg,45.67288771072006
image_06171.jpg,29.00155846941181
image_06172.jpg,71.4411815771584
image_06173.jpg,39.72589225396071
image_06176.jpg,59.10508153496319
image_06177.jpg,53.09805457849523
image_06178.jpg,34.71659416236463
image_06182.jpg,45.73052806755237
image_06184.jpg,31.916502661310208
image_06187.jpg,44.27706452137821
image_06188.jpg,45.81212068770071
image_06193.jpg,49.039429749467686
image_06194.jpg,42.38287899038431
image_06195.jpg,49.30673530233253
image_06197.jpg,45.37989091837498
image_04898.jpg,31.677681277297637
image_04899.jpg,17.569958976808014
image_04900.jpg,38.831332734582354
image_04901.jpg,22.027245894041084
image_04902.jpg,18.93533691813495
image_04903.jpg,54.22032539584404
image_04906.jpg,27.23617883194418
image_04907.jpg,34.223437036716795
image_04908.jpg,25.789837801940934
image_04909.jpg,45.23261630728863
image_04911.jpg,21.200152398835442
image_04913.jpg,26.27397960318306
image_04914.jpg,25.796253962211658
image_04915.jpg,27.293159458534618
image_04917.jpg,25.134774911221
image_04918.jpg,43.489111118487855
image_04920.jpg,19.267817576380697
image_04921.jpg,29.679724117092537
image_04922.jpg,26.601674075693793
image_04924.jpg,39.6412737027601
image_04926.jpg,17.42308985329054
image_04928.jpg,23.188490184556134
image_04929.jpg,34.39262260957633
image_04930.jpg,29.79652726209076
image_04932.jpg,29.14211595220984
image_04933.jpg,7.981745946019238
image_04934.jpg,18.97147600217847
image_04937.jpg,23.74082077669469
image_04940.jpg,16.11216975346849
image_04941.jpg,19.42366066000094
image_04942.jpg,27.705416339422055
image_04943.jpg,19.42644555963711
image_04946.jpg,19.471824697561765
image_04948.jpg,35.760805260346615
image_04949.jpg,27.72271479385857
image_04951.jpg,19.84147701104754
image_05340.jpg,27.442287459751547
image_05341.jpg,28.18992767450701
image_05342.jpg,37.44076224974849
image_05347.jpg,32.4045435249825
image_05348.jpg,59.389547658015076
image_05349.jpg,35.07844759302375
image_05350.jpg,57.86297360424086
image_05352.jpg,43.66816594704289
image_05353.jpg,29.46803569057881
image_05355.jpg,42.17649851426259
image_05356.jpg,43.42820954158562
image_05357.jpg,44.30404966271435
image_05358.jpg,37.52828479393722
image_05361.jpg,34.14541841153911
image_05363.jpg,40.611349595603706
image_05364.jpg,24.925191617355658
image_05365.jpg,35.36546690502341
image_05368.jpg,42.42985790720647
image_05370.jpg,26.156150268327565
image_05371.jpg,39.37798051904301
image_05372.jpg,30.999052761731974
image_05375.jpg,48.47663511521152
image_05377.jpg,55.70794548450963
image_05378.jpg,35.858114556282686
image_05380.jpg,35.79685321434802
image_05381.jpg,41.56948137492159
image_05382.jpg,31.55786003513287
image_05383.jpg,38.393069518593684
image_05384.jpg,39.13118747368947
image_05385.jpg,36.015715419464634
image_05386.jpg,41.93314763921926
image_05387.jpg,55.72346520909619
image_05390.jpg,41.08187849236574
image_05391.jpg,54.62175235431363
image_05393.jpg,32.79212162946179
image_05394.jpg,37.26279798019478
image_05395.jpg,33.96343837929059
image_05397.jpg,26.18264241971849
image_05398.jpg,40.8374088696237
image_03369.jpg,34.95135721541525
image_03370.jpg,24.654217681149206
image_03372.jpg,29.40893685028116
image_03374.jpg,20.286346828364024
image_03375.jpg,34.95779405970843
image_03376.jpg,45.81787163858361
image_03377.jpg,78.2308651060071
image_03378.jpg,31.03410717659051
image_03379.jpg,45.542079576970586
image_03380.jpg,46.85572892233599
image_03381.jpg,52.569502452462515
image_03382.jpg,33.71325835180688
image_03383.jpg,21.97647128886109
image_03384.jpg,31.305985207903348
image_03385.jpg,38.108828751373764
image_03387.jpg,32.97961669264016
image_03388.jpg,45.83291562518515
image_03389.jpg,29.206644241812764
image_03390.jpg,37.49945537439963
image_03391.jpg,40.4242771001949
image_03393.jpg,44.35374493913079
image_03394.jpg,37.57933042890321
image_03396.jpg,42.473696514927475
image_03397.jpg,63.2019652301892
image_03398.jpg,40.178442661271106
image_03400.jpg,48.34717267502584
image_03401.jpg,45.18255916923164
image_03403.jpg,54.76719230213578
image_03405.jpg,28.48728699312837
image_03407.jpg,79.9008189789493
image_03408.jpg,30.47739458483082
image_03409.jpg,39.77557652829307
image_03410.jpg,48.56418019477307
image_03411.jpg,31.905774332442803
image_03412.jpg,32.687532272180235
image_03413.jpg,38.5647604812573
image_03414.jpg,41.005663542889735
image_03415.jpg,32.63933510818613
image_03416.jpg,41.82302746690965
image_03417.jpg,26.29505714760088
image_03418.jpg,33.538282532133316
image_03419.jpg,31.2377678592891
image_03421.jpg,24.23444198274114
image_03422.jpg,58.08894649093351
image_03423.jpg,57.574252981953265
image_03425.jpg,48.73001211943753
image_03426.jpg,52.03754077895363
image_03428.jpg,30.145407730754833
image_03429.jpg,32.43836736728968
image_03430.jpg,47.692027512093844
image_03431.jpg,33.912696812328505
image_03432.jpg,45.50737580947441
image_03433.jpg,39.47840947367695
image_03434.jpg,53.03407336314844
image_03435.jpg,30.981330356664767
image_03436.jpg,31.45794332166841
image_03437.jpg,25.925201719746767
image_03438.jpg,45.66761859660502
image_03439.jpg,46.82375087503418
image_03444.jpg,30.714763251111982
image_03447.jpg,16.531812183084458
image_03450.jpg,31.217421253695555
image_03451.jpg,52.437468575254044
image_03452.jpg,27.35777602602822
image_03453.jpg,25.0545234869343
image_03454.jpg,38.506661140518645
image_03455.jpg,50.089882749351574
image_03456.jpg,74.42763238985798
image_03457.jpg,45.99669885073216
image_03458.jpg,23.1979044079244
image_03459.jpg,32.02172027737842
image_06815.jpg,58.84721357405918
image_06818.jpg,114.00338616487562
image_06820.jpg,116.16264107969857
image_06821.jpg,92.60201812398728
image_06822.jpg,92.17639196321764
image_06823.jpg,71.46183936157786
image_06826.jpg,93.47847013633309
image_06827.jpg,110.60417777802957
image_06829.jpg,111.64724482208516
image_06830.jpg,110.04222340693711
image_06835.jpg,110.57035823123019
image_06836.jpg,58.62681667856413
image_06837.jpg,122.85856904339566
image_06838.jpg,64.50403283117129
image_06843.jpg,87.60876654726225
image_06844.jpg,104.61340990086057
image_06846.jpg,99.74543736907495
image_06847.jpg,110.27782683765503
image_08049.jpg,80.21527186200643
image_08050.jpg,83.8716675790867
image_08052.jpg,71.0640785617935
image_08053.jpg,56.40554920537632
image_06571.jpg,51.08121869113471
image_06572.jpg,53.36888286313996
image_06575.jpg,45.85630402157655
image_06579.jpg,82.1647268710442
image_06581.jpg,43.87443133493152
image_06583.jpg,56.798953143527356
image_06586.jpg,45.792453986179
image_06588.jpg,68.28623261546579
image_06589.jpg,49.988594342763065
image_06595.jpg,43.551775299659504
image_06596.jpg,73.43446516040885
image_06597.jpg,51.25483309003268
image_06598.jpg,50.357706672026346
image_06600.jpg,41.805641466524804
image_06602.jpg,57.83352667699763
image_06604.jpg,64.51875074377095
image_06606.jpg,55.93798857914878
image_06607.jpg,63.16318418501153
image_06608.jpg,70.4862754310682
image_06609.jpg,38.29050594781793
image_06610.jpg,49.50114281860443
image_06488.jpg,81.89798147055372
image_06489.jpg,102.49863006388664
image_06490.jpg,98.06558336674817
image_06492.jpg,81.08602554170622
image_06493.jpg,94.093532238138
image_06495.jpg,86.08780497289371
image_06496.jpg,114.74345237972003
image_06497.jpg,82.46251376095321
image_06498.jpg,92.0981745921739
image_06499.jpg,90.83055420405843
image_06500.jpg,107.99832236409162
image_06501.jpg,111.84059422602827
image_06502.jpg,98.46079619669818
image_06503.jpg,99.64259258215334
image_06504.jpg,84.33038878350084
image_06507.jpg,96.03861911725235
image_06508.jpg,81.32667739779876
image_06511.jpg,120.753345035979
image_06514.jpg,99.82368228560216
image_06526.jpg,94.29711742030639
image_06527.jpg,109.22560632999986
image_06851.jpg,120.14148918445218
image_06853.jpg,98.56500632231578
image_06862.jpg,114.57932354295303
image_06863.jpg,112.92491791866392
image_06864.jpg,99.26824753533452
image_06866.jpg,116.17724438917824
image_06868.jpg,92.45416822137457
image_06871.jpg,118.66532815369625
image_06874.jpg,105.66500801582438
image_06875.jpg,88.00139825675825
image_06876.jpg,120.46581768340022
image_06877.jpg,112.64742001484049
image_06879.jpg,106.60888239170825
image_06880.jpg,86.56772075240525
image_06881.jpg,105.21624204248687
image_06882.jpg,112.22053517870029
image_06884.jpg,102.66325943443282
image_06887.jpg,114.37574284568223
image_06888.jpg,64.20427101387581
image_06889.jpg,104.85319595275246
image_05212.jpg,69.51029597190956
image_05213.jpg,123.68053556468647
image_05214.jpg,86.95802530649412
image_05215.jpg,49.114422615521676
image_05216.jpg,30.19692230906775
image_05217.jpg,73.85738199561595
image_05218.jpg,72.43877130086679
image_05219.jpg,60.18567972866103
image_05220.jpg,50.63472068962601
image_05222.jpg,63.88336329795972
image_05223.jpg,19.343842983119572
image_05225.jpg,57.38127845402269
image_05227.jpg,51.22957825612203
image_05228.jpg,97.70504013562457
image_05229.jpg,59.96477146820044
image_05231.jpg,96.06778811016544
image_05236.jpg,58.46462982175106
image_05237.jpg,50.65611588650975
image_05238.jpg,128.10103362729654
image_05239.jpg,86.02103988240273
image_05241.jpg,65.70818503370172
image_05244.jpg,53.30879031917469
image_05245.jpg,69.40122061855028
image_05246.jpg,57.8217192768502
image_05247.jpg,12.084331988838885
image_05248.jpg,79.82237212764306
image_05249.jpg,89.95311120830914
image_05250.jpg,95.89662087352937
image_05251.jpg,80.20874089457809
image_05252.jpg,29.3840138403462
image_05253.jpg,75.33610796189254
image_05254.jpg,61.069294443502926
image_05255.jpg,61.92516534889272
image_05257.jpg,63.95510362007607
image_05258.jpg,85.25590317935674
image_05262.jpg,69.88770278907602
image_05263.jpg,75.76236027860814
image_05264.jpg,75.5169865391967
image_05267.jpg,49.75256194054133
image_05269.jpg,93.54611587914232
image_05270.jpg,87.26788117981769
image_05271.jpg,21.165978721107084
image_05273.jpg,69.57487635468047
image_05274.jpg,56.77881607750999
image_05275.jpg,65.45243054968604
image_05277.jpg,63.74429821845758
image_04081.jpg,48.27184629980562
image_04082.jpg,101.57465295770514
image_04083.jpg,58.97246734286134
image_04084.jpg,66.94988501283858
image_04085.jpg,47.136064740151774
image_04086.jpg,66.22186432259885
image_04087.jpg,56.272059889661776
image_04090.jpg,30.16837362980116
image_04091.jpg,55.55725087971817
image_04092.jpg,26.109241609596303
image_04093.jpg,46.62499476662542
image_04096.jpg,61.603583841539105
image_04097.jpg,52.24163959913592
image_04098.jpg,46.72129022667232
image_04099.jpg,56.1269432463236
image_04101.jpg,44.66867804877212
image_04102.jpg,49.86287024396066
image_04104.jpg,75.29489107803685
image_04106.jpg,71.16479807426542
image_04108.jpg,59.105411848559996
image_04109.jpg,66.75546558686223
image_04111.jpg,51.132737963699874
image_04112.jpg,45.164854813937936
image_04114.jpg,51.498439292664976
image_04115.jpg,59.73290750294954
image_04117.jpg,65.19683122101054
image_04118.jpg,42.12376192973519
image_04119.jpg,55.730917816758165
image_04120.jpg,44.33401865880121
image_04121.jpg,56.76431314126203
image_04122.jpg,32.16737294954279
image_04124.jpg,56.1718653767018
image_04125.jpg,50.43367220819894
image_04126.jpg,50.24274488320565
image_04130.jpg,41.302228159969005
image_04131.jpg,42.29204751688151
image_04132.jpg,63.54997874028861
image_04133.jpg,46.12723356377333
image_04135.jpg,42.5152930508021
image_04136.jpg,48.580398021386415
image_04137.jpg,37.53574398111552
image_04138.jpg,45.059655542288
image_04140.jpg,60.933306536687276
image_04141.jpg,51.684913643317316
image_04143.jpg,49.407820002577665
image_04144.jpg,50.41459144638964
image_04145.jpg,25.007683736976745
image_04146.jpg,33.33446857141712
image_04147.jpg,81.9077621769628
image_04148.jpg,51.87747213598571
image_04149.jpg,44.57031154985732
image_04150.jpg,56.751933136235195
image_04151.jpg,42.13337226252824
image_04154.jpg,40.88283029980019
image_04155.jpg,35.09051922986123
image_04156.jpg,80.64622809564932
image_04157.jpg,46.95522026097028
image_04158.jpg,51.38917021980622
image_03460.jpg,111.53777477080426
image_03461.jpg,38.49274597040396
image_03462.jpg,82.66993402412952
image_03463.jpg,102.10940445581429
image_03466.jpg,86.58292380406341
image_03467.jpg,103.9625484223205
image_03468.jpg,102.29872740248557
image_03470.jpg,22.497571462560334
image_03472.jpg,18.677294658068693
image_03474.jpg,60.84533051721064
image_03475.jpg,51.99972289678208
image_03476.jpg,112.68020296343838
image_03477.jpg,79.53002570468652
image_03479.jpg,58.92135648473314
image_03481.jpg,116.49858965451179
image_03482.jpg,109.62152382759278
image_03485.jpg,36.324776628391646
image_03486.jpg,68.3796111030046
image_03487.jpg,81.80809215634133
image_03490.jpg,99.38578812294665
image_03491.jpg,97.27599224439783
image_03492.jpg,106.25781688447992
image_03493.jpg,73.65774063772855
image_03494.jpg,87.61617968240803
image_03495.jpg,61.24146300832267
image_03496.jpg,64.19960743713736
image_03497.jpg,107.85205291822442
image_03498.jpg,32.58061429878468
image_03499.jpg,43.288376687669526
image_03500.jpg,33.36867464741243
image_03502.jpg,84.75785972526391
image_03503.jpg,75.07369997163747
image_03504.jpg,87.19717660521366
image_03506.jpg,54.424091907161255
image_03507.jpg,66.68625084568306
image_03509.jpg,59.69709443502002
image_03511.jpg,66.81505116138241
image_03512.jpg,65.06370460785001
image_03513.jpg,54.108645779712575
image_03514.jpg,113.79939208977692
image_03515.jpg,119.87711778311352
image_03516.jpg,77.98012845775114
image_03517.jpg,78.79825860360033
image_03519.jpg,52.25895978020653
image_03520.jpg,72.37246775797865
image_03522.jpg,72.73728377348239
image_03523.jpg,94.62182542171362
image_03525.jpg,108.03586524768656
image_03526.jpg,113.07947454013083
image_03527.jpg,89.42071652600738
image_03529.jpg,85.9664568009339
image_03530.jpg,55.22075230875082
image_03531.jpg,60.52295280322212
image_03532.jpg,63.290643283984
image_03533.jpg,42.00418506750317
image_03534.jpg,35.892079254427685
image_03535.jpg,32.758335641682116
image_03536.jpg,55.685957336582156
image_03537.jpg,68.4086815883094
image_03539.jpg,92.96762639808091
image_03540.jpg,78.09091446284964
image_03541.jpg,91.85703058872377
image_03542.jpg,106.81562684007406
image_03543.jpg,95.72518141761984
image_03544.jpg,98.3764063063492
image_06890.jpg,38.36069884710238
image_06891.jpg,115.1413079839581
image_06895.jpg,103.04641060683707
image_06896.jpg,34.690755677103255
image_06897.jpg,27.394854830815497
image_06898.jpg,87.67029107230462
image_06899.jpg,48.92650644477655
image_06900.jpg,52.761585187913525
image_06901.jpg,60.414652255848466
image_06903.jpg,18.518384114911996
image_06905.jpg,54.608534891995824
image_06908.jpg,79.01261273138829
image_06914.jpg,52.708872333983585
image_06915.jpg,37.70494405819307
image_06916.jpg,18.05611897297944
image_06918.jpg,35.52511000708067
image_06919.jpg,28.871595409531913
image_06920.jpg,78.79679851884472
image_06921.jpg,106.39206045057344
image_06923.jpg,100.0345724992653
image_06924.jpg,64.11509725835793
image_06925.jpg,70.68786445715176
image_06926.jpg,47.562646160238444
image_06927.jpg,50.265585165608115
image_06928.jpg,62.67765440292403
image_08066.jpg,57.267186243412624
image_08067.jpg,47.67973847943216
image_08068.jpg,52.99534292703483
image_08070.jpg,49.157115638341345
image_08071.jpg,54.394816560630225
image_08072.jpg,49.00289243168038
image_08073.jpg,84.94954086014565
image_05584.jpg,28.94846819537083
image_05586.jpg,49.37975288399892
image_05587.jpg,36.04957140924655
image_05591.jpg,100.13073675593276
image_05594.jpg,76.34330270503949
image_05596.jpg,54.9130250974941
image_05597.jpg,66.1183904328435
image_05602.jpg,39.075953533820325
image_05604.jpg,80.99768298676992
image_05605.jpg,73.79243110179036
image_05606.jpg,70.32561145123046
image_05607.jpg,41.59754466912927
image_05610.jpg,108.59027927282666
image_05611.jpg,13.959319564569267
image_05613.jpg,25.29367133362901
image_05614.jpg,98.54030287437942
image_05615.jpg,18.955972683444294
image_05617.jpg,43.752878491242114
image_05618.jpg,46.180605353295405
image_05620.jpg,89.01695082569663
image_05623.jpg,17.3595461920648
image_05624.jpg,65.40652295222719
image_05626.jpg,49.66532044142066
image_05627.jpg,81.40858879340638
image_05628.jpg,121.78749800254045
image_06444.jpg,25.45601162149509
image_06447.jpg,48.87612520406367
image_06448.jpg,64.19437102196673
image_06452.jpg,46.30274490064905
image_06455.jpg,36.575179137067046
image_06457.jpg,40.32586166100635
image_06458.jpg,47.59108781855914
image_06461.jpg,11.805888921878442
image_06462.jpg,65.07050198631245
image_06463.jpg,39.075003214388985
image_06464.jpg,50.30988512200134
image_06466.jpg,28.516616885235536
image_06470.jpg,58.43019809920036
image_06471.jpg,56.87237095713228
image_06472.jpg,36.51583480417428
image_06473.jpg,61.00093010084096
image_06475.jpg,28.418017430418796
image_06476.jpg,40.32872324030328
image_06477.jpg,24.772539871970384
image_06478.jpg,58.94278486485287
image_06479.jpg,27.729848356636438
image_06482.jpg,33.531437175204104
image_06483.jpg,65.80773977203623
image_06484.jpg,34.43692635709618
image_06485.jpg,54.40416628094051
image_06486.jpg,63.75794533793992
image_06929.jpg,58.07270674079989
image_06930.jpg,72.63553503499956
image_06932.jpg,65.05009717982479
image_06933.jpg,25.60525695514839
image_06935.jpg,100.66398367982936
image_06938.jpg,41.72713272168758
image_06944.jpg,97.8537913639287
image_06949.jpg,97.02124605200066
image_06951.jpg,69.58096827323938
image_06952.jpg,123.45258924451244
image_06953.jpg,78.29894341988373
image_06954.jpg,128.29789844278372
image_06957.jpg,61.85328107276088
image_06959.jpg,47.338472847997366
image_06960.jpg,41.942480348591076
image_06961.jpg,70.43949176734307
image_06963.jpg,40.06602897504965
image_06965.jpg,76.83339717055765
image_06967.jpg,27.768060323775043
image_06968.jpg,49.49136444396484
image_06969.jpg,26.42947555815023
image_06970.jpg,27.468848148713878
image_06974.jpg,31.947137162601685
image_06975.jpg,15.66307604941928
image_06976.jpg,48.184144861492605
image_06977.jpg,31.14604211566977
image_06978.jpg,20.199020532767353
image_06986.jpg,36.62968364272397
image_06987.jpg,45.69974533855694
image_06988.jpg,31.937678364535508
image_06990.jpg,35.8069688428034
image_06991.jpg,27.17854658465312
image_06992.jpg,24.736867299498268
image_06993.jpg,22.761220270798265
image_06995.jpg,37.328875908045084
image_06997.jpg,24.572077241604376
image_06998.jpg,20.74612098157177
image_06999.jpg,20.69263894207324
image_07001.jpg,27.65639814537446
image_07004.jpg,30.748528506034088
image_07005.jpg,27.840960801431034
image_08084.jpg,34.78370017078836
image_08085.jpg,22.553580165850633
image_04326.jpg,53.53694518986349
image_04328.jpg,76.80904533801495
image_04330.jpg,38.30398116229586
image_04332.jpg,38.999148440195
image_04334.jpg,79.42146777662053
image_04335.jpg,56.75810986164457
image_04336.jpg,48.73635408653505
image_04339.jpg,80.4839158324301
image_04340.jpg,29.428658080489413
image_04342.jpg,62.37763770869434
image_04343.jpg,57.24909513507261
image_04344.jpg,56.297298454416946
image_04345.jpg,44.633490144536644
image_04346.jpg,56.22311220935913
image_04348.jpg,25.165670086145475
image_04349.jpg,57.58787369528049
image_04351.jpg,23.90867518513342
image_04352.jpg,44.130463028981055
image_04353.jpg,22.12310171854466
image_04354.jpg,16.617727987086845
image_04355.jpg,23.885085226223985
image_04359.jpg,23.324351491138607
image_04360.jpg,21.51293904255536
image_04362.jpg,27.2742367453474
image_04363.jpg,30.307974935654435
image_04364.jpg,27.215547382623377
image_04365.jpg,27.898660122555423
image_04367.jpg,61.93923235016457
image_04368.jpg,72.42831362011893
image_04370.jpg,35.23470212394372
image_04371.jpg,26.180481087196714
image_04372.jpg,19.487361861106983
image_04373.jpg,25.35053792503985
image_04375.jpg,44.72655559515745
image_04376.jpg,102.37934799536438
image_04377.jpg,16.693977170324693
image_04378.jpg,27.692122791296082
image_04379.jpg,33.27318776966657
image_04380.jpg,26.184008202152775
image_04381.jpg,34.10561292329611
image_04382.jpg,22.73140962139566
image_04383.jpg,24.050567579427906
image_04384.jpg,22.324195364411004
image_04385.jpg,36.78375613166466
image_04386.jpg,24.743159973542237
image_04387.jpg,30.53044935790691
image_04389.jpg,10.301628263778188
image_04390.jpg,64.02827955795284
image_04391.jpg,87.01141491669873
image_04393.jpg,35.18770263017903
image_04394.jpg,27.940604340534694
image_04396.jpg,18.96275385978732
image_04397.jpg,31.657896322336374
image_04398.jpg,27.101768795606205
image_04399.jpg,25.78745832911671
image_03734.jpg,52.17751023410527
image_03735.jpg,81.01638052128575
image_03736.jpg,63.90373909701607
image_03737.jpg,60.737354053930474
image_03739.jpg,79.5556339135785
image_03740.jpg,30.801577193970157
image_03741.jpg,30.083567070812244
image_03742.jpg,31.954987828602803
image_03743.jpg,30.28086647023783
image_03745.jpg,33.5136653873792
image_03746.jpg,34.692199467365526
image_03747.jpg,33.995504259505765
image_03748.jpg,35.31539734941563
image_03749.jpg,31.079743285482337
image_03750.jpg,29.723447716571698
image_03751.jpg,29.163313246084805
image_03752.jpg,31.489494877080954
image_03753.jpg,29.13531445500702
image_03754.jpg,44.97716441624246
image_03755.jpg,45.935368827107816
image_03756.jpg,43.54295952381412
image_03757.jpg,48.7764471385894
image_03758.jpg,28.633690951441768
image_03759.jpg,40.484032570929976
image_03760.jpg,39.000942565290025
image_03762.jpg,29.5928694984811
image_03763.jpg,54.496182210129334
image_03764.jpg,37.8413930936407
image_03765.jpg,32.63226916921117
image_03766.jpg,28.168320430524304
image_03767.jpg,28.951098302562023
image_03768.jpg,34.408852204700125
image_03771.jpg,34.63550307893605
image_03772.jpg,31.982175849659782
image_03773.jpg,38.43420836353714
image_03774.jpg,50.05256255812319
image_03775.jpg,35.89735277187231
image_03776.jpg,31.150308659520018
image_03777.jpg,31.04710591460737
image_03778.jpg,35.286274382660125
image_03779.jpg,32.672730397642816
image_03781.jpg,35.8648190478124
image_03782.jpg,37.67219137872817
image_03784.jpg,33.54309548439887
image_03785.jpg,40.31396947329052
image_03786.jpg,37.822449114586966
image_03788.jpg,38.136493359018516
image_03790.jpg,35.63170014631249
image_03792.jpg,37.736091176231184
image_03793.jpg,29.801732951280144
image_03794.jpg,38.40077518449441
image_03795.jpg,32.92202242143314
image_03796.jpg,48.479911191343206
image_03797.jpg,40.83158899729127
image_03798.jpg,38.497018092934965
image_03800.jpg,44.202773629148076
image_03801.jpg,37.60792192267366
image_03803.jpg,32.38736068971002
image_03804.jpg,34.11887174254634
image_03805.jpg,39.735869090672125
image_03806.jpg,31.917385113806354
image_03807.jpg,33.7581594945591
image_03808.jpg,33.41486821074048
image_03809.jpg,37.786666570531025
image_03810.jpg,52.975256967337586
image_03812.jpg,33.69501740364336
image_03813.jpg,31.20855700442595
image_03815.jpg,31.51377520632648
image_03816.jpg,31.07326781554146
image_03817.jpg,35.029502450831885
image_03818.jpg,33.9491143640892
image_03819.jpg,35.52207964792444
image_03820.jpg,37.355215161857636
image_03823.jpg,31.700198207355285
image_03824.jpg,34.22060360348855
image_03825.jpg,38.14959869867128
image_03826.jpg,40.56398516104813
image_03827.jpg,40.67943791930354
image_07286.jpg,28.75120043731927
image_07287.jpg,44.331857260741785
image_07289.jpg,28.952349906473344
image_07291.jpg,34.12174674335208
image_07292.jpg,34.65235219543682
image_07293.jpg,28.57719800008332
image_07295.jpg,30.93715083211638
image_07296.jpg,29.36065156239116
image_07297.jpg,33.65348449130906
image_07298.jpg,43.50857386946798
image_05793.jpg,29.511634968592823
image_05795.jpg,44.61547302360029
image_05799.jpg,32.846152816646466
image_05801.jpg,45.731698798640416
image_05802.jpg,39.96602994279502
image_05803.jpg,53.81309401713591
image_05804.jpg,23.105422590357016
image_05806.jpg,25.865075656920837
image_05807.jpg,26.18278835383406
image_05808.jpg,35.73630829241964
image_05810.jpg,31.597193762574896
image_05811.jpg,55.64126923597902
image_05812.jpg,42.19956557893677
image_05813.jpg,16.85250532160984
image_05816.jpg,26.295747418312423
image_05817.jpg,56.55014352750142
image_05818.jpg,19.909371030743724
image_05820.jpg,23.610378795969268
image_05821.jpg,56.2160616282303
image_05822.jpg,19.0862721896358
image_05825.jpg,71.16738124305263
image_05826.jpg,21.282238257394564
image_05827.jpg,81.42767428296534
image_05830.jpg,27.43347958772722
image_05831.jpg,29.016058401153188
image_05835.jpg,46.47209894196959
image_05836.jpg,27.28942026479985
image_05837.jpg,34.604987385025154
image_05838.jpg,26.279879091405434
image_05840.jpg,30.663141546090408
image_05841.jpg,27.736207182444858
image_05843.jpg,15.957313962977848
image_05844.jpg,18.188761763801903
image_05846.jpg,27.021137883668914
image_05847.jpg,31.878164482179454
image_05848.jpg,14.112577490232765
image_07007.jpg,76.40753725634332
image_07009.jpg,65.02211825599149
image_07014.jpg,33.82520061311983
image_07016.jpg,61.43489974769217
image_07017.jpg,27.455969324956328
image_07018.jpg,48.65058528468505
image_07020.jpg,44.171509743247775
image_07021.jpg,51.86510819037994
image_07022.jpg,66.94584910946432
image_07024.jpg,31.97003866003653
image_07027.jpg,67.24812881988728
image_07031.jpg,86.24824342217019
image_07034.jpg,25.735219507576446
image_07036.jpg,44.504427755554666
image_07037.jpg,54.99582061426045
image_07038.jpg,30.90443115718612
image_07040.jpg,59.17854679878609
image_07042.jpg,87.96183573209754
image_07044.jpg,56.725237507335784
image_08080.jpg,55.86963832082097
image_08081.jpg,58.23941388923217
image_04561.jpg,83.76816584750183
image_04562.jpg,51.42806663694633
image_04564.jpg,61.48487593920939
image_04565.jpg,84.6880334838593
image_04569.jpg,57.031488698078476
image_04574.jpg,115.8599961592837
image_04575.jpg,42.44675203882957
image_04576.jpg,50.09686832808595
image_04577.jpg,42.386700135221325
image_04578.jpg,51.53460311573955
image_04579.jpg,49.93082788365612
image_04580.jpg,49.43456786404211
image_04584.jpg,35.524555556400514
image_04585.jpg,56.859377729946495
image_04587.jpg,51.959419531850436
image_04588.jpg,56.31861147114385
image_04589.jpg,57.597974442255904
image_04590.jpg,68.54142883082439
image_04591.jpg,69.14702576083444
image_04592.jpg,53.293928526173815
image_04593.jpg,35.07473754540043
image_04594.jpg,39.59714970784231
image_04595.jpg,31.396358573828095
image_04596.jpg,49.911013595897046
image_04597.jpg,54.326915078805
image_04598.jpg,47.68464421726544
image_04599.jpg,42.62494115121935
image_04600.jpg,53.10019107166741
image_04601.jpg,51.25640362308437
image_04602.jpg,49.5928519016549
image_04604.jpg,63.27477250286948
image_04606.jpg,58.625275060010516
image_04607.jpg,53.340844420864016
image_04609.jpg,28.931313202845764
image_04610.jpg,63.367231622124564
image_04611.jpg,28.2672978925795
image_04612.jpg,61.91186379939236
image_04613.jpg,41.149623465783435
image_04615.jpg,40.681008128338895
image_04617.jpg,38.12289996315072
image_04618.jpg,52.998381584434114
image_04619.jpg,41.61812832798745
image_04620.jpg,95.8135490825282
image_04621.jpg,48.42092822725859
image_04622.jpg,44.14844590062863
image_04623.jpg,59.79574495630182
image_04624.jpg,62.02271126197924
image_02189.jpg,105.97553126844693
image_02190.jpg,100.29473163682123
image_02192.jpg,94.33591703450566
image_02193.jpg,46.618686674068016
image_02194.jpg,118.98291723592462
image_02195.jpg,73.37450134041532
image_02196.jpg,70.75422282230059
image_02198.jpg,105.67390615561871
image_02199.jpg,96.42888140091164
image_02200.jpg,41.31099906780214
image_02202.jpg,91.10394453286634
image_02203.jpg,97.09802200583633
image_02206.jpg,94.03142962963918
image_02207.jpg,92.10331441245134
image_02208.jpg,108.95689039868877
image_02210.jpg,108.38798978112979
image_02212.jpg,94.06613304001922
image_02213.jpg,77.84026758362587
image_02214.jpg,81.62764304168488
image_02216.jpg,34.33539888715273
image_02217.jpg,66.21527128333251
image_02218.jpg,10.877825707198951
image_02219.jpg,79.31105570211878
image_02220.jpg,104.71150409763402
image_02221.jpg,54.29701327194339
image_02222.jpg,54.73215404851608
image_02223.jpg,61.88202896585568
image_02224.jpg,85.3758330056776
image_02225.jpg,116.41285203738175
image_02226.jpg,45.13466024102337
image_02228.jpg,97.35216895103581
image_02229.jpg,98.00939578882276
image_02230.jpg,82.11698378615407
image_02232.jpg,37.43107219838697
image_02233.jpg,29.53536721816339
image_02234.jpg,41.083521221134546
image_02235.jpg,33.58959306321726
image_02236.jpg,42.613701044324195
image_02237.jpg,34.75184482131936
image_02238.jpg,66.21048829399791
image_02240.jpg,51.876206592533364
image_02241.jpg,53.791171942735566
image_02243.jpg,110.77734352088282
image_02244.jpg,99.84191531601121
image_02245.jpg,90.85642628756253
image_02246.jpg,70.15659211059159
image_02247.jpg,72.41360304494594
image_02248.jpg,74.50003354020144
image_02249.jpg,93.40782649412647
image_02251.jpg,76.61700978875506
image_02252.jpg,82.60649649055924
image_02253.jpg,34.91930591063263
image_02254.jpg,56.00575917663646
image_02255.jpg,58.9151340452268
image_02256.jpg,59.909191339911175
image_02258.jpg,86.58531895713338
image_02260.jpg,85.92723876006254
image_02261.jpg,95.82822639746621
image_02262.jpg,78.52851148975162
image_02263.jpg,85.69201570484343
image_02264.jpg,65.22152506158514
image_02265.jpg,87.80682061278439
image_02266.jpg,72.38395657785233
image_02267.jpg,90.99231030173226
image_02268.jpg,96.24771907590267
image_02269.jpg,93.25647293577593
image_02270.jpg,74.58871216076261
image_02271.jpg,102.54563563475364
image_02272.jpg,92.00493717907514
image_02273.jpg,105.87891048353868
image_02274.jpg,102.01415686552215
image_02276.jpg,84.38333186782177
image_02278.jpg,108.92499016671128
image_02280.jpg,83.64731506926833
image_02281.jpg,87.21144680344949
image_02282.jpg,96.6690815774875
image_02283.jpg,69.5100102997903
image_02284.jpg,101.97998657107262
image_02285.jpg,93.84921428419193
image_02286.jpg,63.618001358293654
image_02287.jpg,87.27606549300421
image_02288.jpg,69.31691594287486
image_02289.jpg,78.50381808039793
image_02290.jpg,85.26010786205491
image_02291.jpg,40.61027498197956
image_02292.jpg,93.58496912649625
image_02293.jpg,76.5740483077521
image_02294.jpg,81.88610330643016
image_02295.jpg,77.92125751830068
image_02296.jpg,59.0790281603444
image_02297.jpg,56.170813770823074
image_02298.jpg,50.644484422127405
image_02299.jpg,60.12209515679425
image_02300.jpg,56.57004404280151
image_02301.jpg,86.76707816237982
image_02302.jpg,66.79245452752427
image_02303.jpg,102.75379667462852
image_02304.jpg,84.9102170316509
image_02305.jpg,87.24843500096546
image_02306.jpg,33.551767957715064
image_02308.jpg,121.84602153059518
image_02309.jpg,87.97356793664878
image_02311.jpg,83.12439647446755
image_02312.jpg,104.58420033144404
image_02313.jpg,48.643077537736175
image_02314.jpg,91.02604988261774
image_02315.jpg,92.13169444301545
image_05686.jpg,80.11450161072287
image_05687.jpg,90.14921306740047
image_05688.jpg,81.44859359328872
image_05690.jpg,111.80743419676318
image_05692.jpg,60.61246905494593
image_05693.jpg,70.43039811868104
image_05695.jpg,91.31115753227503
image_05696.jpg,99.52691117449226
image_05697.jpg,72.30073415810003
image_05700.jpg,81.93519333046005
image_05701.jpg,80.78651169660944
image_05702.jpg,64.02785856710383
image_05703.jpg,84.60119645051054
image_05704.jpg,71.30828375041274
image_05705.jpg,92.21067848652672
image_05706.jpg,82.56013778435778
image_05707.jpg,89.10103704074919
image_05708.jpg,90.56028348357334
image_05710.jpg,77.46300901934154
image_05712.jpg,90.97748680272016
image_05713.jpg,70.0353172893254
image_05714.jpg,61.388412982581556
image_05715.jpg,74.85743509961516
image_05716.jpg,72.5724743111344
image_05717.jpg,96.91058125812496
image_05723.jpg,69.76509045223156
image_05725.jpg,97.05399109472951
image_05726.jpg,94.1734961016034
image_05729.jpg,80.55756985817379
image_05732.jpg,81.74106679223607
image_05733.jpg,73.02606741556144
image_05734.jpg,96.78486228046103
image_05735.jpg,89.86336412227708
image_05736.jpg,96.55875386283411
image_05737.jpg,126.67115815475606
image_05738.jpg,70.90678192076584
image_05739.jpg,78.77684291619678
image_05742.jpg,87.23475625820024
image_05743.jpg,105.24890715125912
image_02316.jpg,55.65622906107983
image_02317.jpg,51.0326246058827
image_02318.jpg,76.05827120651936
image_02319.jpg,68.26594243185133
image_02320.jpg,76.7838593667628
image_02321.jpg,11.775030700851612
image_02322.jpg,71.93969095132209
image_02323.jpg,95.11655734836788
image_02324.jpg,47.798040883577286
image_02325.jpg,49.369627041082225
image_02328.jpg,38.3244014784749
image_02329.jpg,83.30834048579928
image_02330.jpg,55.059502389523445
image_02331.jpg,48.90734257114299
image_02332.jpg,96.59471054790177
image_02333.jpg,110.97570160365207
image_02335.jpg,55.94544136553317
image_02336.jpg,66.74651438322262
image_02337.jpg,85.54867350299554
image_02338.jpg,29.387401675073985
image_02339.jpg,40.07655843621278
image_02341.jpg,13.759540940709982
image_02342.jpg,68.54366274219757
image_02343.jpg,56.33359490739529
image_02344.jpg,87.8174937559816
image_02345.jpg,40.47491087109762
image_02346.jpg,24.17105530356754
image_02347.jpg,58.942615964316715
image_02348.jpg,131.49493548507576
image_02349.jpg,71.35798199551768
image_02351.jpg,94.42472681969838
image_02352.jpg,64.05098794376411
image_02355.jpg,67.614905627228
image_02356.jpg,75.87796055280923
image_02358.jpg,100.23934626296617
image_02359.jpg,83.54986608218319
image_02360.jpg,61.3511567005802
image_02362.jpg,64.07700122350099
image_02363.jpg,55.81796555905943
image_02364.jpg,90.13869027697996
image_02365.jpg,82.2642405837561
image_02366.jpg,53.49267181797913
image_02367.jpg,84.03996204973008
image_02368.jpg,61.06266471845251
image_02369.jpg,81.40420070209069
image_02370.jpg,92.61734885183762
image_02371.jpg,92.4435969254703
image_02372.jpg,107.39036496140102
image_02374.jpg,71.55331392730396
image_02376.jpg,83.0096558858973
image_02377.jpg,79.0875852835956
image_02379.jpg,82.62997482317516
image_02380.jpg,95.93166148329756
image_02381.jpg,62.280227613437475
image_02382.jpg,50.30789529327244
image_02383.jpg,34.528598756463815
image_02384.jpg,60.13588286284314
image_02385.jpg,92.07947543969078
image_02387.jpg,81.70420340087627
image_02388.jpg,79.8502029191395
image_02389.jpg,85.33741219329565
image_02390.jpg,51.05551705355779
image_02391.jpg,43.59059480171274
image_02392.jpg,71.55289717992308
image_02393.jpg,20.65833596260626
image_02394.jpg,54.05507152959741
image_02395.jpg,105.16554737103775
image_02396.jpg,83.7084340861995
image_02397.jpg,59.341142185861244
image_02399.jpg,98.59514139557609
image_02401.jpg,82.11845797616883
image_02402.jpg,70.82790158596897
image_02403.jpg,65.0053684407528
image_02405.jpg,108.90303047502204
image_02406.jpg,99.11269976647489
image_02407.jpg,91.98635327932553
image_02409.jpg,19.83843339322406
image_02410.jpg,63.399067691892895
image_02411.jpg,106.48520878834893
image_02412.jpg,98.97338843166037
image_02413.jpg,46.34140138337464
image_02414.jpg,62.262119407572285
image_02415.jpg,89.53154721776252
image_02416.jpg,68.29450315048759
image_02417.jpg,55.590718279197375
image_02418.jpg,88.69433465995348
image_02419.jpg,42.097934959894694
image_02422.jpg,36.58537030804464
image_02423.jpg,86.15778046033363
image_02424.jpg,60.12253791009269
image_02425.jpg,77.94754505685427
image_02426.jpg,79.65109213977286
image_02427.jpg,81.38488283910337
image_02428.jpg,53.206147075391655
image_02429.jpg,75.38388523101722
image_02430.jpg,74.48314692639633
image_02431.jpg,72.99049773785268
image_02432.jpg,35.300288665219995
image_02433.jpg,101.81306806750987
image_02434.jpg,72.46905654827253
image_02435.jpg,78.17943704806038
image_02436.jpg,74.5966798163459
image_02437.jpg,113.81176496148993
image_02438.jpg,84.13648164835463
image_02439.jpg,102.01703069310949
image_02440.jpg,78.19706666711284
image_02441.jpg,93.05581292488432
image_02442.jpg,57.960000350372376
image_02443.jpg,78.7007127360346
image_02444.jpg,60.77871108397271
image_01491.jpg,80.27053563416715
image_01492.jpg,90.30935272193594
image_01493.jpg,63.699444595692334
image_01494.jpg,95.24146233344206
image_01495.jpg,110.3910026987123
image_01496.jpg,91.06864013742907
image_01497.jpg,119.81478646958472
image_01499.jpg,18.867198354852945
image_01501.jpg,128.53348760128196
image_01502.jpg,80.0334561657414
image_01503.jpg,65.36734567649592
image_01504.jpg,81.18396891253121
image_01505.jpg,127.85504941777907
image_01506.jpg,99.66862874070193
image_01507.jpg,88.38319995087757
image_01508.jpg,90.287534291158
image_01509.jpg,97.62121718352648
image_01510.jpg,123.52384938648206
image_01511.jpg,119.05419508635873
image_01512.jpg,53.38017557792947
image_01513.jpg,110.5962057018847
image_01514.jpg,115.61055116495089
image_01515.jpg,68.7158780352589
image_01516.jpg,123.3587984060976
image_01517.jpg,70.89570870606883
image_01518.jpg,34.42772658280923
image_01519.jpg,86.51117146552127
image_01520.jpg,68.98661959391629
image_01523.jpg,78.50701304238527
image_01524.jpg,30.972012317528815
image_01526.jpg,82.34113928401106
image_01527.jpg,84.06482624412942
image_01529.jpg,68.34436409766602
image_01530.jpg,96.31090330387349
image_01531.jpg,84.88455851108668
image_01532.jpg,31.641475459238514
image_01535.jpg,24.271921519122827
image_01536.jpg,81.48083224816659
image_01537.jpg,126.31282402483887
image_01538.jpg,82.39692289145219
image_01540.jpg,109.9820680616206
image_01541.jpg,88.00612639618943
image_01543.jpg,60.75073637220892
image_01544.jpg,130.20835023424814
image_01547.jpg,47.76675330718625
image_01548.jpg,44.85645863659729
image_01549.jpg,106.86380389088032
image_01550.jpg,73.09015288268492
image_01551.jpg,117.72447029434686
image_01554.jpg,89.99265466467247
image_01555.jpg,107.20646790214131
image_01557.jpg,123.08859801326706
image_01559.jpg,81.75341717745101
image_01560.jpg,44.12642825386831
image_01561.jpg,72.25481264934555
image_01562.jpg,74.19444049687593
image_01563.jpg,114.36010634452569
image_01564.jpg,26.702459705640045
image_01565.jpg,59.362838406813026
image_01567.jpg,116.12120271807882
image_01568.jpg,76.60434511768166
image_01569.jpg,35.715364237898655
image_01570.jpg,101.74240415189674
image_01572.jpg,55.28726875065372
image_01573.jpg,101.64147845943057
image_01574.jpg,53.48694162189062
image_01575.jpg,81.12336210815141
image_01576.jpg,98.77631224717098
image_01577.jpg,67.05236460923544
image_01578.jpg,82.2596165636817
image_01579.jpg,68.90287431654824
image_01581.jpg,70.31731184248204
image_01583.jpg,120.96143491798836
image_07123.jpg,48.70396008249697
image_07126.jpg,58.029979397508114
image_07134.jpg,55.12701207345365
image_07137.jpg,70.31964403001555
image_07138.jpg,42.884045796503216
image_07143.jpg,53.75930926790554
image_07145.jpg,54.28014085566488
image_07146.jpg,76.91663304659647
image_07147.jpg,119.64800156611395
image_07148.jpg,48.63373485669667
image_07149.jpg,72.27758894265799
image_07150.jpg,49.70542144571332
image_07151.jpg,65.1212393946006
image_07155.jpg,38.62103726424897
image_07157.jpg,32.022018226927685
image_07158.jpg,39.81146026263027
image_07159.jpg,50.00836102101742
image_07160.jpg,45.57329142706667
image_07161.jpg,36.099579408333035
image_08098.jpg,52.898356243330284
image_00947.jpg,110.09962106262165
image_00948.jpg,110.2400198483688
image_00949.jpg,104.58391303839551
image_00950.jpg,107.52550829772642
image_00951.jpg,103.12419148637176
image_00952.jpg,103.82180358349072
image_00953.jpg,98.17921519471241
image_00954.jpg,105.48611472742792
image_00955.jpg,99.75006540713369
image_00956.jpg,112.52377700894071
image_00957.jpg,119.04276873648018
image_00958.jpg,101.83924672598098
image_00959.jpg,121.32495991559787
image_00960.jpg,115.75990487975656
image_00961.jpg,111.20434375865531
image_00962.jpg,115.78382581070966
image_00963.jpg,123.63782108402705
image_00965.jpg,129.40069744719585
image_00966.jpg,109.8067678615966
image_00967.jpg,111.43743555225339
image_00968.jpg,115.75197877706971
image_00970.jpg,113.00576413037525
image_00971.jpg,111.86910183164991
image_00972.jpg,107.03999619834877
image_00973.jpg,110.3010998589578
image_00975.jpg,116.25063184698163
image_00976.jpg,115.93333550166187
image_00977.jpg,114.34869107108617
image_00978.jpg,104.74135752959236
image_00980.jpg,116.06088746737538
image_00981.jpg,114.05801238631818
image_00982.jpg,121.96296829731261
image_00983.jpg,112.3261941373242
image_00984.jpg,114.90586637869183
image_00985.jpg,117.25142032429956
image_00987.jpg,108.13493559251705
image_00988.jpg,120.27781241057889
image_00989.jpg,118.59644295681682
image_00990.jpg,114.03288468675001
image_00991.jpg,110.2987356680983
image_00992.jpg,106.18518418878244
image_00993.jpg,108.91118972885388
image_00994.jpg,116.37309353207868
image_00995.jpg,121.34166133475944
image_00996.jpg,116.4901891185095
image_00997.jpg,109.16259238259212
image_00998.jpg,114.94891868203896
image_00999.jpg,112.4670782783759
image_01000.jpg,116.75441929850572
image_01001.jpg,124.2234920930224
image_01002.jpg,120.05723229219385
image_01003.jpg,118.27968674615451
image_01004.jpg,107.17580071663781
image_01005.jpg,116.02156923170557
image_01006.jpg,112.95388548451982
image_01007.jpg,110.1184501498968
image_01008.jpg,106.91820933244509
image_01009.jpg,116.81185665127055
image_01011.jpg,116.69410178678828
image_01012.jpg,118.47268216258004
image_01013.jpg,114.92808238341718
image_01014.jpg,102.27527583651448
image_01015.jpg,116.01931353469664
image_01016.jpg,107.88746716741846
image_01017.jpg,92.60843276558415
image_01018.jpg,101.51071181021157
image_01020.jpg,110.24777999236578
image_01021.jpg,105.48740901336936
image_01022.jpg,103.67439278290821
image_01023.jpg,106.48949115280125
image_01025.jpg,106.02627902715349
image_01026.jpg,107.25834295367781
image_01027.jpg,110.59125742670054
image_01029.jpg,118.22549132185047
image_01030.jpg,110.54100756024332
image_01031.jpg,103.97224818924353
image_01032.jpg,110.31927988769365
image_01033.jpg,105.38065302112244
image_01034.jpg,104.03961993651878
image_01036.jpg,102.39199230931072
image_01037.jpg,105.3914224392779
image_01038.jpg,106.79096060823386
image_01039.jpg,106.70296790066101
image_01040.jpg,109.58037439749356
image_01041.jpg,112.42942576822412
image_01042.jpg,117.29520262430513
image_01043.jpg,119.05911776919433
image_01044.jpg,112.49153191108515
image_01045.jpg,107.42259885977307
image_01046.jpg,115.19871478577488
image_01047.jpg,115.49824845661963
image_01048.jpg,114.07596533658207
image_01050.jpg,155.52162491532255
image_01051.jpg,104.85123548147021
image_01053.jpg,104.06964919213166
image_01054.jpg,104.30339940394663
image_01055.jpg,114.16900611580621
image_01056.jpg,102.461546311816
image_01057.jpg,117.54628545846165
image_01058.jpg,110.75279228461596
image_01059.jpg,113.42161776828829
image_01060.jpg,122.4624551793622
image_01061.jpg,118.79186118966467
image_01062.jpg,114.03914759144448
image_01063.jpg,116.70703936237194
image_01064.jpg,111.80294698218842
image_01065.jpg,115.94519591246886
image_01066.jpg,92.42775387784654
image_01067.jpg,112.39057303820769
image_01068.jpg,117.34775996231141
image_01069.jpg,98.67576930677458
image_01070.jpg,111.58920982582357
image_01071.jpg,116.77349782113208
image_01072.jpg,113.25076044360642
image_01073.jpg,113.69704684849592
image_01074.jpg,104.00239841256729
image_01075.jpg,115.95830166168801
image_01076.jpg,123.59900783639162
image_01077.jpg,122.66824807432884
image_01078.jpg,109.65238303234628
image_01079.jpg,106.55199017400437
image_01080.jpg,110.41805516977084
image_01081.jpg,113.45653326911244
image_01082.jpg,108.56614301510893
image_01083.jpg,101.463841000001
image_01084.jpg,104.10684418879009
image_01085.jpg,112.98388461623755
image_01086.jpg,102.60627692539991
image_01088.jpg,104.891865296708
image_01090.jpg,102.6360267579938
image_01091.jpg,100.38949189169077
image_01092.jpg,117.63643493229456
image_01093.jpg,119.48157289768946
image_01094.jpg,100.86618271546975
image_01095.jpg,114.90435881388328
image_01096.jpg,109.22827592367341
image_01097.jpg,104.42966778348449
image_01098.jpg,106.1529089045019
image_01099.jpg,114.14962059284747
image_01100.jpg,117.0344826688544
image_01102.jpg,105.37210371936087
image_01103.jpg,111.38887564677796
image_01104.jpg,110.37785460437803
image_01105.jpg,112.40468001083852
image_01106.jpg,108.05645764150682
image_01107.jpg,108.46166176802387
image_01108.jpg,105.6593461495234
image_01109.jpg,97.24610266867646
image_01110.jpg,96.77346637392067
image_01112.jpg,107.0101898907524
image_01113.jpg,104.65699799958904
image_01114.jpg,112.32398562878824
image_01115.jpg,110.65100804441505
image_01116.jpg,120.88767440908384
image_01117.jpg,115.95347603873701
image_01118.jpg,115.53717870164265
image_01119.jpg,116.13477714128064
image_01120.jpg,120.66389614362669
image_01121.jpg,114.88391027133977
image_01123.jpg,115.66690349802285
image_01124.jpg,117.30512995052672
image_01125.jpg,117.82650356573006
image_01127.jpg,107.27942442181046
image_01128.jpg,109.54293930200814
image_01129.jpg,114.66037562125268
image_01130.jpg,107.53785540745797
image_01132.jpg,103.85742826150765
image_01133.jpg,108.90290931521525
image_01134.jpg,113.07559577900199
image_01135.jpg,106.31138405071266
image_01136.jpg,109.2692058168707
image_01137.jpg,119.31365029106863
image_01138.jpg,106.51366500875338
image_01139.jpg,107.22746511815326
image_01140.jpg,74.21428580308574
image_01141.jpg,54.653068616785774
image_04953.jpg,88.3166539474748
image_04954.jpg,101.09289193070173
image_04955.jpg,108.8780564990204
image_04956.jpg,87.94180028421471
image_04957.jpg,101.85206395796396
image_04958.jpg,83.11867493153395
image_04959.jpg,87.40233262792376
image_04960.jpg,96.5247033906374
image_04962.jpg,112.47176096323807
image_04963.jpg,87.89071887491323
image_04966.jpg,106.8126970461407
image_04967.jpg,88.98304556886835
image_04971.jpg,108.03990591772836
image_04972.jpg,87.37642158060953
image_04973.jpg,107.8897161398976
image_04974.jpg,87.83083183641546
image_04976.jpg,101.55938616781603
image_04977.jpg,90.45371436615898
image_04979.jpg,78.17170743575014
image_04980.jpg,105.25338951326535
image_04981.jpg,72.82511348279384
image_04982.jpg,86.51689871216877
image_04983.jpg,93.47518437029305
image_04984.jpg,86.24712824023797
image_04987.jpg,107.49214104795912
image_04989.jpg,102.3560715908023
image_04990.jpg,61.20312185702372
image_04992.jpg,95.55469161516008
image_04994.jpg,107.9576704341205
image_04995.jpg,104.04856275246934
image_04996.jpg,74.71537676661043
image_04997.jpg,105.13695109905723
image_04998.jpg,99.13827955444992
image_04999.jpg,107.17981313154853
image_05001.jpg,108.64071412593702
image_05003.jpg,113.35580622383321
image_05005.jpg,83.69401005243142
image_05006.jpg,92.35580792931302
image_05007.jpg,106.53912329522787
image_05008.jpg,91.11690880345685
image_05011.jpg,73.29565483943321
image_05012.jpg,73.80717790915588
image_05013.jpg,70.68538492051084
image_05014.jpg,75.71693723575541
image_05016.jpg,95.1991486293021
image_05017.jpg,106.5938794695306
image_05018.jpg,106.925419051654
image_04626.jpg,85.12759067928995
image_04627.jpg,99.71088790138558
image_04629.jpg,103.69545346384137
image_04630.jpg,99.18901558777299
image_04631.jpg,94.47855107445702
image_04632.jpg,96.9301521858217
image_04633.jpg,99.93224763060661
image_04634.jpg,105.46638039479201
image_04635.jpg,101.08875401404234
image_04637.jpg,98.60841314980081
image_04638.jpg,101.83659966908644
image_04639.jpg,98.90928821285473
image_04641.jpg,98.85078223542303
image_04642.jpg,97.15931795377904
image_04643.jpg,99.83607071238333
image_04644.jpg,106.12467981547539
image_04646.jpg,98.57303297627999
image_04647.jpg,75.1257685315928
image_04648.jpg,65.77331872055959
image_04649.jpg,78.31422408523386
image_04650.jpg,76.5096122142765
image_04651.jpg,81.13953595001018
image_04653.jpg,87.34640320249915
image_04655.jpg,69.5666131515339
image_04657.jpg,77.92080489071233
image_04658.jpg,86.17565711347594
image_04659.jpg,74.57260085803429
image_04661.jpg,83.862045033648
image_04662.jpg,71.41481420392822
image_04664.jpg,82.97371148293749
image_04665.jpg,98.97393833650253
image_04666.jpg,92.51102856066092
image_04667.jpg,75.59345492118834
image_04668.jpg,74.7006778706192
image_04669.jpg,79.99560007805826
image_04671.jpg,114.43485982797849
image_04673.jpg,64.23288283807332
image_04674.jpg,87.76242458367166
image_04675.jpg,90.27705858603659
image_04677.jpg,83.94664536522913
image_04678.jpg,73.92800757832617
image_04680.jpg,80.87754655647404
image_04681.jpg,88.25190615600543
image_04684.jpg,75.36568593393207
image_04685.jpg,91.79419001047233
image_04686.jpg,86.53597782046404
image_04687.jpg,94.9842415973873
image_04688.jpg,93.97801527693048
image_04691.jpg,84.41252112857408
image_04692.jpg,97.17684886333782
image_04695.jpg,102.5978712138948
image_06198.jpg,31.645853736262104
image_06199.jpg,50.57994143368928
image_06201.jpg,74.27310253015786
image_06202.jpg,27.812831273794224
image_06203.jpg,52.09926927457169
image_06207.jpg,73.0708470705546
image_06208.jpg,69.86656184767841
image_06210.jpg,48.55953899199178
image_06211.jpg,58.57115505899406
image_06212.jpg,54.26624197729073
image_06215.jpg,55.2309028930131
image_06216.jpg,70.68158223489596
image_06219.jpg,60.79533212598673
image_06220.jpg,72.10717692881995
image_06221.jpg,42.121084227096624
image_06222.jpg,52.827781055434464
image_06226.jpg,40.71990395503012
image_06227.jpg,50.90900743864336
image_06228.jpg,67.31896232154575
image_06230.jpg,48.27656433594615
image_06231.jpg,68.29495629398785
image_06234.jpg,67.89910226492843
image_06235.jpg,53.03383568096402
image_06236.jpg,71.44345145353674
image_06238.jpg,47.404417351817266
image_06240.jpg,72.13403466579955
image_06244.jpg,55.81023015027684
image_06245.jpg,58.641189534534526
image_06246.jpg,41.45973426548213
image_06297.jpg,89.00583079011322
image_06298.jpg,81.0170870476381
image_06299.jpg,95.4165412643986
image_06301.jpg,80.50862056078265
image_06302.jpg,95.20373766205464
image_06303.jpg,107.33843810906339
image_06304.jpg,95.57303215088453
image_06305.jpg,84.97425431165868
image_06306.jpg,86.71179001378981
image_06309.jpg,75.88182033699236
image_06311.jpg,87.17469627132496
image_06312.jpg,95.43177280173695
image_06314.jpg,88.21230567569549
image_06315.jpg,96.30784960061428
image_06316.jpg,90.72824429301016
image_06317.jpg,77.54357622950741
image_06318.jpg,96.4750004800457
image_06319.jpg,91.28967710646776
image_06320.jpg,89.7497754837317
image_06321.jpg,94.74892776155242
image_06322.jpg,90.01862150994731
image_06323.jpg,82.4564158823006
image_06324.jpg,90.60101430874401
image_06325.jpg,77.37912177765764
image_06326.jpg,87.46751051383053
image_06327.jpg,82.52129089905497
image_06328.jpg,75.2343017404994
image_06329.jpg,100.9932731071784
image_06330.jpg,88.6479633955317
image_06331.jpg,111.14287562135249
image_06332.jpg,93.88170167967398
image_06334.jpg,93.9420114245209
image_06336.jpg,81.62244646215706
image_06337.jpg,96.6313425284207
image_06338.jpg,76.27000885461834
image_06339.jpg,102.76125372338143
image_06340.jpg,96.97058533198017
image_06341.jpg,103.84833702512273
image_06342.jpg,101.89475111755846
image_06344.jpg,82.5384569287263
image_06345.jpg,92.46025415456383
image_06528.jpg,90.4122510890434
image_06529.jpg,99.0809419304929
image_06530.jpg,100.02097292707651
image_06532.jpg,92.25928804745666
image_06533.jpg,90.96433340015984
image_06535.jpg,94.85846997455467
image_06536.jpg,86.38793378992688
image_06537.jpg,92.36524182306114
image_06538.jpg,97.31900995400875
image_06539.jpg,93.84308884934066
image_06540.jpg,85.86507279377798
image_06541.jpg,88.31863871495571
image_06542.jpg,91.34249683709143
image_06544.jpg,77.45139899826844
image_06545.jpg,85.64720984715268
image_06546.jpg,87.18457288448138
image_06548.jpg,87.46460629589949
image_06551.jpg,92.74419983991007
image_06552.jpg,96.44583617282669
image_06554.jpg,94.71867382795966
image_06555.jpg,90.28598350987983
image_06557.jpg,98.84367090415081
image_06558.jpg,93.23031467277198
image_06559.jpg,84.09737420554258
image_06561.jpg,100.07180572534318
image_06563.jpg,103.2448634312356
image_06565.jpg,104.51202822395774
image_06566.jpg,85.8617198857963
image_06568.jpg,90.53935834812998
image_06569.jpg,92.57371052347499
image_06570.jpg,90.33730842567303
image_01411.jpg,23.843195042433386
image_01392.jpg,30.469263333330893
image_01487.jpg,34.203321926979825
image_01464.jpg,26.097507539921132
image_01451.jpg,31.736683203811737
image_03922.jpg,23.620108262628857
image_01474.jpg,20.500812195318332
image_01438.jpg,30.61305930423348
image_01384.jpg,32.28299880845543
image_03936.jpg,72.9439785355744
image_01318.jpg,40.26487704331451
image_01348.jpg,141.31608374268174
image_01468.jpg,24.387698861196732
image_03944.jpg,67.25613437228384
image_03928.jpg,94.24101527450712
image_03943.jpg,56.6286340928701
image_03914.jpg,74.54416469045921
image_01378.jpg,99.16539457944737
image_03913.jpg,59.20105800931027
image_01343.jpg,96.6005135397377
image_01457.jpg,23.00133593098181
image_01489.jpg,29.89553516039706
image_03945.jpg,91.43157882605338
image_01344.jpg,100.41160709509839
image_03976.jpg,79.7555567953595
image_01320.jpg,32.283551307852576
image_03963.jpg,64.12688944594515
image_01323.jpg,13.026811046823036
image_01387.jpg,31.480941386979616
image_01332.jpg,135.49050230046555
image_01319.jpg,41.982269999473644
image_01439.jpg,27.872897041140938
image_01404.jpg,33.474411627311284
image_01435.jpg,30.944054228260754
image_01424.jpg,28.66169152447306
image_01399.jpg,30.677066153822953
image_01484.jpg,41.96756388167917
image_01481.jpg,12.365959659489725
image_03980.jpg,75.90940835757593
image_03930.jpg,66.382534525398
image_01485.jpg,29.504395465040645
image_01381.jpg,25.72715793834261
image_01479.jpg,28.835181420667674
image_03927.jpg,79.3086629202994
image_01431.jpg,33.860996872596125
image_01380.jpg,25.28225638905779
image_01322.jpg,12.81832575540096
image_01478.jpg,33.041242598751936
image_01390.jpg,28.37110845849577
image_01361.jpg,116.62939546965208
image_03956.jpg,85.09985883945217
image_01388.jpg,29.75627565166296
image_01346.jpg,93.71123415294409
image_01342.jpg,100.27022646602757
image_01415.jpg,28.950242713806304
image_01365.jpg,109.96099717768075
image_01447.jpg,37.916766420940235
image_03918.jpg,56.592415388508996
image_01426.jpg,28.026419926749007
image_01397.jpg,26.759691681706762
image_03983.jpg,85.34936668521821
image_03917.jpg,36.46172740906827
image_01362.jpg,105.15354574795545
image_01360.jpg,85.20059350227913
image_03942.jpg,63.916754569238705
image_01315.jpg,35.80113132091255
image_01467.jpg,28.134306571641645
image_03919.jpg,26.626763335581924
image_01460.jpg,35.516037604430586
image_03973.jpg,76.54286334492505
image_01368.jpg,13.512796085736138
image_01442.jpg,28.219760323182875
image_03992.jpg,118.02513618669673
image_03966.jpg,51.71587057760614
image_01350.jpg,42.68882865254187
image_01337.jpg,99.57876320328404
image_01405.jpg,29.793567838372212
image_01449.jpg,39.12440544915453
image_03985.jpg,90.42670847730295
image_03920.jpg,95.72301929717797
image_03988.jpg,48.75796121723954
image_03962.jpg,98.4730889321176
image_01429.jpg,24.920948950453667
image_03953.jpg,29.831387242365395
image_03989.jpg,64.6246161065643
image_01414.jpg,32.77981481197834
image_01329.jpg,90.0819895080119
image_03968.jpg,44.00044831125932
image_03946.jpg,27.987177212199917
image_01395.jpg,37.99976941723997
image_03993.jpg,63.5326568666626
image_01341.jpg,101.69558689036688
image_03938.jpg,54.18085212544552
image_01398.jpg,26.565924689159104
image_01422.jpg,29.064453987824173
image_03916.jpg,54.767193726190726
image_01432.jpg,28.640289296195586
image_01466.jpg,34.94965403931225
image_01371.jpg,15.359986651361865
image_01326.jpg,19.11758818792905
image_03952.jpg,57.09114117062094
image_01475.jpg,26.782515149070093
image_01444.jpg,27.899546590668322
image_01465.jpg,21.9175578756219
image_03951.jpg,79.48806617107863
image_03924.jpg,80.06906182624377
image_03950.jpg,94.77567064579597
image_01408.jpg,31.925643900176382
image_01328.jpg,100.10949309850827
image_01391.jpg,28.969562844064242
image_01472.jpg,23.282370565499257
image_03948.jpg,89.81516504554733
image_01354.jpg,101.86686091624742
image_01423.jpg,22.70671873551165
image_01339.jpg,103.8843961394544
image_01396.jpg,30.94357546935089
image_01376.jpg,50.209291349610865
image_01331.jpg,92.26453587781407
image_01402.jpg,27.13424177969096
image_01363.jpg,98.50035103718378
image_01347.jpg,131.20683150468957
image_01370.jpg,102.94183850681031
image_03981.jpg,74.12521948089864
image_03961.jpg,102.21505087150481
image_01473.jpg,26.26908838659395
image_01409.jpg,33.19652130540418
image_01367.jpg,59.141268805908666
image_03978.jpg,102.96770093021901
image_01443.jpg,30.92156463724866
image_01400.jpg,31.441125750249157
image_01394.jpg,26.99954990966519
image_01458.jpg,24.002550136325493
image_03921.jpg,78.0079303178374
image_01353.jpg,75.94031424828592
image_01412.jpg,25.89627453104113
image_01321.jpg,13.229433722484155
image_01440.jpg,33.32154803528985
image_01454.jpg,29.48282903498111
image_01453.jpg,31.424757977539265
image_03974.jpg,80.7723570445736
image_01373.jpg,114.24140701597051
image_03964.jpg,75.75873321150362
image_03986.jpg,34.044816339155695
image_01437.jpg,24.57482107456433
image_01441.jpg,36.18421113740616
image_01461.jpg,32.11935674337115
image_03979.jpg,118.22551800573022
image_01403.jpg,30.27124823683386
image_01488.jpg,33.625307132588276
image_01425.jpg,25.000927750925506
image_01357.jpg,70.78915134298367
image_03931.jpg,19.1096770008881
image_03959.jpg,70.11592327830805
image_03990.jpg,82.27364652459822
image_03984.jpg,92.18582884128861
image_01359.jpg,74.22317822532169
image_01389.jpg,34.03216071747542
image_03933.jpg,71.56185928414992
image_01333.jpg,109.26033515806681
image_01469.jpg,38.52004733223383
image_01407.jpg,31.83659447585859
image_01336.jpg,72.75055301417821
image_01345.jpg,116.32017419337345
image_01450.jpg,44.323612490264395
image_01434.jpg,26.343695638810004
image_03941.jpg,56.91284813857811
image_01463.jpg,21.748898673851723
image_03958.jpg,56.53610087631084
image_01372.jpg,112.0022602985234
image_01349.jpg,114.1323857241331
image_03987.jpg,40.57940715212546
image_01470.jpg,49.55587926361044
image_01369.jpg,116.39576091315433
image_01340.jpg,103.12672880527751
image_01476.jpg,41.98100072122936
image_01462.jpg,44.63515897267172
image_01428.jpg,23.57824207242152
image_01364.jpg,118.45023573322106
image_01471.jpg,23.547840369001744
image_03975.jpg,28.3088610254016
image_03965.jpg,67.4916579742757
image_03940.jpg,82.23019023374101
image_01383.jpg,28.173726060951456
image_01430.jpg,22.126942515032574
image_01325.jpg,48.57247398477054
image_03969.jpg,88.75303631826915
image_01401.jpg,33.335252273905446
image_01418.jpg,26.01327156007043
image_01406.jpg,28.320903970612072
image_01421.jpg,23.853463681666696
image_03970.jpg,121.91431069902575
image_01410.jpg,29.69199396416463
image_01374.jpg,51.665842818751706
image_01482.jpg,101.1922182432673
image_01316.jpg,19.877260686395825
image_03949.jpg,92.17748998524516
image_01358.jpg,42.94642118449535
image_03937.jpg,68.09906825349103
image_01356.jpg,63.4110330350917
image_01338.jpg,105.22363115828757
image_03991.jpg,109.40664554692212
image_01334.jpg,101.67993794600798
image_01366.jpg,114.61519658882449
image_01436.jpg,36.53009585520848
image_01490.jpg,34.14252040034261
image_03972.jpg,39.941633885864825
image_01330.jpg,103.80762233544792
image_01352.jpg,11.24241341693736
image_03947.jpg,78.97238999596445
image_01351.jpg,86.56356691826558
image_01480.jpg,11.52140113203048
image_03925.jpg,47.95947323329078
image_03934.jpg,98.83730724357997
image_03929.jpg,93.70961911468186
image_01416.jpg,29.688375587987178
image_01382.jpg,25.67680280615106
image_01377.jpg,114.02129469210433
image_03939.jpg,41.61089510372152
image_01477.jpg,25.968778888331897
image_01386.jpg,28.950654611004957
image_01355.jpg,77.1312526231177
image_03954.jpg,82.67192635160157
image_03977.jpg,23.589030809769962
image_01483.jpg,102.97083077981077
image_03971.jpg,61.334717721328104
image_03982.jpg,87.7821248907263
image_01327.jpg,32.271502181854956
image_01433.jpg,17.87328527893801
image_03926.jpg,76.47395080218425
image_01375.jpg,111.0716478053762
image_01427.jpg,23.802603842560096
image_03932.jpg,112.91644499100039
image_01419.jpg,36.29131812742352
image_01379.jpg,116.85872158240818
image_03960.jpg,71.88768529164659
image_01393.jpg,22.35685476885694
image_01420.jpg,30.555126789188762
image_03915.jpg,63.696070135391764
image_04159.jpg,67.72588067616792
image_04160.jpg,62.68248409702853
image_04161.jpg,52.56715189858284
image_04162.jpg,57.012972444618896
image_04163.jpg,61.66751451734174
image_04164.jpg,58.47503121648947
image_04165.jpg,64.69764399578355
image_04168.jpg,76.77802994446832
image_04169.jpg,70.60975999390645
image_04171.jpg,61.733433129627244
image_04172.jpg,60.350036094223235
image_04173.jpg,50.95549071358568
image_04174.jpg,68.66239796871392
image_04176.jpg,64.95043198074256
image_04177.jpg,76.07634618554195
image_04178.jpg,59.47773204483138
image_04180.jpg,51.87688039955807
image_04182.jpg,72.71825573299063
image_04183.jpg,55.504755275891114
image_04184.jpg,48.704091237560505
image_04185.jpg,65.67061217499804
image_04187.jpg,46.598171528624405
image_04188.jpg,59.88439100032738
image_04190.jpg,101.12984149123444
image_04191.jpg,106.70261191726223
image_04192.jpg,65.298220870757
image_04193.jpg,109.78483192222222
image_04194.jpg,109.68239353409011
image_04195.jpg,57.33681479157842
image_04197.jpg,109.2755253385043
image_04198.jpg,99.27589160512869
image_04199.jpg,81.15561854764302
image_04200.jpg,98.3063365189173
image_04201.jpg,47.986899951202645
image_04202.jpg,115.19616104018493
image_04203.jpg,91.43343072770179
image_04204.jpg,73.24801839887024
image_04206.jpg,81.60626804592695
image_04209.jpg,129.5682715519625
image_04210.jpg,74.91651971650865
image_04211.jpg,78.41124575955504
image_04212.jpg,56.20126407220315
image_04213.jpg,62.548967892048395
image_04214.jpg,54.47624882686735
image_04216.jpg,63.12964789884364
image_04217.jpg,73.15014778659575
image_04218.jpg,41.865167702573444
image_04219.jpg,71.23203580124277
image_04220.jpg,108.43891395942389
image_04221.jpg,59.11234143507168
image_04222.jpg,95.96639270342055
image_04225.jpg,64.18747145645764
image_04227.jpg,58.92212988250343
image_04228.jpg,51.64826495464923
image_04229.jpg,78.67970234851876
image_04230.jpg,28.57141397318471
image_04231.jpg,143.2088857316246
image_04232.jpg,75.18311562845436
image_04233.jpg,44.10278840621003
image_04235.jpg,46.87881684647842
image_04237.jpg,73.96394887617711
image_04239.jpg,103.01573701639211
image_04240.jpg,110.52665681497045
image_04242.jpg,69.09322885641274
image_04243.jpg,77.41317670676631
image_03641.jpg,80.95147529674071
image_03642.jpg,83.13219781871416
image_03643.jpg,88.81512188699594
image_03644.jpg,134.9335238101658
image_03645.jpg,46.656613766254516
image_03646.jpg,133.59801977341706
image_03647.jpg,50.72332560725529
image_03648.jpg,85.45572821682643
image_03649.jpg,74.97691942893422
image_03650.jpg,138.51367399376358
image_03652.jpg,124.21183217764587
image_03653.jpg,117.89260141576108
image_03654.jpg,42.54918416480471
image_03655.jpg,84.40191549251182
image_03656.jpg,109.94979510498271
image_03657.jpg,107.17490862814702
image_03660.jpg,100.11357045832374
image_03661.jpg,97.2460751100385
image_03662.jpg,107.17889742836968
image_03663.jpg,93.24664625364686
image_03664.jpg,131.3133734885538
image_03665.jpg,84.15445365222715
image_03668.jpg,116.65215236108926
image_03669.jpg,81.62888077942425
image_03670.jpg,48.1496933940145
image_03671.jpg,85.70290614309441
image_03672.jpg,90.45677343138846
image_03673.jpg,87.00153980387965
image_03674.jpg,85.01932312314341
image_03676.jpg,101.00477820941936
image_03677.jpg,116.77547961487872
image_03678.jpg,98.44981849912952
image_03679.jpg,56.25886532412444
image_03680.jpg,118.37788691519407
image_03682.jpg,113.10430704755018
image_03683.jpg,49.688819892878165
image_03684.jpg,142.0287858122307
image_03685.jpg,99.58079228064176
image_03686.jpg,76.167497439554
image_03687.jpg,104.72428223615103
image_03689.jpg,89.31194403931725
image_03692.jpg,70.1522334291593
image_03693.jpg,28.512524117693005
image_03694.jpg,55.31230690319801
image_03695.jpg,110.87802602800036
image_03696.jpg,84.9926815989827
image_03697.jpg,120.34797708201168
image_03698.jpg,92.76692995112026
image_03699.jpg,122.93676520055868
image_03701.jpg,75.62153782897833
image_03702.jpg,122.59855988089654
image_03703.jpg,112.32644536186113
image_03704.jpg,124.79254432699196
image_03705.jpg,68.20467370363362
image_03706.jpg,91.05004642086655
image_03707.jpg,110.95311026257683
image_03710.jpg,72.93703968469107
image_03711.jpg,64.47621838619266
image_03712.jpg,48.884450656521615
image_03713.jpg,81.03860224258352
image_03715.jpg,110.93346162929703
image_03716.jpg,49.03539885878627
image_03717.jpg,41.41437933012135
image_03718.jpg,81.34872538303694
image_03720.jpg,82.68458755832052
image_03721.jpg,107.49281755084863
image_03723.jpg,38.769727346519865
image_03724.jpg,51.48614519129722
image_03726.jpg,24.743347772996135
image_03727.jpg,116.28467969099313
image_03728.jpg,45.65478826624809
image_03732.jpg,72.86258143932079
image_03733.jpg,81.69700237471469
image_05399.jpg,112.1618384154311
image_05401.jpg,95.76332035691931
image_05402.jpg,97.82314436954411
image_05403.jpg,93.03746450884493
image_05405.jpg,99.90932001056635
image_05406.jpg,110.90311530687774
image_05408.jpg,110.93443414852669
image_05409.jpg,106.54697695230372
image_05411.jpg,115.30757379992681
image_05414.jpg,90.31143659401336
image_05415.jpg,118.49044121437095
image_05416.jpg,98.68920294102915
image_05417.jpg,79.08450202711094
image_05418.jpg,112.68251000326495
image_05420.jpg,109.58038121089713
image_05421.jpg,145.01563603521845
image_05422.jpg,99.88660070981653
image_05423.jpg,103.58000453613414
image_05426.jpg,95.20008109120576
image_05427.jpg,97.11616459174324
image_05429.jpg,124.05768862902465
image_05432.jpg,105.87246468486401
image_05433.jpg,119.40266667719641
image_05434.jpg,111.37774747048762
image_05435.jpg,88.92292504837846
image_05436.jpg,78.62308911776469
image_05438.jpg,110.59604243214852
image_05439.jpg,98.4992544403317
image_05440.jpg,94.44842409782659
image_05442.jpg,103.66952301454242
image_05445.jpg,93.97106671791357
image_05448.jpg,69.45870496751743
image_05450.jpg,111.04585663697665
image_05451.jpg,112.50427788486179
image_05452.jpg,87.41006453114227
image_05453.jpg,102.94540386128284
image_05454.jpg,105.94821838704976
image_05455.jpg,112.26807584797851
image_05457.jpg,126.24202928532446
image_05458.jpg,95.63011648109936
image_05459.jpg,103.66900925253265
image_04697.jpg,44.550019703896496
image_04699.jpg,51.5456991063727
image_04700.jpg,43.77414303749414
image_04701.jpg,32.39288569651316
image_04702.jpg,41.09992013702475
image_04704.jpg,34.97530149022777
image_04705.jpg,54.16892241979576
image_04706.jpg,32.57761225768564
image_04707.jpg,32.636600258162204
image_04708.jpg,43.25937697923983
image_04709.jpg,34.11886393643845
image_04710.jpg,47.173300915644056
image_04711.jpg,38.56919597783754
image_04712.jpg,34.39071354248355
image_04713.jpg,46.18752372881408
image_04714.jpg,42.41014086418457
image_04715.jpg,32.70097304523753
image_04716.jpg,48.59704562899768
image_04717.jpg,37.919688355233156
image_04718.jpg,43.80927845680033
image_04722.jpg,36.89152260030558
image_04724.jpg,49.719503806664235
image_04725.jpg,36.27889508677954
image_04727.jpg,36.05758088684307
image_04728.jpg,42.55416347417986
image_04729.jpg,37.1329595920006
image_04730.jpg,45.50796566323798
image_04731.jpg,34.46906908031339
image_04733.jpg,43.051390017033114
image_04734.jpg,34.98781381280918
image_04736.jpg,35.611195469051424
image_04737.jpg,37.25699836400051
image_04739.jpg,44.726987019095986
image_04742.jpg,48.94163173428617
image_04744.jpg,48.92053771384141
image_04745.jpg,40.89334446205728
image_04747.jpg,44.372122359195416
image_04748.jpg,56.547876136129524
image_04749.jpg,42.859818847863046
image_04750.jpg,40.8441379682521
image_04751.jpg,33.07490483800649
image_04752.jpg,45.32554146165529
image_04753.jpg,39.24263059111325
image_04755.jpg,41.73179610111724
image_04756.jpg,44.72015996392847
image_04759.jpg,57.54757987677332
image_04760.jpg,29.577635529067912
image_04762.jpg,34.84220692100368
image_04764.jpg,40.940848081283235
image_04765.jpg,47.44362641508931
image_04766.jpg,43.160039058379205
image_02754.jpg,95.81719909833737
image_02755.jpg,103.7344894951049
image_02756.jpg,100.78344735833221
image_02757.jpg,99.7148029427515
image_02758.jpg,78.89458472909111
image_02759.jpg,99.61536000947473
image_02760.jpg,94.75445932692247
image_02763.jpg,97.06238767126737
image_02764.jpg,93.5289051131168
image_02765.jpg,102.6678012605303
image_02766.jpg,101.61035485697494
image_02767.jpg,98.46875468860685
image_02768.jpg,92.81489834050518
image_02769.jpg,88.8015322118921
image_02771.jpg,101.35652589619727
image_02772.jpg,86.09099651944126
image_02773.jpg,100.28981762306591
image_02774.jpg,92.86908313981363
image_02775.jpg,94.69698074409783
image_02777.jpg,103.88008910489282
image_02778.jpg,96.17118180244489
image_02780.jpg,97.51262409987442
image_02781.jpg,105.36054853902573
image_02783.jpg,97.26355080614232
image_02784.jpg,91.19343211512887
image_02785.jpg,107.34327618410994
image_02786.jpg,89.05021777964427
image_02787.jpg,101.72932808227537
image_02788.jpg,92.70077831189838
image_02789.jpg,119.82360687934101
image_02790.jpg,120.46578478335054
image_02791.jpg,120.23198642028623
image_02792.jpg,127.63703259587508
image_02793.jpg,123.5368279893545
image_02794.jpg,114.61037649582903
image_02795.jpg,121.66092044383716
image_02796.jpg,116.16947127233499
image_02797.jpg,121.12754861483212
image_02798.jpg,111.14853129251756
image_02799.jpg,113.27363405873328
image_02800.jpg,109.26431893751948
image_02801.jpg,108.37557671160505
image_02804.jpg,119.77676520437863
image_02805.jpg,119.24055273761971
image_02806.jpg,120.30999635189329
image_02807.jpg,116.4861547790538
image_02808.jpg,120.26753264782607
image_02809.jpg,124.84236578135344
image_02810.jpg,121.78035337263118
image_02811.jpg,120.73296743039441
image_02813.jpg,118.85898873170748
image_02814.jpg,119.13734235083014
image_02815.jpg,118.54701426419305
image_02816.jpg,120.24539278920821
image_02817.jpg,108.3961699630579
image_02818.jpg,124.36396828520446
image_02819.jpg,116.90178258860763
image_02820.jpg,116.0510167609643
image_02821.jpg,100.36433867077751
image_02822.jpg,100.23377081692225
image_02823.jpg,101.96410503373053
image_02824.jpg,109.78556476603518
image_02825.jpg,102.00908277794946
image_02826.jpg,103.36047749765756
image_02827.jpg,94.85355576021266
image_02829.jpg,106.89482375069551
image_02831.jpg,107.46585072569738
image_02835.jpg,100.9328450953074
image_02836.jpg,99.47751901451792
image_02837.jpg,94.36103759850127
image_02838.jpg,103.69900232882043
image_02839.jpg,109.03678731019227
image_02840.jpg,91.88903217111093
image_02842.jpg,100.79424215787644
image_02843.jpg,86.20135641471794
image_02844.jpg,99.17278431813997
image_02845.jpg,93.62829338753204
image_02847.jpg,100.16560269982628
image_02849.jpg,101.45141102668487
image_02850.jpg,113.51048199049193
image_02851.jpg,101.3795940138967
image_02853.jpg,98.25816225849798
image_02855.jpg,103.26453880024727
image_02856.jpg,91.26247010050383
image_02857.jpg,97.83772131012502
image_02858.jpg,94.45786842881864
image_02859.jpg,91.18568047290626
image_02860.jpg,105.65502696236913
image_02861.jpg,108.1963860531807
image_07234.jpg,45.69372375048871
image_07236.jpg,49.790692110308925
image_07238.jpg,33.16026360002723
image_07240.jpg,30.972128522374245
image_07241.jpg,39.95389604579679
image_07242.jpg,37.57098586941983
image_07243.jpg,40.04954396567206
image_07244.jpg,35.67910154221407
image_07245.jpg,38.96597154799851
image_07246.jpg,33.37903590120822
image_07248.jpg,42.70738437318328
image_07249.jpg,39.51973672777915
image_07250.jpg,43.217953522751046
image_07255.jpg,44.32417653599928
image_07257.jpg,59.103698499060286
image_07259.jpg,55.66751861657033
image_07260.jpg,56.72477246167335
image_07261.jpg,46.38038458005436
image_07262.jpg,37.436956002375716
image_07263.jpg,40.07897330299538
image_07265.jpg,30.50552764504608
image_07266.jpg,39.795476452745206
image_07267.jpg,36.57708365854315
image_08120.jpg,90.10140084071702
image_08123.jpg,46.9869848710191
image_08124.jpg,62.62021588527432
image_08125.jpg,30.5982565148761
image_08127.jpg,23.170277821994578
image_08128.jpg,67.28061212874584
image_08129.jpg,74.66482476834433
image_08130.jpg,46.655661207458515
image_08131.jpg,18.767379431012607
image_08132.jpg,15.839923832274545
image_08134.jpg,20.485593299356317
image_08136.jpg,25.543612811234546
image_08137.jpg,18.68314987871064
image_08139.jpg,45.15563054320461
image_08140.jpg,36.497201109306715
image_08141.jpg,43.15600205533628
image_08142.jpg,18.707171598133762
image_08143.jpg,60.91059622287475
image_08144.jpg,40.5125685799144
image_08145.jpg,15.610595154639132
image_08146.jpg,14.581205090782213
image_08147.jpg,69.71319918388919
image_08149.jpg,69.85747003035176
image_08150.jpg,55.12867118841895
image_02639.jpg,72.6154242659461
image_02640.jpg,70.37998655382806
image_02641.jpg,68.97559243494723
image_02644.jpg,70.84750177263585
image_02645.jpg,73.99193534649159
image_02646.jpg,67.92196453692345
image_02647.jpg,69.42749530289846
image_02648.jpg,71.61033926260632
image_02650.jpg,73.61051682853248
image_02651.jpg,65.22522814575447
image_02652.jpg,70.9945819068818
image_02653.jpg,76.31332627071836
image_02654.jpg,70.20830267926641
image_02655.jpg,77.02494276786949
image_02656.jpg,73.9173638142986
image_02657.jpg,69.46639042006058
image_02658.jpg,82.75225345368466
image_02659.jpg,66.9885157266019
image_02660.jpg,72.13184971093757
image_02661.jpg,72.20703476337664
image_02662.jpg,70.41068252968363
image_02663.jpg,70.43732326358183
image_02664.jpg,67.36070586974584
image_02665.jpg,73.04094960416967
image_02666.jpg,76.69363652733986
image_02667.jpg,70.12372746256912
image_02668.jpg,71.14339886270565
image_02669.jpg,81.8158485942007
image_02670.jpg,72.15716511388513
image_02673.jpg,68.37957081801235
image_02674.jpg,67.83809092229816
image_02676.jpg,70.78515296370576
image_02677.jpg,69.65145370833157
image_02679.jpg,70.2757118308272
image_02680.jpg,70.73377929211946
image_02681.jpg,71.34664618334861
image_02682.jpg,69.70983585661068
image_02683.jpg,71.5431232742975
image_02685.jpg,74.00104778947743
image_02686.jpg,73.32161541096372
image_02687.jpg,70.9522856787445
image_02690.jpg,70.79991681833116
image_02691.jpg,66.80582359653664
image_02692.jpg,68.58624877214999
image_02693.jpg,70.35603822679178
image_02695.jpg,73.7444294659214
image_02697.jpg,69.53570047626701
image_02698.jpg,71.93447284944584
image_02699.jpg,70.50613964797303
image_02700.jpg,70.44584343436449
image_02701.jpg,72.07499623501376
image_02702.jpg,69.22383948130974
image_02703.jpg,71.18358249331204
image_02704.jpg,70.80318334705214
image_02705.jpg,69.88233179742895
image_02707.jpg,70.74437634847212
image_02708.jpg,70.52914745624695
image_02710.jpg,71.15541008897584
image_02711.jpg,72.2835739436546
image_02712.jpg,82.12580955741664
image_02713.jpg,76.25790202616105
image_02714.jpg,76.38676335589153
image_02715.jpg,71.4065141366193
image_02717.jpg,74.91208904513525
image_02718.jpg,80.66011095600595
image_02719.jpg,71.06751799614658
image_02721.jpg,71.80229908394915
image_02722.jpg,74.25792699729169
image_02723.jpg,72.29280020196325
image_02724.jpg,71.23053665650635
image_02725.jpg,74.28816825040794
image_02726.jpg,74.1177350244471
image_02727.jpg,75.74936026339907
image_02728.jpg,67.42934204148008
image_02729.jpg,75.46754320334364
image_02731.jpg,72.07808910162893
image_02732.jpg,69.32104064138515
image_02733.jpg,77.758092695757
image_02734.jpg,72.61209799036138
image_02735.jpg,70.66246351647601
image_02736.jpg,101.91668662025006
image_02737.jpg,86.77958688181477
image_02739.jpg,98.85762424726101
image_02740.jpg,93.78577829304837
image_02741.jpg,95.00164094515256
image_02742.jpg,98.51907647486576
image_02743.jpg,117.52497799677415
image_02744.jpg,107.30098105768596
image_02746.jpg,111.15965274732179
image_02747.jpg,93.4249471484013
image_02749.jpg,103.323508445653
image_02750.jpg,115.17313794956394
image_02751.jpg,74.31916201941274
image_02752.jpg,90.6950660728063
image_05020.jpg,77.47300783642126
image_05021.jpg,80.71556513537271
image_05023.jpg,85.06686713115856
image_05024.jpg,80.31687456936811
image_05025.jpg,82.88759892934512
image_05026.jpg,86.89756109998713
image_05027.jpg,80.30188447860749
image_05029.jpg,76.44301724590584
image_05030.jpg,75.1090426718389
image_05031.jpg,85.62947230430996
image_05032.jpg,75.92962005622451
image_05033.jpg,80.77669025416861
image_05034.jpg,84.66792223628445
image_05035.jpg,84.13751758657679
image_05037.jpg,87.22940197501914
image_05038.jpg,81.87202064334663
image_05039.jpg,78.19422710861136
image_05041.jpg,78.66884362381612
image_05043.jpg,85.40137218350509
image_05044.jpg,85.23019122531127
image_05047.jpg,83.63742171596145
image_05048.jpg,89.31705835374439
image_05049.jpg,77.54134204336239
image_05050.jpg,92.43734466083654
image_05051.jpg,82.9984778773819
image_05052.jpg,87.20708022767485
image_05053.jpg,95.28468613345734
image_05054.jpg,82.1618283667079
image_05056.jpg,86.46163072306948
image_05057.jpg,81.66346157683495
image_05058.jpg,80.61662589973508
image_05059.jpg,83.45661569223708
image_05060.jpg,87.91904103455256
image_05061.jpg,79.98608181754602
image_05063.jpg,83.57431683605503
image_05067.jpg,84.30929177004691
image_05068.jpg,83.18120151055844
image_05070.jpg,83.46759267966935
image_05072.jpg,79.2430023021146
image_05073.jpg,83.84171493915093
image_05075.jpg,81.693985179458
image_05076.jpg,81.78964233551937
image_05078.jpg,81.62978843606439
image_05079.jpg,85.20856563626789
image_05080.jpg,80.4342273613978
image_05082.jpg,110.91675561451139
image_05086.jpg,86.51744939254476
image_02920.jpg,54.41776490775475
image_02921.jpg,60.74871418712982
image_02922.jpg,60.00556465947585
image_02923.jpg,57.96308004271306
image_02924.jpg,59.718757585263255
image_02925.jpg,54.74967828073497
image_02926.jpg,59.02978246146117
image_02928.jpg,52.7005808257814
image_02929.jpg,59.62085410326421
image_02930.jpg,57.25243410797138
image_02931.jpg,59.982782329964095
image_02932.jpg,52.90619134899434
image_02933.jpg,52.253486468777936
image_02935.jpg,55.872652273464105
image_02936.jpg,64.32713437765813
image_02937.jpg,61.208512055617774
image_02938.jpg,53.60732228265924
image_02940.jpg,59.23163293470963
image_02941.jpg,62.943101803322264
image_02942.jpg,55.81030673302911
image_02943.jpg,62.73208503059888
image_02946.jpg,48.80106629956031
image_02947.jpg,57.98072049777382
image_02948.jpg,57.44457094564547
image_02950.jpg,55.18471595351142
image_02951.jpg,61.37372561554816
image_02952.jpg,59.65097072136753
image_02953.jpg,60.02874923923032
image_02954.jpg,61.39301761515508
image_02955.jpg,66.34148253651769
image_02957.jpg,61.429428142137496
image_02958.jpg,65.64077799424005
image_02960.jpg,57.55708770352501
image_02961.jpg,63.182840645994546
image_02962.jpg,64.33275037364264
image_02964.jpg,60.48294470058311
image_02965.jpg,64.36881040839462
image_02967.jpg,60.89203980831964
image_02968.jpg,60.63705365332176
image_02969.jpg,63.13433513669081
image_02970.jpg,63.79049169807342
image_02971.jpg,62.459938083826174
image_02972.jpg,50.530213633281306
image_02973.jpg,54.89106301301226
image_02974.jpg,66.76783093714849
image_02975.jpg,60.23075917281241
image_02976.jpg,54.48292763415361
image_02977.jpg,55.1626925990075
image_02978.jpg,60.74287269869238
image_02979.jpg,59.96384043448337
image_02980.jpg,57.65257798012887
image_02982.jpg,62.80312264928924
image_02983.jpg,54.77118602955113
image_02984.jpg,57.64885900483619
image_02985.jpg,62.457194295952284
image_02986.jpg,55.60655038663591
image_02988.jpg,61.48199773269618
image_02989.jpg,60.733202078972106
image_02990.jpg,51.22313378678527
image_02991.jpg,65.82560854674941
image_02992.jpg,56.4530720272715
image_02993.jpg,65.07003882637468
image_02994.jpg,61.460603301343426
image_02997.jpg,62.163784981453844
image_02998.jpg,58.537881950472126
image_02999.jpg,51.039682043859486
image_03001.jpg,60.65418596275583
image_03002.jpg,61.23922393315084
image_03003.jpg,62.22036484628186
image_03004.jpg,58.71406734457849
image_03005.jpg,59.58067712366537
image_03007.jpg,56.84386264125608
image_03008.jpg,62.72790830282585
image_03009.jpg,59.563607528118624
image_03010.jpg,61.78772427299221
image_03011.jpg,64.75626035246444
image_03014.jpg,63.73341885534515
image_03015.jpg,58.477165797447405
image_03016.jpg,62.96223428590116
image_03017.jpg,59.7073215068297
image_03018.jpg,54.9689587835251
image_03019.jpg,59.19543260624077
image_03020.jpg,63.18144968194312
image_03021.jpg,61.110342096450125
image_03022.jpg,55.43510114471394
image_03023.jpg,60.812748490052364
image_03024.jpg,59.00832566684564
image_03026.jpg,63.86848003809569
image_03028.jpg,59.87713867021726
image_06247.jpg,54.45431981292471
image_06250.jpg,42.26161085989662
image_06251.jpg,73.23201815747305
image_06258.jpg,37.27010749722225
image_06259.jpg,67.7113601003481
image_06260.jpg,62.66755889581845
image_06262.jpg,56.187692017210665
image_06263.jpg,60.23285119256015
image_06264.jpg,60.61153478108666
image_06265.jpg,51.75687820994801
image_06266.jpg,73.61414917091969
image_06267.jpg,75.5740790600057
image_06269.jpg,57.61782798379693
image_06270.jpg,64.43125627355768
image_06271.jpg,73.31130245637594
image_06272.jpg,68.3145010534467
image_06277.jpg,67.77771325965081
image_06278.jpg,70.27481161283055
image_06282.jpg,65.63622632467066
image_06283.jpg,56.641997355902205
image_06284.jpg,77.09184836888534
image_06286.jpg,43.05410014588495
image_06287.jpg,59.348608058529265
image_06288.jpg,70.67302330187636
image_06289.jpg,62.09682667432833
image_06290.jpg,69.01524334383683
image_06291.jpg,70.2126012004143
image_06294.jpg,67.09377680316014
image_06295.jpg,53.874738305825815
image_06296.jpg,68.68034817660127
image_07268.jpg,66.46347421656534
image_07269.jpg,68.77614726165018
image_07270.jpg,57.18598561278908
image_07271.jpg,61.423703677968916
image_07272.jpg,77.24145809776668
image_07273.jpg,82.31889603709976
image_07275.jpg,77.41148591212992
image_07276.jpg,75.26930154352968
image_07277.jpg,75.40920626240971
image_07281.jpg,71.00485565272501
image_07282.jpg,69.25618610962327
image_07283.jpg,66.24218365877854
image_08151.jpg,43.96461689628467
image_08152.jpg,53.53575348231492
image_08153.jpg,48.16918550776988
image_08155.jpg,50.26405828432802
image_08156.jpg,25.441960788248632
image_08158.jpg,34.59266266690322
image_08159.jpg,55.225735637941625
image_08160.jpg,45.38589100659197
image_08162.jpg,54.10107644365167
image_08163.jpg,49.632923707935355
image_08168.jpg,49.436134587349144
image_08169.jpg,66.60497123776507
image_08170.jpg,59.93455788387239
image_08171.jpg,34.53304869495092
image_08172.jpg,51.14876956956081
image_08178.jpg,55.41232483989471
image_08180.jpg,50.831714346557774
image_08181.jpg,55.11744205755585
image_08183.jpg,41.07257306009802
image_08184.jpg,51.464361296951395
image_08186.jpg,73.10783070354918
image_08188.jpg,73.90626943038437
image_08189.jpg,85.53625022883006
image_05849.jpg,120.99954402295981
image_05850.jpg,98.48086803302063
image_05851.jpg,102.25332931258708
image_05852.jpg,122.12694658763736
image_05853.jpg,106.0571783994937
image_05854.jpg,106.89704486083812
image_05856.jpg,112.20518058654349
image_05857.jpg,102.11566987407872
image_05859.jpg,103.4838256096481
image_05861.jpg,107.98220338004984
image_05862.jpg,113.5413036483763
image_05863.jpg,118.1779752334306
image_05864.jpg,109.67117846493841
image_05865.jpg,97.2537359176267
image_05867.jpg,107.53806182795816
image_05869.jpg,117.3482671505821
image_05870.jpg,103.0738112688816
image_05871.jpg,103.62184638374262
image_05872.jpg,107.85096989367817
image_05873.jpg,99.0652558635525
image_05875.jpg,114.56274423454217
image_05877.jpg,111.77926025924877
image_05878.jpg,112.57813429312316
image_05879.jpg,103.9207812269517
image_05882.jpg,110.94772497809299
image_05883.jpg,111.1514891272969
image_05884.jpg,109.80231341568827
image_05885.jpg,115.4752280720844
image_05887.jpg,106.55148056027141
image_05889.jpg,114.77433187434833
image_05890.jpg,111.2917221633979
image_05892.jpg,117.42982946368258
image_05894.jpg,112.37479883302477
image_05899.jpg,122.16053873659058
image_06099.jpg,28.802479326771444
image_06100.jpg,28.786866223297213
image_06104.jpg,23.364904375846216
image_06106.jpg,15.31993083774653
image_06107.jpg,28.384202955926852
image_06109.jpg,21.953009976939818
image_06110.jpg,31.88709124129234
image_06112.jpg,25.61021747372562
image_06113.jpg,22.497391335089066
image_06114.jpg,29.5723470354649
image_06115.jpg,28.35926882929153
image_06116.jpg,26.718799427647582
image_06117.jpg,19.46652957740796
image_06120.jpg,25.32184626522448
image_06121.jpg,29.664054897267203
image_06123.jpg,26.485111889483512
image_06125.jpg,26.137662117332237
image_06130.jpg,26.846524926792284
image_06131.jpg,17.449582022971825
image_06132.jpg,20.69081211329012
image_06134.jpg,26.440245518892638
image_06135.jpg,29.488967047906907
image_06136.jpg,26.716546981959596
image_06137.jpg,25.426088132962263
image_06138.jpg,30.4046485892634
image_06139.jpg,28.662651853681428
image_06140.jpg,34.37236886678984
image_06141.jpg,31.898218359544323
image_06143.jpg,31.05406135251413
image_06146.jpg,8.181174496175904
image_06147.jpg,26.006012387127967
image_06148.jpg,32.92575980751732
image_03182.jpg,96.34872742706204
image_03184.jpg,111.89946931800999
image_03185.jpg,94.12563850664398
image_03186.jpg,100.31678450121943
image_03187.jpg,88.44144020009418
image_03188.jpg,106.00947598821276
image_03189.jpg,101.76915216246073
image_03190.jpg,24.81960024261959
image_03192.jpg,98.81799351533552
image_03193.jpg,103.82191726678765
image_03195.jpg,96.8064825410874
image_03196.jpg,100.57501890747812
image_03197.jpg,98.74053212842426
image_03198.jpg,97.48685179171267
image_03199.jpg,101.78070277916062
image_03200.jpg,102.49766570719922
image_03201.jpg,105.93620538598257
image_03203.jpg,97.85671021045144
image_03204.jpg,99.24505890771927
image_03205.jpg,96.40019035636735
image_03206.jpg,101.15829374349588
image_03207.jpg,104.45095136865514
image_03208.jpg,102.21038341230582
image_03209.jpg,95.86502257617158
image_03210.jpg,102.01014206410125
image_03211.jpg,106.74111197884942
image_03212.jpg,100.24368063379208
image_03213.jpg,94.76092441922754
image_03214.jpg,97.52365156406944
image_03216.jpg,105.71124021824821
image_03217.jpg,94.39133683632599
image_03218.jpg,103.80799360094278
image_03220.jpg,102.42012763854795
image_03221.jpg,97.60518798255546
image_03222.jpg,104.26168172157145
image_03223.jpg,97.23810873451316
image_03224.jpg,111.91777903022461
image_03226.jpg,106.08482668850637
image_03227.jpg,100.7642338567433
image_03228.jpg,104.59577606979124
image_03230.jpg,95.0471681607896
image_03231.jpg,97.77327567374562
image_03232.jpg,91.63844295508696
image_03233.jpg,87.61025031582034
image_03235.jpg,102.2029878751326
image_03236.jpg,98.26535867896632
image_03238.jpg,112.22659290741092
image_03239.jpg,107.19309974726912
image_03240.jpg,100.1158589518345
image_03241.jpg,97.4917694482026
image_03242.jpg,100.10556521414767
image_03243.jpg,107.47649794842658
image_03244.jpg,97.48964369748347
image_03245.jpg,104.35487715481014
image_03246.jpg,98.14779174833347
image_03247.jpg,95.03506517391963
image_03249.jpg,104.22260031316162
image_03250.jpg,96.51034703955034
image_03251.jpg,91.2564312266305
image_03252.jpg,49.25815239172228
image_03254.jpg,33.00961525829615
image_03255.jpg,37.56547683229179
image_03257.jpg,108.42284786264977
image_03258.jpg,42.96386406186532
image_03259.jpg,27.612858514561083
image_03260.jpg,49.41707790252733
image_03261.jpg,50.643120909292726
image_03263.jpg,43.61767650219717
image_03264.jpg,98.34434587943463
image_03265.jpg,98.01848682039973
image_03266.jpg,89.33915396197212
image_03267.jpg,99.04474862038529
image_03268.jpg,97.99419096678116
image_03271.jpg,108.23908823331998
image_03273.jpg,108.73137162873525
image_03274.jpg,110.17574431173281
image_03275.jpg,106.60565588505679
image_03277.jpg,101.13432132848821
image_03278.jpg,96.44443909666361
image_03279.jpg,95.6801298129823
image_03280.jpg,33.14248334244556
image_03282.jpg,97.79146753501814
image_05525.jpg,76.2564507506842
image_05526.jpg,74.80727344915438
image_05527.jpg,73.2254715336958
image_05528.jpg,70.13721838568055
image_05531.jpg,72.28831947919946
image_05532.jpg,70.57557663043511
image_05534.jpg,77.91954300190785
image_05535.jpg,79.98442675465392
image_05536.jpg,75.8008957988845
image_05537.jpg,67.11908970015969
image_05539.jpg,65.77402754184556
image_05540.jpg,76.16738406223348
image_05542.jpg,74.4583107416693
image_05543.jpg,84.49578833910996
image_05544.jpg,71.61815096381484
image_05545.jpg,70.11473580893178
image_05546.jpg,70.02348609551797
image_05547.jpg,71.36535319447691
image_05548.jpg,70.17301340899232
image_05549.jpg,70.68607000582941
image_05551.jpg,78.0272626808284
image_05552.jpg,73.38676604231973
image_05553.jpg,73.41731283435794
image_05554.jpg,67.46285633989214
image_05555.jpg,70.31778889954438
image_05556.jpg,73.22184159655896
image_05557.jpg,75.09131997170304
image_05558.jpg,77.01886385264156
image_05559.jpg,72.11270325339713
image_05561.jpg,71.94783665334273
image_05562.jpg,67.42622148021755
image_05565.jpg,76.48486440726367
image_05566.jpg,67.93526640547132
image_05569.jpg,65.72909694265098
image_05570.jpg,66.22278486170076
image_05572.jpg,77.07949491803139
image_05574.jpg,70.09416532789561
image_05575.jpg,73.43998989146297
image_05577.jpg,66.67589122749268
image_05578.jpg,76.26734759574202
image_05580.jpg,75.20480415335044
image_07046.jpg,65.28667433351704
image_07047.jpg,50.45400995763679
image_07048.jpg,57.60470153774065
image_07049.jpg,46.85010552337891
image_07050.jpg,69.03589295721093
image_07055.jpg,63.156341582286274
image_07057.jpg,36.07648330075793
image_07060.jpg,28.434474087582313
image_07062.jpg,46.42159431323922
image_07064.jpg,57.95832191309616
image_07066.jpg,41.35746749736442
image_07067.jpg,65.16647544675912
image_07068.jpg,64.89965220046277
image_07072.jpg,67.50456498173271
image_07075.jpg,77.52853093202741
image_07076.jpg,69.70009953502598
image_07078.jpg,42.150577600305084
image_07079.jpg,39.52848992056839
image_07081.jpg,50.764054962597
image_07084.jpg,62.97462271164851
image_07085.jpg,78.02646819355516
image_08079.jpg,29.29379693188084
image_05903.jpg,33.36967463501115
image_05904.jpg,63.66837720208984
image_05907.jpg,57.788648284657036
image_05908.jpg,16.721851284084355
image_05910.jpg,56.23997569124657
image_05911.jpg,42.8379219095215
image_05912.jpg,51.682914592981206
image_05914.jpg,28.44163282865116
image_05915.jpg,21.203347968398955
image_05917.jpg,55.49624999202841
image_05919.jpg,40.54759313740199
image_05920.jpg,39.591540355154066
image_05923.jpg,62.8145177375879
image_05924.jpg,19.532070671275424
image_05927.jpg,62.03069439878992
image_05928.jpg,76.16571766612405
image_05929.jpg,50.465260316560915
image_05930.jpg,58.41529859840912
image_05932.jpg,64.33134925707041
image_05933.jpg,14.565827607945423
image_05935.jpg,37.66147407303866
image_05936.jpg,38.29181887370217
image_05938.jpg,37.5224248698676
image_05939.jpg,23.89259297404427
image_05941.jpg,30.397529299924688
image_05942.jpg,48.483763218002125
image_05943.jpg,36.5775204673974
image_05944.jpg,40.526047183857784
image_05946.jpg,39.243714784717
image_05948.jpg,45.42857332401574
image_05949.jpg,16.79980645855983
image_05952.jpg,81.1614582994948
image_05953.jpg,33.112852228730716
image_05955.jpg,54.079894411201906
image_05957.jpg,43.20857367170753
image_05959.jpg,61.24098411014016
image_05960.jpg,37.21902845918121
image_05961.jpg,28.266914194890745
image_05963.jpg,52.095005790975236
image_05965.jpg,29.938549121712313
image_05966.jpg,39.44725685447264
image_05967.jpg,36.55299591719107
image_05968.jpg,47.34896239666151
image_05969.jpg,46.39634538877815
image_05970.jpg,28.780099268753926
image_05973.jpg,14.677520446805282
image_05976.jpg,30.584375675556213
image_05978.jpg,29.555230098253936
image_05979.jpg,39.09864700316323
image_05980.jpg,33.73701985752029
image_05981.jpg,40.99491480382478
image_05982.jpg,48.0350110841863
image_05984.jpg,28.32409023181569
image_05985.jpg,46.984614311970475
image_05987.jpg,36.416473634294036
image_05988.jpg,33.145811337117195
image_05991.jpg,19.300545802969605
image_05992.jpg,20.37767619814887
image_05995.jpg,31.50208516996961
image_05996.jpg,37.25531881013458
image_05998.jpg,41.86796916590544
image_05999.jpg,29.812681946239927
image_06001.jpg,45.53292233650567
image_06003.jpg,46.61411696890255
image_06005.jpg,33.36463230673329
image_06007.jpg,30.568933288488847
image_06008.jpg,56.32023544602227
image_06009.jpg,48.023022470581715
image_05278.jpg,46.327080085599064
image_05280.jpg,48.681789606072265
image_05281.jpg,41.43725636829205
image_05282.jpg,56.47260760222361
image_05283.jpg,65.9771691461176
image_05284.jpg,49.15666856031806
image_05286.jpg,53.16387027312768
image_05287.jpg,41.35309119987705
image_05288.jpg,51.46814000127296
image_05290.jpg,51.734732095014145
image_05294.jpg,34.44120784057006
image_05295.jpg,53.4133650635386
image_05296.jpg,51.835380540950325
image_05297.jpg,61.15334811024314
image_05298.jpg,66.78204866715924
image_05299.jpg,74.4209514069944
image_05300.jpg,29.685464675176174
image_05301.jpg,35.24045159001243
image_05302.jpg,37.155964010763114
image_05304.jpg,54.79342953981467
image_05307.jpg,53.60087999833583
image_05308.jpg,53.10623891658188
image_05311.jpg,48.366649115049675
image_05312.jpg,57.631979081961525
image_05313.jpg,62.96504636409637
image_05314.jpg,55.4530676560139
image_05315.jpg,55.970651376434006
image_05316.jpg,64.22418849519225
image_05318.jpg,44.976621962843986
image_05319.jpg,81.04730603157563
image_05322.jpg,63.256580471113814
image_05324.jpg,79.47678122874991
image_05325.jpg,55.56353967678066
image_05326.jpg,56.45634358382492
image_05328.jpg,24.96518849672286
image_05329.jpg,51.81200170787769
image_05331.jpg,39.88975005999105
image_05332.jpg,34.03106981204472
image_05334.jpg,52.55899701444813
image_05335.jpg,54.10725002724135
image_05337.jpg,47.619020326503296
image_05338.jpg,64.71347120315008
image_04481.jpg,122.9871437840734
image_04482.jpg,108.89393929475912
image_04483.jpg,111.96009742677262
image_04484.jpg,124.98224698155829
image_04485.jpg,126.44162825811264
image_04486.jpg,127.84371888564704
image_04492.jpg,116.03953558827081
image_04493.jpg,121.64457812708017
image_04494.jpg,116.22606077893977
image_04495.jpg,116.39224468947089
image_04496.jpg,127.39662741366453
image_04497.jpg,129.537760050033
image_04499.jpg,121.25800874815502
image_04501.jpg,116.60379787260749
image_04502.jpg,125.00376422913263
image_04503.jpg,126.17741634336969
image_04504.jpg,103.8246819390047
image_04505.jpg,109.37061554865839
image_04506.jpg,113.89712525021145
image_04508.jpg,107.47997346188181
image_04509.jpg,133.4254579028738
image_04510.jpg,118.69017396956318
image_04511.jpg,153.0684562602546
image_04513.jpg,110.81210729346152
image_04514.jpg,115.02847906269699
image_04517.jpg,95.74270151203524
image_04519.jpg,113.08903833622239
image_04520.jpg,115.2570219630302
image_04521.jpg,110.76262579905652
image_04522.jpg,122.59807581395869
image_04525.jpg,101.89479155819784
image_04526.jpg,103.80252948671605
image_04527.jpg,100.31754428204064
image_04528.jpg,116.55754965603236
image_04530.jpg,106.34019939025896
image_04531.jpg,116.87031736677818
image_04532.jpg,106.78364114950875
image_04533.jpg,101.76237917916598
image_04535.jpg,118.06526887961203
image_04536.jpg,106.7507096043597
image_04539.jpg,131.51018628534808
image_04541.jpg,130.81357741226606
image_04542.jpg,120.19152468720551
image_04543.jpg,136.24488278770667
image_04544.jpg,124.35883606900404
image_04545.jpg,115.87582680079043
image_04546.jpg,120.93216640515813
image_04547.jpg,136.92839874815104
image_04548.jpg,110.64155669104323
image_04549.jpg,112.64816444356657
image_04550.jpg,120.80329979520837
image_04551.jpg,121.92631977993554
image_04552.jpg,119.7522803640876
image_04553.jpg,120.74961247494156
image_04555.jpg,111.19485292510804
image_04556.jpg,111.08888196134272
image_04557.jpg,127.15787296019866
image_08089.jpg,113.91923443806405
image_03545.jpg,76.39892854438071
image_03546.jpg,42.049613383272344
image_03547.jpg,114.21637289846336
image_03549.jpg,79.60124457074735
image_03550.jpg,46.4355273946896
image_03551.jpg,55.74913828694627
image_03552.jpg,79.074605757349
image_03553.jpg,68.11306143713477
image_03554.jpg,79.53290463568449
image_03556.jpg,77.49328076303722
image_03557.jpg,89.00156302281633
image_03558.jpg,60.74237244762405
image_03559.jpg,47.25217766299229
image_03560.jpg,61.79486574965829
image_03562.jpg,78.74109991068953
image_03563.jpg,46.28700506949487
image_03565.jpg,44.302009024112685
image_03567.jpg,78.25854407638985
image_03569.jpg,47.787616572343765
image_03571.jpg,77.66537607863113
image_03572.jpg,27.17786350312896
image_03573.jpg,47.89946724214106
image_03574.jpg,95.36008864592775
image_03575.jpg,75.25348206438636
image_03576.jpg,91.88351491599657
image_03577.jpg,78.56456961674316
image_03578.jpg,67.78384971946676
image_03580.jpg,43.07591299472001
image_03584.jpg,64.97592167757247
image_03585.jpg,86.13926198349024
image_03586.jpg,72.36894762904187
image_03587.jpg,87.07820400758024
image_03588.jpg,74.41835056608237
image_03589.jpg,51.644478924174706
image_03590.jpg,79.31785257441766
image_03591.jpg,89.61502455148073
image_03592.jpg,74.86312413816228
image_03593.jpg,34.00970213780347
image_03594.jpg,59.466315991824345
image_03595.jpg,95.56382563937012
image_03596.jpg,91.51759949731652
image_03598.jpg,12.456969998858996
image_03599.jpg,97.08130141151862
image_03602.jpg,75.90735645576649
image_03603.jpg,46.2760640407287
image_03604.jpg,107.21719711900536
image_03606.jpg,64.83352081873656
image_03607.jpg,75.75440908740637
image_03608.jpg,103.49747841207218
image_03610.jpg,78.53968780721809
image_03611.jpg,37.711090526937525
image_03613.jpg,76.16427447922248
image_03614.jpg,59.925617975703005
image_03615.jpg,80.10624202776165
image_03616.jpg,73.96263416501961
image_03618.jpg,117.12170646487283
image_03620.jpg,58.955265768828326
image_03621.jpg,39.36480544504715
image_03622.jpg,83.33624343947041
image_03623.jpg,26.6591154330521
image_03624.jpg,71.97713963702324
image_03625.jpg,93.34963160928865
image_03626.jpg,34.37669638114959
image_03627.jpg,66.49248896619957
image_03628.jpg,38.421403584650726
image_03629.jpg,30.55539142822477
image_03630.jpg,86.03506670243218
image_03631.jpg,38.89651403667122
image_03632.jpg,68.69214142777592
image_03633.jpg,66.81079257913694
image_03634.jpg,50.424922907846586
image_03635.jpg,83.78910535748231
image_03636.jpg,87.75892756038235
image_03638.jpg,101.1437240883599
image_03639.jpg,87.46874137429816
image_03640.jpg,79.220400298769
image_00252.jpg,33.06935360090398
image_00253.jpg,96.68777092350567
image_00254.jpg,101.59477919815956
image_00256.jpg,60.487748654739555
image_00257.jpg,101.79921094730243
image_00258.jpg,53.450480575525354
image_00259.jpg,56.192272258762
image_00260.jpg,64.44433975040394
image_00261.jpg,85.08495142766678
image_00262.jpg,57.97876792844376
image_00263.jpg,74.14323540743803
image_00264.jpg,49.83162347550429
image_00265.jpg,42.283922859633556
image_00266.jpg,59.54051084103121
image_00267.jpg,77.09780961559524
image_00268.jpg,53.65310133943332
image_00270.jpg,61.16978147425159
image_00271.jpg,87.50718049500486
image_00272.jpg,35.248930884205976
image_00273.jpg,44.58145174840113
image_00275.jpg,96.92334490938885
image_00276.jpg,97.20752730405931
image_00277.jpg,108.73874769089478
image_00278.jpg,64.68894774262404
image_00279.jpg,89.95620926356861
image_00280.jpg,67.4022620147731
image_00281.jpg,84.31254945566594
image_00282.jpg,90.46514129628481
image_00283.jpg,82.64957775516301
image_00284.jpg,53.8250953000818
image_00286.jpg,64.45551381761922
image_00287.jpg,91.7084965066064
image_00288.jpg,56.76756323885747
image_00289.jpg,72.06566048700095
image_00290.jpg,67.39653576554727
image_00292.jpg,79.06043985091306
image_00293.jpg,97.69243592135658
image_00294.jpg,68.3159644222364
image_00295.jpg,102.32905881109832
image_00296.jpg,55.3011111425711
image_00298.jpg,75.07888796637937
image_00299.jpg,58.39632256153738
image_00300.jpg,36.73046613856602
image_00301.jpg,102.1408793247036
image_00302.jpg,99.94434370729365
image_00303.jpg,92.27441375496117
image_00305.jpg,83.9486649101655
image_00306.jpg,78.36564816420682
image_00307.jpg,68.2443669283572
image_00308.jpg,93.92245645263422
image_00309.jpg,23.421576419749762
image_00310.jpg,80.28452386311797
image_00311.jpg,59.3920249402004
image_00312.jpg,71.76600837890405
image_00313.jpg,55.74200733149473
image_00314.jpg,67.75483603364253
image_00315.jpg,60.58317178686584
image_00316.jpg,51.35566185824452
image_00317.jpg,101.41500819709546
image_00318.jpg,97.46164260840095
image_00320.jpg,88.00229831771841
image_00321.jpg,78.61872437472726
image_00322.jpg,78.42128342690958
image_00323.jpg,59.95115929415924
image_00324.jpg,67.71281085423766
image_00325.jpg,52.5764706223094
image_00326.jpg,86.82669422804737
image_00327.jpg,100.19214764148334
image_00328.jpg,79.68856896699346
image_00329.jpg,91.5959250702867
image_00330.jpg,63.425172388569585
image_00331.jpg,77.77267347115173
image_00332.jpg,97.11457098155131
image_00333.jpg,37.90635181353825
image_00334.jpg,59.48783608038346
image_00335.jpg,18.46324048790505
image_00336.jpg,51.00160342891226
image_00337.jpg,79.58622867202597
image_00338.jpg,57.20574978534355
image_00339.jpg,27.11567117738307
image_00340.jpg,52.98407599126716
image_00341.jpg,59.36846552929576
image_00342.jpg,53.37878663987667
image_00343.jpg,68.85536175378965
image_00344.jpg,59.17433774913652
image_00345.jpg,47.530085587287005
image_00346.jpg,83.61146922859898
image_00347.jpg,19.521658060196643
image_00348.jpg,48.3443721915538
image_00349.jpg,78.28053075769597
image_00350.jpg,26.144300442082272
image_00351.jpg,63.31758837651684
image_00352.jpg,48.64383224740341
image_00353.jpg,77.04548040439332
image_00354.jpg,95.00893883145005
image_00355.jpg,75.89981498091907
image_00356.jpg,75.67910804661285
image_00357.jpg,95.03216105084914
image_00358.jpg,90.01239152514809
image_00359.jpg,53.90755456316153
image_00360.jpg,81.07790182402209
image_00361.jpg,112.87839678868697
image_00362.jpg,84.20689454169558
image_00363.jpg,58.6819454019982
image_00365.jpg,52.13139545062726
image_00367.jpg,40.07546474257331
image_00368.jpg,104.3674892209642
image_00369.jpg,80.1567049111026
image_00370.jpg,12.573227311355764
image_00371.jpg,70.48397658124077
image_00372.jpg,70.53436834710072
image_00373.jpg,54.357124883741065
image_00374.jpg,87.72945188066168
image_00376.jpg,86.33966186768248
image_00377.jpg,71.30234810011038
image_00378.jpg,44.61285061784925
image_00379.jpg,117.09175139666411
image_00382.jpg,77.18481635054505
image_00384.jpg,74.41549000607313
image_00385.jpg,58.42079871494193
image_00386.jpg,81.40944691699454
image_00387.jpg,31.301218854386956
image_00388.jpg,81.82677877324161
image_00389.jpg,72.34519832046001
image_00390.jpg,30.072309952700785
image_00391.jpg,53.27796884014453
image_00392.jpg,64.88057492684908
image_00393.jpg,70.2013598437623
image_00394.jpg,61.9706084479565
image_00395.jpg,60.183021739269236
image_00396.jpg,57.00544273929449
image_00397.jpg,108.71904451481721
image_00398.jpg,66.20131996279038
image_00399.jpg,70.6437712477954
image_00402.jpg,79.42357924547508
image_00403.jpg,43.93082556450191
image_00404.jpg,33.33686621916081
image_00405.jpg,45.050765023592774
image_00406.jpg,21.210770825258987
image_00407.jpg,63.54347519518966
image_00408.jpg,104.57177236000072
image_00409.jpg,90.10706750396378
image_00410.jpg,50.729909969180426
image_00412.jpg,70.76524463440529
image_00413.jpg,63.62495944287983
image_00414.jpg,72.83807488309193
image_00415.jpg,41.69154731316925
image_00416.jpg,54.64066646893821
image_00417.jpg,61.84140981422418
image_00418.jpg,100.42340948219821
image_00419.jpg,74.46377623670881
image_00420.jpg,45.526769590993425
image_00421.jpg,56.6563680843554
image_00422.jpg,101.7778081350476
image_00423.jpg,56.52939109555109
image_00424.jpg,56.22668917753409
image_00425.jpg,41.83731525580463
image_00426.jpg,77.40437748013802
image_00427.jpg,88.65197967464319
image_00428.jpg,89.11838953665568
image_00429.jpg,66.66720060579095
image_00430.jpg,83.27800939761428
image_00431.jpg,31.257634088944307
image_00432.jpg,69.33970161291572
image_00434.jpg,82.49603185258303
image_00435.jpg,84.62006994160942
image_00436.jpg,96.58754427749696
image_00437.jpg,40.874012063054565
image_00438.jpg,78.61572467832022
image_00439.jpg,71.96108271307415
image_00440.jpg,79.48874346925497
image_00441.jpg,101.02536660798813
image_00443.jpg,87.3732818603624
image_00445.jpg,98.32957293337046
image_01143.jpg,76.98293507574942
image_01144.jpg,72.45710938911606
image_01145.jpg,64.40464759350574
image_01146.jpg,85.33028124906338
image_01148.jpg,69.2732642879299
image_01149.jpg,94.06109573053013
image_01150.jpg,68.74391825659062
image_01151.jpg,59.264785316443806
image_01153.jpg,107.69983638830124
image_01154.jpg,81.09719423553824
image_01155.jpg,90.45933486364827
image_01156.jpg,121.4189056630798
image_01157.jpg,90.10660627158153
image_01158.jpg,62.74981410328396
image_01160.jpg,68.0177268070747
image_01161.jpg,23.383120664321517
image_01163.jpg,51.06818565536823
image_01164.jpg,96.55579951168073
image_01165.jpg,88.20009821899669
image_01166.jpg,81.80401726154443
image_01167.jpg,84.93189601029793
image_01168.jpg,88.61965898879511
image_01169.jpg,86.68153735720968
image_01170.jpg,80.17057122840595
image_01171.jpg,118.63510447036086
image_01172.jpg,88.06377801341753
image_01173.jpg,69.90742049367185
image_01174.jpg,60.40073222543576
image_01175.jpg,62.59592683040198
image_01177.jpg,59.94847305497586
image_01178.jpg,77.0059890821889
image_01179.jpg,65.90526039336973
image_01180.jpg,113.04942039212668
image_01181.jpg,46.72572453304875
image_01182.jpg,62.04157214462526
image_01183.jpg,73.8557870695996
image_01184.jpg,102.04667166814457
image_01185.jpg,97.68331153441818
image_01186.jpg,34.8724706620679
image_01187.jpg,62.353163001935584
image_01188.jpg,96.68933964766171
image_01189.jpg,107.17858119665752
image_01191.jpg,88.84413435879367
image_01192.jpg,88.32803487734388
image_01193.jpg,98.58819488983954
image_01194.jpg,79.49948845187458
image_01195.jpg,86.5168796031378
image_01197.jpg,87.66663698840418
image_01198.jpg,70.4046518899745
image_01199.jpg,51.99012382511735
image_01200.jpg,92.16820737573818
image_01201.jpg,64.35336597671565
image_01202.jpg,83.54606698511799
image_01203.jpg,76.68596315037017
image_01204.jpg,93.6919230371472
image_01205.jpg,60.04233178233447
image_01206.jpg,81.25761259888634
image_01207.jpg,88.81818580510705
image_01208.jpg,107.57991671484461
image_01209.jpg,69.71801752703455
image_01210.jpg,89.01383339507908
image_01211.jpg,74.86695786025243
image_01214.jpg,121.46671075154691
image_01215.jpg,76.88325509896009
image_01216.jpg,126.37076229736331
image_01217.jpg,29.351340400454742
image_01218.jpg,69.79320217935698
image_01219.jpg,75.43876319617306
image_01220.jpg,84.50272675029723
image_01222.jpg,88.64989511296517
image_01223.jpg,114.26407567063438
image_01224.jpg,82.84321989541043
image_01225.jpg,88.34902812149033
image_01226.jpg,68.76356529313875
image_01227.jpg,107.01009869049916
image_01228.jpg,99.4597745006919
image_01229.jpg,90.04980893813622
image_01230.jpg,65.98721867225802
image_01231.jpg,96.58812574581472
image_01232.jpg,62.12945084679231
image_01233.jpg,88.94934480040914
image_01235.jpg,99.42291294274554
image_01237.jpg,88.99279504365234
image_01238.jpg,64.34784694297032
image_01239.jpg,88.88982920715759
image_01240.jpg,82.86649038788744
image_01241.jpg,81.98252299519713
image_01242.jpg,82.83049864301744
image_01243.jpg,93.43544251174602
image_01244.jpg,52.478091364663996
image_01245.jpg,69.6473731862229
image_01246.jpg,102.78749845730624
image_01247.jpg,91.62819766757113
image_01248.jpg,84.99650280866729
image_01249.jpg,93.26218837870282
image_01250.jpg,74.99342865264458
image_01252.jpg,64.77348549766788
image_01253.jpg,89.7379493460611
image_01255.jpg,78.56409574350803
image_01256.jpg,98.60793126925358
image_01257.jpg,106.12632158058005
image_01258.jpg,83.31459520437915
image_01259.jpg,66.18409573878404
image_01260.jpg,58.66479289578503
image_01262.jpg,79.17792364515323
image_01263.jpg,103.34181730557452
image_01264.jpg,54.49603349143928
image_01265.jpg,103.82467066717223
image_01266.jpg,60.86725003326203
image_01267.jpg,73.58985238180465
image_01268.jpg,77.79406421918097
image_01269.jpg,78.54089674711491
image_01272.jpg,88.42013783299886
image_01273.jpg,32.81996201470743
image_01274.jpg,105.07108473840766
image_01275.jpg,77.39146465580535
image_01276.jpg,72.98181554427649
image_01277.jpg,88.45210738774557
image_01278.jpg,107.24867740680267
image_01279.jpg,78.62711532422914
image_01280.jpg,73.84542840005395
image_01281.jpg,56.632327887450764
image_01282.jpg,62.31075675740166
image_01283.jpg,68.28838921976882
image_01284.jpg,70.68205953343883
image_01286.jpg,84.25057745476809
image_01287.jpg,88.60381792099724
image_01288.jpg,71.71774529310645
image_01289.jpg,113.25142860862806
image_01290.jpg,60.86272148127192
image_01291.jpg,64.98471372633722
image_01292.jpg,89.035961844962
image_01293.jpg,92.13162573310217
image_01294.jpg,81.80061288045204
image_01296.jpg,93.136905331778
image_01297.jpg,94.71498463597818
image_01298.jpg,101.78066207160549
image_01299.jpg,61.34253410773536
image_01300.jpg,80.24832864415902
image_01301.jpg,85.5008619572325
image_01302.jpg,90.22838694696969
image_01303.jpg,52.140205595502536
image_01305.jpg,15.69061118240555
image_01306.jpg,75.41424556832253
image_01307.jpg,58.54605311753743
image_01308.jpg,94.48630031322986
image_01309.jpg,75.53212900917843
image_01310.jpg,97.3844164504734
image_01311.jpg,63.30017210049999
image_01312.jpg,84.35960706695853
image_01313.jpg,27.353075000385207
image_02069.jpg,10.23077652330372
image_02070.jpg,6.835907732783514
image_02071.jpg,10.763357919406442
image_02072.jpg,17.537747323236612
image_02073.jpg,15.444872193504924
image_02074.jpg,28.596951973190173
image_02076.jpg,11.839715858359478
image_02077.jpg,19.749593835204145
image_02078.jpg,16.005708159067684
image_02079.jpg,17.179891023990404
image_02082.jpg,15.57921624976013
image_02083.jpg,16.604809214954084
image_02084.jpg,12.952712181577734
image_02085.jpg,9.319126918241338
image_02086.jpg,10.047731157006924
image_02088.jpg,23.794601742711663
image_02089.jpg,26.300847323793988
image_02090.jpg,19.437000111297646
image_02091.jpg,10.708120562366505
image_02092.jpg,12.649045357762164
image_02093.jpg,17.233125631625093
image_02094.jpg,11.77170956163091
image_02096.jpg,11.794985398132946
image_02097.jpg,7.116739292016083
image_02099.jpg,18.86687514252493
image_02100.jpg,14.385674626327617
image_02101.jpg,15.590688965940009
image_02102.jpg,21.47751777510563
image_02103.jpg,15.97066841433983
image_02104.jpg,15.639705277930098
image_02105.jpg,8.425939423486323
image_02106.jpg,23.351152875320725
image_02107.jpg,8.233608759871716
image_02108.jpg,16.876275923379488
image_02109.jpg,9.923558505895254
image_02111.jpg,9.800653420236733
image_02112.jpg,46.749750385251815
image_02113.jpg,12.219223802394708
image_02114.jpg,8.432741013191652
image_02115.jpg,6.371924835072572
image_02116.jpg,20.30507421204372
image_02117.jpg,12.995152330568091
image_02118.jpg,11.949232158428739
image_02119.jpg,27.110947772188563
image_02120.jpg,16.039538215001674
image_02121.jpg,10.609032707136288
image_02122.jpg,20.578904379104955
image_02123.jpg,18.77457911809018
image_02124.jpg,11.50673892118624
image_02126.jpg,21.47867712115145
image_02127.jpg,11.59046762037538
image_02128.jpg,11.157137607354837
image_02129.jpg,14.119903271164791
image_02130.jpg,10.412883746968994
image_02131.jpg,13.015651265980349
image_02132.jpg,9.65177325985567
image_02133.jpg,16.556875584658165
image_02134.jpg,9.279793693452584
image_02135.jpg,9.522508572107169
image_02136.jpg,29.909635719265033
image_02137.jpg,25.974125508879503
image_02138.jpg,17.3829635513037
image_02139.jpg,12.119236579956851
image_02140.jpg,16.434601124202167
image_02141.jpg,11.313909940656302
image_02142.jpg,16.12402660079811
image_02143.jpg,22.299535230913108
image_02145.jpg,28.762334227959165
image_02147.jpg,11.7908737472736
image_02148.jpg,15.31353118396664
image_02149.jpg,27.072799260939856
image_02150.jpg,34.19806268925559
image_02151.jpg,6.199571558018882
image_02152.jpg,11.478233230018152
image_02153.jpg,13.22504982686072
image_02154.jpg,11.677280012269337
image_02155.jpg,11.123917887288815
image_02156.jpg,10.617482453858251
image_02157.jpg,10.411188665450188
image_02161.jpg,22.785165099150646
image_02162.jpg,8.948856488726047
image_02164.jpg,7.882776107704124
image_02165.jpg,15.425696506873841
image_02167.jpg,6.472206158322618
image_02168.jpg,14.425480802388225
image_02169.jpg,15.058419261401482
image_02170.jpg,22.138652801225597
image_02171.jpg,14.877827758498423
image_02172.jpg,12.403148407407269
image_02173.jpg,8.780148553912715
image_02174.jpg,14.508044096445474
image_02175.jpg,19.31320508420079
image_02176.jpg,12.11766558847199
image_02177.jpg,27.186721589916925
image_02178.jpg,12.976329890403509
image_02180.jpg,9.814477545168767
image_02181.jpg,17.37154979979642
image_02186.jpg,10.63097270287814
image_02187.jpg,11.231602495151535
image_02188.jpg,10.931993379322211
image_02446.jpg,50.686225308111794
image_02447.jpg,80.80907200359138
image_02448.jpg,82.9437921912147
image_02449.jpg,79.10085609253116
image_02450.jpg,55.94257638476054
image_02451.jpg,85.03739635842057
image_02452.jpg,44.58508110310545
image_02453.jpg,71.44335722952951
image_02455.jpg,60.819935875707586
image_02456.jpg,71.27853175456455
image_02457.jpg,73.57142354316996
image_02459.jpg,28.396926276390335
image_02460.jpg,119.25578522299818
image_02462.jpg,55.049406146196205
image_02463.jpg,65.48430035022764
image_02464.jpg,48.960680750756396
image_02465.jpg,61.440794994037645
image_02467.jpg,29.179453060646864
image_02469.jpg,17.336552998244674
image_02470.jpg,42.42722253200518
image_02472.jpg,82.62213006302053
image_02473.jpg,64.64179170322805
image_02474.jpg,115.88784985798996
image_02476.jpg,90.60240853184234
image_02478.jpg,39.058722978584484
image_02479.jpg,75.12863236647142
image_02480.jpg,35.87239898338409
image_02481.jpg,83.8176648688948
image_02482.jpg,98.74724501050312
image_02483.jpg,81.93575156454988
image_02484.jpg,94.60990278099929
image_02486.jpg,74.22607734411932
image_02487.jpg,75.2809947375392
image_02488.jpg,48.24078988645208
image_02489.jpg,64.93436975024372
image_02490.jpg,66.20330142474674
image_02491.jpg,85.18957691597001
image_02493.jpg,58.655753032477826
image_02494.jpg,47.925806442355075
image_02495.jpg,96.522649624743
image_02496.jpg,93.79579005468642
image_02497.jpg,53.29689288270741
image_02498.jpg,63.1501103044951
image_02499.jpg,58.58240015857579
image_02501.jpg,58.19856742135531
image_02502.jpg,60.49748505857226
image_02503.jpg,63.619740210434664
image_02504.jpg,69.35191579534029
image_02505.jpg,86.23929102069253
image_02508.jpg,66.67076058416038
image_02509.jpg,38.141715587623
image_02510.jpg,30.50189088457492
image_02512.jpg,58.50001336144889
image_02513.jpg,33.024303451762364
image_02515.jpg,44.27930067829963
image_02516.jpg,55.72886233525698
image_02517.jpg,43.56189591904601
image_02518.jpg,46.472208503794576
image_02520.jpg,89.07050215734189
image_02522.jpg,73.13592001414688
image_02524.jpg,25.38160030396245
image_02525.jpg,56.73491601356426
image_02526.jpg,65.21512009630476
image_02527.jpg,59.369114107985354
image_02528.jpg,47.194417876914656
image_02529.jpg,23.71616817512434
image_02530.jpg,46.460082064805285
image_02531.jpg,70.12618108762422
image_02532.jpg,47.81667660672913
image_02533.jpg,68.40646094037031
image_02534.jpg,90.53049696377542
image_02535.jpg,68.18990143010882
image_02536.jpg,59.79076092774534
image_02537.jpg,38.10968663239422
image_02538.jpg,15.887835824804927
image_02539.jpg,17.010286758377244
image_02540.jpg,43.73350259476946
image_02541.jpg,11.01822484254414
image_02542.jpg,39.78397176768539
image_02544.jpg,92.85904540115908
image_02545.jpg,101.972743464151
image_02546.jpg,10.402985191701573
image_02547.jpg,54.19357800408142
image_02548.jpg,54.25999944582318
image_02549.jpg,117.437876041064
image_02551.jpg,66.49110641297544
image_02552.jpg,61.34487274896584
image_00001.jpg,66.02670868308164
image_00002.jpg,75.58962174822852
image_00003.jpg,49.99880571315798
image_00004.jpg,36.322417544155755
image_00005.jpg,49.416062933716574
image_00006.jpg,23.238511560394837
image_00007.jpg,19.545763519054756
image_00008.jpg,50.08920570662939
image_00009.jpg,49.24551583656855
image_00010.jpg,30.905628729561656
image_00011.jpg,62.22223436017576
image_00012.jpg,37.58887935134349
image_00013.jpg,52.01395530069766
image_00014.jpg,30.18884812293203
image_00015.jpg,36.4057643523046
image_00016.jpg,43.516066210919824
image_00018.jpg,98.86661516714395
image_00019.jpg,46.08420468999025
image_00020.jpg,40.10682126476527
image_00021.jpg,59.88281532992784
image_00022.jpg,44.77759340996964
image_00024.jpg,46.9310444352629
image_00025.jpg,80.1641925885238
image_00026.jpg,42.623387395117526
image_00027.jpg,41.54985647447505
image_00029.jpg,52.90626229784327
image_00030.jpg,43.40102923337352
image_00031.jpg,52.40993643793496
image_00032.jpg,49.16097339717122
image_00033.jpg,50.88131517453859
image_00034.jpg,41.45417061365062
image_00035.jpg,34.09861200988585
image_00037.jpg,35.68973462241043
image_00039.jpg,72.57925718350933
image_00040.jpg,30.423584372183484
image_00041.jpg,39.6204496599336
image_00042.jpg,59.46814812731088
image_00043.jpg,79.25246443149939
image_00044.jpg,68.68909164518173
image_00045.jpg,48.71578973520944
image_00046.jpg,37.74809160990975
image_00047.jpg,37.218455656981675
image_00048.jpg,43.46510425153502
image_00049.jpg,38.47806361847167
image_00050.jpg,55.40804432149241
image_00051.jpg,35.478801384333714
image_00052.jpg,52.91543853877164
image_00053.jpg,34.645242681465504
image_00054.jpg,38.747780174782534
image_00056.jpg,29.90207048934423
image_00057.jpg,59.260584550111055
image_00058.jpg,37.6720945520531
image_00059.jpg,63.407253021355416
image_00060.jpg,39.05712816046275
image_00061.jpg,46.27566290985501
image_00062.jpg,51.802913667471785
image_00063.jpg,39.938154741930724
image_00064.jpg,25.58552820915635
image_00065.jpg,39.21122304449392
image_00066.jpg,23.02288474908283
image_00067.jpg,42.90239637481895
image_00068.jpg,44.26925225885923
image_00069.jpg,40.950579489284664
image_00070.jpg,28.97300788715188
image_00071.jpg,45.83277667057402
image_00072.jpg,44.769100370448776
image_00073.jpg,39.68968364157421
image_00074.jpg,78.76297962142561
image_00075.jpg,50.90730926215644
image_00076.jpg,38.847028668772985
image_00077.jpg,38.333992487238106
image_00078.jpg,44.52256129129407
image_00080.jpg,48.040286135968934
image_00081.jpg,46.45937925208465
image_00084.jpg,62.71229457107336
image_00085.jpg,45.51355207076636
image_00086.jpg,30.923260339899556
image_00087.jpg,31.65816026565831
image_00088.jpg,49.23253235676559
image_00089.jpg,25.118436323760996
image_00090.jpg,49.28218203618035
image_00091.jpg,42.820021973323215
image_00092.jpg,49.13625929178685
image_00093.jpg,22.931640490091098
image_00095.jpg,42.696912284720696
image_00096.jpg,43.85498188071524
image_00097.jpg,53.68680999882907
image_00098.jpg,98.88424299338901
image_00099.jpg,55.012411144014685
image_00100.jpg,52.863352885498486
image_00101.jpg,43.400830460462615
image_00102.jpg,56.11866934405978
image_00103.jpg,31.522311666217263
image_00104.jpg,62.00525832320437
image_00105.jpg,43.592080071848414
image_00106.jpg,42.33702825209157
image_00107.jpg,55.82004850302362
image_00108.jpg,35.12045563114348
image_00109.jpg,45.55789651099605
image_00110.jpg,45.620777349469435
image_00111.jpg,54.37481341176749
image_00112.jpg,53.28612509822126
image_00113.jpg,25.363043824560414
image_00114.jpg,71.67604129392541
image_00115.jpg,44.91747459479546
image_00117.jpg,26.20761507954264
image_00119.jpg,50.65282001643938
image_00120.jpg,57.29255454413256
image_00121.jpg,96.93457094951046
image_00122.jpg,43.512891682599346
image_00123.jpg,52.09368562014009
image_00124.jpg,35.90642059963299
image_00125.jpg,38.96666298591482
image_00127.jpg,46.33306014537922
image_00128.jpg,43.462626331103905
image_00129.jpg,68.07078089288333
image_00130.jpg,64.32678370670851
image_00131.jpg,62.04674326727095
image_00132.jpg,39.65319224452643
image_00133.jpg,43.40841850249784
image_00134.jpg,39.52344459537162
image_00135.jpg,62.61065909648437
image_00136.jpg,30.52539402658977
image_00137.jpg,44.64165424495803
image_00138.jpg,55.88278242729183
image_00139.jpg,49.2020111279201
image_00140.jpg,41.274993861803985
image_00141.jpg,47.81959597148571
image_00142.jpg,37.788892094622405
image_00143.jpg,34.05561371996057
image_00145.jpg,44.67133079837343
image_00146.jpg,32.080421681563486
image_00147.jpg,54.34105056249628
image_00148.jpg,48.922522044095416
image_00149.jpg,52.15626559807109
image_00150.jpg,33.046044373150266
image_00151.jpg,38.61893284773173
image_00152.jpg,66.69860484586528
image_00153.jpg,45.96931403320603
image_00154.jpg,44.860511495876395
image_00155.jpg,51.37728940186891
image_00156.jpg,48.11761622694622
image_00157.jpg,34.66647831711501
image_00158.jpg,48.46569806090327
image_00159.jpg,56.3200050156002
image_00160.jpg,28.441783545477836
image_00161.jpg,38.47874809468161
image_00162.jpg,60.82730345684162
image_00163.jpg,57.31943470688111
image_00164.jpg,36.28117060921772
image_00165.jpg,51.28854825587591
image_00166.jpg,40.54286188899626
image_00167.jpg,54.77920104603014
image_00168.jpg,42.98380087513592
image_00170.jpg,32.67616130022168
image_00171.jpg,54.42127220841252
image_00172.jpg,26.798134369850402
image_00173.jpg,41.72577716834736
image_00174.jpg,29.388104890601923
image_00175.jpg,50.96309124020031
image_00176.jpg,47.42285703591777
image_00178.jpg,33.27096248146829
image_00179.jpg,29.354979817097202
image_00180.jpg,50.94158002513869
image_00181.jpg,46.77563958869702
image_00182.jpg,38.934038699770205
image_00183.jpg,69.64214371061001
image_00184.jpg,40.85837172618008
image_00185.jpg,40.46550067265197
image_00186.jpg,25.25331615020904
image_00187.jpg,49.05287250218723
image_00188.jpg,42.90387417674964
image_00189.jpg,39.56955193243073
image_00190.jpg,53.6506422288288
image_00191.jpg,42.42036884706498
image_00192.jpg,41.5029083246411
image_00193.jpg,46.32886884512851
image_00194.jpg,44.62961254522301
image_00195.jpg,60.49063099117029
image_00196.jpg,33.95951515576179
image_00197.jpg,32.707716171079475
image_00198.jpg,45.89713293643078
image_00199.jpg,22.23370539710414
image_00201.jpg,54.26543268747537
image_00202.jpg,46.24963075272895
image_00203.jpg,34.257251074499315
image_00204.jpg,49.07914849912412
image_00205.jpg,40.68489454227639
image_00206.jpg,47.872160678403425
image_00207.jpg,63.25597297147223
image_00208.jpg,53.59584918373251
image_00209.jpg,55.95698017542614
image_00210.jpg,28.84954299208047
image_00211.jpg,50.720522238025524
image_00213.jpg,47.805815396522476
image_00214.jpg,45.373425807411
image_00215.jpg,55.328887399993405
image_00217.jpg,36.240778212483725
image_00218.jpg,66.47251462217338
image_00219.jpg,37.75546979690058
image_00220.jpg,37.67774154227799
image_00221.jpg,43.23958508979311
image_00223.jpg,52.46182533502292
image_00224.jpg,30.95982426882479
image_00225.jpg,51.64151563090621
image_00226.jpg,35.9227758945342
image_00227.jpg,37.61318501533703
image_00228.jpg,49.55635209232168
image_00229.jpg,57.862613750708555
image_00230.jpg,65.60677568451511
image_00231.jpg,60.97443699640157
image_00232.jpg,38.75996827841606
image_00233.jpg,49.65031933761928
image_00234.jpg,38.76893047092593
image_00235.jpg,53.70280150545436
image_00236.jpg,44.21126701408144
image_00237.jpg,42.165044570335674
image_00238.jpg,46.874687444786346
image_00239.jpg,47.7169990397557
image_00240.jpg,38.46472497848807
image_00241.jpg,57.76048563320977
image_00242.jpg,44.97406727158619
image_00243.jpg,47.60888150881508
image_00244.jpg,27.369944808973077
image_00245.jpg,59.83001589647589
image_00246.jpg,47.808942889116125
image_00247.jpg,71.9983752595906
image_00248.jpg,46.2466253513183
image_00249.jpg,44.00747157450197
image_00250.jpg,41.448531320057604
image_00251.jpg,50.561309423556644
image_01827.jpg,53.2973026483285
image_01828.jpg,41.11737795685731
image_01829.jpg,78.01517963816784
image_01830.jpg,55.30617620641836
image_01833.jpg,53.07237811747515
image_01834.jpg,112.18536320379151
image_01836.jpg,56.935121346225785
image_01837.jpg,40.993159999070244
image_01838.jpg,41.41706384174145
image_01839.jpg,40.61512955606467
image_01840.jpg,49.71768349377611
image_01841.jpg,41.319098413345735
image_01842.jpg,55.40927414928443
image_01843.jpg,55.408437587298614
image_01844.jpg,43.04192320923371
image_01845.jpg,60.96489200725377
image_01846.jpg,79.72846510481747
image_01848.jpg,54.723775468631096
image_01849.jpg,59.67322209186935
image_01850.jpg,47.35680676122983
image_01851.jpg,42.21348076088883
image_01853.jpg,26.542082329907462
image_01854.jpg,59.61227027801903
image_01856.jpg,65.6197980886998
image_01857.jpg,46.41912695509885
image_01858.jpg,42.832472657126225
image_01859.jpg,75.20131367239982
image_01860.jpg,51.78353805742533
image_01861.jpg,53.283980359242896
image_01862.jpg,43.042815166141814
image_01863.jpg,79.01583747474916
image_01865.jpg,76.61354007105679
image_01866.jpg,54.662758863096826
image_01867.jpg,31.09282928849458
image_01868.jpg,87.01485639100767
image_01869.jpg,41.20146838322569
image_01870.jpg,55.01838142183388
image_01871.jpg,50.447936931345865
image_01872.jpg,83.28391263056446
image_01873.jpg,58.882905094659904
image_01874.jpg,43.661451954429836
image_01875.jpg,42.33145442658459
image_01876.jpg,66.4798198570293
image_01877.jpg,50.525336328990164
image_01878.jpg,56.28692604598287
image_01879.jpg,35.70048731606268
image_01880.jpg,51.521074186581245
image_01881.jpg,59.3928513842928
image_01882.jpg,70.88880842924254
image_01883.jpg,57.177107372314154
image_01884.jpg,52.15976557068839
image_01885.jpg,43.98376901742835
image_01887.jpg,40.81827432108008
image_01888.jpg,62.39516680571115
image_01889.jpg,38.96768012532513
image_01890.jpg,32.517811912659006
image_01891.jpg,57.28879875279427
image_01892.jpg,34.1070583549546
image_01893.jpg,66.6007796344625
image_01894.jpg,57.11714546715928
image_01895.jpg,61.3604186205899
image_01896.jpg,52.252517998295474
image_01897.jpg,45.208311831404195
image_01898.jpg,45.44810359499007
image_01899.jpg,41.43061117730311
image_01901.jpg,65.93730619528333
image_01902.jpg,45.68331562802604
image_01903.jpg,79.40362448462449
image_01905.jpg,54.21321131648074
image_01906.jpg,41.344684347205536
image_01908.jpg,60.77996471193278
image_01909.jpg,85.6314605639813
image_01910.jpg,45.54488045844323
image_01911.jpg,83.25683828032248
image_01912.jpg,48.74115395461019
image_01913.jpg,67.06865090253041
image_01914.jpg,94.03493686743028
image_01915.jpg,49.56880020571004
image_01916.jpg,65.13320398790245
image_01917.jpg,41.19813356346552
image_01919.jpg,42.34317056438358
image_01920.jpg,46.724885071616235
image_01921.jpg,35.29300396329213
image_01922.jpg,43.72343087645169
image_01924.jpg,26.979798964876867
image_01925.jpg,53.571876944408984
image_01926.jpg,47.145328215333194
image_01927.jpg,58.43916544118214
image_01928.jpg,43.44174529976728
image_01930.jpg,59.36347601940783
image_01931.jpg,39.38070820584625
image_01933.jpg,37.14327952154401
image_01935.jpg,42.92294677685051
image_01936.jpg,40.97639912470327
image_01938.jpg,52.5518795629268
image_01939.jpg,49.946202009952636
image_01940.jpg,49.932516566162775
image_01941.jpg,44.10231158492491
image_01943.jpg,47.17976893561949
image_01944.jpg,66.87425020014864
image_01945.jpg,57.789568021694194
image_01946.jpg,62.60237304402788
image_01947.jpg,39.77219018199549
image_01949.jpg,48.579553438419566
image_01950.jpg,36.44464608718654
image_01951.jpg,44.28818488671845
image_01952.jpg,26.58610409851019
image_01953.jpg,47.6769494761946
image_01954.jpg,87.46274158498352
image_01955.jpg,84.45681385401765
image_01956.jpg,51.29656117549983
image_01957.jpg,61.967171936177024
image_01958.jpg,72.50470094049744
image_01959.jpg,43.93336140163943
image_01960.jpg,52.47530556080445
image_01961.jpg,41.27403383159778
image_01962.jpg,38.823187717699696
image_06694.jpg,58.39818069704686
image_06701.jpg,36.04744784437159
image_06702.jpg,43.439469866657625
image_06703.jpg,31.672956906406295
image_06705.jpg,63.69196953037877
image_06706.jpg,44.29680392228047
image_06707.jpg,63.92879084078058
image_06711.jpg,44.66159159172549
image_06712.jpg,33.82926415435098
image_06718.jpg,57.532189763608194
image_06720.jpg,37.36843023814015
image_06721.jpg,50.24668758332451
image_06722.jpg,31.28729329952513
image_06723.jpg,78.37865367901202
image_06725.jpg,37.67570710300215
image_06726.jpg,55.4562065159495
image_06727.jpg,33.24783443462418
image_06728.jpg,44.90855031351237
image_06729.jpg,37.95553984154507
image_06730.jpg,45.05045685154832
image_06733.jpg,57.585566307441574
image_01964.jpg,118.6395098020241
image_01965.jpg,98.94108617987615
image_01967.jpg,110.2121764878861
image_01968.jpg,28.901064575074685
image_01969.jpg,91.8040970310642
image_01970.jpg,95.33007042565602
image_01971.jpg,89.7853622181681
image_01974.jpg,93.43290197361173
image_01976.jpg,115.20994122729653
image_01977.jpg,66.94164029546826
image_01978.jpg,96.00453706028333
image_01979.jpg,95.90738513969828
image_01980.jpg,114.668459116627
image_01981.jpg,134.667618063531
image_01982.jpg,91.41355039770605
image_01983.jpg,113.7500864305781
image_01984.jpg,28.50892945523117
image_01985.jpg,92.42685504929133
image_01986.jpg,96.71364261294224
image_01989.jpg,110.96981054998034
image_01991.jpg,115.72086021450247
image_01992.jpg,55.23610484037198
image_01994.jpg,89.43750810382909
image_01995.jpg,126.48006154405631
image_01996.jpg,67.79338751950733
image_01998.jpg,46.9719268699091
image_01999.jpg,71.91436607458826
image_02000.jpg,54.829085935761526
image_02001.jpg,58.38888412640741
image_02002.jpg,118.39260121611278
image_02004.jpg,121.19876308137661
image_02005.jpg,60.440546830908644
image_02008.jpg,71.26149906759889
image_02009.jpg,110.87937245107682
image_02010.jpg,118.12843469436842
image_02012.jpg,108.83784373326125
image_02013.jpg,106.86566056791314
image_02015.jpg,94.03346965106184
image_02016.jpg,100.04440056573003
image_02017.jpg,33.25885605136918
image_02018.jpg,93.14582227193307
image_02021.jpg,116.42897733071396
image_02022.jpg,56.487936881773436
image_02023.jpg,96.72775948651663
image_02024.jpg,44.66650002498119
image_02025.jpg,114.15627279721592
image_02026.jpg,73.52453247198481
image_02027.jpg,109.76136929258737
image_02028.jpg,75.90640980789365
image_02029.jpg,126.13972678821497
image_02030.jpg,95.7096283983129
image_02031.jpg,58.76363952366557
image_02032.jpg,71.32698646541756
image_02033.jpg,82.19182799741324
image_02034.jpg,78.55424743164349
image_02035.jpg,98.36217765098637
image_02036.jpg,123.59895547063564
image_02037.jpg,95.2492957592599
image_02038.jpg,67.82763001793343
image_02039.jpg,105.13040714945933
image_02040.jpg,47.45543946629052
image_02041.jpg,103.18658235092391
image_02042.jpg,65.21618324663825
image_02043.jpg,94.86934151659347
image_02044.jpg,64.32539444168879
image_02045.jpg,50.274404031479364
image_02046.jpg,90.81299600884786
image_02047.jpg,83.18293267326084
image_02048.jpg,117.27904334674213
image_02049.jpg,121.82761387508359
image_02050.jpg,65.30214476050611
image_02051.jpg,100.7463363297446
image_02052.jpg,53.677417225694896
image_02053.jpg,116.16981031974484
image_02054.jpg,36.64553611562245
image_02056.jpg,115.57314480061208
image_02057.jpg,122.20534549034296
image_02059.jpg,111.09496934655883
image_02061.jpg,57.55233273076085
image_02062.jpg,105.35992013315229
image_02063.jpg,79.19916911279682
image_02064.jpg,72.74717051545738
image_02065.jpg,47.566154403281075
image_02067.jpg,161.19550752776533
image_02068.jpg,43.9602358723465
image_00781.jpg,80.54666592186099
image_00782.jpg,86.58980168875144
image_00783.jpg,88.48703676724642
image_00784.jpg,90.31011812316187
image_00785.jpg,87.65376832015417
image_00786.jpg,78.42850825335843
image_00787.jpg,88.08095667692781
image_00788.jpg,69.11711505059077
image_00789.jpg,71.71082000893199
image_00790.jpg,54.02912435756953
image_00791.jpg,94.47562429908315
image_00792.jpg,70.5617590032814
image_00793.jpg,85.42112740015855
image_00796.jpg,61.72845523070833
image_00797.jpg,73.26758926808076
image_00798.jpg,80.85031835091826
image_00799.jpg,82.33328909433617
image_00800.jpg,88.16941383493382
image_00801.jpg,67.1534226678278
image_00802.jpg,85.35017842672264
image_00804.jpg,76.75477171468809
image_00805.jpg,77.22830478389608
image_00806.jpg,80.30936694065467
image_00807.jpg,79.37715353656012
image_00808.jpg,84.32250228820809
image_00809.jpg,89.64749368800963
image_00810.jpg,86.32458113331543
image_00811.jpg,82.99994852190643
image_00812.jpg,57.034971960420336
image_00813.jpg,91.15829623307508
image_00814.jpg,87.52135979097955
image_00815.jpg,84.06741580657592
image_00816.jpg,103.19230210493552
image_00817.jpg,69.83617707976501
image_00818.jpg,71.4094515418309
image_00819.jpg,76.0887503109654
image_00820.jpg,50.25263659221688
image_00821.jpg,62.7023681306583
image_00822.jpg,36.3864288143903
image_00823.jpg,69.90643511842352
image_00824.jpg,96.61929774856924
image_00826.jpg,65.72842563484167
image_00827.jpg,81.67214710958908
image_00828.jpg,81.91879970739804
image_00829.jpg,61.89005214285275
image_00830.jpg,98.2341334868926
image_00831.jpg,92.69629648762972
image_00833.jpg,89.23855775643784
image_00834.jpg,98.73237439148673
image_00835.jpg,79.0471475051023
image_00836.jpg,101.96037893896214
image_00837.jpg,58.05796258309283
image_00838.jpg,79.39448294372471
image_00840.jpg,103.44476067579126
image_00841.jpg,77.36278038922842
image_00842.jpg,55.285083550735386
image_00844.jpg,85.78458905549272
image_00845.jpg,53.680560056953944
image_00846.jpg,96.2863879130873
image_00847.jpg,76.77841897491317
image_00849.jpg,73.46685176611977
image_00850.jpg,92.16731209763334
image_00851.jpg,63.43784042586937
image_00852.jpg,61.05325569580826
image_00853.jpg,78.01688500097002
image_00854.jpg,88.36575713685369
image_00855.jpg,72.08189847820908
image_00856.jpg,65.10412129891111
image_00857.jpg,48.81946885561594
image_00858.jpg,49.726699424147
image_00859.jpg,76.79411056727655
image_00860.jpg,58.737854280565514
image_00861.jpg,67.68382914420273
image_00862.jpg,62.23039386339591
image_00863.jpg,74.69860286648137
image_00865.jpg,35.95038338139332
image_00866.jpg,71.70039549953236
image_00867.jpg,49.292604165150564
image_00868.jpg,58.25019830306387
image_00869.jpg,56.79948333328704
image_00870.jpg,69.6712469042125
image_00871.jpg,103.45219066651748
image_00872.jpg,75.87227618360541
image_00873.jpg,102.06457764115424
image_00875.jpg,77.34025493854098
image_00877.jpg,36.28253593003343
image_00878.jpg,92.11944862459953
image_00879.jpg,67.21193397510233
image_00880.jpg,73.30777053411263
image_00882.jpg,81.3934897037295
image_00883.jpg,68.32058955319985
image_00884.jpg,20.163632125417802
image_00885.jpg,61.059144679617134
image_00886.jpg,93.41806083016193
image_00887.jpg,97.55386228526851
image_00889.jpg,107.04712686709432
image_00890.jpg,70.43471553804537
image_00891.jpg,85.82755666475711
image_00892.jpg,99.86148264901519
image_00894.jpg,69.71464176599112
image_00895.jpg,65.41407540888835
image_00896.jpg,49.444393831561015
image_00897.jpg,92.21688173064666
image_00898.jpg,40.519295731690214
image_00899.jpg,60.16639349816501
image_00900.jpg,64.04134413065053
image_00901.jpg,90.67431263346488
image_00903.jpg,55.52900516519909
image_00904.jpg,90.76404183160014
image_00905.jpg,72.7502700050756
image_00906.jpg,55.69499933384806
image_00907.jpg,63.32745723262745
image_00908.jpg,44.27917596860431
image_00909.jpg,67.69430493515866
image_00910.jpg,57.102382459398896
image_00913.jpg,54.928827511924595
image_00914.jpg,77.30247879069711
image_00915.jpg,85.09240656603536
image_00916.jpg,92.58933939098767
image_00917.jpg,90.15521105954258
image_00918.jpg,66.3847372599102
image_00919.jpg,84.2488783007112
image_00920.jpg,68.07052286137383
image_00923.jpg,64.02410555258575
image_00924.jpg,94.17024903201434
image_00925.jpg,85.23121811951367
image_00926.jpg,53.42182503933451
image_00927.jpg,83.96461354673733
image_00928.jpg,74.9247116534834
image_00929.jpg,40.96565359953798
image_00930.jpg,47.18835672670052
image_00931.jpg,54.93420184002386
image_00932.jpg,65.08031818205355
image_00933.jpg,91.87062656015833
image_00934.jpg,63.11521609672165
image_00935.jpg,75.41178209021149
image_00936.jpg,107.92423931390613
image_00937.jpg,68.21031568831388
image_00938.jpg,97.17624885216756
image_00939.jpg,115.1893595427841
image_00940.jpg,69.50754259605887
image_00941.jpg,49.60758249648791
image_00942.jpg,85.88033689921004
image_00943.jpg,86.62664243623503
image_00944.jpg,64.14313324690426
image_00946.jpg,96.97857373288352
image_01584.jpg,39.243108012921255
image_01585.jpg,77.06870745595738
image_01586.jpg,35.43081582748585
image_01588.jpg,69.55363044447462
image_01589.jpg,61.28208126924935
image_01590.jpg,11.071306650888213
image_01591.jpg,80.63133285575613
image_01592.jpg,75.99760827146449
image_01593.jpg,59.942828925088875
image_01594.jpg,48.6332673055736
image_01595.jpg,69.41863708084527
image_01596.jpg,53.53230249437992
image_01597.jpg,28.35110644905459
image_01598.jpg,76.69965694571653
image_01599.jpg,52.48468086275015
image_01600.jpg,52.18166358264419
image_01601.jpg,54.87810042701517
image_01603.jpg,28.825451964634244
image_01604.jpg,48.74074207334291
image_01605.jpg,62.691469714617895
image_01606.jpg,80.17547633956463
image_01607.jpg,42.0865335685458
image_01609.jpg,69.70283440128912
image_01610.jpg,59.79946152437916
image_01611.jpg,68.47133209785373
image_01612.jpg,93.12127025296668
image_01614.jpg,37.781414290749176
image_01615.jpg,45.991121379375066
image_01616.jpg,37.98005151812522
image_01617.jpg,47.77935220815026
image_01619.jpg,40.87977894791983
image_01620.jpg,25.81926653203859
image_01621.jpg,73.70586757905423
image_01622.jpg,54.321935499961775
image_01623.jpg,31.74033940717712
image_01624.jpg,51.26200839393286
image_01625.jpg,34.67414484529961
image_01626.jpg,23.760656142720755
image_01628.jpg,67.45988007911549
image_01629.jpg,20.712161600202386
image_01630.jpg,55.73745083490685
image_01631.jpg,39.465879199627025
image_01632.jpg,44.31789032086358
image_01633.jpg,52.04624638597489
image_01634.jpg,86.59274122681418
image_01635.jpg,59.90929509968841
image_01636.jpg,71.90005691687183
image_01641.jpg,62.16763220600747
image_01642.jpg,96.44771164346635
image_01643.jpg,28.400681960908987
image_01645.jpg,35.4057356482151
image_01646.jpg,63.09525988647836
image_01647.jpg,18.414730419506995
image_01648.jpg,57.45708529709941
image_01649.jpg,47.396005854484756
image_01650.jpg,69.16781919792972
image_01651.jpg,17.56112852963405
image_01652.jpg,54.44433821371033
image_01653.jpg,20.082071854214224
image_01658.jpg,15.922603288508434
image_01659.jpg,47.183054502819786
image_01660.jpg,18.590648247103804
image_01661.jpg,47.5660653711919
image_01662.jpg,46.02666646869141
image_01663.jpg,52.6433890124554
image_01664.jpg,45.56018530904734
image_01665.jpg,10.662940241070775
image_01666.jpg,66.9610544879952
image_01667.jpg,60.18387280619111
image_01668.jpg,38.31278958812319
image_01669.jpg,43.995461634614045
image_01670.jpg,48.05041465851565
image_01671.jpg,83.01746774143571
image_01672.jpg,40.96770386810519
image_01673.jpg,62.83263279914922
image_01674.jpg,44.4308064123866
image_01675.jpg,57.94292909479119
image_01676.jpg,41.065861500108035
image_01677.jpg,30.270454978506407
image_01678.jpg,11.855198475583757
image_01679.jpg,41.27695871028438
image_01680.jpg,64.43930017468918
image_01681.jpg,64.2505383513142
image_01682.jpg,31.942596022052875
image_01684.jpg,80.41063951030398
image_01685.jpg,85.37533522599685
image_01686.jpg,61.214686770397066
image_01687.jpg,19.19240942974166
image_01689.jpg,54.686898586382696
image_01692.jpg,33.53535765158668
image_01693.jpg,62.87294100430071
image_01694.jpg,10.686963806098563
image_01696.jpg,57.42127435295165
image_01697.jpg,51.629171610068
image_01698.jpg,85.48758318212823
image_01699.jpg,93.68770327980437
image_01700.jpg,47.03938800522691
image_01701.jpg,76.62833979551091
image_01702.jpg,63.670851413766144
image_01703.jpg,80.6466516294003
image_01704.jpg,88.4776029159401
image_01706.jpg,59.6032520985207
image_01707.jpg,70.13715066860158
image_01708.jpg,63.08387315665594
image_01709.jpg,94.48578351241167
image_01710.jpg,91.23960600912372
image_01711.jpg,68.39340841418273
image_01712.jpg,78.64506236526123
image_01713.jpg,106.73332853630106
image_01714.jpg,115.76410003586096
image_01717.jpg,79.57040821158759
image_01718.jpg,80.69107101237861
image_01720.jpg,73.46446851749653
image_01721.jpg,66.75813235530987
image_01722.jpg,16.8847867408771
image_01723.jpg,39.077122704771135
image_01724.jpg,100.24392804628972
image_01725.jpg,84.23544753570752
image_01726.jpg,71.46993794296225
image_01727.jpg,94.05112123128484
image_01728.jpg,48.8405112000474
image_01729.jpg,50.908272402869116
image_01730.jpg,59.041106948988656
image_01731.jpg,67.99120363160023
image_01732.jpg,64.25699496793202
image_01733.jpg,96.27218711037676
image_01734.jpg,64.30266104655709
image_01735.jpg,34.6257727690734
image_01736.jpg,61.60949233945238
image_01737.jpg,68.7842318214503
image_01738.jpg,70.36116312337599
image_01739.jpg,91.20798256672438
image_01740.jpg,69.67772560956843
image_01741.jpg,106.30803902496172
image_01743.jpg,90.74358169795627
image_01744.jpg,30.198030784324793
image_01745.jpg,96.99353138995161
image_01746.jpg,74.25376613022925
image_01748.jpg,115.30302719761873
image_01749.jpg,69.84290738560668
image_01750.jpg,67.3938338744568
image_01752.jpg,93.06944286293533
image_01753.jpg,96.61422415345172
image_01754.jpg,91.13844175822496
image_01755.jpg,94.99720928160649
image_01756.jpg,77.97880069331012
image_01757.jpg,19.70909039727613
image_01758.jpg,63.791894206218686
image_01761.jpg,67.29589064250203
image_01762.jpg,77.13161314538213
image_01764.jpg,106.69248601206581
image_01765.jpg,78.78195594173812
image_01766.jpg,83.81402134207651
image_01767.jpg,68.35508623640892
image_01768.jpg,49.73741636444291
image_01769.jpg,93.36736885647603
image_01770.jpg,79.31886648613346
image_01771.jpg,112.42406253963324
image_01772.jpg,52.06864034765859
image_01773.jpg,84.69007740509792
image_01774.jpg,32.03980813844052
image_01775.jpg,95.82444453459856
image_01777.jpg,43.597883101087675
image_01778.jpg,32.5970831392937
image_01780.jpg,44.52269462207053
image_01782.jpg,116.63096241324368
image_01783.jpg,45.17404007150808
image_01784.jpg,77.7715954756608
image_01786.jpg,111.13744477524246
image_01787.jpg,94.61650539740096
image_01788.jpg,73.23583615232822
image_01790.jpg,81.52254165967456
image_01791.jpg,35.94131698580198
image_01792.jpg,63.22421185495635
image_01793.jpg,72.88472465658134
image_01794.jpg,68.55896263527116
image_01795.jpg,74.45228000132684
image_01798.jpg,81.35397317812973
image_01799.jpg,120.34359273042514
image_01800.jpg,101.57278431507214
image_01801.jpg,82.83047815402837
image_01802.jpg,73.64048520310234
image_01803.jpg,99.22668673332318
image_01804.jpg,74.95557780673761
image_01805.jpg,77.42513476012867
image_01806.jpg,62.692469118025116
image_01807.jpg,114.10411206201007
image_01808.jpg,54.02598526193586
image_01809.jpg,49.39910106039285
image_01810.jpg,104.71066237702192
image_01811.jpg,27.817025478480225
image_01812.jpg,75.5643669833585
image_01813.jpg,90.79730273838175
image_01814.jpg,73.04575252839797
image_01815.jpg,70.80887986924756
image_01817.jpg,90.606897951425
image_01818.jpg,38.479021091375635
image_01820.jpg,44.213943388562214
image_01822.jpg,45.703366359173714
image_01823.jpg,59.96598000596468
image_01824.jpg,72.31018890165603
image_01825.jpg,81.29832375585846
image_01826.jpg,64.2945722389525
image_02553.jpg,58.01806711243675
image_02555.jpg,66.51830207351597
image_02556.jpg,49.29104208092616
image_02557.jpg,39.4606316343009
image_02558.jpg,71.69459318575704
image_02559.jpg,19.24665641724223
image_02561.jpg,109.93470825131874
image_02562.jpg,37.364546035364874
image_02563.jpg,74.33220560727149
image_02564.jpg,53.474217582809345
image_02567.jpg,45.61101947893821
image_02568.jpg,78.89870152291448
image_02569.jpg,68.66319289423356
image_02570.jpg,56.97142408676688
image_02572.jpg,33.35218204270712
image_02574.jpg,35.94043419117218
image_02575.jpg,58.038228542724745
image_02576.jpg,39.7581561219069
image_02579.jpg,33.08682411636168
image_02580.jpg,81.15663413620942
image_02582.jpg,43.707991400332546
image_02584.jpg,44.02834703224498
image_02585.jpg,119.04288425469564
image_02586.jpg,26.592170231239344
image_02587.jpg,67.59459627940214
image_02588.jpg,20.65631214835367
image_02589.jpg,18.435296721757044
image_02590.jpg,66.30619992860716
image_02591.jpg,70.28835915786577
image_02592.jpg,109.32356883261258
image_02593.jpg,41.97974538762831
image_02594.jpg,84.54407256949118
image_02595.jpg,59.485578134885
image_02596.jpg,85.37761246720392
image_02597.jpg,71.70195931321149
image_02599.jpg,95.36174145031501
image_02602.jpg,50.39103914870873
image_02604.jpg,45.318509678119995
image_02605.jpg,35.89173858772573
image_02606.jpg,113.43385380730787
image_02607.jpg,45.730605322133684
image_02610.jpg,61.0370127356843
image_02611.jpg,68.32696771273332
image_02612.jpg,60.32786494350462
image_02613.jpg,43.315059517177716
image_02615.jpg,61.76470269128801
image_02616.jpg,62.62317963883368
image_02617.jpg,54.770036118700006
image_02618.jpg,122.16562000165763
image_02619.jpg,92.28458689208887
image_02620.jpg,47.306454697997125
image_02621.jpg,118.27114547839062
image_02622.jpg,42.61255966004565
image_02623.jpg,35.464911215424245
image_02624.jpg,36.140526927906976
image_02625.jpg,43.93962980024715
image_02626.jpg,86.10606238752561
image_02627.jpg,35.49292236407977
image_02628.jpg,83.98857885027189
image_02629.jpg,49.36923457088756
image_02631.jpg,64.41157536990421
image_02633.jpg,76.5955881156463
image_02635.jpg,32.60463689971273
image_02636.jpg,49.931658207552964
image_02637.jpg,74.11763311939154
image_02638.jpg,48.00410005724328
image_04768.jpg,89.98593783312958
image_04769.jpg,108.15483149085041
image_04773.jpg,79.99400827632928
image_04775.jpg,75.77365925550183
image_04780.jpg,70.83323730542176
image_04781.jpg,78.81610429846745
image_04783.jpg,89.36856210478282
image_04785.jpg,72.69785246020311
image_04786.jpg,80.20321392877099
image_04787.jpg,98.89872996446458
image_04788.jpg,64.94266279195769
image_04790.jpg,91.77880235339971
image_04791.jpg,49.27653300712045
image_04792.jpg,84.48193881440872
image_04793.jpg,94.1230012069725
image_04794.jpg,58.24783951332715
image_04795.jpg,98.5204802981961
image_04796.jpg,112.25075439420165
image_04798.jpg,120.70503699376454
image_04800.jpg,61.086762206289855
image_04801.jpg,90.28822528132937
image_04802.jpg,125.69918502034938
image_04803.jpg,96.68507289401916
image_04804.jpg,104.0222919511339
image_04805.jpg,91.36119118846992
image_04808.jpg,86.75581573550227
image_04809.jpg,95.53302151722797
image_04810.jpg,93.72196672678027
image_04811.jpg,49.094725622674815
image_04812.jpg,115.47721502501724
image_04813.jpg,106.94286561117282
image_04815.jpg,71.07364845997985
image_04817.jpg,70.4319731872005
image_04818.jpg,59.5138206759878
image_04819.jpg,92.27974072993052
image_04820.jpg,79.09603943063433
image_04821.jpg,45.92965638943106
image_04822.jpg,92.04283470434085
image_04823.jpg,91.74638400783209
image_04824.jpg,100.6623882254215
image_04826.jpg,88.54170636337668
image_04828.jpg,62.60126257628854
image_07301.jpg,75.59163599535644
image_02862.jpg,45.298427800961846
image_02864.jpg,52.79861815293558
image_02865.jpg,60.345122266747794
image_02868.jpg,55.46097524731509
image_02869.jpg,80.69079333411028
image_02870.jpg,63.765332559826604
image_02871.jpg,60.92493529141325
image_02872.jpg,83.97156487188799
image_02874.jpg,38.211652420620126
image_02875.jpg,41.52326438288165
image_02878.jpg,73.67135422857378
image_02881.jpg,54.831518809623404
image_02882.jpg,46.87891439578225
image_02883.jpg,31.83830422768519
image_02885.jpg,58.750887565337614
image_02886.jpg,54.01212391919336
image_02887.jpg,13.840268009588778
image_02889.jpg,59.581390737936125
image_02890.jpg,59.642533806032475
image_02891.jpg,60.75722365603076
image_02893.jpg,82.55093044905686
image_02895.jpg,61.07841299771526
image_02896.jpg,72.18947374289769
image_02897.jpg,12.614085421892641
image_02898.jpg,75.72780369900536
image_02899.jpg,34.56820384317189
image_02900.jpg,53.432766921169474
image_02902.jpg,52.3719990082939
image_02903.jpg,56.404028443254255
image_02904.jpg,51.97591473214874
image_02905.jpg,63.456752701615734
image_02907.jpg,117.30486430005496
image_02908.jpg,61.98721884879184
image_02913.jpg,50.997136871645
image_02914.jpg,72.7638749117047
image_02917.jpg,55.51496269288812
image_02918.jpg,72.57344039355684
image_02919.jpg,56.52590164784875
image_05460.jpg,32.527680362638606
image_05462.jpg,51.10180459857497
image_05464.jpg,66.43316688579128
image_05467.jpg,53.83225922761227
image_05468.jpg,75.99318915945446
image_05469.jpg,28.24093751337627
image_05470.jpg,46.190194913874436
image_05471.jpg,42.34808605494164
image_05473.jpg,48.66513603404881
image_05474.jpg,50.63521711365914
image_05476.jpg,33.789133961162285
image_05477.jpg,25.65258471554656
image_05480.jpg,44.76274183412426
image_05481.jpg,74.49070920487922
image_05482.jpg,28.760328363521996
image_05483.jpg,36.42088551639827
image_05486.jpg,13.882398158464248
image_05487.jpg,57.242807737877555
image_05488.jpg,35.96497576406062
image_05489.jpg,23.615738688903452
image_05490.jpg,12.016310350107362
image_05492.jpg,28.637740433628593
image_05493.jpg,17.64156527928966
image_05494.jpg,62.26837621612342
image_05495.jpg,44.39961134026123
image_05496.jpg,25.59755909351395
image_05497.jpg,52.540842829919896
image_05499.jpg,46.377702266835286
image_05501.jpg,28.0670410186013
image_05502.jpg,59.20389307760536
image_05503.jpg,42.16975924079954
image_05504.jpg,51.62330470366061
image_05505.jpg,26.584383811122947
image_05509.jpg,27.915852256522264
image_05512.jpg,60.172433001104395
image_05513.jpg,17.679425420094137
image_05514.jpg,17.5424352851314
image_05515.jpg,10.925078329338048
image_05518.jpg,20.65853220117524
image_05519.jpg,62.05120917416496
image_05520.jpg,55.34466592012939
image_05521.jpg,31.26323854851067
image_05522.jpg,43.84330655925814
image_00446.jpg,80.76815489962246
image_00447.jpg,26.158654286580585
image_00448.jpg,20.969615901517052
image_00449.jpg,50.72514438260227
image_00450.jpg,60.112134700130696
image_00451.jpg,25.86452861700249
image_00452.jpg,34.45939638089692
image_00453.jpg,100.42718144894741
image_00454.jpg,25.548479963809463
image_00455.jpg,100.27209637751002
image_00456.jpg,7.429389182985649
image_00457.jpg,24.57349712754408
image_00458.jpg,31.67349575147992
image_00459.jpg,75.71576884282793
image_00460.jpg,45.41417682920147
image_00461.jpg,84.48509548308355
image_00462.jpg,92.90284225850783
image_00463.jpg,112.8084455745861
image_00464.jpg,88.80949986691934
image_00465.jpg,25.1196875937455
image_00466.jpg,27.31862502845756
image_00467.jpg,47.05989195582842
image_00469.jpg,10.744782213272558
image_00470.jpg,91.6709457672016
image_00471.jpg,97.09700085885268
image_00472.jpg,37.58093478999136
image_00473.jpg,47.043222667840276
image_00474.jpg,83.88380411430596
image_00475.jpg,96.58768281293672
image_00476.jpg,61.01024774878516
image_00477.jpg,68.2743467570439
image_00478.jpg,74.83250309143341
image_00480.jpg,34.633169995902286
image_00481.jpg,59.043584814919384
image_00482.jpg,93.48435512264254
image_00483.jpg,106.28560052527793
image_00484.jpg,34.86000291019703
image_00486.jpg,31.6289792689803
image_00488.jpg,55.65741570360772
image_00489.jpg,104.36365179508908
image_00490.jpg,105.81621595467051
image_00491.jpg,7.974070257299049
image_00492.jpg,22.73751935384631
image_00493.jpg,117.13838608467071
image_00494.jpg,41.27188885442384
image_00496.jpg,59.92761722707767
image_00497.jpg,31.261864145017935
image_00499.jpg,99.3427913621343
image_00500.jpg,29.968854157022463
image_00502.jpg,23.146718380588297
image_00503.jpg,25.536465092142716
image_00504.jpg,107.07256828885156
image_00505.jpg,80.31962158650727
image_00506.jpg,70.67712148450072
image_00507.jpg,91.83317948403938
image_00508.jpg,35.272837629170056
image_00509.jpg,25.110812909489827
image_00510.jpg,24.723690200426372
image_00511.jpg,75.06182567317795
image_00512.jpg,73.98892994442538
image_00513.jpg,46.24120265142951
image_00515.jpg,9.583631552296694
image_00517.jpg,27.77196637776569
image_00518.jpg,31.32709201965668
image_00519.jpg,32.168180732552834
image_00520.jpg,40.316381158924486
image_00521.jpg,25.07744868562154
image_00522.jpg,89.30408472560305
image_00523.jpg,82.43040672224191
image_00525.jpg,95.555840076734
image_00526.jpg,24.24507862424471
image_00527.jpg,73.53045970294724
image_00528.jpg,64.07568957652356
image_00529.jpg,108.69847559309437
image_00530.jpg,6.044829260190458
image_00531.jpg,31.302711532814243
image_00532.jpg,67.72319853925762
image_00533.jpg,66.57869334975193
image_00536.jpg,101.1733976141586
image_00537.jpg,24.077315025541058
image_00538.jpg,15.670019603445441
image_00539.jpg,94.98369987232677
image_00540.jpg,26.98734891417502
image_00541.jpg,50.73026509337008
image_00542.jpg,88.26978441304043
image_00544.jpg,95.65993826894935
image_00545.jpg,80.78449678203219
image_00546.jpg,11.021997761970695
image_00547.jpg,79.94375408081112
image_00548.jpg,119.52239067276021
image_00550.jpg,26.84786873642211
image_00551.jpg,85.93807162331106
image_00552.jpg,78.21927077049308
image_00553.jpg,74.09295767046399
image_00554.jpg,60.189953645282316
image_00555.jpg,80.0024460297326
image_00556.jpg,8.627794532589933
image_00557.jpg,77.78682082999543
image_00558.jpg,23.057249885420653
image_00559.jpg,98.92319834289515
image_00560.jpg,11.29829253049724
image_00561.jpg,20.77510177445464
image_00562.jpg,91.6504039453666
image_00563.jpg,69.64766625962045
image_00565.jpg,32.60060378915546
image_00566.jpg,98.84795606553698
image_00567.jpg,95.11990372587907
image_00568.jpg,30.709162461662146
image_00569.jpg,69.56030253926737
image_00571.jpg,85.9482639921219
image_00572.jpg,9.315047706960415
image_00573.jpg,37.4117911255686
image_00574.jpg,39.06952413797882
image_00575.jpg,65.0917644693657
image_00577.jpg,69.39612390068083
image_00579.jpg,43.14991931696894
image_00580.jpg,58.724067603878375
image_00581.jpg,114.62580824535192
image_00582.jpg,78.14248421738544
image_00583.jpg,65.97100308532255
image_00584.jpg,24.387727275124142
image_00585.jpg,79.48572955810425
image_00586.jpg,33.9496361331192
image_00588.jpg,30.824501082659182
image_00589.jpg,56.553941414309485
image_00591.jpg,63.63928383004823
image_00592.jpg,63.93876604558927
image_00593.jpg,92.615934008748
image_00594.jpg,95.43744187222262
image_00595.jpg,53.04569166692225
image_00596.jpg,44.817311331681495
image_00597.jpg,31.34447598335006
image_08082.jpg,10.501583161494592
image_08083.jpg,15.70733734053217
image_00598.jpg,110.26124807482168
image_00599.jpg,111.27450809043754
image_00600.jpg,109.92566458623313
image_00601.jpg,113.26902977412115
image_00602.jpg,135.35856507382158
image_00603.jpg,70.6415994529255
image_00604.jpg,66.64145717587621
image_00605.jpg,78.71772807489872
image_00606.jpg,114.01829604141489
image_00608.jpg,105.21180589510497
image_00609.jpg,113.52257918371038
image_00610.jpg,103.8691269406579
image_00611.jpg,78.3994221785424
image_00612.jpg,102.34283215155605
image_00613.jpg,104.391412634989
image_00614.jpg,101.59576032718616
image_00615.jpg,95.35751972119678
image_00616.jpg,65.97520713423187
image_00617.jpg,75.51562501316042
image_00618.jpg,77.71788525754408
image_00619.jpg,108.53314186796518
image_00620.jpg,101.85609523510406
image_00621.jpg,93.34398921784197
image_00622.jpg,106.17126726497837
image_00623.jpg,100.43131123515425
image_00624.jpg,91.1640341402366
image_00625.jpg,104.49240717497312
image_00626.jpg,120.66210903478196
image_00627.jpg,69.38492060107043
image_00629.jpg,88.13736006976657
image_00630.jpg,98.78477317895923
image_00631.jpg,92.66448384752255
image_00632.jpg,96.92941127418027
image_00633.jpg,97.60696306369576
image_00634.jpg,124.24902167172662
image_00635.jpg,108.89524501596127
image_00636.jpg,121.7510303760283
image_00637.jpg,83.98983840107056
image_00638.jpg,77.50236996173354
image_00639.jpg,117.24369113104294
image_00641.jpg,83.3353661662282
image_00642.jpg,103.27395329944841
image_00643.jpg,110.88121269069569
image_00644.jpg,114.35956778135997
image_00645.jpg,107.83276954699699
image_00646.jpg,126.41575057892938
image_00647.jpg,104.43871020096162
image_00648.jpg,111.6116801924336
image_00649.jpg,94.81888435209753
image_00650.jpg,75.5127605287629
image_00651.jpg,71.6841562630018
image_00652.jpg,91.18905373554162
image_00653.jpg,78.14110997623067
image_00654.jpg,104.45728959268516
image_00655.jpg,94.8822687871686
image_00657.jpg,82.101604164695
image_00658.jpg,102.89553430735441
image_00659.jpg,104.60651739734566
image_00660.jpg,104.27263680464844
image_00661.jpg,60.27113174662343
image_00662.jpg,96.42910883067972
image_00663.jpg,106.43180255788474
image_00669.jpg,103.1084940567932
image_00670.jpg,118.59514912790969
image_00671.jpg,125.94901694409536
image_00673.jpg,73.58534187755653
image_00674.jpg,112.37316068602848
image_00675.jpg,131.77105772853525
image_00676.jpg,64.35566537110405
image_00677.jpg,121.16576652417253
image_00678.jpg,147.80751918453157
image_00679.jpg,111.22131338640136
image_00680.jpg,73.68465774301279
image_00681.jpg,140.9243335627309
image_00682.jpg,91.50993625133593
image_00683.jpg,107.43971236329998
image_00684.jpg,109.20366222570652
image_00686.jpg,107.85683174542658
image_00687.jpg,112.21118784673817
image_00688.jpg,101.79990264262602
image_00689.jpg,66.97259678707628
image_00690.jpg,120.43114344375437
image_00691.jpg,97.43349088152834
image_00693.jpg,111.3524090647345
image_00694.jpg,76.7315219533288
image_00696.jpg,103.98494247969148
image_00697.jpg,100.60154696983227
image_00698.jpg,102.94509160508872
image_00699.jpg,105.06252013137227
image_00700.jpg,115.64151137260924
image_00701.jpg,93.06828944979027
image_00702.jpg,97.52886397282896
image_00703.jpg,102.40271517771433
image_00704.jpg,110.15795268725958
image_00705.jpg,105.30545775435675
image_00707.jpg,93.00966827935932
image_00708.jpg,113.60576974183017
image_00709.jpg,66.42731266441012
image_00710.jpg,110.72088282313254
image_00711.jpg,122.4188574695217
image_00712.jpg,101.8467109040753
image_00713.jpg,96.14441493097871
image_00714.jpg,106.70610003464944
image_00715.jpg,92.91196772170639
image_00716.jpg,104.4116952861419
image_00718.jpg,116.36240607766635
image_00720.jpg,108.9511030163676
image_00721.jpg,114.77858145422104
image_00722.jpg,64.30647593337865
image_00723.jpg,124.74408729093537
image_00724.jpg,115.62123516362209
image_00725.jpg,116.85083378353173
image_00726.jpg,78.06972478112118
image_00727.jpg,97.98632956744414
image_00728.jpg,100.62231727444336
image_00729.jpg,68.68940201475517
image_00730.jpg,98.8590715487691
image_00731.jpg,103.8791328662833
image_00732.jpg,112.56035601540134
image_00733.jpg,77.49790891876106
image_00734.jpg,148.56086400701867
image_00735.jpg,66.58525682893963
image_00736.jpg,87.27608123926224
image_00738.jpg,93.13077391940465
image_00739.jpg,138.86863401511786
image_00740.jpg,85.63270286871233
image_00742.jpg,92.8768028507761
image_00743.jpg,95.08203229007118
image_00744.jpg,93.54880331474683
image_00745.jpg,83.66596303135387
image_00746.jpg,108.95210333020498
image_00747.jpg,105.35233708771719
image_00748.jpg,94.02554749127052
image_00749.jpg,107.02716961091556
image_00750.jpg,130.3510879503955
image_00751.jpg,122.69414308114531
image_00752.jpg,110.70736980148405
image_00753.jpg,69.80339005670295
image_00754.jpg,108.56215013851073
image_00755.jpg,69.59274217908796
image_00756.jpg,127.90756919346634
image_00757.jpg,105.1692099960677
image_00758.jpg,118.83545728058294
image_00759.jpg,103.66248758896249
image_00760.jpg,107.2962116448057
image_00761.jpg,91.47928531139216
image_00762.jpg,100.76705632429643
image_00764.jpg,111.0871922077612
image_00765.jpg,105.82052275266773
image_00766.jpg,69.67563968210709
image_00767.jpg,99.05002967013142
image_00768.jpg,99.7545371526432
image_00769.jpg,96.13511609960963
image_00770.jpg,111.14796842720287
image_00771.jpg,101.79175790345221
image_00772.jpg,94.74628289485551
image_00774.jpg,148.21317890031384
image_00775.jpg,106.84444664987845
image_00776.jpg,119.59757496428699
image_00777.jpg,97.25659742486913
image_00778.jpg,76.31653997814367
image_00779.jpg,105.93326327146698
image_00780.jpg,111.61303234687475
image_07284.jpg,105.82449144861816
image_04401.jpg,90.71578140461934
image_04402.jpg,113.2855551582928
image_04404.jpg,97.78532363774144
image_04406.jpg,90.11931605165124
image_04407.jpg,88.8854016852277
image_04409.jpg,89.13815469107702
image_04410.jpg,135.3644375908379
image_04411.jpg,74.24433843009366
image_04412.jpg,104.03890998622133
image_04413.jpg,102.72545401167852
image_04414.jpg,95.69330629011145
image_04415.jpg,117.2793278233072
image_04416.jpg,70.33164663298183
image_04419.jpg,99.99721937021538
image_04420.jpg,100.99508551794563
image_04421.jpg,74.28851592661263
image_04422.jpg,83.3796747176892
image_04423.jpg,85.92283353962284
image_04424.jpg,43.51519525797272
image_04425.jpg,78.1651473571322
image_04426.jpg,83.02861810913802
image_04427.jpg,101.23691497079597
image_04430.jpg,80.3793897443052
image_04431.jpg,114.56284659226884
image_04432.jpg,102.21781959325455
image_04433.jpg,100.58157515624063
image_04434.jpg,96.19023893411256
image_04435.jpg,102.73030548364783
image_04436.jpg,121.58308892370894
image_04437.jpg,89.30378451472627
image_04439.jpg,84.76060873354268
image_04441.jpg,82.89153607688976
image_04442.jpg,101.40363958907079
image_04444.jpg,72.02153908340514
image_04445.jpg,104.84526652984951
image_04446.jpg,92.86721959345084
image_04447.jpg,104.66792378778682
image_04448.jpg,100.24270233262034
image_04450.jpg,76.74302083203861
image_04451.jpg,98.89183925628767
image_04452.jpg,111.0522031086177
image_04454.jpg,100.75085774057567
image_04455.jpg,93.24911843363347
image_04456.jpg,87.4299192742678
image_04457.jpg,77.31824190954748
image_04459.jpg,106.20713515946758
image_04460.jpg,94.03215692585606
image_04461.jpg,78.7706815997065
image_04462.jpg,94.69621929534208
image_04463.jpg,72.33613221034489
image_04465.jpg,98.63009874109412
image_04466.jpg,83.08332563792786
image_04468.jpg,104.58623757108657
image_04470.jpg,93.90565167239335
image_04471.jpg,107.23437118339916
image_04472.jpg,97.50001774048204
image_04473.jpg,93.97652283276923
image_04474.jpg,96.22064309243022
image_04476.jpg,92.58407912902325
image_04477.jpg,107.19331102377856
image_04478.jpg,109.81581867466694
image_07299.jpg,98.60671458953817
image_04832.jpg,34.674787817224384
image_04833.jpg,37.91596072540949
image_04834.jpg,86.04174795831369
image_04837.jpg,84.53146098429059
image_04838.jpg,79.75454892540604
image_04839.jpg,20.015762595979268
image_04840.jpg,61.66903150807511
image_04841.jpg,15.092815066523029
image_04842.jpg,55.444704396935705
image_04843.jpg,74.24976187331856
image_04844.jpg,100.6034296373382
image_04848.jpg,76.5325440578398
image_04849.jpg,29.47096859390704
image_04850.jpg,65.33864538890575
image_04853.jpg,57.952882250779204
image_04854.jpg,63.53869917333286
image_04856.jpg,44.69701102760389
image_04857.jpg,26.370867404626974
image_04858.jpg,28.433265077853058
image_04859.jpg,82.39441621383187
image_04861.jpg,63.74999701334943
image_04862.jpg,120.55471268387538
image_04863.jpg,31.691337138107116
image_04864.jpg,105.25223441473963
image_04865.jpg,75.50194517493935
image_04866.jpg,57.19165453346072
image_04867.jpg,48.27646783917211
image_04869.jpg,47.608890424093474
image_04870.jpg,43.085835499546995
image_04871.jpg,48.627526698111836
image_04872.jpg,61.882758328946544
image_04873.jpg,60.96256244739057
image_04874.jpg,65.53717930666825
image_04876.jpg,53.616713103890184
image_04877.jpg,59.41288217409423
image_04878.jpg,87.3000130417721
image_04880.jpg,36.12866504128763
image_04881.jpg,22.880298069561647
image_04882.jpg,94.05720151605692
image_04883.jpg,33.86720877236201
image_04884.jpg,28.82322377951308
image_04886.jpg,89.99357557598317
image_04887.jpg,89.78534628983631
image_04888.jpg,49.105955869450014
image_04889.jpg,57.71622347624309
image_04890.jpg,70.74968202666857
image_04891.jpg,48.427920884174114
image_04892.jpg,42.42316224627127
image_04893.jpg,27.979638990660135
image_04894.jpg,88.6934094284068
image_04895.jpg,29.190075651271084
image_04896.jpg,73.24311416565024
image_08054.jpg,73.26903892615815
image_08055.jpg,73.62624404850743
image_08058.jpg,72.13208862984402
image_08060.jpg,61.95864142664746
image_03030.jpg,85.91539989550984
image_03031.jpg,45.30395493561565
image_03032.jpg,26.070289816563765
image_03035.jpg,97.06654806082786
image_03036.jpg,94.56969256139172
image_03037.jpg,61.90488086900348
image_03039.jpg,87.0602150256188
image_03040.jpg,109.31632776589277
image_03041.jpg,119.47431336372463
image_03042.jpg,50.92819419585923
image_03043.jpg,103.19989151960799
image_03044.jpg,26.72450955612493
image_03045.jpg,78.80407796813313
image_03047.jpg,101.37172423908527
image_03049.jpg,114.67745157173681
image_03053.jpg,91.43167601063493
image_03054.jpg,102.61556698796895
image_03055.jpg,100.73381366498694
image_03056.jpg,107.10318862858995
image_03057.jpg,68.40547935978196
image_03059.jpg,88.58996330253953
image_03060.jpg,92.42139902794074
image_03061.jpg,106.87952504827473
image_03062.jpg,91.61562351465886
image_03063.jpg,101.79991415280753
image_03066.jpg,121.6519366378175
image_03068.jpg,30.950917657078257
image_03070.jpg,82.13208333916697
image_03071.jpg,112.47231896335438
image_03073.jpg,109.26131680922714
image_03074.jpg,102.00044861938625
image_03075.jpg,26.87407948588508
image_03076.jpg,103.50780066032158
image_03077.jpg,88.99104548365878
image_03078.jpg,101.32417653030491
image_03081.jpg,113.179903518775
image_03082.jpg,88.13273828153461
image_03083.jpg,66.63994316399346
image_03084.jpg,54.39998459408197
image_03085.jpg,50.02644639639685
image_03087.jpg,62.0257915550722
image_03088.jpg,112.45389920016859
image_03089.jpg,109.44053132598644
image_03090.jpg,96.7753548106194
image_03091.jpg,96.43468096058871
image_03092.jpg,74.33736068240754
image_06011.jpg,82.94999837348027
image_06012.jpg,84.9859451944127
image_06014.jpg,71.21380339273541
image_06015.jpg,89.21967572122331
image_06018.jpg,93.71134150648828
image_06020.jpg,80.55157507712995
image_06021.jpg,111.7051461613745
image_06022.jpg,16.206942941816894
image_06024.jpg,68.98387611761734
image_06028.jpg,86.8598612918394
image_06029.jpg,84.32273728101373
image_06030.jpg,35.07949782384286
image_06031.jpg,57.25145000729843
image_06032.jpg,64.1320413495092
image_06034.jpg,52.87454334111642
image_06035.jpg,57.96273241954753
image_06036.jpg,57.66548924961765
image_06037.jpg,42.79340117595386
image_06041.jpg,103.85355241504848
image_06044.jpg,90.66207586476186
image_06046.jpg,67.55088251950068
image_06047.jpg,77.15446001973169
image_07302.jpg,63.0769668694092
image_07303.jpg,14.021359911744693
image_08114.jpg,99.0667703813434
image_08117.jpg,73.36929126714183
image_07304.jpg,13.995596712822685
image_07305.jpg,52.94526101154583
image_07306.jpg,47.32721253556035
image_07308.jpg,50.29892748639541
image_07309.jpg,43.671043516993116
image_07310.jpg,93.11371836519824
image_07311.jpg,76.97151666484753
image_07312.jpg,78.20211663554676
image_07313.jpg,57.33986883338926
image_07314.jpg,13.32464682733306
image_07316.jpg,52.34512143675637
image_07317.jpg,53.37080220788302
image_07318.jpg,48.49389861209541
image_07319.jpg,51.403883282299226
image_07320.jpg,39.53491946638866
image_07321.jpg,39.7569043702219
image_07322.jpg,31.922338855610825
image_07323.jpg,50.050735036533034
image_07324.jpg,45.270382679344024
image_07327.jpg,26.59095570710613
image_07328.jpg,50.050735036533034
image_07329.jpg,55.76930255707198
image_07330.jpg,13.189943163594265
image_07331.jpg,64.90634950565973
image_07332.jpg,58.52806864515487
image_07333.jpg,54.51813109080337
image_07335.jpg,81.55257040205275
image_07337.jpg,68.89321265123118
image_07339.jpg,60.23275120911438
image_07340.jpg,58.767683614046895
image_07341.jpg,75.91199763058029
image_07342.jpg,38.225594299120104
image_07343.jpg,74.67303854555001
image_07344.jpg,50.94319018765846
image_07345.jpg,59.00079102411294
image_07346.jpg,96.2692067621467
image_07347.jpg,61.1478770499257
image_07348.jpg,26.648305494256185
image_07349.jpg,43.84693109274874
image_07350.jpg,64.53171392765726
image_07352.jpg,34.52722096473002
image_07353.jpg,26.250961205423458
image_07355.jpg,39.32843806314358
image_07356.jpg,47.336062224243264
image_07357.jpg,61.08178456700916
image_07358.jpg,61.19107681743925
image_07359.jpg,20.57743951972921
image_07360.jpg,62.42332603250639
image_07361.jpg,20.740351901877414
image_07362.jpg,84.23415961489859
image_07363.jpg,52.64725303796399
image_07364.jpg,62.5484881610287
image_07365.jpg,62.430514566534484
image_07366.jpg,15.987861693224989
image_07367.jpg,43.73942114801997
image_07368.jpg,59.24561865037198
image_07369.jpg,31.76293106122116
image_07370.jpg,102.72694753789763
image_07372.jpg,63.42788934697913
image_07373.jpg,27.92332241414361
image_07374.jpg,70.94047446962018
image_07375.jpg,62.92824093708283
image_07376.jpg,76.41322075698604
image_07377.jpg,46.24753159173484
image_07378.jpg,32.58877424248805
image_07379.jpg,39.81426678153554
image_07380.jpg,46.50842057979566
image_07381.jpg,32.154274033466045
image_07382.jpg,33.022451006496745
image_07383.jpg,90.74429152008138
image_07384.jpg,47.766972322732656
image_07385.jpg,42.20537888677171
image_07387.jpg,40.63485831856139
image_07388.jpg,50.402936579650884
image_07390.jpg,49.135520958299644
image_07391.jpg,62.56968877744759
image_07392.jpg,85.41504637982453
image_07393.jpg,32.48115850441267
image_07394.jpg,23.084729490783488
image_07395.jpg,52.06461784234922
image_07396.jpg,39.590042565545666
image_07397.jpg,39.42170083975879
image_07399.jpg,38.43420579181342
image_07400.jpg,54.71411169791404
image_07401.jpg,65.01404606164623
image_07402.jpg,39.16278249813302
image_07403.jpg,84.27049639308484
image_07404.jpg,29.95518238753438
image_07405.jpg,37.02864744438487
image_07406.jpg,99.45240110006995
image_07407.jpg,22.582322075565493
image_07408.jpg,75.97589728820282
image_07409.jpg,41.919002691736154
image_07410.jpg,45.183319119360085
image_07411.jpg,13.959806803910919
image_07412.jpg,72.00995832371194
image_07413.jpg,33.2840350395857
image_07414.jpg,58.78305381915846
image_07415.jpg,51.00891945332121
image_07416.jpg,60.129810444947914
image_07417.jpg,45.54520048726404
image_07419.jpg,36.91950659066167
image_07420.jpg,51.03521361384304
image_07422.jpg,11.315062621913668
image_07423.jpg,65.26349450703472
image_07425.jpg,27.84925386265751
image_07426.jpg,58.91191102324177
image_07427.jpg,44.474166961676325
image_07428.jpg,32.49920360526029
image_07429.jpg,28.431236108228415
image_07430.jpg,66.71287395855879
image_07431.jpg,74.15931299670476
image_07432.jpg,24.67815272243068
image_07433.jpg,51.60159626865747
image_07435.jpg,77.01537687604295
image_07437.jpg,74.3340136460242
image_07438.jpg,74.7082873805901
image_07439.jpg,85.3154973835932
image_07440.jpg,50.650975057572744
image_07441.jpg,16.714873056208514
image_07442.jpg,13.386004720954011
image_07443.jpg,37.03166138969313
image_07444.jpg,59.57369968456098
image_07445.jpg,29.24821756470039
image_07446.jpg,67.04620831559043
image_07447.jpg,10.69942196634643
image_07449.jpg,88.1263250148346
image_07450.jpg,69.73690480804422
image_07451.jpg,81.23284136564627
image_07452.jpg,48.68643282520948
image_07454.jpg,64.23162918192968
image_07455.jpg,70.12043533402047
image_07456.jpg,49.9503099128112
image_07457.jpg,58.27406694435014
image_07458.jpg,65.52805619643074
image_07459.jpg,27.987491744383814
image_07460.jpg,62.48211620706644
image_07461.jpg,44.83463569480215
image_07462.jpg,45.008361296775405
image_07463.jpg,22.106505103824656
image_07464.jpg,81.57128594561242
image_07465.jpg,40.69146866178319
image_07466.jpg,160.8806231636384
image_07467.jpg,84.53767902266799
image_07468.jpg,115.80623826787715
image_07469.jpg,75.77346662437463
image_07470.jpg,71.36261478523346
image_07471.jpg,79.1723142537299
image_07472.jpg,77.634795537994
image_07473.jpg,82.44419045531305
image_07474.jpg,63.993376607478965
image_07475.jpg,66.13530374206101
image_07476.jpg,55.57217352541974
image_07477.jpg,32.79840858854371
image_07480.jpg,68.02441022403939
image_07481.jpg,75.503040409498
image_07482.jpg,95.13353577359872
image_07483.jpg,27.03061214234495
image_07484.jpg,120.25731958900234
image_07485.jpg,117.57296000784372
image_07486.jpg,66.96168561727922
image_07487.jpg,91.78245528913999
image_07488.jpg,54.455742373993566
image_07489.jpg,67.54628357808502
image_07490.jpg,81.34952024870185
image_07492.jpg,67.81781413913126
image_07493.jpg,111.746379637914
image_07496.jpg,90.18177644593054
image_07497.jpg,113.06707887501325
image_07498.jpg,112.14437264855863
image_07499.jpg,90.53984844476093
image_07500.jpg,46.83413121195023
image_07501.jpg,81.1483364819477
image_07502.jpg,87.03228550382087
image_07504.jpg,91.72748800538577
image_07505.jpg,109.68004811621398
image_07506.jpg,80.28432518949262
image_07507.jpg,60.75106363842582
image_07508.jpg,131.81621466208253
image_07509.jpg,98.83505243827648
image_07510.jpg,98.55205800594894
image_07511.jpg,83.0974886452841
image_07514.jpg,76.10624891731902
image_07515.jpg,111.1551168650434
image_07516.jpg,73.71837817817115
image_07517.jpg,57.181355001512536
image_07519.jpg,74.78865883526808
image_07521.jpg,67.42477952391387
image_07522.jpg,76.35955233885682
image_07524.jpg,49.624877474273426
image_07525.jpg,76.86299523054562
image_07526.jpg,61.90146737801108
image_07527.jpg,69.0674371753822
image_07529.jpg,82.90489610863511
image_07530.jpg,84.52792133133958
image_07531.jpg,80.62769525452379
image_07532.jpg,90.75106734716442
image_07533.jpg,93.80644054588277
image_07534.jpg,109.51356233650529
image_07535.jpg,81.10880716552896
image_07536.jpg,106.80592889532784
image_07537.jpg,53.48840588291265
image_07538.jpg,43.056665363751236
image_07539.jpg,74.42458310958486
image_07540.jpg,88.49820572409976
image_07541.jpg,109.44168629492093
image_07542.jpg,65.94792596451083
image_07543.jpg,52.46031110514652
image_07544.jpg,77.58416881077036
image_07545.jpg,82.61918711294109
image_07547.jpg,93.24837174684923
image_07548.jpg,44.02827491112738
image_07550.jpg,28.643291453494182
image_07551.jpg,87.45334763217178
image_07552.jpg,95.91910025652126
image_07553.jpg,125.99543335530858
image_07554.jpg,47.51531602698152
image_07555.jpg,101.47829995188255
image_07556.jpg,44.9354584761538
image_07557.jpg,100.03833841181593
image_07558.jpg,90.01560611876663
image_07559.jpg,124.50292489713237
image_07561.jpg,120.75296504997176
image_07563.jpg,41.354982733426134
image_07565.jpg,89.13341145615325
image_07566.jpg,96.37554715753976
image_07567.jpg,99.70076456555805
image_07568.jpg,24.988045905121954
image_07569.jpg,117.74539314628817
image_07572.jpg,31.561029043654386
image_07573.jpg,53.94626414243267
image_07574.jpg,115.24700100889847
image_07575.jpg,69.45401238563397
image_07576.jpg,75.13174488388339
image_07577.jpg,89.3004304383509
image_07578.jpg,83.38359511465353
image_07579.jpg,55.6206690756857
image_07580.jpg,63.35445110135804
image_07581.jpg,97.19446445820492
image_07582.jpg,99.97803053776613
image_07583.jpg,67.8391001967384
image_07584.jpg,66.60000163828197
image_07585.jpg,140.59962908004618
image_07586.jpg,89.23088454595212
image_07588.jpg,86.86199952852958
image_07589.jpg,83.66160097910995
image_07590.jpg,85.47210086500172
image_07591.jpg,92.04335762169724
image_07592.jpg,95.84260029210981
image_07593.jpg,91.40894356387122
image_07594.jpg,90.06389571259378
image_07595.jpg,146.31008460018583
image_07596.jpg,44.35239779556805
image_07598.jpg,104.86588854432034
image_07601.jpg,100.9894654068054
image_07602.jpg,67.17580110354642
image_07605.jpg,89.52131555308932
image_07606.jpg,45.64824874126443
image_07607.jpg,40.79677242118551
image_07608.jpg,24.833010829083648
image_07609.jpg,90.01839133933066
image_07610.jpg,39.29480544526663
image_07611.jpg,112.34488419666692
image_07612.jpg,84.78877398094377
image_07613.jpg,102.12098982051363
image_07614.jpg,23.288274171008982
image_07615.jpg,102.82357446048191
image_07616.jpg,84.0652420461453
image_07618.jpg,105.11758365805228
image_07620.jpg,74.64913392613053
image_07621.jpg,43.33996364049191
image_07622.jpg,45.269041566171
image_07623.jpg,97.83446244453913
image_07625.jpg,59.174964004434734
image_07626.jpg,63.53194521375806
image_07627.jpg,26.06444157970342
image_07629.jpg,99.88205551535748
image_07631.jpg,44.95376586220535
image_07632.jpg,99.67737506395565
image_07633.jpg,34.91508907848597
image_07635.jpg,53.35135382275776
image_07636.jpg,99.5804515265303
image_07639.jpg,104.77385939512753
image_07640.jpg,78.27973522564906
image_07641.jpg,98.35480331162549
image_07642.jpg,90.60951416295777
image_07645.jpg,97.11219121220049
image_07646.jpg,100.10444368892249
image_07647.jpg,84.03933889107141
image_07648.jpg,65.18998164530609
image_07649.jpg,23.165060360498785
image_07650.jpg,95.55559123376065
image_07651.jpg,43.87696195852907
image_07652.jpg,96.07504735795715
image_07655.jpg,106.19979346694086
image_07657.jpg,28.17975137089734
image_07658.jpg,61.88645708319313
image_07659.jpg,34.734121337274324
image_07660.jpg,85.20597125129646
image_07661.jpg,68.795594903211
image_07663.jpg,95.02866957879127
image_07664.jpg,131.7008171428754
image_07665.jpg,48.04677148621146
image_07666.jpg,70.8957717212516
image_07667.jpg,32.771874393519376
image_07668.jpg,50.036237032737304
image_07669.jpg,37.44688273791304
image_07670.jpg,48.03298929848682
image_07671.jpg,102.65801167519581
image_07672.jpg,101.40535728638918
image_07673.jpg,84.74480950847567
image_07675.jpg,46.98077869941365
image_07676.jpg,102.13520804960098
image_07677.jpg,58.8850644316827
image_07678.jpg,82.73443545334828
image_07679.jpg,88.18824881922265
image_07680.jpg,63.46589220303245
image_07681.jpg,61.333403637509825
image_07682.jpg,69.08379596177701
image_07683.jpg,84.22535621517633
image_07684.jpg,48.46897196791778
image_07685.jpg,52.333467509331186
image_07686.jpg,96.70335350830007
image_07687.jpg,74.22316080399679
image_07688.jpg,69.7442171714075
image_07689.jpg,61.92852835814794
image_07693.jpg,64.28223522350994
image_07695.jpg,96.80910399586688
image_07696.jpg,78.00791796406753
image_07697.jpg,97.71782433558343
image_07698.jpg,106.12747858251237
image_07699.jpg,65.86293786704641
image_07702.jpg,91.35559186473947
image_07703.jpg,89.74885508678184
image_07704.jpg,56.81531190988244
image_07705.jpg,90.89868679359266
image_07712.jpg,133.2642353629669
image_07713.jpg,59.80928088960188
image_07714.jpg,57.90248631922646
image_07716.jpg,61.764411359079816
image_07717.jpg,76.86089656011129
image_07718.jpg,75.40630202678156
image_07719.jpg,58.1894096337115
image_07720.jpg,90.06175585638091
image_07721.jpg,67.75377989471795
image_07722.jpg,86.17308557645002
image_07723.jpg,87.79096999670541
image_07725.jpg,63.48364122561273
image_07726.jpg,80.16932129417634
image_07727.jpg,85.57723957264957
image_07728.jpg,79.73852618694863
image_07729.jpg,87.72092148236263
image_07730.jpg,42.94939124278187
image_07732.jpg,49.058201002064905
image_07733.jpg,91.40462228351086
image_07735.jpg,63.80436797596356
image_07736.jpg,61.29858494654466
image_07737.jpg,79.18944569998051
image_07738.jpg,57.15381904434632
image_07739.jpg,74.99583325742631
image_07740.jpg,66.10654786492887
image_07744.jpg,73.64668726480221
image_07745.jpg,78.18415682546731
image_07746.jpg,47.92259666412923
image_07747.jpg,90.32968139426487
image_07749.jpg,82.32889645733357
image_07750.jpg,78.25256850213898
image_07751.jpg,18.353338547206214
image_07752.jpg,45.36504728184899
image_07754.jpg,55.738051386305955
image_07755.jpg,60.56809160664686
image_07756.jpg,58.149072877468654
image_07757.jpg,53.08441467715246
image_07758.jpg,81.78830135368783
image_07759.jpg,50.17152552562348
image_07760.jpg,39.829190152777485
image_07761.jpg,37.96436985804726
image_07763.jpg,34.414292564900144
image_07764.jpg,48.692303712037415
image_07765.jpg,36.43322671501713
image_07766.jpg,52.4775877501938
image_07768.jpg,53.384115287468774
image_07769.jpg,51.54173861726608
image_07770.jpg,50.72545343256763
image_07772.jpg,52.436930536574266
image_07773.jpg,111.12242585373704
image_07774.jpg,31.05753903408455
image_07775.jpg,52.672535937916976
image_07776.jpg,49.84424953524888
image_07777.jpg,43.930532838666835
image_07778.jpg,29.882503255116383
image_07779.jpg,37.50061858653141
image_07780.jpg,40.00807758783553
image_07782.jpg,46.625377122635854
image_07783.jpg,60.91185645564673
image_07784.jpg,57.531659097748076
image_07785.jpg,51.11805383448423
image_07787.jpg,37.73266653014919
image_07788.jpg,64.04450585072416
image_07789.jpg,39.077701250557695
image_07791.jpg,20.75178611259217
image_07792.jpg,28.796461934464865
image_07793.jpg,44.04762502198754
image_07794.jpg,25.7311598596186
image_07795.jpg,82.85240812972029
image_07796.jpg,44.86614119133641
image_07798.jpg,41.23487123776011
image_07800.jpg,39.08080258008799
image_07801.jpg,67.0137074828605
image_07805.jpg,28.298561008778425
image_07807.jpg,49.87783785870129
image_07808.jpg,26.99374003012944
image_07809.jpg,28.08773533254829
image_07810.jpg,53.91588066552969
image_07812.jpg,42.99240793060704
image_07813.jpg,127.60587401791857
image_07814.jpg,41.17371573304672
image_07815.jpg,29.747885205116454
image_07816.jpg,30.62244405238563
image_07818.jpg,49.60462195054996
image_07819.jpg,52.91573035313967
image_07821.jpg,34.11485199699493
image_07822.jpg,31.832672176170348
image_07826.jpg,53.906473667735156
image_07827.jpg,58.85858091098209
image_07829.jpg,45.48239717294747
image_07830.jpg,29.308290659768303
image_07831.jpg,49.031175589433545
image_07832.jpg,45.532479795831904
image_07836.jpg,62.085726487855766
image_07837.jpg,100.720903257186
image_07838.jpg,89.60775510261196
image_07839.jpg,69.67552416773057
image_07840.jpg,98.69587651397973
image_07841.jpg,86.88449470998378
image_07843.jpg,101.74424525803698
image_07844.jpg,51.600161870487554
image_07845.jpg,99.51717833969579
image_07846.jpg,96.81623825679355
image_07847.jpg,117.67239996044424
image_07848.jpg,107.02157047286107
image_07852.jpg,70.05833214478662
image_07853.jpg,116.85055535444205
image_07854.jpg,28.90897260450461
image_07855.jpg,78.79603127005947
image_07856.jpg,107.41307170277847
image_07858.jpg,91.49669642198714
image_07859.jpg,91.41065742079064
image_07860.jpg,127.30884462355644
image_07864.jpg,89.0498344392962
image_07865.jpg,94.68422064469857
image_07866.jpg,89.38317593434252
image_07867.jpg,118.89874636944802
image_07869.jpg,85.56612731860474
image_07870.jpg,89.1769865755812
image_07873.jpg,112.05107212461661
image_07874.jpg,113.27298937644039
image_07875.jpg,70.29295240087606
image_07878.jpg,109.02791735499011
image_07879.jpg,91.57378279720399
image_07880.jpg,91.65350151408383
image_07881.jpg,105.09303290029148
image_07882.jpg,74.06487687708702
image_07884.jpg,92.73436854627826
image_07885.jpg,50.58625462833223
image_07886.jpg,50.58625462833223
image_07887.jpg,122.44162777043073
image_07888.jpg,52.9721978066726
image_07889.jpg,93.6859070010879
image_07890.jpg,84.3953818277127
image_07892.jpg,102.41517787835357
image_08062.jpg,86.23142748447225
image_07893.jpg,95.78303445207318
image_07894.jpg,97.77266889317593
image_07895.jpg,119.34798306687631
image_07896.jpg,112.696168440978
image_07897.jpg,93.9712878305182
image_07898.jpg,101.22473572526198
image_07899.jpg,134.63969051630764
image_07901.jpg,131.7249053657333
image_07903.jpg,101.7361874103339
image_07904.jpg,117.80843864274976
image_07905.jpg,119.5269832301114
image_07909.jpg,137.70498760022926
image_07911.jpg,102.30754972260225
image_07912.jpg,116.29486245375071
image_07916.jpg,107.32504020423477
image_07919.jpg,83.41272232054213
image_07920.jpg,116.44243415270026
image_07921.jpg,82.22660439392848
image_07922.jpg,116.97645570509432
image_07923.jpg,105.67851206002229
image_07925.jpg,122.67209801518337
image_07926.jpg,118.75584592527164
image_07929.jpg,127.33981330926952
image_07933.jpg,113.34167495531858
image_07936.jpg,114.49541852742885
image_07937.jpg,126.01501817240667
image_07938.jpg,109.10602530734795
image_07939.jpg,106.2611644892076
image_07940.jpg,97.82990666764519
image_07943.jpg,98.68944700868704
image_07944.jpg,79.90584262832101
image_07945.jpg,89.04028878430006
image_07947.jpg,99.1393145774662
image_07948.jpg,76.57964664070448
image_07949.jpg,95.32315763379776
image_07950.jpg,97.94446762788643
image_07951.jpg,95.74512595366022
image_07953.jpg,110.71197833282255
image_07955.jpg,75.05563251977294
image_07956.jpg,84.86552120572702
image_07958.jpg,141.21852304394733
image_07959.jpg,150.05036727096643
image_07960.jpg,89.77416637219233
image_07961.jpg,81.5009230330196
image_07962.jpg,103.96451867761625
image_07964.jpg,100.2231737279512
image_07965.jpg,86.46536121020594
image_07966.jpg,89.39795824765247
image_07968.jpg,99.87000610167392
image_07970.jpg,83.40212550075418
image_07971.jpg,69.09130018404889
image_07973.jpg,82.66863406672232
image_07978.jpg,81.48892666316542
image_07979.jpg,91.26924286924208
image_07980.jpg,86.48655039979457
image_07981.jpg,97.71873214083602
image_07982.jpg,97.34700700219759
image_07984.jpg,108.02522573347876
image_07985.jpg,77.69186413677443
image_07987.jpg,85.30578699545757
image_07992.jpg,66.7633950848548
image_07993.jpg,102.73798878014414
image_07994.jpg,85.52069491666938
image_07995.jpg,81.44007885153353
image_07996.jpg,105.12181132073428
image_07997.jpg,102.59124629122975
image_07998.jpg,77.23187816701349
image_08000.jpg,90.25052712300555
image_08001.jpg,72.26235084418364
image_08002.jpg,81.3213849363673
image_08005.jpg,99.90088345151506
image_08006.jpg,102.47937542871617
image_08010.jpg,110.29296992231242
image_08011.jpg,85.36617690096378
image_08012.jpg,107.79768803762974
image_08014.jpg,101.9943433302202
image_08015.jpg,97.70507887395358
image_08017.jpg,88.25752140230941
image_08019.jpg,86.48577153275934
image_08020.jpg,80.88645933063816
image_08021.jpg,131.82758938019703
image_08022.jpg,101.70600370470072
image_08023.jpg,106.68511165493777
image_08025.jpg,62.885614792455044
image_08027.jpg,64.26986987166102
image_08029.jpg,96.94876951662079
image_08032.jpg,79.03924953820159
image_08037.jpg,110.3054749289002
image_08038.jpg,84.55839751318065
image_08039.jpg,77.26899768272308
image_08040.jpg,76.41326955380445
image_08043.jpg,82.79649116977492
image_08044.jpg,87.68905724382327
image_08045.jpg,70.56566080024183
image_08047.jpg,83.54607917086994
