dataset,model,seed,condition,kind,param,n,acc,macro_f1,uar
flowers102,resnet50,0,clean,clean,0,6149,0.8490811514067328,0.8427728872349488,0.8717045501351691
flowers102,resnet50,0,grayscale,grayscale,,6149,0.4901610017889087,0.4520255445852762,0.5159206528843215
flowers102,resnet50,0,hue_-0.500,hue,-0.5,6149,0.5311432753293218,0.5219048526678636,0.5718015117438833
flowers102,resnet50,0,hue_-0.250,hue,-0.25,6149,0.5534233208651813,0.5275429597526979,0.5759293712938234
flowers102,resnet50,0,hue_-0.083,hue,-0.083,6149,0.7804521060335013,0.7656457517436127,0.7970587565851065
flowers102,resnet50,0,hue_+0.083,hue,0.083,6149,0.7549194991055456,0.7499379990594869,0.7779440935870843
flowers102,resnet50,0,hue_+0.250,hue,0.25,6149,0.5617173524150268,0.5484420987717616,0.5739256892626043
flowers102,resnet50,0,hue_+0.500,hue,0.5,6149,0.5311432753293218,0.5219048526678636,0.5718015117438833
flowers102,resnet50,0,shuffle_021,shuffle,"(0, 2, 1)",6149,0.643681899495853,0.6306301592342981,0.664611481322772
flowers102,resnet50,0,shuffle_102,shuffle,"(1, 0, 2)",6149,0.7002764677183282,0.6875026965962918,0.7216100366600532
flowers102,resnet50,0,shuffle_120,shuffle,"(1, 2, 0)",6149,0.5207350788746138,0.4935842492490755,0.5440819898799871
flowers102,resnet50,0,shuffle_201,shuffle,"(2, 0, 1)",6149,0.5530980647259717,0.5336045295916545,0.5640390663464073
flowers102,resnet50,0,shuffle_210,shuffle,"(2, 1, 0)",6149,0.5428524963408684,0.5208935212612036,0.5683023849420389
flowers102,resnet50,0,quant_2,quant,2,6149,0.199056757196292,0.195924502835129,0.2038292531651155
flowers102,resnet50,0,quant_4,quant,4,6149,0.5532606927955765,0.5518616614243208,0.5832394718331984
flowers102,resnet50,0,quant_8,quant,8,6149,0.7280858676207513,0.7248482151793235,0.7522541005964571
flowers102,resnet50,0,quant_16,quant,16,6149,0.7989917059684501,0.7944213870961134,0.821480452193216
flowers102,resnet50,1,clean,clean,0,6149,0.8464791022930558,0.8358284843123605,0.8655850726164391
flowers102,resnet50,1,grayscale,grayscale,,6149,0.4872336965360221,0.4558255127166144,0.5182996596016739
flowers102,resnet50,1,hue_-0.500,hue,-0.5,6149,0.4924377947633762,0.4780457989031699,0.5352198594483524
flowers102,resnet50,1,hue_-0.250,hue,-0.25,6149,0.5412262156448203,0.5186513524840871,0.5566420103944392
flowers102,resnet50,1,hue_-0.083,hue,-0.083,6149,0.7848430639128313,0.77274060823529,0.7978755980721187
flowers102,resnet50,1,hue_+0.083,hue,0.083,6149,0.7602862254025045,0.7526868764403278,0.7823044291172401
flowers102,resnet50,1,hue_+0.250,hue,0.25,6149,0.5495202471946657,0.5345453351258062,0.570317769098701
flowers102,resnet50,1,hue_+0.500,hue,0.5,6149,0.4924377947633762,0.4780457989031699,0.5352198594483524
flowers102,resnet50,1,shuffle_021,shuffle,"(0, 2, 1)",6149,0.6402667100341519,0.625677819944958,0.6559905472045713
flowers102,resnet50,1,shuffle_102,shuffle,"(1, 0, 2)",6149,0.6885672467067816,0.6757072041215146,0.7184726156604505
flowers102,resnet50,1,shuffle_120,shuffle,"(1, 2, 0)",6149,0.5087006017238576,0.4767212617107108,0.5287303392298868
flowers102,resnet50,1,shuffle_201,shuffle,"(2, 0, 1)",6149,0.5316311595381363,0.5096740135421305,0.5519386591231794
flowers102,resnet50,1,shuffle_210,shuffle,"(2, 1, 0)",6149,0.5195966823873801,0.5066325451579669,0.5512019909807325
flowers102,resnet50,1,quant_2,quant,2,6149,0.0117092210115465,0.003325615257731,0.0172120597477098
flowers102,resnet50,1,quant_4,quant,4,6149,0.3893315986339242,0.3820035337851118,0.407763157081024
flowers102,resnet50,1,quant_8,quant,8,6149,0.648885997723207,0.6435329777559493,0.6794595878160494
flowers102,resnet50,1,quant_16,quant,16,6149,0.76418929907302,0.7578741321713794,0.7876329842006418
flowers102,resnet50,2,clean,clean,0,6149,0.8477801268498943,0.8395129841838875,0.8671240661751758
flowers102,resnet50,2,grayscale,grayscale,,6149,0.4823548544478777,0.4455391224839862,0.5158171163639161
flowers102,resnet50,2,hue_-0.500,hue,-0.5,6149,0.5104895104895105,0.4960310692646978,0.5489678907596596
flowers102,resnet50,2,hue_-0.250,hue,-0.25,6149,0.5252886648235485,0.4947831682179391,0.5503195108103182
flowers102,resnet50,2,hue_-0.083,hue,-0.083,6149,0.776386404293381,0.7690399169049539,0.7946981750311043
flowers102,resnet50,2,hue_+0.083,hue,0.083,6149,0.7461375833468856,0.7421629102205989,0.7677814063508923
flowers102,resnet50,2,hue_+0.250,hue,0.25,6149,0.543177752480078,0.5339108279732945,0.5625883788036479
flowers102,resnet50,2,hue_+0.500,hue,0.5,6149,0.5104895104895105,0.4960310692646978,0.5489678907596596
flowers102,resnet50,2,shuffle_021,shuffle,"(0, 2, 1)",6149,0.6303463977882583,0.6079941863673554,0.6462183255889684
flowers102,resnet50,2,shuffle_102,shuffle,"(1, 0, 2)",6149,0.6695397625630184,0.6620488975431731,0.7022865864043782
flowers102,resnet50,2,shuffle_120,shuffle,"(1, 2, 0)",6149,0.4901610017889087,0.4564207994611955,0.5147404438502181
flowers102,resnet50,2,shuffle_201,shuffle,"(2, 0, 1)",6149,0.5459424296633599,0.5237624001138461,0.5563070072015307
flowers102,resnet50,2,shuffle_210,shuffle,"(2, 1, 0)",6149,0.539762563018377,0.5227693453706748,0.566047249016743
flowers102,resnet50,2,quant_2,quant,2,6149,0.0422832980972515,0.0344460931410735,0.0412522339682128
flowers102,resnet50,2,quant_4,quant,4,6149,0.5090258578630672,0.5208219885013804,0.5441526108601381
flowers102,resnet50,2,quant_8,quant,8,6149,0.6749064888599773,0.6850068691934319,0.7134753841403313
flowers102,resnet50,2,quant_16,quant,16,6149,0.76858025695235,0.7672552191498128,0.7959580310452612
flowers102,resnet50,3,clean,clean,0,6149,0.8481053829891039,0.8425365339127467,0.8691397923169417
flowers102,resnet50,3,grayscale,grayscale,,6149,0.5116279069767442,0.4815110721933837,0.5365539202382155
flowers102,resnet50,3,hue_-0.500,hue,-0.5,6149,0.5399251910879818,0.5261918054268864,0.5890286716477674
flowers102,resnet50,3,hue_-0.250,hue,-0.25,6149,0.561554724345422,0.543548413638007,0.5894240233188334
flowers102,resnet50,3,hue_-0.083,hue,-0.083,6149,0.7653276955602537,0.754527714926459,0.7818622857512161
flowers102,resnet50,3,hue_+0.083,hue,0.083,6149,0.7521548219222638,0.747418157504701,0.7734968931175233
flowers102,resnet50,3,hue_+0.250,hue,0.25,6149,0.5566758822572776,0.5504319676729514,0.5779168721541499
flowers102,resnet50,3,hue_+0.500,hue,0.5,6149,0.5399251910879818,0.5261918054268864,0.5890286716477674
flowers102,resnet50,3,shuffle_021,shuffle,"(0, 2, 1)",6149,0.6534395836721418,0.645431792337378,0.6742922545690098
flowers102,resnet50,3,shuffle_102,shuffle,"(1, 0, 2)",6149,0.6900308993332249,0.6848941108516682,0.7220431649509985
flowers102,resnet50,3,shuffle_120,shuffle,"(1, 2, 0)",6149,0.5337453244429988,0.5099212642594884,0.5617359204110894
flowers102,resnet50,3,shuffle_201,shuffle,"(2, 0, 1)",6149,0.5456171735241503,0.5393778583681974,0.5686582999671898
flowers102,resnet50,3,shuffle_210,shuffle,"(2, 1, 0)",6149,0.5625304927630509,0.5549184088796227,0.5963270376832319
flowers102,resnet50,3,quant_2,quant,2,6149,0.1678321678321678,0.1524749752894427,0.1624578452352997
flowers102,resnet50,3,quant_4,quant,4,6149,0.5874125874125874,0.581960070412203,0.6006173819457119
flowers102,resnet50,3,quant_8,quant,8,6149,0.7381688079362498,0.7353957354513854,0.7580149331390531
flowers102,resnet50,3,quant_16,quant,16,6149,0.807936249796715,0.803998308908801,0.8283684387791047
flowers102,resnet50,4,clean,clean,0,6149,0.8544478777036917,0.8475590511341855,0.8723776877050774
flowers102,resnet50,4,grayscale,grayscale,,6149,0.5223613595706619,0.4908519854829025,0.5584326223369251
flowers102,resnet50,4,hue_-0.500,hue,-0.5,6149,0.518783542039356,0.5035876624166818,0.5686495789457445
flowers102,resnet50,4,hue_-0.250,hue,-0.25,6149,0.5365100016262807,0.5232211884686022,0.5731642515194788
flowers102,resnet50,4,hue_-0.083,hue,-0.083,6149,0.776386404293381,0.7622583436108789,0.7855140769434645
flowers102,resnet50,4,hue_+0.083,hue,0.083,6149,0.7796389656854773,0.7697425107013308,0.7961169587582109
flowers102,resnet50,4,hue_+0.250,hue,0.25,6149,0.5813953488372093,0.5606817388075653,0.5945364865054688
flowers102,resnet50,4,hue_+0.500,hue,0.5,6149,0.518783542039356,0.5035876624166818,0.5686495789457445
flowers102,resnet50,4,shuffle_021,shuffle,"(0, 2, 1)",6149,0.671653927467881,0.6607712445297337,0.690412351747251
flowers102,resnet50,4,shuffle_102,shuffle,"(1, 0, 2)",6149,0.7236949097414214,0.7087194809918765,0.7488056658951363
flowers102,resnet50,4,shuffle_120,shuffle,"(1, 2, 0)",6149,0.516994633273703,0.4995129866220467,0.5515625160143465
flowers102,resnet50,4,shuffle_201,shuffle,"(2, 0, 1)",6149,0.5839973979508863,0.562467245681708,0.6003129632804297
flowers102,resnet50,4,shuffle_210,shuffle,"(2, 1, 0)",6149,0.539762563018377,0.528947687592642,0.5778887518714906
flowers102,resnet50,4,quant_2,quant,2,6149,0.0152870385428524,0.0085838880823014,0.0192407733601446
flowers102,resnet50,4,quant_4,quant,4,6149,0.5020328508700602,0.5039491326469239,0.5277882311085041
flowers102,resnet50,4,quant_8,quant,8,6149,0.6952349975605789,0.6994833046809708,0.7211086260347966
flowers102,resnet50,4,quant_16,quant,16,6149,0.7806147341031062,0.7765468158631035,0.8020562359355354
flowers102,convnext_tiny_in1k,0,clean,clean,0,6149,0.9323467230443976,0.929254105779574,0.9464474592806066
flowers102,convnext_tiny_in1k,0,grayscale,grayscale,,6149,0.6799479590177264,0.625404115549263,0.6858102968470348
flowers102,convnext_tiny_in1k,0,hue_-0.500,hue,-0.5,6149,0.7811026183119206,0.7702886353260149,0.7965972371308275
flowers102,convnext_tiny_in1k,0,hue_-0.250,hue,-0.25,6149,0.6588063099691006,0.6445310309408174,0.6839988990376462
flowers102,convnext_tiny_in1k,0,hue_-0.083,hue,-0.083,6149,0.8720117092210116,0.8586382977077062,0.8805481849287374
flowers102,convnext_tiny_in1k,0,hue_+0.083,hue,0.083,6149,0.8760774109611319,0.8755513093008055,0.892653754093642
flowers102,convnext_tiny_in1k,0,hue_+0.250,hue,0.25,6149,0.7397950886322979,0.7144344628766343,0.7430087107112687
flowers102,convnext_tiny_in1k,0,hue_+0.500,hue,0.5,6149,0.7811026183119206,0.7702886353260149,0.7965972371308275
flowers102,convnext_tiny_in1k,0,shuffle_021,shuffle,"(0, 2, 1)",6149,0.7801268498942917,0.7727561477754866,0.7923094339869511
flowers102,convnext_tiny_in1k,0,shuffle_102,shuffle,"(1, 0, 2)",6149,0.8389982110912343,0.8242758956783778,0.851721638444626
flowers102,convnext_tiny_in1k,0,shuffle_120,shuffle,"(1, 2, 0)",6149,0.6641730362660595,0.646225078659504,0.6839050894616004
flowers102,convnext_tiny_in1k,0,shuffle_201,shuffle,"(2, 0, 1)",6149,0.7435355342332086,0.7218570318353503,0.7462881545500561
flowers102,convnext_tiny_in1k,0,shuffle_210,shuffle,"(2, 1, 0)",6149,0.7396324605626932,0.7281018100313962,0.7502714557042722
flowers102,convnext_tiny_in1k,0,quant_2,quant,2,6149,0.6867783379411286,0.6936303612014649,0.729636448929779
flowers102,convnext_tiny_in1k,0,quant_4,quant,4,6149,0.8121645796064401,0.8082129714106133,0.8386779915504132
flowers102,convnext_tiny_in1k,0,quant_8,quant,8,6149,0.864693446088795,0.8611411499634103,0.8882971387294307
flowers102,convnext_tiny_in1k,0,quant_16,quant,16,6149,0.9079525126036754,0.9040220131153393,0.9259968965859154
flowers102,convnext_tiny_in1k,1,clean,clean,0,6149,0.9359245405757034,0.9341073066499728,0.948632062676584
flowers102,convnext_tiny_in1k,1,grayscale,grayscale,,6149,0.6965360221174175,0.667866117532234,0.7040751295986718
flowers102,convnext_tiny_in1k,1,hue_-0.500,hue,-0.5,6149,0.7402829728411123,0.7338464889486168,0.7578071402143952
flowers102,convnext_tiny_in1k,1,hue_-0.250,hue,-0.25,6149,0.6456334363311107,0.6514437169991887,0.6729185461699903
flowers102,convnext_tiny_in1k,1,hue_-0.083,hue,-0.083,6149,0.8806309969100666,0.8731193658772107,0.8889096804301378
flowers102,convnext_tiny_in1k,1,hue_+0.083,hue,0.083,6149,0.8822572776061148,0.88192970629481,0.900559152236179
flowers102,convnext_tiny_in1k,1,hue_+0.250,hue,0.25,6149,0.7446739307204423,0.7241634116116935,0.7465725763423766
flowers102,convnext_tiny_in1k,1,hue_+0.500,hue,0.5,6149,0.7402829728411123,0.7338464889486168,0.7578071402143952
flowers102,convnext_tiny_in1k,1,shuffle_021,shuffle,"(0, 2, 1)",6149,0.7747601235973329,0.7605104875409266,0.7770919041622768
flowers102,convnext_tiny_in1k,1,shuffle_102,shuffle,"(1, 0, 2)",6149,0.8344446251422996,0.8198644570324027,0.845078227595054
flowers102,convnext_tiny_in1k,1,shuffle_120,shuffle,"(1, 2, 0)",6149,0.6326231907627257,0.6312353984483093,0.6515305735236677
flowers102,convnext_tiny_in1k,1,shuffle_201,shuffle,"(2, 0, 1)",6149,0.7414213693283461,0.7135227051346217,0.7372017314812777
flowers102,convnext_tiny_in1k,1,shuffle_210,shuffle,"(2, 1, 0)",6149,0.757196292080013,0.7540865831573239,0.7703491649194276
flowers102,convnext_tiny_in1k,1,quant_2,quant,2,6149,0.6523011871849081,0.6602025628467073,0.6876686013500047
flowers102,convnext_tiny_in1k,1,quant_4,quant,4,6149,0.7555700113839648,0.7640747437796153,0.7751704352818191
flowers102,convnext_tiny_in1k,1,quant_8,quant,8,6149,0.7965522849243779,0.8217395040884188,0.8225819265170975
flowers102,convnext_tiny_in1k,1,quant_16,quant,16,6149,0.9077898845340706,0.9062867598846518,0.925462598795423
flowers102,convnext_tiny_in1k,2,clean,clean,0,6149,0.9216132704504798,0.9205390653644916,0.9386537078663508
flowers102,convnext_tiny_in1k,2,grayscale,grayscale,,6149,0.689055130915596,0.6498657929527775,0.689312301937041
flowers102,convnext_tiny_in1k,2,hue_-0.500,hue,-0.5,6149,0.6568547731338429,0.6663436770917565,0.6848625281427115
flowers102,convnext_tiny_in1k,2,hue_-0.250,hue,-0.25,6149,0.5462676858025696,0.5550546609677972,0.5759436741593518
flowers102,convnext_tiny_in1k,2,hue_-0.083,hue,-0.083,6149,0.8469669865018702,0.8378751106161143,0.8557573848734711
flowers102,convnext_tiny_in1k,2,hue_+0.083,hue,0.083,6149,0.8466417303626605,0.8541222695381262,0.8748951475386582
flowers102,convnext_tiny_in1k,2,hue_+0.250,hue,0.25,6149,0.6854773133842901,0.6698420970218679,0.6922543439051317
flowers102,convnext_tiny_in1k,2,hue_+0.500,hue,0.5,6149,0.6568547731338429,0.6663436770917565,0.6848625281427115
flowers102,convnext_tiny_in1k,2,shuffle_021,shuffle,"(0, 2, 1)",6149,0.6818994958529843,0.6821610533481706,0.7027889705408782
flowers102,convnext_tiny_in1k,2,shuffle_102,shuffle,"(1, 0, 2)",6149,0.8320052040982273,0.8270486915060071,0.8443036841310295
flowers102,convnext_tiny_in1k,2,shuffle_120,shuffle,"(1, 2, 0)",6149,0.5278907139372255,0.5396416484413258,0.5609173328618429
flowers102,convnext_tiny_in1k,2,shuffle_201,shuffle,"(2, 0, 1)",6149,0.6778337941128639,0.6624650318874227,0.6811045663705642
flowers102,convnext_tiny_in1k,2,shuffle_210,shuffle,"(2, 1, 0)",6149,0.6493738819320215,0.6633653017773594,0.6699295441157878
flowers102,convnext_tiny_in1k,2,quant_2,quant,2,6149,0.6199382013335502,0.6416723813375705,0.6772262824274183
flowers102,convnext_tiny_in1k,2,quant_4,quant,4,6149,0.7472759798341194,0.7547060460438693,0.7903279238591844
flowers102,convnext_tiny_in1k,2,quant_8,quant,8,6149,0.818344446251423,0.8254448152585017,0.8494128839279295
flowers102,convnext_tiny_in1k,2,quant_16,quant,16,6149,0.8928281021304277,0.8927842072108921,0.915437236390316
flowers102,convnext_tiny_in1k,3,clean,clean,0,6149,0.9277931370954626,0.9278166749928982,0.9438143301259472
flowers102,convnext_tiny_in1k,3,grayscale,grayscale,,6149,0.6394535696861279,0.601236873226947,0.6483198900769197
flowers102,convnext_tiny_in1k,3,hue_-0.500,hue,-0.5,6149,0.6736054643031387,0.6846946415474398,0.7105641351043849
flowers102,convnext_tiny_in1k,3,hue_-0.250,hue,-0.25,6149,0.5535859489347862,0.5516386006379167,0.5798522602204318
flowers102,convnext_tiny_in1k,3,hue_-0.083,hue,-0.083,6149,0.8588388355830217,0.8526252478947568,0.8737538894729227
flowers102,convnext_tiny_in1k,3,hue_+0.083,hue,0.083,6149,0.8560741583997398,0.8543495440085497,0.8743882751200925
flowers102,convnext_tiny_in1k,3,hue_+0.250,hue,0.25,6149,0.6508375345584648,0.6307728729283479,0.6589592170956379
flowers102,convnext_tiny_in1k,3,hue_+0.500,hue,0.5,6149,0.6736054643031387,0.6846946415474398,0.7105641351043849
flowers102,convnext_tiny_in1k,3,shuffle_021,shuffle,"(0, 2, 1)",6149,0.6929582045861116,0.682956649945309,0.7053703729348014
flowers102,convnext_tiny_in1k,3,shuffle_102,shuffle,"(1, 0, 2)",6149,0.7731338429012847,0.7646902000375715,0.7978501089668527
flowers102,convnext_tiny_in1k,3,shuffle_120,shuffle,"(1, 2, 0)",6149,0.5270775735892015,0.5270885840740165,0.556741019479613
flowers102,convnext_tiny_in1k,3,shuffle_201,shuffle,"(2, 0, 1)",6149,0.6575052854122622,0.6330102231573043,0.6618859418770839
flowers102,convnext_tiny_in1k,3,shuffle_210,shuffle,"(2, 1, 0)",6149,0.64628394860953,0.6557764310673185,0.6746009075940017
flowers102,convnext_tiny_in1k,3,quant_2,quant,2,6149,0.6664498292405269,0.674263527948863,0.6979895672433912
flowers102,convnext_tiny_in1k,3,quant_4,quant,4,6149,0.76418929907302,0.7709426311166606,0.7927445741122314
flowers102,convnext_tiny_in1k,3,quant_8,quant,8,6149,0.8326557163766466,0.840420323507166,0.864760387339253
flowers102,convnext_tiny_in1k,3,quant_16,quant,16,6149,0.9025857863067164,0.903637492682956,0.9251796353971844
flowers102,convnext_tiny_in1k,4,clean,clean,0,6149,0.9303951862091396,0.9299521678115382,0.9454599357141044
flowers102,convnext_tiny_in1k,4,grayscale,grayscale,,6149,0.675069116929582,0.6317027325804904,0.6893133789197469
flowers102,convnext_tiny_in1k,4,hue_-0.500,hue,-0.5,6149,0.7288990079687754,0.7320475897622153,0.7597075915243641
flowers102,convnext_tiny_in1k,4,hue_-0.250,hue,-0.25,6149,0.5978207838672955,0.5942263147084209,0.6288340011348404
flowers102,convnext_tiny_in1k,4,hue_-0.083,hue,-0.083,6149,0.8734753618474549,0.8595468236220787,0.8770497292345677
flowers102,convnext_tiny_in1k,4,hue_+0.083,hue,0.083,6149,0.8555862741909254,0.8592237665903332,0.8769324632206531
flowers102,convnext_tiny_in1k,4,hue_+0.250,hue,0.25,6149,0.6887298747763864,0.6759426978922907,0.6921942584777865
flowers102,convnext_tiny_in1k,4,hue_+0.500,hue,0.5,6149,0.7288990079687754,0.7320475897622153,0.7597075915243641
flowers102,convnext_tiny_in1k,4,shuffle_021,shuffle,"(0, 2, 1)",6149,0.7184908115140674,0.7095639032186993,0.7374952466789487
flowers102,convnext_tiny_in1k,4,shuffle_102,shuffle,"(1, 0, 2)",6149,0.8212717515043096,0.8163857975428969,0.8367823481954323
flowers102,convnext_tiny_in1k,4,shuffle_120,shuffle,"(1, 2, 0)",6149,0.6080663522523988,0.6047342774093389,0.640210312329618
flowers102,convnext_tiny_in1k,4,shuffle_201,shuffle,"(2, 0, 1)",6149,0.7007643519271426,0.6780955651981837,0.6993809414197771
flowers102,convnext_tiny_in1k,4,shuffle_210,shuffle,"(2, 1, 0)",6149,0.7453244429988616,0.7353325691061791,0.7593916181662534
flowers102,convnext_tiny_in1k,4,quant_2,quant,2,6149,0.6428687591478289,0.6563716397237453,0.6849333918306028
flowers102,convnext_tiny_in1k,4,quant_4,quant,4,6149,0.8072857375182957,0.8036858803628764,0.8303246014140251
flowers102,convnext_tiny_in1k,4,quant_8,quant,8,6149,0.88209464953651,0.8761944799448641,0.8931786324371094
flowers102,convnext_tiny_in1k,4,quant_16,quant,16,6149,0.9177101967799642,0.9181329706533696,0.9324312605697676
flowers102,vit_small_in1k,0,clean,clean,0,6149,0.8755895267523175,0.8729823089677747,0.8980736692776962
flowers102,vit_small_in1k,0,grayscale,grayscale,,6149,0.3542039355992844,0.3124422379221702,0.3600733626666829
flowers102,vit_small_in1k,0,hue_-0.500,hue,-0.5,6149,0.4607253211904374,0.4288636120396755,0.4828759720025135
flowers102,vit_small_in1k,0,hue_-0.250,hue,-0.25,6149,0.3294844690193527,0.3152220439586978,0.3458136506691899
flowers102,vit_small_in1k,0,hue_-0.083,hue,-0.083,6149,0.7114978045210604,0.7097045493261324,0.7347348512341759
flowers102,vit_small_in1k,0,hue_+0.083,hue,0.083,6149,0.7419092535371605,0.7407042316795781,0.7684167329731173
flowers102,vit_small_in1k,0,hue_+0.250,hue,0.25,6149,0.3792486583184257,0.3535940671398832,0.3936941815482621
flowers102,vit_small_in1k,0,hue_+0.500,hue,0.5,6149,0.4607253211904374,0.4288326019170498,0.4828759720025135
flowers102,vit_small_in1k,0,shuffle_021,shuffle,"(0, 2, 1)",6149,0.4787770369165718,0.4516074944588465,0.4856992194550204
flowers102,vit_small_in1k,0,shuffle_102,shuffle,"(1, 0, 2)",6149,0.5317937876077411,0.5078963857404685,0.5604691478931992
flowers102,vit_small_in1k,0,shuffle_120,shuffle,"(1, 2, 0)",6149,0.3340380549682875,0.3085551387784858,0.3457652759067588
flowers102,vit_small_in1k,0,shuffle_201,shuffle,"(2, 0, 1)",6149,0.3898194828427386,0.3515704526510465,0.3937043601897448
flowers102,vit_small_in1k,0,shuffle_210,shuffle,"(2, 1, 0)",6149,0.5166693771344935,0.5046814705851868,0.5362572372935225
flowers102,vit_small_in1k,0,quant_2,quant,2,6149,0.0805008944543828,0.047097352832429,0.0924315613922317
flowers102,vit_small_in1k,0,quant_4,quant,4,6149,0.6627093836396162,0.6535556413903658,0.6807199957102827
flowers102,vit_small_in1k,0,quant_8,quant,8,6149,0.8214343795739144,0.8187946989430537,0.8459041612315402
flowers102,vit_small_in1k,0,quant_16,quant,16,6149,0.8645308180191901,0.8608372628495858,0.8871963843894025
flowers102,vit_small_in1k,1,clean,clean,0,6149,0.8711985688729875,0.868821610302508,0.8926969884316251
flowers102,vit_small_in1k,1,grayscale,grayscale,,6149,0.3488372093023256,0.3152512787271972,0.3494263395335536
flowers102,vit_small_in1k,1,hue_-0.500,hue,-0.5,6149,0.4390957879329972,0.4343047270645105,0.4460481930710468
flowers102,vit_small_in1k,1,hue_-0.250,hue,-0.25,6149,0.3088307041795414,0.2964816952565772,0.3110587613877766
flowers102,vit_small_in1k,1,hue_-0.083,hue,-0.083,6149,0.7261343307854936,0.7246837931171497,0.7463306395304167
flowers102,vit_small_in1k,1,hue_+0.083,hue,0.083,6149,0.7194665799316962,0.7296239650227289,0.7552573009578006
flowers102,vit_small_in1k,1,hue_+0.250,hue,0.25,6149,0.389494226703529,0.3856512725630472,0.4082731516528662
flowers102,vit_small_in1k,1,hue_+0.500,hue,0.5,6149,0.4387705317937876,0.4340146340623123,0.4457356396561566
flowers102,vit_small_in1k,1,shuffle_021,shuffle,"(0, 2, 1)",6149,0.4641405106521385,0.4382281662202116,0.4660176440572061
flowers102,vit_small_in1k,1,shuffle_102,shuffle,"(1, 0, 2)",6149,0.5978207838672955,0.5909036582458923,0.6298534254577692
flowers102,vit_small_in1k,1,shuffle_120,shuffle,"(1, 2, 0)",6149,0.3328996584810538,0.3186626416545904,0.3361397775125493
flowers102,vit_small_in1k,1,shuffle_201,shuffle,"(2, 0, 1)",6149,0.3805496828752642,0.3664193336970698,0.390581234814973
flowers102,vit_small_in1k,1,shuffle_210,shuffle,"(2, 1, 0)",6149,0.4584485282159701,0.4661261245113529,0.475947330027293
flowers102,vit_small_in1k,1,quant_2,quant,2,6149,0.0832655716376646,0.0432872654233499,0.084513625423618
flowers102,vit_small_in1k,1,quant_4,quant,4,6149,0.6186371767767117,0.6245577006697149,0.649252570340912
flowers102,vit_small_in1k,1,quant_8,quant,8,6149,0.7981785656204261,0.8033245692627423,0.830134786511651
flowers102,vit_small_in1k,1,quant_16,quant,16,6149,0.8498942917547568,0.8491744336468181,0.8748666806668598
flowers102,vit_small_in1k,2,clean,clean,0,6149,0.8710359408033826,0.8684821645038066,0.8918179158176787
flowers102,vit_small_in1k,2,grayscale,grayscale,,6149,0.3351764514555212,0.2751658932388641,0.3382313050455733
flowers102,vit_small_in1k,2,hue_-0.500,hue,-0.5,6149,0.4732476825500081,0.446620189092475,0.4674249861581666
flowers102,vit_small_in1k,2,hue_-0.250,hue,-0.25,6149,0.3132216620588713,0.2924809070920565,0.3155713060230901
flowers102,vit_small_in1k,2,hue_-0.083,hue,-0.083,6149,0.7020653764839812,0.6895352089546799,0.7209661554195819
flowers102,vit_small_in1k,2,hue_+0.083,hue,0.083,6149,0.7022280045535859,0.702479101532914,0.7300068481744115
flowers102,vit_small_in1k,2,hue_+0.250,hue,0.25,6149,0.3740445600910717,0.3399625778989812,0.3725347371677758
flowers102,vit_small_in1k,2,hue_+0.500,hue,0.5,6149,0.4732476825500081,0.446620189092475,0.4674249861581666
flowers102,vit_small_in1k,2,shuffle_021,shuffle,"(0, 2, 1)",6149,0.4737355667588225,0.4318580553886687,0.4561802689186697
flowers102,vit_small_in1k,2,shuffle_102,shuffle,"(1, 0, 2)",6149,0.5524475524475524,0.5304954242346388,0.570307365627098
flowers102,vit_small_in1k,2,shuffle_120,shuffle,"(1, 2, 0)",6149,0.3325744023418442,0.3065119522125528,0.3315473286944237
flowers102,vit_small_in1k,2,shuffle_201,shuffle,"(2, 0, 1)",6149,0.3647747601235973,0.3308808236107687,0.361187000040414
flowers102,vit_small_in1k,2,shuffle_210,shuffle,"(2, 1, 0)",6149,0.4761749878028948,0.4641054022998084,0.4891301466209616
flowers102,vit_small_in1k,2,quant_2,quant,2,6149,0.0648885997723207,0.0489249836507478,0.0680603960215578
flowers102,vit_small_in1k,2,quant_4,quant,4,6149,0.6651488046836884,0.6594314305875709,0.6832081141950845
flowers102,vit_small_in1k,2,quant_8,quant,8,6149,0.8189949585298423,0.8155441676230087,0.8429189799646275
flowers102,vit_small_in1k,2,quant_16,quant,16,6149,0.8588388355830217,0.8541398905827146,0.8797413711944672
flowers102,vit_small_in1k,3,clean,clean,0,6149,0.8807936249796715,0.8780716053242749,0.9002444109527501
flowers102,vit_small_in1k,3,grayscale,grayscale,,6149,0.3254187672792324,0.2728594580746844,0.3208911797922735
flowers102,vit_small_in1k,3,hue_-0.500,hue,-0.5,6149,0.4186046511627907,0.4111867631677234,0.4244463856244639
flowers102,vit_small_in1k,3,hue_-0.250,hue,-0.25,6149,0.3141974304765002,0.2889577325422318,0.3106423814321429
flowers102,vit_small_in1k,3,hue_-0.083,hue,-0.083,6149,0.7123109448690844,0.7052821642576578,0.7295951385947038
flowers102,vit_small_in1k,3,hue_+0.083,hue,0.083,6149,0.6929582045861116,0.6998517494458608,0.7295350741433149
flowers102,vit_small_in1k,3,hue_+0.250,hue,0.25,6149,0.3621727110099203,0.3398270900944026,0.3667335253573067
flowers102,vit_small_in1k,3,hue_+0.500,hue,0.5,6149,0.4186046511627907,0.4111867631677234,0.4244463856244639
flowers102,vit_small_in1k,3,shuffle_021,shuffle,"(0, 2, 1)",6149,0.4371442510977394,0.4028615642520172,0.4230071524100937
flowers102,vit_small_in1k,3,shuffle_102,shuffle,"(1, 0, 2)",6149,0.4948772158074483,0.4859808211542105,0.5282221252134579
flowers102,vit_small_in1k,3,shuffle_120,shuffle,"(1, 2, 0)",6149,0.3306228655065864,0.3005829367382677,0.3213210004124922
flowers102,vit_small_in1k,3,shuffle_201,shuffle,"(2, 0, 1)",6149,0.3463977882582533,0.3178605016700073,0.3536491371577538
flowers102,vit_small_in1k,3,shuffle_210,shuffle,"(2, 1, 0)",6149,0.4795901772645958,0.4616717193810742,0.4825213848757971
flowers102,vit_small_in1k,3,quant_2,quant,2,6149,0.0712310944869084,0.049999819479,0.0834296434912974
flowers102,vit_small_in1k,3,quant_4,quant,4,6149,0.6492112538624166,0.649216980961542,0.6757251238676135
flowers102,vit_small_in1k,3,quant_8,quant,8,6149,0.8206212392258904,0.8181267363112678,0.8459117966118008
flowers102,vit_small_in1k,3,quant_16,quant,16,6149,0.8668076109936576,0.8633939142597604,0.8897197124939499
flowers102,vit_small_in1k,4,clean,clean,0,6149,0.8830704179541389,0.8790043713501566,0.8995886460851217
flowers102,vit_small_in1k,4,grayscale,grayscale,,6149,0.3413563181005041,0.29479225402596,0.3389177572884398
flowers102,vit_small_in1k,4,hue_-0.500,hue,-0.5,6149,0.4465766791348187,0.4342807997084217,0.449555806276401
flowers102,vit_small_in1k,4,hue_-0.250,hue,-0.25,6149,0.3249308830704179,0.3111221043798292,0.3336882235028323
flowers102,vit_small_in1k,4,hue_-0.083,hue,-0.083,6149,0.7378435517970402,0.7258998220333427,0.7527874178299808
flowers102,vit_small_in1k,4,hue_+0.083,hue,0.083,6149,0.7454870710684665,0.7465330431357032,0.7647876474436859
flowers102,vit_small_in1k,4,hue_+0.250,hue,0.25,6149,0.3706293706293706,0.3506129533669342,0.3744986296847999
flowers102,vit_small_in1k,4,hue_+0.500,hue,0.5,6149,0.4465766791348187,0.4342807997084217,0.449555806276401
flowers102,vit_small_in1k,4,shuffle_021,shuffle,"(0, 2, 1)",6149,0.4597495527728086,0.4308853338248828,0.4666620554598348
flowers102,vit_small_in1k,4,shuffle_102,shuffle,"(1, 0, 2)",6149,0.5516344120995283,0.541684949545834,0.5734248248049455
flowers102,vit_small_in1k,4,shuffle_120,shuffle,"(1, 2, 0)",6149,0.3242803707919987,0.3082127083224871,0.3323314049627666
flowers102,vit_small_in1k,4,shuffle_201,shuffle,"(2, 0, 1)",6149,0.3623353390795251,0.3403433941616675,0.3692313030734072
flowers102,vit_small_in1k,4,shuffle_210,shuffle,"(2, 1, 0)",6149,0.4605626931208326,0.4780414713784932,0.4918861198707185
flowers102,vit_small_in1k,4,quant_2,quant,2,6149,0.075947308505448,0.0409718577369044,0.0640608408503951
flowers102,vit_small_in1k,4,quant_4,quant,4,6149,0.6605952187347536,0.6636727161688983,0.6782033654706646
flowers102,vit_small_in1k,4,quant_8,quant,8,6149,0.8033826638477801,0.8034459285966997,0.8305544257547363
flowers102,vit_small_in1k,4,quant_16,quant,16,6149,0.8609530004878843,0.8582240344077415,0.8825281639468487
flowers102,swin_tiny,0,clean,clean,0,6149,0.9346235160188648,0.9354081930210048,0.9501701132075
flowers102,swin_tiny,0,grayscale,grayscale,,6149,0.6539274678809562,0.6293086692140711,0.6737744548716871
flowers102,swin_tiny,0,hue_-0.500,hue,-0.5,6149,0.6879167344283623,0.7041156411658708,0.7177795477295205
flowers102,swin_tiny,0,hue_-0.250,hue,-0.25,6149,0.5444787770369166,0.5513228551691702,0.5674429901843832
flowers102,swin_tiny,0,hue_-0.083,hue,-0.083,6149,0.8630671653927467,0.8513531434879361,0.8657753268283181
flowers102,swin_tiny,0,hue_+0.083,hue,0.083,6149,0.8666449829240527,0.8667293149098698,0.8876016304214072
flowers102,swin_tiny,0,hue_+0.250,hue,0.25,6149,0.6578305415514718,0.6359866051805847,0.6628402286988853
flowers102,swin_tiny,0,hue_+0.500,hue,0.5,6149,0.6879167344283623,0.7041156411658708,0.7177795477295205
flowers102,swin_tiny,0,shuffle_021,shuffle,"(0, 2, 1)",6149,0.677671166043259,0.6712332631217043,0.6965940835313492
flowers102,swin_tiny,0,shuffle_102,shuffle,"(1, 0, 2)",6149,0.8294031549845503,0.8097101417474126,0.8348939735480206
flowers102,swin_tiny,0,shuffle_120,shuffle,"(1, 2, 0)",6149,0.5306553911205074,0.5363525975535366,0.5493334680381018
flowers102,swin_tiny,0,shuffle_201,shuffle,"(2, 0, 1)",6149,0.6579931696210766,0.6370438421812025,0.6624662012503552
flowers102,swin_tiny,0,shuffle_210,shuffle,"(2, 1, 0)",6149,0.6631972678484307,0.6723826758006766,0.689400095277596
flowers102,swin_tiny,0,quant_2,quant,2,6149,0.7059684501544967,0.698441287614969,0.7166019249773118
flowers102,swin_tiny,0,quant_4,quant,4,6149,0.8271263620100829,0.8255700400114633,0.8447292493620358
flowers102,swin_tiny,0,quant_8,quant,8,6149,0.8850219547893966,0.8853257892137061,0.9019374826010608
flowers102,swin_tiny,0,quant_16,quant,16,6149,0.9123434704830052,0.9120222625303156,0.9280827426854188
flowers102,swin_tiny,1,clean,clean,0,6149,0.9398276142462187,0.9360458183629692,0.9491185692590386
flowers102,swin_tiny,1,grayscale,grayscale,,6149,0.6350626118067979,0.628724853692238,0.6554980088873753
flowers102,swin_tiny,1,hue_-0.500,hue,-0.5,6149,0.6869409660107334,0.6946396181634974,0.7129155398850787
flowers102,swin_tiny,1,hue_-0.250,hue,-0.25,6149,0.5443161489673117,0.5555835867452913,0.5842571328633169
flowers102,swin_tiny,1,hue_-0.083,hue,-0.083,6149,0.8643681899495853,0.8603829396979338,0.8758702902238326
flowers102,swin_tiny,1,hue_+0.083,hue,0.083,6149,0.866319726784843,0.8652437385976132,0.8870828664021543
flowers102,swin_tiny,1,hue_+0.250,hue,0.25,6149,0.6537648398113515,0.6296930697040259,0.6614603332432087
flowers102,swin_tiny,1,hue_+0.500,hue,0.5,6149,0.6869409660107334,0.6946396181634974,0.7129155398850787
flowers102,swin_tiny,1,shuffle_021,shuffle,"(0, 2, 1)",6149,0.6763701414864206,0.6642285315293054,0.6944355014756565
flowers102,swin_tiny,1,shuffle_102,shuffle,"(1, 0, 2)",6149,0.7941128638803058,0.7865200065387657,0.8168679879205941
flowers102,swin_tiny,1,shuffle_120,shuffle,"(1, 2, 0)",6149,0.5326069279557651,0.5390841056750266,0.5680512603055634
flowers102,swin_tiny,1,shuffle_201,shuffle,"(2, 0, 1)",6149,0.6688892502845991,0.6495607653613509,0.6791644734200314
flowers102,swin_tiny,1,shuffle_210,shuffle,"(2, 1, 0)",6149,0.6703529029110424,0.6837078210129152,0.6968759874898234
flowers102,swin_tiny,1,quant_2,quant,2,6149,0.6939339730037405,0.6923383254970392,0.7196456781869851
flowers102,swin_tiny,1,quant_4,quant,4,6149,0.8336314847942755,0.826049249384537,0.8507710717933784
flowers102,swin_tiny,1,quant_8,quant,8,6149,0.896080663522524,0.8934280793835787,0.9095619535175212
flowers102,swin_tiny,1,quant_16,quant,16,6149,0.9224264107985038,0.919146495258234,0.9341449390069392
flowers102,swin_tiny,2,clean,clean,0,6149,0.9399902423158236,0.9359139455547018,0.9498941950352732
flowers102,swin_tiny,2,grayscale,grayscale,,6149,0.6199382013335502,0.5818842670907327,0.6320526972950681
flowers102,swin_tiny,2,hue_-0.500,hue,-0.5,6149,0.7030411449016101,0.707570543338791,0.7133677082804178
flowers102,swin_tiny,2,hue_-0.250,hue,-0.25,6149,0.5635062611806798,0.5578751956546387,0.5754927456783757
flowers102,swin_tiny,2,hue_-0.083,hue,-0.083,6149,0.860302488209465,0.8467930741541277,0.8606467106336234
flowers102,swin_tiny,2,hue_+0.083,hue,0.083,6149,0.8570499268173687,0.8545679800989796,0.8750826041865092
flowers102,swin_tiny,2,hue_+0.250,hue,0.25,6149,0.6449829240526915,0.6261087400377703,0.6494496100636898
flowers102,swin_tiny,2,hue_+0.500,hue,0.5,6149,0.7030411449016101,0.707570543338791,0.7133677082804178
flowers102,swin_tiny,2,shuffle_021,shuffle,"(0, 2, 1)",6149,0.6966986501870223,0.6861089836753979,0.7089231440324343
flowers102,swin_tiny,2,shuffle_102,shuffle,"(1, 0, 2)",6149,0.7739469832493089,0.7682225212760493,0.7925719421946128
flowers102,swin_tiny,2,shuffle_120,shuffle,"(1, 2, 0)",6149,0.5744023418442024,0.5715603276514803,0.5888597045227192
flowers102,swin_tiny,2,shuffle_201,shuffle,"(2, 0, 1)",6149,0.6396161977557326,0.6158808830392182,0.6412539684157346
flowers102,swin_tiny,2,shuffle_210,shuffle,"(2, 1, 0)",6149,0.7010896080663522,0.6973342720314563,0.7182449344520352
flowers102,swin_tiny,2,quant_2,quant,2,6149,0.6737680923727435,0.6800053478570324,0.70441880264095
flowers102,swin_tiny,2,quant_4,quant,4,6149,0.8248495690356156,0.8160457432000324,0.8415824905379793
flowers102,swin_tiny,2,quant_8,quant,8,6149,0.8983574564969914,0.8942642723204083,0.9098833170602494
flowers102,swin_tiny,2,quant_16,quant,16,6149,0.9266547406082288,0.9223161397111936,0.9377583912075526
flowers102,swin_tiny,3,clean,clean,0,6149,0.9346235160188648,0.9345156895474972,0.9485034901306024
flowers102,swin_tiny,3,grayscale,grayscale,,6149,0.6799479590177264,0.6487755106950236,0.6967356126636505
flowers102,swin_tiny,3,hue_-0.500,hue,-0.5,6149,0.6835257765490323,0.6849801328993718,0.7073269480263945
flowers102,swin_tiny,3,hue_-0.250,hue,-0.25,6149,0.5880630996910067,0.5768547816407914,0.6099542425607228
flowers102,swin_tiny,3,hue_-0.083,hue,-0.083,6149,0.863717677671166,0.8491886583005821,0.865534964486984
flowers102,swin_tiny,3,hue_+0.083,hue,0.083,6149,0.8539599934948772,0.8538934784458502,0.8770547452842147
flowers102,swin_tiny,3,hue_+0.250,hue,0.25,6149,0.6482354854447878,0.6326607780469428,0.6547794143929891
flowers102,swin_tiny,3,hue_+0.500,hue,0.5,6149,0.6835257765490323,0.6849801328993718,0.7073269480263945
flowers102,swin_tiny,3,shuffle_021,shuffle,"(0, 2, 1)",6149,0.7030411449016101,0.6856513734867612,0.7155711650791347
flowers102,swin_tiny,3,shuffle_102,shuffle,"(1, 0, 2)",6149,0.7874451130265083,0.7817622932155114,0.8094696618262129
flowers102,swin_tiny,3,shuffle_120,shuffle,"(1, 2, 0)",6149,0.5800943242803708,0.5647900282622905,0.6063789066131458
flowers102,swin_tiny,3,shuffle_201,shuffle,"(2, 0, 1)",6149,0.6531143275329322,0.6385159016295804,0.6591819530655733
flowers102,swin_tiny,3,shuffle_210,shuffle,"(2, 1, 0)",6149,0.6966986501870223,0.700433133105006,0.7212196931390802
flowers102,swin_tiny,3,quant_2,quant,2,6149,0.6910066677508538,0.6894967523581603,0.718861442384374
flowers102,swin_tiny,3,quant_4,quant,4,6149,0.8354203935599285,0.8332879665146061,0.8606014495948606
flowers102,swin_tiny,3,quant_8,quant,8,6149,0.8915270775735892,0.8898710139029323,0.910927248649285
flowers102,swin_tiny,3,quant_16,quant,16,6149,0.9159212880143112,0.9170656555436264,0.9346835403591864
flowers102,swin_tiny,4,clean,clean,0,6149,0.9333224914620264,0.9323063536497826,0.9479988887166368
flowers102,swin_tiny,4,grayscale,grayscale,,6149,0.6714912993982761,0.6263815796196737,0.6673250753907783
flowers102,swin_tiny,4,hue_-0.500,hue,-0.5,6149,0.7119856887298748,0.7153369615964099,0.729915087743051
flowers102,swin_tiny,4,hue_-0.250,hue,-0.25,6149,0.5335826963733941,0.5286588965813581,0.5513357901770186
flowers102,swin_tiny,4,hue_-0.083,hue,-0.083,6149,0.8609530004878843,0.8561483284077962,0.8711448388345527
flowers102,swin_tiny,4,hue_+0.083,hue,0.083,6149,0.8591640917222313,0.8576587523308816,0.8824678461428463
flowers102,swin_tiny,4,hue_+0.250,hue,0.25,6149,0.6612457310131729,0.6254113541627593,0.6473085728213958
flowers102,swin_tiny,4,hue_+0.500,hue,0.5,6149,0.7119856887298748,0.7153369615964099,0.729915087743051
flowers102,swin_tiny,4,shuffle_021,shuffle,"(0, 2, 1)",6149,0.634899983737193,0.6175838695938547,0.6418115231385468
flowers102,swin_tiny,4,shuffle_102,shuffle,"(1, 0, 2)",6149,0.8194828427386567,0.8091900541969123,0.8363064553712236
flowers102,swin_tiny,4,shuffle_120,shuffle,"(1, 2, 0)",6149,0.5342332086518133,0.5261882025945911,0.5450770456411289
flowers102,swin_tiny,4,shuffle_201,shuffle,"(2, 0, 1)",6149,0.6804358432265409,0.6491743893503179,0.6670885237454135
flowers102,swin_tiny,4,shuffle_210,shuffle,"(2, 1, 0)",6149,0.722231257114978,0.7215859824179285,0.7309093289599935
flowers102,swin_tiny,4,quant_2,quant,2,6149,0.6815742397137746,0.6770470248157112,0.6941668192817994
flowers102,swin_tiny,4,quant_4,quant,4,6149,0.8173686778337941,0.8144436566547714,0.8361436518816965
flowers102,swin_tiny,4,quant_8,quant,8,6149,0.8864856074158399,0.8850152737312067,0.9011307672649838
flowers102,swin_tiny,4,quant_16,quant,16,6149,0.9168970564319402,0.9160879066588246,0.929679051114584
flowers102,convnext_tiny,0,clean,clean,0,6149,0.9907302000325257,0.9908084498571996,0.9925853652870767
flowers102,convnext_tiny,0,grayscale,grayscale,,6149,0.7586599447064564,0.7320113902069467,0.7621445561344118
flowers102,convnext_tiny,0,hue_-0.500,hue,-0.5,6149,0.8485932671979184,0.8332063382260365,0.8500205264255826
flowers102,convnext_tiny,0,hue_-0.250,hue,-0.25,6149,0.7780126849894292,0.7545530352913691,0.7792959960756513
flowers102,convnext_tiny,0,hue_-0.083,hue,-0.083,6149,0.966010733452594,0.9588803928076,0.964114332359821
flowers102,convnext_tiny,0,hue_+0.083,hue,0.083,6149,0.9603187510164254,0.95692002737993,0.9629833145651346
flowers102,convnext_tiny,0,hue_+0.250,hue,0.25,6149,0.8534721092860628,0.8368579753584544,0.8490192625455638
flowers102,convnext_tiny,0,hue_+0.500,hue,0.5,6149,0.8485932671979184,0.8332063382260365,0.8500205264255826
flowers102,convnext_tiny,0,shuffle_021,shuffle,"(0, 2, 1)",6149,0.8497316636851521,0.8350175033018864,0.8449916227351486
flowers102,convnext_tiny,0,shuffle_102,shuffle,"(1, 0, 2)",6149,0.9157586599447064,0.8966623899664021,0.9111143280782534
flowers102,convnext_tiny,0,shuffle_120,shuffle,"(1, 2, 0)",6149,0.7692307692307693,0.7442193997786088,0.7723354445914393
flowers102,convnext_tiny,0,shuffle_201,shuffle,"(2, 0, 1)",6149,0.8251748251748252,0.8029001833370001,0.8204416017439413
flowers102,convnext_tiny,0,shuffle_210,shuffle,"(2, 1, 0)",6149,0.8508700601723858,0.8392644551890724,0.8641914509090217
flowers102,convnext_tiny,0,quant_2,quant,2,6149,0.7459749552772809,0.7392950290224459,0.7695491783900011
flowers102,convnext_tiny,0,quant_4,quant,4,6149,0.951048951048951,0.9501292224841564,0.9616582475596668
flowers102,convnext_tiny,0,quant_8,quant,8,6149,0.9817856562042608,0.9804940215499414,0.9853787633270206
flowers102,convnext_tiny,0,quant_16,quant,16,6149,0.987640266710034,0.986925396267994,0.9900797476880728
flowers102,convnext_tiny,1,clean,clean,0,6149,0.9879655228492438,0.9855423850900747,0.9883068925794742
flowers102,convnext_tiny,1,grayscale,grayscale,,6149,0.8383476988128151,0.8127827212860868,0.8276582462584244
flowers102,convnext_tiny,1,hue_-0.500,hue,-0.5,6149,0.8549357619125061,0.8342816830558992,0.8593240520214752
flowers102,convnext_tiny,1,hue_-0.250,hue,-0.25,6149,0.7850056919824362,0.7546276107611221,0.7867692171156605
flowers102,convnext_tiny,1,hue_-0.083,hue,-0.083,6149,0.9658481053829892,0.9566814163343318,0.9621867424140896
flowers102,convnext_tiny,1,hue_+0.083,hue,0.083,6149,0.9560904212067004,0.9504656285881606,0.9567007968888538
flowers102,convnext_tiny,1,hue_+0.250,hue,0.25,6149,0.8311920637502033,0.8124093291515325,0.8245482764447167
flowers102,convnext_tiny,1,hue_+0.500,hue,0.5,6149,0.8549357619125061,0.8342816830558992,0.8593240520214752
flowers102,convnext_tiny,1,shuffle_021,shuffle,"(0, 2, 1)",6149,0.8687591478289153,0.844680461246018,0.8564620722328359
flowers102,convnext_tiny,1,shuffle_102,shuffle,"(1, 0, 2)",6149,0.8912018214343795,0.8757824711483005,0.8893029629750138
flowers102,convnext_tiny,1,shuffle_120,shuffle,"(1, 2, 0)",6149,0.7796389656854773,0.7554954597812473,0.787409858424296
flowers102,convnext_tiny,1,shuffle_201,shuffle,"(2, 0, 1)",6149,0.8107009269799967,0.7918449292680317,0.8069300345046713
flowers102,convnext_tiny,1,shuffle_210,shuffle,"(2, 1, 0)",6149,0.8697349162465442,0.8517150521631414,0.8722234814886928
flowers102,convnext_tiny,1,quant_2,quant,2,6149,0.7113351764514555,0.7115526229244631,0.7475063973028683
flowers102,convnext_tiny,1,quant_4,quant,4,6149,0.9430801756383153,0.9382774414705094,0.949957286378375
flowers102,convnext_tiny,1,quant_8,quant,8,6149,0.9804846316474224,0.9764718763740856,0.9821031670272354
flowers102,convnext_tiny,1,quant_16,quant,16,6149,0.9843877053179378,0.98183797747191,0.9856657584351916
flowers102,convnext_tiny,2,clean,clean,0,6149,0.9905675719629208,0.9892232375347824,0.9914719381653998
flowers102,convnext_tiny,2,grayscale,grayscale,,6149,0.8687591478289153,0.8538192028066712,0.8696322053172133
flowers102,convnext_tiny,2,hue_-0.500,hue,-0.5,6149,0.8884371442510978,0.8668729983147685,0.8882835117840806
flowers102,convnext_tiny,2,hue_-0.250,hue,-0.25,6149,0.8058220848918524,0.7727433882134284,0.8010376201185975
flowers102,convnext_tiny,2,hue_-0.083,hue,-0.083,6149,0.9634086843389168,0.9536675218278892,0.9613517126880408
flowers102,convnext_tiny,2,hue_+0.083,hue,0.083,6149,0.9619450317124736,0.9578979226499866,0.9639929257531228
flowers102,convnext_tiny,2,hue_+0.250,hue,0.25,6149,0.8430639128313547,0.8143269247062376,0.8363299716710302
flowers102,convnext_tiny,2,hue_+0.500,hue,0.5,6149,0.8884371442510978,0.8668729983147685,0.8882835117840806
flowers102,convnext_tiny,2,shuffle_021,shuffle,"(0, 2, 1)",6149,0.8606277443486746,0.832140769005736,0.8545119862546298
flowers102,convnext_tiny,2,shuffle_102,shuffle,"(1, 0, 2)",6149,0.9090909090909092,0.8925500140019476,0.911967954843778
flowers102,convnext_tiny,2,shuffle_120,shuffle,"(1, 2, 0)",6149,0.8007806147341031,0.7637418734973067,0.7945771761036476
flowers102,convnext_tiny,2,shuffle_201,shuffle,"(2, 0, 1)",6149,0.8367214181167669,0.8082623461688416,0.8313674753548465
flowers102,convnext_tiny,2,shuffle_210,shuffle,"(2, 1, 0)",6149,0.9050252073507888,0.8772024961690169,0.8983313204132012
flowers102,convnext_tiny,2,quant_2,quant,2,6149,0.7560578955927794,0.7533327027535034,0.7843765039252745
flowers102,convnext_tiny,2,quant_4,quant,4,6149,0.9552772808586762,0.9466791970072546,0.958828920832418
flowers102,convnext_tiny,2,quant_8,quant,8,6149,0.9830866807610994,0.980401174497734,0.9847990135376808
flowers102,convnext_tiny,2,quant_16,quant,16,6149,0.9882907789884534,0.9866655623527478,0.9897859664509464
flowers102,convnext_tiny,3,clean,clean,0,6149,0.9905675719629208,0.989764465250621,0.9918429788440758
flowers102,convnext_tiny,3,grayscale,grayscale,,6149,0.8310294356805985,0.8076225912617432,0.8243646383774457
flowers102,convnext_tiny,3,hue_-0.500,hue,-0.5,6149,0.8591640917222313,0.8329337284119299,0.8537334831412879
flowers102,convnext_tiny,3,hue_-0.250,hue,-0.25,6149,0.7689055130915596,0.7409672480180924,0.7653490639880064
flowers102,convnext_tiny,3,hue_-0.083,hue,-0.083,6149,0.9663359895918036,0.9608291735497824,0.9651368757847698
flowers102,convnext_tiny,3,hue_+0.083,hue,0.083,6149,0.9621076597820784,0.9580617402610488,0.9627369566506052
flowers102,convnext_tiny,3,hue_+0.250,hue,0.25,6149,0.8276142462188973,0.8110701830610001,0.8303473829318037
flowers102,convnext_tiny,3,hue_+0.500,hue,0.5,6149,0.8591640917222313,0.8329337284119299,0.8537334831412879
flowers102,convnext_tiny,3,shuffle_021,shuffle,"(0, 2, 1)",6149,0.8625792811839323,0.8444810411190229,0.8533016895144709
flowers102,convnext_tiny,3,shuffle_102,shuffle,"(1, 0, 2)",6149,0.88209464953651,0.8655319814867317,0.8905908019051643
flowers102,convnext_tiny,3,shuffle_120,shuffle,"(1, 2, 0)",6149,0.7928118393234672,0.764405864835899,0.7900321562164075
flowers102,convnext_tiny,3,shuffle_201,shuffle,"(2, 0, 1)",6149,0.7835420393559929,0.7646136733773963,0.7899623355370896
flowers102,convnext_tiny,3,shuffle_210,shuffle,"(2, 1, 0)",6149,0.8791673442836233,0.8557738494105146,0.8751615568221428
flowers102,convnext_tiny,3,quant_2,quant,2,6149,0.7360546430313872,0.7412566536228864,0.7602416850672744
flowers102,convnext_tiny,3,quant_4,quant,4,6149,0.95641567734591,0.9531372095847378,0.9624021077978772
flowers102,convnext_tiny,3,quant_8,quant,8,6149,0.98243616848268,0.9798271365575464,0.9836808355396344
flowers102,convnext_tiny,3,quant_16,quant,16,6149,0.9873150105708244,0.9859573311066754,0.9894586535717208
flowers102,convnext_tiny,4,clean,clean,0,6149,0.9892665474060824,0.9875134182438792,0.9903815679047242
flowers102,convnext_tiny,4,grayscale,grayscale,,6149,0.8401366075784681,0.8188589920371646,0.842854626754241
flowers102,convnext_tiny,4,hue_-0.500,hue,-0.5,6149,0.8448528215970077,0.8313546687352332,0.8525755788897357
flowers102,convnext_tiny,4,hue_-0.250,hue,-0.25,6149,0.7360546430313872,0.7171246436703159,0.7484536277487237
flowers102,convnext_tiny,4,hue_-0.083,hue,-0.083,6149,0.9596682387380062,0.9545086817199192,0.9603491182765842
flowers102,convnext_tiny,4,hue_+0.083,hue,0.083,6149,0.9596682387380062,0.9576490156744888,0.9627564781110248
flowers102,convnext_tiny,4,hue_+0.250,hue,0.25,6149,0.8180191901122134,0.799568471976083,0.8182937669584405
flowers102,convnext_tiny,4,hue_+0.500,hue,0.5,6149,0.8448528215970077,0.8313546687352332,0.8525755788897357
flowers102,convnext_tiny,4,shuffle_021,shuffle,"(0, 2, 1)",6149,0.8256627093836396,0.8045343285300689,0.8246934006739525
flowers102,convnext_tiny,4,shuffle_102,shuffle,"(1, 0, 2)",6149,0.8894129126687266,0.879563541219301,0.9054877772501474
flowers102,convnext_tiny,4,shuffle_120,shuffle,"(1, 2, 0)",6149,0.7513416815742398,0.7407110519090264,0.7703502391441237
flowers102,convnext_tiny,4,shuffle_201,shuffle,"(2, 0, 1)",6149,0.7804521060335013,0.7705165912643063,0.7952184997380102
flowers102,convnext_tiny,4,shuffle_210,shuffle,"(2, 1, 0)",6149,0.8588388355830217,0.8493681619998957,0.8680052932738365
flowers102,convnext_tiny,4,quant_2,quant,2,6149,0.7217433729061636,0.7228990838324127,0.752853002054446
flowers102,convnext_tiny,4,quant_4,quant,4,6149,0.946820621239226,0.9429662485304586,0.9550632777730708
flowers102,convnext_tiny,4,quant_8,quant,8,6149,0.9793462351601886,0.9769620821399072,0.9818539517349982
flowers102,convnext_tiny,4,quant_16,quant,16,6149,0.9865018702228004,0.985057293985786,0.9886357039663474
flowers102,vit_small,0,clean,clean,0,6149,0.9702390632623192,0.9681939581190206,0.971674269099542
flowers102,vit_small,0,grayscale,grayscale,,6149,0.7604488534721093,0.7193984722937014,0.7373293057103709
flowers102,vit_small,0,hue_-0.500,hue,-0.5,6149,0.6944218572125549,0.6701596760887081,0.6998326578268094
flowers102,vit_small,0,hue_-0.250,hue,-0.25,6149,0.572938689217759,0.5546047203426114,0.5764243102422536
flowers102,vit_small,0,hue_-0.083,hue,-0.083,6149,0.9125060985526102,0.9059175407690788,0.9175147511485404
flowers102,vit_small,0,hue_+0.083,hue,0.083,6149,0.9133192389006344,0.9069299482238736,0.9147659646724556
flowers102,vit_small,0,hue_+0.250,hue,0.25,6149,0.6409172223125712,0.619006973853226,0.6374342800016327
flowers102,vit_small,0,hue_+0.500,hue,0.5,6149,0.6944218572125549,0.6701596760887081,0.6998326578268094
flowers102,vit_small,0,shuffle_021,shuffle,"(0, 2, 1)",6149,0.7136119694259229,0.6879360081952218,0.7047697424285733
flowers102,vit_small,0,shuffle_102,shuffle,"(1, 0, 2)",6149,0.7890713937225565,0.7846984756079011,0.8059031507896285
flowers102,vit_small,0,shuffle_120,shuffle,"(1, 2, 0)",6149,0.5548869734916246,0.5347108723750965,0.5595966209505159
flowers102,vit_small,0,shuffle_201,shuffle,"(2, 0, 1)",6149,0.6212392258903887,0.5990268480648995,0.6212262432647189
flowers102,vit_small,0,shuffle_210,shuffle,"(2, 1, 0)",6149,0.6884046186371767,0.6733654525581071,0.6947308656867122
flowers102,vit_small,0,quant_2,quant,2,6149,0.0559440559440559,0.0219552168028006,0.0513516190995641
flowers102,vit_small,0,quant_4,quant,4,6149,0.7521548219222638,0.7463438583613945,0.766526131775995
flowers102,vit_small,0,quant_8,quant,8,6149,0.9414538949422672,0.9385320857740692,0.9457726584516504
flowers102,vit_small,0,quant_16,quant,16,6149,0.9671491299398276,0.9640112608560482,0.968919280077149
flowers102,vit_small,1,clean,clean,0,6149,0.9582045861115628,0.9540976646114516,0.966759884184364
flowers102,vit_small,1,grayscale,grayscale,,6149,0.7012522361359571,0.6628158611200312,0.6849143110773213
flowers102,vit_small,1,hue_-0.500,hue,-0.5,6149,0.5892014961782404,0.5846963687594684,0.6038016727862249
flowers102,vit_small,1,hue_-0.250,hue,-0.25,6149,0.511790535046349,0.4920912005929119,0.5109417125598462
flowers102,vit_small,1,hue_-0.083,hue,-0.083,6149,0.87331273377785,0.8707518073227649,0.8904188583038507
flowers102,vit_small,1,hue_+0.083,hue,0.083,6149,0.8720117092210116,0.8712750250495577,0.8898817510421735
flowers102,vit_small,1,hue_+0.250,hue,0.25,6149,0.5517970401691332,0.5345660409307115,0.5569399479572951
flowers102,vit_small,1,hue_+0.500,hue,0.5,6149,0.5892014961782404,0.5846963687594684,0.6038016727862249
flowers102,vit_small,1,shuffle_021,shuffle,"(0, 2, 1)",6149,0.644495039843877,0.6155772770698387,0.6384927433074833
flowers102,vit_small,1,shuffle_102,shuffle,"(1, 0, 2)",6149,0.6888925028459912,0.6871238178214238,0.7153918387374222
flowers102,vit_small,1,shuffle_120,shuffle,"(1, 2, 0)",6149,0.4961782403642868,0.4670105538401605,0.4942451326838556
flowers102,vit_small,1,shuffle_201,shuffle,"(2, 0, 1)",6149,0.535371605139047,0.5140986268362018,0.5387668203460434
flowers102,vit_small,1,shuffle_210,shuffle,"(2, 1, 0)",6149,0.6345747275979834,0.6260904157559469,0.6469361217105962
flowers102,vit_small,1,quant_2,quant,2,6149,0.0657017401203447,0.0360362563062122,0.0674742582060829
flowers102,vit_small,1,quant_4,quant,4,6149,0.8066352252398764,0.8095612927042457,0.8271313238834181
flowers102,vit_small,1,quant_8,quant,8,6149,0.9305578142787444,0.929644421515728,0.9458394706642717
flowers102,vit_small,1,quant_16,quant,16,6149,0.9505610668401366,0.9475211545041872,0.9609786819508818
flowers102,vit_small,2,clean,clean,0,6149,0.9738168807936248,0.9742287826724928,0.978442542055336
flowers102,vit_small,2,grayscale,grayscale,,6149,0.7053179378760774,0.6524691007839214,0.6781262873745915
flowers102,vit_small,2,hue_-0.500,hue,-0.5,6149,0.5651325418767279,0.5637215275726342,0.5637325476519657
flowers102,vit_small,2,hue_-0.250,hue,-0.25,6149,0.4581232720767604,0.4499650663853394,0.4489507734743809
flowers102,vit_small,2,hue_-0.083,hue,-0.083,6149,0.8845340705805822,0.8813286042417371,0.8903740296465031
flowers102,vit_small,2,hue_+0.083,hue,0.083,6149,0.9121808424134006,0.908001962088894,0.9164168065597568
flowers102,vit_small,2,hue_+0.250,hue,0.25,6149,0.5809074646283948,0.5604541783815217,0.5915144456594221
flowers102,vit_small,2,hue_+0.500,hue,0.5,6149,0.5651325418767279,0.5637215275726342,0.5637325476519657
flowers102,vit_small,2,shuffle_021,shuffle,"(0, 2, 1)",6149,0.6420556187998049,0.6261108925198373,0.6364547516993719
flowers102,vit_small,2,shuffle_102,shuffle,"(1, 0, 2)",6149,0.7097088957554074,0.7052050426437949,0.732378166778642
flowers102,vit_small,2,shuffle_120,shuffle,"(1, 2, 0)",6149,0.4519434054317775,0.4416458390303846,0.4409878957304551
flowers102,vit_small,2,shuffle_201,shuffle,"(2, 0, 1)",6149,0.5560253699788583,0.5290001541958468,0.5636639375256627
flowers102,vit_small,2,shuffle_210,shuffle,"(2, 1, 0)",6149,0.6329484469019353,0.6401961269384677,0.6345314464005574
flowers102,vit_small,2,quant_2,quant,2,6149,0.0408196454708082,0.025416147865329,0.0486478090310862
flowers102,vit_small,2,quant_4,quant,4,6149,0.7651650674906488,0.7640593025572249,0.7756588224603957
flowers102,vit_small,2,quant_8,quant,8,6149,0.9430801756383153,0.942702089913868,0.9502669630228692
flowers102,vit_small,2,quant_16,quant,16,6149,0.9648723369653602,0.964484497242751,0.9707685970620014
flowers102,vit_small,3,clean,clean,0,6149,0.9663359895918036,0.9637158838730706,0.9716868526925014
flowers102,vit_small,3,grayscale,grayscale,,6149,0.6425435030086193,0.5965998501509219,0.6259746766956887
flowers102,vit_small,3,hue_-0.500,hue,-0.5,6149,0.5500081314034803,0.5320895173716312,0.5614431651832928
flowers102,vit_small,3,hue_-0.250,hue,-0.25,6149,0.4795901772645958,0.4476987910669596,0.4778581982677198
flowers102,vit_small,3,hue_-0.083,hue,-0.083,6149,0.8824199056757196,0.867434580810574,0.8825412613809596
flowers102,vit_small,3,hue_+0.083,hue,0.083,6149,0.8936412424784518,0.8885747154600625,0.900642687105348
flowers102,vit_small,3,hue_+0.250,hue,0.25,6149,0.5661083102943568,0.553929229128183,0.5830042908325206
flowers102,vit_small,3,hue_+0.500,hue,0.5,6149,0.5500081314034803,0.532109925464859,0.5614431651832928
flowers102,vit_small,3,shuffle_021,shuffle,"(0, 2, 1)",6149,0.6492112538624166,0.6143161015787956,0.6415598995431521
flowers102,vit_small,3,shuffle_102,shuffle,"(1, 0, 2)",6149,0.6609204748739632,0.6771758832397963,0.6972595190108789
flowers102,vit_small,3,shuffle_120,shuffle,"(1, 2, 0)",6149,0.4564969913807123,0.4234751136165879,0.4558841500427597
flowers102,vit_small,3,shuffle_201,shuffle,"(2, 0, 1)",6149,0.5259391771019678,0.5153687895505346,0.5358369812418321
flowers102,vit_small,3,shuffle_210,shuffle,"(2, 1, 0)",6149,0.6337615872499593,0.6158025792497843,0.6415387240752116
flowers102,vit_small,3,quant_2,quant,2,6149,0.0400065051227841,0.0180258013201198,0.0394567724508263
flowers102,vit_small,3,quant_4,quant,4,6149,0.7502032850870061,0.7442581088407509,0.7551614507572171
flowers102,vit_small,3,quant_8,quant,8,6149,0.9372255651325418,0.9356530326382636,0.9478418119395496
flowers102,vit_small,3,quant_16,quant,16,6149,0.9582045861115628,0.955296617619694,0.9658711319576924
flowers102,vit_small,4,clean,clean,0,6149,0.9743047650024396,0.9718434480895076,0.9775782202041648
flowers102,vit_small,4,grayscale,grayscale,,6149,0.7609367376809237,0.7160759897319968,0.7374517253321997
flowers102,vit_small,4,hue_-0.500,hue,-0.5,6149,0.6914945519596682,0.6628958605325462,0.6777746629873294
flowers102,vit_small,4,hue_-0.250,hue,-0.25,6149,0.59391771019678,0.5761352889258893,0.5906756008442657
flowers102,vit_small,4,hue_-0.083,hue,-0.083,6149,0.9299073020003252,0.9241267527788208,0.93311725268808
flowers102,vit_small,4,hue_+0.083,hue,0.083,6149,0.9325093511140022,0.9271583713265228,0.934864637594739
flowers102,vit_small,4,hue_+0.250,hue,0.25,6149,0.6516506749064889,0.6309246274464806,0.6507716485863442
flowers102,vit_small,4,hue_+0.500,hue,0.5,6149,0.6914945519596682,0.6628958605325462,0.6777746629873294
flowers102,vit_small,4,shuffle_021,shuffle,"(0, 2, 1)",6149,0.718816067653277,0.6809452083172198,0.6961808266610954
flowers102,vit_small,4,shuffle_102,shuffle,"(1, 0, 2)",6149,0.7593104569848755,0.7637825377275811,0.7843489870296193
flowers102,vit_small,4,shuffle_120,shuffle,"(1, 2, 0)",6149,0.5879004716214018,0.557280886874349,0.5825391970560411
flowers102,vit_small,4,shuffle_201,shuffle,"(2, 0, 1)",6149,0.624491787282485,0.606699288973628,0.6151726338650713
flowers102,vit_small,4,shuffle_210,shuffle,"(2, 1, 0)",6149,0.7269474711335177,0.7111691504916741,0.7300728244681385
flowers102,vit_small,4,quant_2,quant,2,6149,0.0629370629370629,0.0464122353550738,0.0639351302715125
flowers102,vit_small,4,quant_4,quant,4,6149,0.8211091234347049,0.8173292302091412,0.8359830671305947
flowers102,vit_small,4,quant_8,quant,8,6149,0.942429663359896,0.9375350468323502,0.9488797347272586
flowers102,vit_small,4,quant_16,quant,16,6149,0.9669865018702228,0.9639744681175572,0.971516476364551
flowers102,resnet50_gray,0,clean,clean,0,6149,0.0042283298097251,0.0009751771252748,0.0083469498910675
flowers102,resnet50_gray,0,grayscale,grayscale,,6149,0.8012684989429175,0.7761753723438066,0.799963188807721
flowers102,resnet50_gray,0,hue_-0.500,hue,-0.5,6149,0.0043909578793299,0.0005800362390274,0.0114052287581699
flowers102,resnet50_gray,0,hue_-0.250,hue,-0.25,6149,0.0039030736705155,0.0002099364591593,0.0099264705882352
flowers102,resnet50_gray,0,hue_-0.083,hue,-0.083,6149,0.0065051227841925,0.0008697394342594,0.0134395424836601
flowers102,resnet50_gray,0,hue_+0.083,hue,0.083,6149,0.0032525613920962,0.0010842132826242,0.0058101851851851
flowers102,resnet50_gray,0,hue_+0.250,hue,0.25,6149,0.002602049113677,0.0011915514237733,0.0049278322440087
flowers102,resnet50_gray,0,hue_+0.500,hue,0.5,6149,0.0043909578793299,0.0005800362390274,0.0114052287581699
flowers102,resnet50_gray,0,shuffle_021,shuffle,"(0, 2, 1)",6149,0.0037404456009107,0.0003411223584857,0.0094117647058823
flowers102,resnet50_gray,0,shuffle_102,shuffle,"(1, 0, 2)",6149,0.0069930069930069,0.0019159248374251,0.0137118736383442
flowers102,resnet50_gray,0,shuffle_120,shuffle,"(1, 2, 0)",6149,0.0042283298097251,0.0003967069182855,0.0105147058823529
flowers102,resnet50_gray,0,shuffle_201,shuffle,"(2, 0, 1)",6149,0.0032525613920962,0.0018144188875949,0.0069294662309368
flowers102,resnet50_gray,0,shuffle_210,shuffle,"(2, 1, 0)",6149,0.0047162140185396,0.0009681537942282,0.0093567149081854
flowers102,resnet50_gray,0,quant_2,quant,2,6149,0.0061798666449829,0.0010544532427392,0.0139583333333333
flowers102,resnet50_gray,0,quant_4,quant,4,6149,0.0061798666449829,0.0002722789242797,0.0138480392156862
flowers102,resnet50_gray,0,quant_8,quant,8,6149,0.0027646771832818,0.000776978692107,0.0061791938997821
flowers102,resnet50_gray,0,quant_16,quant,16,6149,0.0021141649048625,0.0011697579365167,0.0043096405228758
flowers102,resnet50_gray,1,clean,clean,0,6149,0.0037404456009107,0.0005644114440248,0.0058641975308641
flowers102,resnet50_gray,1,grayscale,grayscale,,6149,0.8035452919173849,0.7802191056434402,0.8069507984328244
flowers102,resnet50_gray,1,hue_-0.500,hue,-0.5,6149,0.0061798666449829,0.0003210075329602,0.0098402323892519
flowers102,resnet50_gray,1,hue_-0.250,hue,-0.25,6149,0.0032525613920962,0.0001220175238318,0.0090050835148874
flowers102,resnet50_gray,1,hue_-0.083,hue,-0.083,6149,0.0024394210440722,0.0001192071769246,0.0045570079883805
flowers102,resnet50_gray,1,hue_+0.083,hue,0.083,6149,0.003415189461701,0.0005416747624461,0.0056826434277414
flowers102,resnet50_gray,1,hue_+0.250,hue,0.25,6149,0.007806147341031,0.0007175529759945,0.0049382716049382
flowers102,resnet50_gray,1,hue_+0.500,hue,0.5,6149,0.0061798666449829,0.0003210075329602,0.0098402323892519
flowers102,resnet50_gray,1,shuffle_021,shuffle,"(0, 2, 1)",6149,0.0056919824361684,0.0004357298474945,0.0107661583151779
flowers102,resnet50_gray,1,shuffle_102,shuffle,"(1, 0, 2)",6149,0.0112213368027321,0.0004364446094936,0.0070624546114742
flowers102,resnet50_gray,1,shuffle_120,shuffle,"(1, 2, 0)",6149,0.0040657017401203,0.0002374915839432,0.0098583877995642
flowers102,resnet50_gray,1,shuffle_201,shuffle,"(2, 0, 1)",6149,0.0076435192714262,0.002457905778565,0.0064963359081006
flowers102,resnet50_gray,1,shuffle_210,shuffle,"(2, 1, 0)",6149,0.0042283298097251,0.0020892286859462,0.0068990559186637
flowers102,resnet50_gray,1,quant_2,quant,2,6149,0.003415189461701,0.0001303782716635,0.0098946986201888
flowers102,resnet50_gray,1,quant_4,quant,4,6149,0.0042283298097251,0.0001793548237955,0.0095497458242556
flowers102,resnet50_gray,1,quant_8,quant,8,6149,0.0042283298097251,0.0001959391826887,0.0075526506899055
flowers102,resnet50_gray,1,quant_16,quant,16,6149,0.0039030736705155,0.0006658338824284,0.0067538126361655
flowers102,resnet50_gray,2,clean,clean,0,6149,0.0047162140185396,0.0010116434317713,0.0097672244626771
flowers102,resnet50_gray,2,grayscale,grayscale,,6149,0.8002927305252887,0.7712846693434985,0.7988531304553287
flowers102,resnet50_gray,2,hue_-0.500,hue,-0.5,6149,0.0055293543665636,0.0015363704913902,0.0117913595698326
flowers102,resnet50_gray,2,hue_-0.250,hue,-0.25,6149,0.0032525613920962,0.0006669632764855,0.0085693536673928
flowers102,resnet50_gray,2,hue_-0.083,hue,-0.083,6149,0.0037404456009107,0.0006649031335088,0.0084059549745824
flowers102,resnet50_gray,2,hue_+0.083,hue,0.083,6149,0.0047162140185396,0.0006772655802533,0.0065541031227305
flowers102,resnet50_gray,2,hue_+0.250,hue,0.25,6149,0.0141486420556187,0.0030770273310067,0.0127333737575706
flowers102,resnet50_gray,2,hue_+0.500,hue,0.5,6149,0.0055293543665636,0.0015363704913902,0.0117913595698326
flowers102,resnet50_gray,2,shuffle_021,shuffle,"(0, 2, 1)",6149,0.0045535859489347,0.000554642109151,0.0106479550054852
flowers102,resnet50_gray,2,shuffle_102,shuffle,"(1, 0, 2)",6149,0.0146365262644332,0.001202676640922,0.0101101324140539
flowers102,resnet50_gray,2,shuffle_120,shuffle,"(1, 2, 0)",6149,0.0039030736705155,0.0003383228900062,0.0102848467992397
flowers102,resnet50_gray,2,shuffle_201,shuffle,"(2, 0, 1)",6149,0.0146365262644332,0.0009037430409734,0.0127628671642021
flowers102,resnet50_gray,2,shuffle_210,shuffle,"(2, 1, 0)",6149,0.005204098227354,0.001719295191,0.0100847510004789
flowers102,resnet50_gray,2,quant_2,quant,2,6149,0.0037404456009107,0.0014407338494241,0.0099673202614379
flowers102,resnet50_gray,2,quant_4,quant,4,6149,0.005204098227354,0.0008310184327994,0.0114015976761074
flowers102,resnet50_gray,2,quant_8,quant,8,6149,0.0040657017401203,0.0003394211949296,0.0088416848220769
flowers102,resnet50_gray,2,quant_16,quant,16,6149,0.0039030736705155,0.000792857561366,0.0085508119717548
flowers102,resnet50_gray,3,clean,clean,0,6149,0.0017889087656529,0.0001427631591464,0.0050941945405613
flowers102,resnet50_gray,3,grayscale,grayscale,,6149,0.8037079199869898,0.779671572136272,0.8041033801981339
flowers102,resnet50_gray,3,hue_-0.500,hue,-0.5,6149,0.003415189461701,0.000460155637117,0.0087037037037037
flowers102,resnet50_gray,3,hue_-0.250,hue,-0.25,6149,0.0030899333224914,0.0001470906821569,0.008914306463326
flowers102,resnet50_gray,3,hue_-0.083,hue,-0.083,6149,0.0017889087656529,0.0012735179989263,0.0046250907770515
flowers102,resnet50_gray,3,hue_+0.083,hue,0.083,6149,0.0022767929744673,0.0008512175788621,0.0054548140693608
flowers102,resnet50_gray,3,hue_+0.250,hue,0.25,6149,0.005204098227354,0.0009329022862943,0.0100986799948737
flowers102,resnet50_gray,3,hue_+0.500,hue,0.5,6149,0.003415189461701,0.000460155637117,0.0087037037037037
flowers102,resnet50_gray,3,shuffle_021,shuffle,"(0, 2, 1)",6149,0.0029273052528866,0.0002563486501374,0.0084313725490196
flowers102,resnet50_gray,3,shuffle_102,shuffle,"(1, 0, 2)",6149,0.0022767929744673,0.0013239807043119,0.0052968409586056
flowers102,resnet50_gray,3,shuffle_120,shuffle,"(1, 2, 0)",6149,0.0029273052528866,6.445236969879259e-05,0.0088235294117647
flowers102,resnet50_gray,3,shuffle_201,shuffle,"(2, 0, 1)",6149,0.0074808912018214,0.001062816042781,0.0138803451663889
flowers102,resnet50_gray,3,shuffle_210,shuffle,"(2, 1, 0)",6149,0.002602049113677,0.0003792240539515,0.0054594386774317
flowers102,resnet50_gray,3,quant_2,quant,2,6149,0.003415189461701,0.0003008194168718,0.0098946986201888
flowers102,resnet50_gray,3,quant_4,quant,4,6149,0.0030899333224914,0.0002704579388956,0.008514887436456
flowers102,resnet50_gray,3,quant_8,quant,8,6149,0.0022767929744673,0.0002520183473445,0.0057659447221154
flowers102,resnet50_gray,3,quant_16,quant,16,6149,0.0017889087656529,0.0001530019757032,0.0046947755136913
flowers102,resnet50_gray,4,clean,clean,0,6149,0.0047162140185396,0.00419886630532,0.0104510724477584
flowers102,resnet50_gray,4,grayscale,grayscale,,6149,0.7988290778988454,0.7758198929090695,0.7997059407234581
flowers102,resnet50_gray,4,hue_-0.500,hue,-0.5,6149,0.0032525613920962,0.0003264257535347,0.0085637600110466
flowers102,resnet50_gray,4,hue_-0.250,hue,-0.25,6149,0.0037404456009107,0.0005922099494307,0.009850524716929
flowers102,resnet50_gray,4,hue_-0.083,hue,-0.083,6149,0.0030899333224914,0.0009025845668206,0.0067900787075393
flowers102,resnet50_gray,4,hue_+0.083,hue,0.083,6149,0.0084566596194503,0.0036606311840321,0.0161959556905704
flowers102,resnet50_gray,4,hue_+0.250,hue,0.25,6149,0.0050414701577492,0.0029713970321698,0.0101254463386942
flowers102,resnet50_gray,4,hue_+0.500,hue,0.5,6149,0.0032525613920962,0.0003272397497507,0.0085637600110466
flowers102,resnet50_gray,4,shuffle_021,shuffle,"(0, 2, 1)",6149,0.0032525613920962,0.0001115693657003,0.0096200980392156
flowers102,resnet50_gray,4,shuffle_102,shuffle,"(1, 0, 2)",6149,0.0060172385753781,0.0018914273576093,0.0122253688585629
flowers102,resnet50_gray,4,shuffle_120,shuffle,"(1, 2, 0)",6149,0.0037404456009107,0.0004736756880923,0.0103464167357083
flowers102,resnet50_gray,4,shuffle_201,shuffle,"(2, 0, 1)",6149,0.0039030736705155,0.0009961196825161,0.0083035672576086
flowers102,resnet50_gray,4,shuffle_210,shuffle,"(2, 1, 0)",6149,0.0035778175313059,0.0023010280513553,0.0076844372334223
flowers102,resnet50_gray,4,quant_2,quant,2,6149,0.0037404456009107,0.0004991225116466,0.0098349903341618
flowers102,resnet50_gray,4,quant_4,quant,4,6149,0.0043909578793299,0.0002575553700407,0.0115964167357083
flowers102,resnet50_gray,4,quant_8,quant,8,6149,0.003415189461701,0.0020558538584306,0.0088908067139218
flowers102,resnet50_gray,4,quant_16,quant,16,6149,0.0030899333224914,0.0023661815759034,0.0076255791831599
flowers102,convnext_tiny_in1k_gray,0,clean,clean,0,6149,0.8080988778663197,0.7843767253464533,0.7971399571562363
flowers102,convnext_tiny_in1k_gray,0,grayscale,grayscale,,6149,0.9086030248820948,0.8969645938178014,0.9126771567948871
flowers102,convnext_tiny_in1k_gray,0,hue_-0.500,hue,-0.5,6149,0.7887461375833469,0.7675909186089999,0.7879862728200169
flowers102,convnext_tiny_in1k_gray,0,hue_-0.250,hue,-0.25,6149,0.8066352252398764,0.785880328609547,0.8067695379747929
flowers102,convnext_tiny_in1k_gray,0,hue_-0.083,hue,-0.083,6149,0.8084241340055294,0.7914890387372363,0.8083541356929249
flowers102,convnext_tiny_in1k_gray,0,hue_+0.083,hue,0.083,6149,0.8002927305252887,0.7824695911273294,0.7982875038998786
flowers102,convnext_tiny_in1k_gray,0,hue_+0.250,hue,0.25,6149,0.8037079199869898,0.780692964681677,0.8006991242885451
flowers102,convnext_tiny_in1k_gray,0,hue_+0.500,hue,0.5,6149,0.7887461375833469,0.7675909186089999,0.7879862728200169
flowers102,convnext_tiny_in1k_gray,0,shuffle_021,shuffle,"(0, 2, 1)",6149,0.8346072532119043,0.8120432683108515,0.8287029188163385
flowers102,convnext_tiny_in1k_gray,0,shuffle_102,shuffle,"(1, 0, 2)",6149,0.807936249796715,0.789522067324936,0.806749213949472
flowers102,convnext_tiny_in1k_gray,0,shuffle_120,shuffle,"(1, 2, 0)",6149,0.8241990567571963,0.8015872087408896,0.8195843561512495
flowers102,convnext_tiny_in1k_gray,0,shuffle_201,shuffle,"(2, 0, 1)",6149,0.8215970076435193,0.807051162518782,0.8230021628853397
flowers102,convnext_tiny_in1k_gray,0,shuffle_210,shuffle,"(2, 1, 0)",6149,0.8404618637176777,0.8168276532399628,0.8304173311315401
flowers102,convnext_tiny_in1k_gray,0,quant_2,quant,2,6149,0.5394373068791674,0.5178407932898078,0.5503566293939693
flowers102,convnext_tiny_in1k_gray,0,quant_4,quant,4,6149,0.6861278256627094,0.6692415052930913,0.6941047153516843
flowers102,convnext_tiny_in1k_gray,0,quant_8,quant,8,6149,0.7217433729061636,0.7067153459899934,0.7324020997421565
flowers102,convnext_tiny_in1k_gray,0,quant_16,quant,16,6149,0.7923239551146528,0.7723462408540555,0.7929499129468875
flowers102,convnext_tiny_in1k_gray,1,clean,clean,0,6149,0.740608228980322,0.7323372771797073,0.7493402204156502
flowers102,convnext_tiny_in1k_gray,1,grayscale,grayscale,,6149,0.9120182143437956,0.8991121924640755,0.916028542427856
flowers102,convnext_tiny_in1k_gray,1,hue_-0.500,hue,-0.5,6149,0.7531305903398927,0.7387674443832922,0.7605445793557472
flowers102,convnext_tiny_in1k_gray,1,hue_-0.250,hue,-0.25,6149,0.776386404293381,0.7576910962879512,0.7803632591848849
flowers102,convnext_tiny_in1k_gray,1,hue_-0.083,hue,-0.083,6149,0.7544316148967312,0.7430641627763728,0.7612982718126774
flowers102,convnext_tiny_in1k_gray,1,hue_+0.083,hue,0.083,6149,0.7469507236949098,0.7380456682334109,0.7595532034407809
flowers102,convnext_tiny_in1k_gray,1,hue_+0.250,hue,0.25,6149,0.7728085867620751,0.754247184448361,0.7757591040148166
flowers102,convnext_tiny_in1k_gray,1,hue_+0.500,hue,0.5,6149,0.7531305903398927,0.7387674443832922,0.7605445793557472
flowers102,convnext_tiny_in1k_gray,1,shuffle_021,shuffle,"(0, 2, 1)",6149,0.7830541551471784,0.7669235758247148,0.7881958699223378
flowers102,convnext_tiny_in1k_gray,1,shuffle_102,shuffle,"(1, 0, 2)",6149,0.7893966498617662,0.7701574087052677,0.7919969903588457
flowers102,convnext_tiny_in1k_gray,1,shuffle_120,shuffle,"(1, 2, 0)",6149,0.8074483655879005,0.7836085194126085,0.805162219041601
flowers102,convnext_tiny_in1k_gray,1,shuffle_201,shuffle,"(2, 0, 1)",6149,0.7981785656204261,0.7771469589865506,0.7974976238734907
flowers102,convnext_tiny_in1k_gray,1,shuffle_210,shuffle,"(2, 1, 0)",6149,0.8141161164416978,0.7887346039716054,0.8062682514039364
flowers102,convnext_tiny_in1k_gray,1,quant_2,quant,2,6149,0.4353553423320865,0.4203055387567677,0.4575416714318235
flowers102,convnext_tiny_in1k_gray,1,quant_4,quant,4,6149,0.578142787445113,0.5684994272778315,0.597070049355518
flowers102,convnext_tiny_in1k_gray,1,quant_8,quant,8,6149,0.6370141486420556,0.6281362777014218,0.6543485397611438
flowers102,convnext_tiny_in1k_gray,1,quant_16,quant,16,6149,0.7090583834769881,0.7013465309007358,0.7250484141156149
flowers102,convnext_tiny_in1k_gray,2,clean,clean,0,6149,0.7721580744836559,0.7594417450467766,0.7836696991042446
flowers102,convnext_tiny_in1k_gray,2,grayscale,grayscale,,6149,0.9071393722556512,0.8953338913436512,0.9090861005436052
flowers102,convnext_tiny_in1k_gray,2,hue_-0.500,hue,-0.5,6149,0.7414213693283461,0.7264035104742089,0.7504404149321579
flowers102,convnext_tiny_in1k_gray,2,hue_-0.250,hue,-0.25,6149,0.7806147341031062,0.7705325202439767,0.7957530881894754
flowers102,convnext_tiny_in1k_gray,2,hue_-0.083,hue,-0.083,6149,0.7656529516994633,0.7505825714253332,0.7760430984242653
flowers102,convnext_tiny_in1k_gray,2,hue_+0.083,hue,0.083,6149,0.7526427061310782,0.7518469036418752,0.7752817936142429
flowers102,convnext_tiny_in1k_gray,2,hue_+0.250,hue,0.25,6149,0.7728085867620751,0.768461504279274,0.7890866843550742
flowers102,convnext_tiny_in1k_gray,2,hue_+0.500,hue,0.5,6149,0.7414213693283461,0.7264035104742089,0.7504404149321579
flowers102,convnext_tiny_in1k_gray,2,shuffle_021,shuffle,"(0, 2, 1)",6149,0.7841925516344121,0.7737429295404806,0.7978787750747183
flowers102,convnext_tiny_in1k_gray,2,shuffle_102,shuffle,"(1, 0, 2)",6149,0.7931370954626769,0.7880856320337796,0.8060669361732207
flowers102,convnext_tiny_in1k_gray,2,shuffle_120,shuffle,"(1, 2, 0)",6149,0.8015937550821272,0.7864662760968927,0.8053970630277073
flowers102,convnext_tiny_in1k_gray,2,shuffle_201,shuffle,"(2, 0, 1)",6149,0.7952512603675395,0.7895045996212795,0.8079662827939743
flowers102,convnext_tiny_in1k_gray,2,shuffle_210,shuffle,"(2, 1, 0)",6149,0.8207838672954952,0.8044815962646088,0.8221585716099091
flowers102,convnext_tiny_in1k_gray,2,quant_2,quant,2,6149,0.455033338754269,0.4354758101119557,0.4692735298417426
flowers102,convnext_tiny_in1k_gray,2,quant_4,quant,4,6149,0.6114815417140999,0.6013755691925076,0.622070809190405
flowers102,convnext_tiny_in1k_gray,2,quant_8,quant,8,6149,0.6693771344934135,0.6564850670549289,0.6767443702338033
flowers102,convnext_tiny_in1k_gray,2,quant_16,quant,16,6149,0.7446739307204423,0.733799398267185,0.7547410465276636
flowers102,convnext_tiny_in1k_gray,3,clean,clean,0,6149,0.769393397300374,0.7558526379601876,0.7802275372933377
flowers102,convnext_tiny_in1k_gray,3,grayscale,grayscale,,6149,0.9071393722556512,0.8942242829373367,0.91130479148086
flowers102,convnext_tiny_in1k_gray,3,hue_-0.500,hue,-0.5,6149,0.7513416815742398,0.7371164050082266,0.7712038156390592
flowers102,convnext_tiny_in1k_gray,3,hue_-0.250,hue,-0.25,6149,0.770369165718003,0.7560529079588315,0.7911548033709214
flowers102,convnext_tiny_in1k_gray,3,hue_-0.083,hue,-0.083,6149,0.7697186534395837,0.7620908483351039,0.7956640628200954
flowers102,convnext_tiny_in1k_gray,3,hue_+0.083,hue,0.083,6149,0.7474386079037242,0.7352500316064944,0.7610392319787453
flowers102,convnext_tiny_in1k_gray,3,hue_+0.250,hue,0.25,6149,0.7841925516344121,0.767056265355507,0.7987293463424083
flowers102,convnext_tiny_in1k_gray,3,hue_+0.500,hue,0.5,6149,0.7513416815742398,0.7371164050082266,0.7712038156390592
flowers102,convnext_tiny_in1k_gray,3,shuffle_021,shuffle,"(0, 2, 1)",6149,0.7841925516344121,0.7669899001499804,0.7980717331988715
flowers102,convnext_tiny_in1k_gray,3,shuffle_102,shuffle,"(1, 0, 2)",6149,0.7980159375508212,0.7817117458448615,0.8052378282592043
flowers102,convnext_tiny_in1k_gray,3,shuffle_120,shuffle,"(1, 2, 0)",6149,0.7959017726459587,0.7813166209379929,0.8106344816051999
flowers102,convnext_tiny_in1k_gray,3,shuffle_201,shuffle,"(2, 0, 1)",6149,0.8124898357456497,0.7928312535630958,0.8204680527276432
flowers102,convnext_tiny_in1k_gray,3,shuffle_210,shuffle,"(2, 1, 0)",6149,0.8245243128964059,0.8016078583773624,0.8303186366423612
flowers102,convnext_tiny_in1k_gray,3,quant_2,quant,2,6149,0.4656041632785819,0.4681908476643445,0.4971023015543852
flowers102,convnext_tiny_in1k_gray,3,quant_4,quant,4,6149,0.6148967311758009,0.6192181509655748,0.6373291084976567
flowers102,convnext_tiny_in1k_gray,3,quant_8,quant,8,6149,0.6630346397788258,0.658374319941288,0.6812177242931596
flowers102,convnext_tiny_in1k_gray,3,quant_16,quant,16,6149,0.7371930395186209,0.726635795289561,0.7519103820485514
flowers102,convnext_tiny_in1k_gray,4,clean,clean,0,6149,0.7991543340380549,0.7676994363256565,0.7887404805069479
flowers102,convnext_tiny_in1k_gray,4,grayscale,grayscale,,6149,0.910066677508538,0.8908314760902027,0.9059817822916932
flowers102,convnext_tiny_in1k_gray,4,hue_-0.500,hue,-0.5,6149,0.7609367376809237,0.731413131345489,0.7616258967122406
flowers102,convnext_tiny_in1k_gray,4,hue_-0.250,hue,-0.25,6149,0.806960481379086,0.7805427211727375,0.8048694560222747
flowers102,convnext_tiny_in1k_gray,4,hue_-0.083,hue,-0.083,6149,0.8025695234997561,0.7797626247036366,0.8008624632782348
flowers102,convnext_tiny_in1k_gray,4,hue_+0.083,hue,0.083,6149,0.7976906814116116,0.7719910985157725,0.7941284398302781
flowers102,convnext_tiny_in1k_gray,4,hue_+0.250,hue,0.25,6149,0.8006179866644982,0.7718079398732215,0.7943383805149873
flowers102,convnext_tiny_in1k_gray,4,hue_+0.500,hue,0.5,6149,0.7609367376809237,0.731413131345489,0.7616258967122406
flowers102,convnext_tiny_in1k_gray,4,shuffle_021,shuffle,"(0, 2, 1)",6149,0.823548544478777,0.7977255074684918,0.8173984904772214
flowers102,convnext_tiny_in1k_gray,4,shuffle_102,shuffle,"(1, 0, 2)",6149,0.8170434216945844,0.790281463099803,0.8062446628723995
flowers102,convnext_tiny_in1k_gray,4,shuffle_120,shuffle,"(1, 2, 0)",6149,0.8337941128638803,0.8080043874086233,0.8271034256450728
flowers102,convnext_tiny_in1k_gray,4,shuffle_201,shuffle,"(2, 0, 1)",6149,0.821759635713124,0.7928507710434667,0.8122605031218305
flowers102,convnext_tiny_in1k_gray,4,shuffle_210,shuffle,"(2, 1, 0)",6149,0.8393234672304439,0.8095064519484105,0.8310270821037901
flowers102,convnext_tiny_in1k_gray,4,quant_2,quant,2,6149,0.5026833631484794,0.464427407570866,0.5061315767790516
flowers102,convnext_tiny_in1k_gray,4,quant_4,quant,4,6149,0.6360383802244267,0.60503845957068,0.6365565588078251
flowers102,convnext_tiny_in1k_gray,4,quant_8,quant,8,6149,0.6945844852821597,0.6600575842221937,0.6841982941803408
flowers102,convnext_tiny_in1k_gray,4,quant_16,quant,16,6149,0.7757358920149617,0.7431870037389906,0.7648430144504577
flowers102,vit_small_in1k_gray,0,clean,clean,0,6149,0.4916246544153521,0.471905735512773,0.5105844000549419
flowers102,vit_small_in1k_gray,0,grayscale,grayscale,,6149,0.8406244917872825,0.8208506166759133,0.8466925725431107
flowers102,vit_small_in1k_gray,0,hue_-0.500,hue,-0.5,6149,0.4612132053992519,0.4472704338657744,0.4895368754420141
flowers102,vit_small_in1k_gray,0,hue_-0.250,hue,-0.25,6149,0.4581232720767604,0.4401929810527894,0.4777950771887213
flowers102,vit_small_in1k_gray,0,hue_-0.083,hue,-0.083,6149,0.496015612294682,0.4780446654068852,0.5107179253405814
flowers102,vit_small_in1k_gray,0,hue_+0.083,hue,0.083,6149,0.4631647422345096,0.4449423891814072,0.4850850754465131
flowers102,vit_small_in1k_gray,0,hue_+0.250,hue,0.25,6149,0.4145389494226703,0.401553788650477,0.4460064492756514
flowers102,vit_small_in1k_gray,0,hue_+0.500,hue,0.5,6149,0.4612132053992519,0.4472704338657744,0.4895368754420141
flowers102,vit_small_in1k_gray,0,shuffle_021,shuffle,"(0, 2, 1)",6149,0.479427549194991,0.4578824545112684,0.4969801874901853
flowers102,vit_small_in1k_gray,0,shuffle_102,shuffle,"(1, 0, 2)",6149,0.450642380874939,0.4396611785272458,0.4722464670160155
flowers102,vit_small_in1k_gray,0,shuffle_120,shuffle,"(1, 2, 0)",6149,0.481216457960644,0.4574135426760561,0.4981187708516814
flowers102,vit_small_in1k_gray,0,shuffle_201,shuffle,"(2, 0, 1)",6149,0.4420230931858839,0.4211190307040667,0.4719660924749349
flowers102,vit_small_in1k_gray,0,shuffle_210,shuffle,"(2, 1, 0)",6149,0.54155147178403,0.5137508173429942,0.5623696914931972
flowers102,vit_small_in1k_gray,0,quant_2,quant,2,6149,0.0239063262319076,0.0081476100002482,0.0327519636254061
flowers102,vit_small_in1k_gray,0,quant_4,quant,4,6149,0.3337127988290779,0.3084481966802554,0.3550701373895595
flowers102,vit_small_in1k_gray,0,quant_8,quant,8,6149,0.4408846966986502,0.4117205468273198,0.4621558799949523
flowers102,vit_small_in1k_gray,0,quant_16,quant,16,6149,0.4778012684989429,0.4593055938330179,0.5028790932248319
flowers102,vit_small_in1k_gray,1,clean,clean,0,6149,0.5083753455846479,0.4890683384676025,0.5319011562668707
flowers102,vit_small_in1k_gray,1,grayscale,grayscale,,6149,0.8401366075784681,0.8233987136748231,0.8491329197775697
flowers102,vit_small_in1k_gray,1,hue_-0.500,hue,-0.5,6149,0.5173198894129126,0.4888028534619213,0.5294220419128227
flowers102,vit_small_in1k_gray,1,hue_-0.250,hue,-0.25,6149,0.4860953000487884,0.4540327716815174,0.494911304732291
flowers102,vit_small_in1k_gray,1,hue_-0.083,hue,-0.083,6149,0.5111400227679297,0.4944439720922928,0.5455344908377878
flowers102,vit_small_in1k_gray,1,hue_+0.083,hue,0.083,6149,0.4860953000487884,0.4765533449082675,0.5171706154475525
flowers102,vit_small_in1k_gray,1,hue_+0.250,hue,0.25,6149,0.4867458123272076,0.4659069581183016,0.5100661958374069
flowers102,vit_small_in1k_gray,1,hue_+0.500,hue,0.5,6149,0.5173198894129126,0.488686592929555,0.5294220419128227
flowers102,vit_small_in1k_gray,1,shuffle_021,shuffle,"(0, 2, 1)",6149,0.4916246544153521,0.4685426188737245,0.5113724390877517
flowers102,vit_small_in1k_gray,1,shuffle_102,shuffle,"(1, 0, 2)",6149,0.4989429175475687,0.4686800089365738,0.5127713300973096
flowers102,vit_small_in1k_gray,1,shuffle_120,shuffle,"(1, 2, 0)",6149,0.5012197105220361,0.4684588385439829,0.5168299258189203
flowers102,vit_small_in1k_gray,1,shuffle_201,shuffle,"(2, 0, 1)",6149,0.5296796227028785,0.5048758325728326,0.5463455157587911
flowers102,vit_small_in1k_gray,1,shuffle_210,shuffle,"(2, 1, 0)",6149,0.6051390469995122,0.5798685227967721,0.6217908405540191
flowers102,vit_small_in1k_gray,1,quant_2,quant,2,6149,0.0182143437957391,0.00512397616316,0.0212030856028037
flowers102,vit_small_in1k_gray,1,quant_4,quant,4,6149,0.3153358269637339,0.2954126359241659,0.3381838372288833
flowers102,vit_small_in1k_gray,1,quant_8,quant,8,6149,0.4373068791673443,0.4132316646151902,0.4645018119847646
flowers102,vit_small_in1k_gray,1,quant_16,quant,16,6149,0.4820295983086681,0.456126487904836,0.5085362477774223
flowers102,vit_small_in1k_gray,2,clean,clean,0,6149,0.5252886648235485,0.5152817888557638,0.5342376153643081
flowers102,vit_small_in1k_gray,2,grayscale,grayscale,,6149,0.8468043584322654,0.8310659558704916,0.856374956682431
flowers102,vit_small_in1k_gray,2,hue_-0.500,hue,-0.5,6149,0.5174825174825175,0.5037144889145404,0.5324573351925433
flowers102,vit_small_in1k_gray,2,hue_-0.250,hue,-0.25,6149,0.4511302650837535,0.4261930555885497,0.4809899189855623
flowers102,vit_small_in1k_gray,2,hue_-0.083,hue,-0.083,6149,0.5139046999512116,0.5021257898878282,0.543769898314218
flowers102,vit_small_in1k_gray,2,hue_+0.083,hue,0.083,6149,0.5200845665961945,0.506435045278228,0.532091462184413
flowers102,vit_small_in1k_gray,2,hue_+0.250,hue,0.25,6149,0.4669051878354204,0.4394411332482606,0.4808923881810615
flowers102,vit_small_in1k_gray,2,hue_+0.500,hue,0.5,6149,0.5174825174825175,0.5037144889145404,0.5324573351925433
flowers102,vit_small_in1k_gray,2,shuffle_021,shuffle,"(0, 2, 1)",6149,0.4849569035615547,0.4535690828148006,0.5064563163467302
flowers102,vit_small_in1k_gray,2,shuffle_102,shuffle,"(1, 0, 2)",6149,0.4981297771995446,0.4758735926158093,0.5167816381033219
flowers102,vit_small_in1k_gray,2,shuffle_120,shuffle,"(1, 2, 0)",6149,0.4722719141323792,0.4416956398794446,0.4860146671146463
flowers102,vit_small_in1k_gray,2,shuffle_201,shuffle,"(2, 0, 1)",6149,0.4987802894779639,0.4827074364724787,0.5221552992266068
flowers102,vit_small_in1k_gray,2,shuffle_210,shuffle,"(2, 1, 0)",6149,0.5888762400390307,0.578597968893387,0.6059039784139936
flowers102,vit_small_in1k_gray,2,quant_2,quant,2,6149,0.0219547893966498,0.0114787487443499,0.0258618606379001
flowers102,vit_small_in1k_gray,2,quant_4,quant,4,6149,0.3462351601886486,0.3332938324491888,0.365329183404165
flowers102,vit_small_in1k_gray,2,quant_8,quant,8,6149,0.4415352089770694,0.4340596273477298,0.4625239409841583
flowers102,vit_small_in1k_gray,2,quant_16,quant,16,6149,0.4987802894779639,0.4903834051601028,0.5140994312956417
flowers102,vit_small_in1k_gray,3,clean,clean,0,6149,0.5234997560578956,0.5119725540988332,0.5575410773709361
flowers102,vit_small_in1k_gray,3,grayscale,grayscale,,6149,0.8440396812489835,0.8295914845882033,0.8526140107889912
flowers102,vit_small_in1k_gray,3,hue_-0.500,hue,-0.5,6149,0.4982924052691495,0.4766901658381143,0.5209013884509144
flowers102,vit_small_in1k_gray,3,hue_-0.250,hue,-0.25,6149,0.4886973491624654,0.4665951651284887,0.5171401502488178
flowers102,vit_small_in1k_gray,3,hue_-0.083,hue,-0.083,6149,0.5171572613433079,0.5075053932550403,0.5539873805495154
flowers102,vit_small_in1k_gray,3,hue_+0.083,hue,0.083,6149,0.4966661245731013,0.4837084021321802,0.5342272607888973
flowers102,vit_small_in1k_gray,3,hue_+0.250,hue,0.25,6149,0.4795901772645958,0.4668167310485787,0.5141874707075098
flowers102,vit_small_in1k_gray,3,hue_+0.500,hue,0.5,6149,0.4982924052691495,0.4766901658381143,0.5209013884509144
flowers102,vit_small_in1k_gray,3,shuffle_021,shuffle,"(0, 2, 1)",6149,0.4966661245731013,0.4779668486235732,0.5227706877917025
flowers102,vit_small_in1k_gray,3,shuffle_102,shuffle,"(1, 0, 2)",6149,0.4974792649211254,0.478036999957578,0.5271228527801503
flowers102,vit_small_in1k_gray,3,shuffle_120,shuffle,"(1, 2, 0)",6149,0.5147178402992356,0.4956516749092488,0.5407611892473235
flowers102,vit_small_in1k_gray,3,shuffle_201,shuffle,"(2, 0, 1)",6149,0.496015612294682,0.4813820243302844,0.528066255306125
flowers102,vit_small_in1k_gray,3,shuffle_210,shuffle,"(2, 1, 0)",6149,0.5872499593429826,0.5669199533699676,0.6123040028046292
flowers102,vit_small_in1k_gray,3,quant_2,quant,2,6149,0.0175638315173198,0.0085883111276654,0.0254862424354432
flowers102,vit_small_in1k_gray,3,quant_4,quant,4,6149,0.3358269637339405,0.3335651118663905,0.3737774224918081
flowers102,vit_small_in1k_gray,3,quant_8,quant,8,6149,0.4482029598308668,0.4423449993186332,0.488725511691117
flowers102,vit_small_in1k_gray,3,quant_16,quant,16,6149,0.5010570824524313,0.4886484641508349,0.5396782127556298
flowers102,vit_small_in1k_gray,4,clean,clean,0,6149,0.5109773946983249,0.5033701822586285,0.5289739085106047
flowers102,vit_small_in1k_gray,4,grayscale,grayscale,,6149,0.8350951374207188,0.8216876905405814,0.8456158214968438
flowers102,vit_small_in1k_gray,4,hue_-0.500,hue,-0.5,6149,0.4885347210928606,0.4731820904235373,0.5087832361929856
flowers102,vit_small_in1k_gray,4,hue_-0.250,hue,-0.25,6149,0.4582859001463653,0.4583566655644955,0.4879248279345697
flowers102,vit_small_in1k_gray,4,hue_-0.083,hue,-0.083,6149,0.5010570824524313,0.4932427287197713,0.5240910183700437
flowers102,vit_small_in1k_gray,4,hue_+0.083,hue,0.083,6149,0.507399577167019,0.489620220487919,0.5136843239911058
flowers102,vit_small_in1k_gray,4,hue_+0.250,hue,0.25,6149,0.4644657667913482,0.450986504498311,0.4777268469783712
flowers102,vit_small_in1k_gray,4,hue_+0.500,hue,0.5,6149,0.4885347210928606,0.4731820904235373,0.5087832361929856
flowers102,vit_small_in1k_gray,4,shuffle_021,shuffle,"(0, 2, 1)",6149,0.4869084403968124,0.4679412968553365,0.4979046510561588
flowers102,vit_small_in1k_gray,4,shuffle_102,shuffle,"(1, 0, 2)",6149,0.472434542201984,0.4546391285256347,0.4881080264978567
flowers102,vit_small_in1k_gray,4,shuffle_120,shuffle,"(1, 2, 0)",6149,0.4680435843226541,0.4596723578279638,0.490328495735414
flowers102,vit_small_in1k_gray,4,shuffle_201,shuffle,"(2, 0, 1)",6149,0.4830053667262969,0.4797296386266854,0.5115682651234629
flowers102,vit_small_in1k_gray,4,shuffle_210,shuffle,"(2, 1, 0)",6149,0.5395999349487721,0.5243233227946341,0.5641324461585553
flowers102,vit_small_in1k_gray,4,quant_2,quant,2,6149,0.0242315823711172,0.009606123886937,0.0179690643856268
flowers102,vit_small_in1k_gray,4,quant_4,quant,4,6149,0.3280208163929094,0.3069692413622963,0.3412376338671756
flowers102,vit_small_in1k_gray,4,quant_8,quant,8,6149,0.4239713774597495,0.4151716890476929,0.4548378938969187
flowers102,vit_small_in1k_gray,4,quant_16,quant,16,6149,0.4846316474223451,0.4826923685167003,0.5114025223148183
flowers102,swin_tiny_gray,0,clean,clean,0,6149,0.8290778988453407,0.8137639180212267,0.8335081527967523
flowers102,swin_tiny_gray,0,grayscale,grayscale,,6149,0.9066514880468368,0.8944145144759539,0.9106416054835544
flowers102,swin_tiny_gray,0,hue_-0.500,hue,-0.5,6149,0.7702065376483981,0.7598256423323513,0.7901780549138496
flowers102,swin_tiny_gray,0,hue_-0.250,hue,-0.25,6149,0.8121645796064401,0.7995743289848742,0.8290740159427323
flowers102,swin_tiny_gray,0,hue_-0.083,hue,-0.083,6149,0.821759635713124,0.8078763052020783,0.8323912785759443
flowers102,swin_tiny_gray,0,hue_+0.083,hue,0.083,6149,0.813140348024069,0.8027800827896373,0.8232026593923594
flowers102,swin_tiny_gray,0,hue_+0.250,hue,0.25,6149,0.8199707269474711,0.8080436921486663,0.832635225601254
flowers102,swin_tiny_gray,0,hue_+0.500,hue,0.5,6149,0.7702065376483981,0.7598256423323513,0.7901780549138496
flowers102,swin_tiny_gray,0,shuffle_021,shuffle,"(0, 2, 1)",6149,0.8263132216620589,0.8131081914351315,0.8393999096959714
flowers102,swin_tiny_gray,0,shuffle_102,shuffle,"(1, 0, 2)",6149,0.8272889900796877,0.8144220445725696,0.8329261462452902
flowers102,swin_tiny_gray,0,shuffle_120,shuffle,"(1, 2, 0)",6149,0.8250121971052203,0.8116818452182235,0.836690151628761
flowers102,swin_tiny_gray,0,shuffle_201,shuffle,"(2, 0, 1)",6149,0.8383476988128151,0.8277782360811192,0.8530150927797303
flowers102,swin_tiny_gray,0,shuffle_210,shuffle,"(2, 1, 0)",6149,0.8546105057732964,0.8407973804539415,0.8645869795576353
flowers102,swin_tiny_gray,0,quant_2,quant,2,6149,0.5199219385265897,0.5153825572381737,0.5271389261909364
flowers102,swin_tiny_gray,0,quant_4,quant,4,6149,0.686453081801919,0.6743085285618421,0.6907779895442094
flowers102,swin_tiny_gray,0,quant_8,quant,8,6149,0.7423971377459749,0.7292821810749119,0.7487128581251843
flowers102,swin_tiny_gray,0,quant_16,quant,16,6149,0.7968775410635875,0.7833882725300425,0.8021133628263475
flowers102,swin_tiny_gray,1,clean,clean,0,6149,0.801756383151732,0.7868728015048095,0.8132062316733907
flowers102,swin_tiny_gray,1,grayscale,grayscale,,6149,0.9185233371279884,0.9047623470960208,0.9210750216116014
flowers102,swin_tiny_gray,1,hue_-0.500,hue,-0.5,6149,0.7650024394210441,0.7493243945647543,0.7862132934574924
flowers102,swin_tiny_gray,1,hue_-0.250,hue,-0.25,6149,0.7944381200195154,0.7828007390002745,0.8142623112281349
flowers102,swin_tiny_gray,1,hue_-0.083,hue,-0.083,6149,0.7975280533420068,0.7859854302721165,0.8154599840543171
flowers102,swin_tiny_gray,1,hue_+0.083,hue,0.083,6149,0.7809399902423159,0.773045138458834,0.8011001194635456
flowers102,swin_tiny_gray,1,hue_+0.250,hue,0.25,6149,0.7905350463489998,0.7754196728004761,0.8090164622988317
flowers102,swin_tiny_gray,1,hue_+0.500,hue,0.5,6149,0.7650024394210441,0.7493243945647543,0.7862132934574924
flowers102,swin_tiny_gray,1,shuffle_021,shuffle,"(0, 2, 1)",6149,0.8160676532769556,0.8034616531616745,0.8342616939366668
flowers102,swin_tiny_gray,1,shuffle_102,shuffle,"(1, 0, 2)",6149,0.8059847129614571,0.7966327469372099,0.8293448148522955
flowers102,swin_tiny_gray,1,shuffle_120,shuffle,"(1, 2, 0)",6149,0.8186697023906326,0.8000130482026229,0.8316067307728569
flowers102,swin_tiny_gray,1,shuffle_201,shuffle,"(2, 0, 1)",6149,0.8170434216945844,0.8020447245357093,0.8326546646324114
flowers102,swin_tiny_gray,1,shuffle_210,shuffle,"(2, 1, 0)",6149,0.8500569198243617,0.830195730991959,0.8546772888021872
flowers102,swin_tiny_gray,1,quant_2,quant,2,6149,0.5438282647584973,0.5372485545323199,0.5602679608489485
flowers102,swin_tiny_gray,1,quant_4,quant,4,6149,0.6913319238900634,0.6894548370702739,0.7128326611694078
flowers102,swin_tiny_gray,1,quant_8,quant,8,6149,0.7471133517645145,0.7436214928138861,0.7632987392732076
flowers102,swin_tiny_gray,1,quant_16,quant,16,6149,0.7809399902423159,0.7775681918804175,0.7996357368605864
flowers102,swin_tiny_gray,2,clean,clean,0,6149,0.8381850707432102,0.8124091810985836,0.832011055852837
flowers102,swin_tiny_gray,2,grayscale,grayscale,,6149,0.9110424459261668,0.8981365199844403,0.9110983369152772
flowers102,swin_tiny_gray,2,hue_-0.500,hue,-0.5,6149,0.7824036428687592,0.7605665043754619,0.7960616728245403
flowers102,swin_tiny_gray,2,hue_-0.250,hue,-0.25,6149,0.8030574077085705,0.7799238617638842,0.8090788523579853
flowers102,swin_tiny_gray,2,hue_-0.083,hue,-0.083,6149,0.8185070743210278,0.7901992958706053,0.8166107945701938
flowers102,swin_tiny_gray,2,hue_+0.083,hue,0.083,6149,0.818344446251423,0.797828851017092,0.8182120069579546
flowers102,swin_tiny_gray,2,hue_+0.250,hue,0.25,6149,0.8121645796064401,0.7939015161531217,0.8192043578401607
flowers102,swin_tiny_gray,2,hue_+0.500,hue,0.5,6149,0.7824036428687592,0.7605665043754619,0.7960616728245403
flowers102,swin_tiny_gray,2,shuffle_021,shuffle,"(0, 2, 1)",6149,0.8194828427386567,0.7969407283782738,0.8222784695396125
flowers102,swin_tiny_gray,2,shuffle_102,shuffle,"(1, 0, 2)",6149,0.8310294356805985,0.8071273741481148,0.8285693233332159
flowers102,swin_tiny_gray,2,shuffle_120,shuffle,"(1, 2, 0)",6149,0.8268011058708733,0.8015396622942916,0.825232778054894
flowers102,swin_tiny_gray,2,shuffle_201,shuffle,"(2, 0, 1)",6149,0.8355830216295332,0.8176459732793164,0.8440410552003296
flowers102,swin_tiny_gray,2,shuffle_210,shuffle,"(2, 1, 0)",6149,0.8590014636526264,0.8399271892983016,0.8596686725664512
flowers102,swin_tiny_gray,2,quant_2,quant,2,6149,0.4911367702065377,0.4938036608146559,0.5184219145403643
flowers102,swin_tiny_gray,2,quant_4,quant,4,6149,0.6901935274028297,0.6786804887781823,0.7026796739348528
flowers102,swin_tiny_gray,2,quant_8,quant,8,6149,0.7573589201496178,0.7418872692730861,0.7617775991474923
flowers102,swin_tiny_gray,2,quant_16,quant,16,6149,0.8053342006830378,0.786609479521713,0.8088621940895427
flowers102,swin_tiny_gray,3,clean,clean,0,6149,0.7908603024882095,0.7754403126446745,0.8071483810322682
flowers102,swin_tiny_gray,3,grayscale,grayscale,,6149,0.910066677508538,0.8970488690656718,0.9115127480439684
flowers102,swin_tiny_gray,3,hue_-0.500,hue,-0.5,6149,0.7474386079037242,0.7376385067362229,0.7746326663523181
flowers102,swin_tiny_gray,3,hue_-0.250,hue,-0.25,6149,0.7950886322979346,0.7840078287901231,0.8200349865485995
flowers102,swin_tiny_gray,3,hue_-0.083,hue,-0.083,6149,0.8030574077085705,0.7830617998947629,0.8186341672449641
flowers102,swin_tiny_gray,3,hue_+0.083,hue,0.083,6149,0.7654903236298585,0.7608434961024128,0.7855606954451211
flowers102,swin_tiny_gray,3,hue_+0.250,hue,0.25,6149,0.7692307692307693,0.7582424839904198,0.7911077762255155
flowers102,swin_tiny_gray,3,hue_+0.500,hue,0.5,6149,0.7474386079037242,0.7376385067362229,0.7746326663523181
flowers102,swin_tiny_gray,3,shuffle_021,shuffle,"(0, 2, 1)",6149,0.806960481379086,0.7916024426963223,0.8222322139070325
flowers102,swin_tiny_gray,3,shuffle_102,shuffle,"(1, 0, 2)",6149,0.7884208814441372,0.7840551323380696,0.8187536468821649
flowers102,swin_tiny_gray,3,shuffle_120,shuffle,"(1, 2, 0)",6149,0.8097251585623678,0.792469911544613,0.8247413032847021
flowers102,swin_tiny_gray,3,shuffle_201,shuffle,"(2, 0, 1)",6149,0.7949260042283298,0.7892093436260009,0.8212285872501681
flowers102,swin_tiny_gray,3,shuffle_210,shuffle,"(2, 1, 0)",6149,0.8386729549520248,0.8247628904405313,0.8526658447494577
flowers102,swin_tiny_gray,3,quant_2,quant,2,6149,0.498617661408359,0.4978659301851942,0.5248893256891276
flowers102,swin_tiny_gray,3,quant_4,quant,4,6149,0.6615709871523825,0.662907185109101,0.6924651197798288
flowers102,swin_tiny_gray,3,quant_8,quant,8,6149,0.7217433729061636,0.7250603481393211,0.7516492014429194
flowers102,swin_tiny_gray,3,quant_16,quant,16,6149,0.7552447552447552,0.7524985488776188,0.7819796539574188
flowers102,swin_tiny_gray,4,clean,clean,0,6149,0.7799642218246869,0.7669112610965555,0.7952370144410977
flowers102,swin_tiny_gray,4,grayscale,grayscale,,6149,0.9051878354203936,0.8946036226934957,0.9115128029330538
flowers102,swin_tiny_gray,4,hue_-0.500,hue,-0.5,6149,0.736217271100992,0.7161085704830543,0.7622412852863204
flowers102,swin_tiny_gray,4,hue_-0.250,hue,-0.25,6149,0.7827288990079688,0.7705115598199829,0.7984284323528686
flowers102,swin_tiny_gray,4,hue_-0.083,hue,-0.083,6149,0.7828915270775736,0.7715424293986848,0.797613552877697
flowers102,swin_tiny_gray,4,hue_+0.083,hue,0.083,6149,0.7734590990404944,0.759808020619011,0.7909859921885873
flowers102,swin_tiny_gray,4,hue_+0.250,hue,0.25,6149,0.7978533094812165,0.7798924629091379,0.8133570700883112
flowers102,swin_tiny_gray,4,hue_+0.500,hue,0.5,6149,0.7363798991705969,0.716198300057041,0.7623478496511967
flowers102,swin_tiny_gray,4,shuffle_021,shuffle,"(0, 2, 1)",6149,0.7934623516018865,0.7827948823377879,0.8096299866980877
flowers102,swin_tiny_gray,4,shuffle_102,shuffle,"(1, 0, 2)",6149,0.8056594568222475,0.7870589256077107,0.8174796250022284
flowers102,swin_tiny_gray,4,shuffle_120,shuffle,"(1, 2, 0)",6149,0.7983411936900309,0.7795461730861364,0.8043555131184252
flowers102,swin_tiny_gray,4,shuffle_201,shuffle,"(2, 0, 1)",6149,0.8168807936249797,0.8021310757290295,0.8331468594305731
flowers102,swin_tiny_gray,4,shuffle_210,shuffle,"(2, 1, 0)",6149,0.8256627093836396,0.8064630675008505,0.8360684624785819
flowers102,swin_tiny_gray,4,quant_2,quant,2,6149,0.4589364124247845,0.4479851593606987,0.4810643505570917
flowers102,swin_tiny_gray,4,quant_4,quant,4,6149,0.6402667100341519,0.6353903819990623,0.672017892230222
flowers102,swin_tiny_gray,4,quant_8,quant,8,6149,0.7238575378110261,0.7144448451563521,0.7456313915419313
flowers102,swin_tiny_gray,4,quant_16,quant,16,6149,0.7658155797690681,0.7579329374535234,0.7861149366824166
flowers102,resnet50_tv_sgd,0,clean,clean,0,6149,0.9216132704504798,0.9196651218984816,0.9356151193934428
flowers102,resnet50_tv_sgd,0,grayscale,grayscale,,6149,0.6713286713286714,0.633599966257989,0.681724347672919
flowers102,resnet50_tv_sgd,0,hue_-0.500,hue,-0.5,6149,0.4573101317287363,0.4707984836904227,0.5046379094944836
flowers102,resnet50_tv_sgd,0,hue_-0.250,hue,-0.25,6149,0.572938689217759,0.5855366849554345,0.6114489638838424
flowers102,resnet50_tv_sgd,0,hue_-0.083,hue,-0.083,6149,0.869897544316149,0.8601597485010309,0.878128902734172
flowers102,resnet50_tv_sgd,0,hue_+0.083,hue,0.083,6149,0.841925516344121,0.8367561707803628,0.8605703537648978
flowers102,resnet50_tv_sgd,0,hue_+0.250,hue,0.25,6149,0.642706131078224,0.6131682007978169,0.6489474943714244
flowers102,resnet50_tv_sgd,0,hue_+0.500,hue,0.5,6149,0.4573101317287363,0.4707984836904227,0.5046379094944836
flowers102,resnet50_tv_sgd,0,shuffle_021,shuffle,"(0, 2, 1)",6149,0.69425922914295,0.6752353447930615,0.7036026186717232
flowers102,resnet50_tv_sgd,0,shuffle_102,shuffle,"(1, 0, 2)",6149,0.7550821271751504,0.7472430414588778,0.7740591158731783
flowers102,resnet50_tv_sgd,0,shuffle_120,shuffle,"(1, 2, 0)",6149,0.5234997560578956,0.533491047204069,0.5570626492234821
flowers102,resnet50_tv_sgd,0,shuffle_201,shuffle,"(2, 0, 1)",6149,0.6109936575052854,0.5894702315153015,0.624446048492842
flowers102,resnet50_tv_sgd,0,shuffle_210,shuffle,"(2, 1, 0)",6149,0.5618799804846316,0.5829262370593221,0.6018035220323372
flowers102,resnet50_tv_sgd,0,quant_2,quant,2,6149,0.1512441047324768,0.1559752437501499,0.1897647502466766
flowers102,resnet50_tv_sgd,0,quant_4,quant,4,6149,0.4257602862254025,0.4463176238647638,0.488027508514438
flowers102,resnet50_tv_sgd,0,quant_8,quant,8,6149,0.7489022605301675,0.7702311191070013,0.7906073831063635
flowers102,resnet50_tv_sgd,0,quant_16,quant,16,6149,0.8882745161814929,0.8866537741971071,0.9087479494451116
flowers102,resnet50_tv_sgd,1,clean,clean,0,6149,0.9198243616848268,0.9187842527107736,0.9390418221663972
flowers102,resnet50_tv_sgd,1,grayscale,grayscale,,6149,0.6784843063912831,0.6438261219968474,0.6913379932455993
flowers102,resnet50_tv_sgd,1,hue_-0.500,hue,-0.5,6149,0.4325906651488047,0.4399229063437587,0.4699534745946402
flowers102,resnet50_tv_sgd,1,hue_-0.250,hue,-0.25,6149,0.5716376646609205,0.5782296332413693,0.603703857719995
flowers102,resnet50_tv_sgd,1,hue_-0.083,hue,-0.083,6149,0.8607903724182794,0.8478708222480645,0.8696740108659912
flowers102,resnet50_tv_sgd,1,hue_+0.083,hue,0.083,6149,0.8367214181167669,0.8377148336575013,0.8650362183699515
flowers102,resnet50_tv_sgd,1,hue_+0.250,hue,0.25,6149,0.6215644820295984,0.6172493618214524,0.6369754197309366
flowers102,resnet50_tv_sgd,1,hue_+0.500,hue,0.5,6149,0.4325906651488047,0.4399229063437587,0.4699534745946402
flowers102,resnet50_tv_sgd,1,shuffle_021,shuffle,"(0, 2, 1)",6149,0.6796227028785168,0.6598694215358968,0.6857988484607138
flowers102,resnet50_tv_sgd,1,shuffle_102,shuffle,"(1, 0, 2)",6149,0.7298747763864043,0.7326856812847095,0.7612046804523607
flowers102,resnet50_tv_sgd,1,shuffle_120,shuffle,"(1, 2, 0)",6149,0.5252886648235485,0.5255554662683523,0.5533622447018791
flowers102,resnet50_tv_sgd,1,shuffle_201,shuffle,"(2, 0, 1)",6149,0.582533745324443,0.5757736970604797,0.593512811001904
flowers102,resnet50_tv_sgd,1,shuffle_210,shuffle,"(2, 1, 0)",6149,0.547568710359408,0.5543415323895428,0.5755810074421925
flowers102,resnet50_tv_sgd,1,quant_2,quant,2,6149,0.1125386241665311,0.1122485209675921,0.1442938864997569
flowers102,resnet50_tv_sgd,1,quant_4,quant,4,6149,0.432265409009595,0.4417434517042489,0.484063107994402
flowers102,resnet50_tv_sgd,1,quant_8,quant,8,6149,0.7459749552772809,0.7634176527012667,0.7797854030997902
flowers102,resnet50_tv_sgd,1,quant_16,quant,16,6149,0.8833956740933485,0.8795044664646156,0.9052893794666652
flowers102,resnet50_tv_sgd,2,clean,clean,0,6149,0.9173849406407546,0.9159200706438524,0.9333544086726524
flowers102,resnet50_tv_sgd,2,grayscale,grayscale,,6149,0.6810863555049601,0.6469520825169169,0.6843503138906925
flowers102,resnet50_tv_sgd,2,hue_-0.500,hue,-0.5,6149,0.47601235973329,0.4838284458344808,0.5197631092427748
flowers102,resnet50_tv_sgd,2,hue_-0.250,hue,-0.25,6149,0.5852984225077248,0.5868219770318047,0.6178364529786653
flowers102,resnet50_tv_sgd,2,hue_-0.083,hue,-0.083,6149,0.864693446088795,0.8521467543971027,0.8714341134062801
flowers102,resnet50_tv_sgd,2,hue_+0.083,hue,0.083,6149,0.828752642706131,0.8278569099469618,0.8538556633540773
flowers102,resnet50_tv_sgd,2,hue_+0.250,hue,0.25,6149,0.6334363311107497,0.6198895167621437,0.6506457086747537
flowers102,resnet50_tv_sgd,2,hue_+0.500,hue,0.5,6149,0.47601235973329,0.4838284458344808,0.5197631092427748
flowers102,resnet50_tv_sgd,2,shuffle_021,shuffle,"(0, 2, 1)",6149,0.6818994958529843,0.6631389480226869,0.6960073441624745
flowers102,resnet50_tv_sgd,2,shuffle_102,shuffle,"(1, 0, 2)",6149,0.7451618149292568,0.7345739445409811,0.769320767929857
flowers102,resnet50_tv_sgd,2,shuffle_120,shuffle,"(1, 2, 0)",6149,0.5259391771019678,0.5265598035196636,0.5617611285761035
flowers102,resnet50_tv_sgd,2,shuffle_201,shuffle,"(2, 0, 1)",6149,0.6179866644982924,0.5980523621884453,0.6306211857183962
flowers102,resnet50_tv_sgd,2,shuffle_210,shuffle,"(2, 1, 0)",6149,0.5760286225402504,0.5878525167942531,0.6090911614716801
flowers102,resnet50_tv_sgd,2,quant_2,quant,2,6149,0.1392096275817206,0.1268357623050362,0.1608794481828639
flowers102,resnet50_tv_sgd,2,quant_4,quant,4,6149,0.4129126687266222,0.4380833239923505,0.47154726576955
flowers102,resnet50_tv_sgd,2,quant_8,quant,8,6149,0.7435355342332086,0.768601284028242,0.7848894186497369
flowers102,resnet50_tv_sgd,2,quant_16,quant,16,6149,0.8843714425109774,0.8850178912020379,0.9072682488473848
flowers102,resnet50_tv_sgd,3,clean,clean,0,6149,0.9225890388681086,0.9219068479888392,0.9383537668149606
flowers102,resnet50_tv_sgd,3,grayscale,grayscale,,6149,0.6615709871523825,0.6330040323115489,0.6661799736931896
flowers102,resnet50_tv_sgd,3,hue_-0.500,hue,-0.5,6149,0.4763376158724996,0.4857634653931577,0.5156502645366755
flowers102,resnet50_tv_sgd,3,hue_-0.250,hue,-0.25,6149,0.5810700926979997,0.6032468132563845,0.6202832191305977
flowers102,resnet50_tv_sgd,3,hue_-0.083,hue,-0.083,6149,0.8614408846966987,0.8496263672286877,0.8668178960128068
flowers102,resnet50_tv_sgd,3,hue_+0.083,hue,0.083,6149,0.8298910391933648,0.8318045006138763,0.8552838116866377
flowers102,resnet50_tv_sgd,3,hue_+0.250,hue,0.25,6149,0.6345747275979834,0.6226118554685727,0.6531592903636633
flowers102,resnet50_tv_sgd,3,hue_+0.500,hue,0.5,6149,0.4763376158724996,0.4857634653931577,0.5156502645366755
flowers102,resnet50_tv_sgd,3,shuffle_021,shuffle,"(0, 2, 1)",6149,0.6893803870548056,0.6803101905472948,0.7034258075579483
flowers102,resnet50_tv_sgd,3,shuffle_102,shuffle,"(1, 0, 2)",6149,0.7324768255000813,0.7330954466528786,0.7590470637520815
flowers102,resnet50_tv_sgd,3,shuffle_120,shuffle,"(1, 2, 0)",6149,0.5413888437144251,0.5599693855986086,0.5763770600602398
flowers102,resnet50_tv_sgd,3,shuffle_201,shuffle,"(2, 0, 1)",6149,0.6222149943080175,0.6118689427972097,0.6427119001465331
flowers102,resnet50_tv_sgd,3,shuffle_210,shuffle,"(2, 1, 0)",6149,0.5797690681411611,0.5863198657992911,0.6097345469059964
flowers102,resnet50_tv_sgd,3,quant_2,quant,2,6149,0.1740120344771507,0.1543005232548812,0.2139334350385272
flowers102,resnet50_tv_sgd,3,quant_4,quant,4,6149,0.4096601073345259,0.4181421543721448,0.4515425264139591
flowers102,resnet50_tv_sgd,3,quant_8,quant,8,6149,0.7347536184745487,0.7558107473215074,0.7736661074907255
flowers102,resnet50_tv_sgd,3,quant_16,quant,16,6149,0.8840461863717678,0.8840140226891395,0.9078877831514888
flowers102,resnet50_tv_sgd,4,clean,clean,0,6149,0.9194991055456172,0.9192674506240088,0.9364336642985072
flowers102,resnet50_tv_sgd,4,grayscale,grayscale,,6149,0.6563668889250285,0.6255951152117066,0.6607468965083547
flowers102,resnet50_tv_sgd,4,hue_-0.500,hue,-0.5,6149,0.4560091071718978,0.4663799237531572,0.4830253538312826
flowers102,resnet50_tv_sgd,4,hue_-0.250,hue,-0.25,6149,0.5778175313059034,0.5897441395476254,0.6009522494736814
flowers102,resnet50_tv_sgd,4,hue_-0.083,hue,-0.083,6149,0.8565620426085543,0.8457641652152187,0.8656289803981603
flowers102,resnet50_tv_sgd,4,hue_+0.083,hue,0.083,6149,0.826150593592454,0.8289902188110608,0.8521452356652517
flowers102,resnet50_tv_sgd,4,hue_+0.250,hue,0.25,6149,0.6306716539274679,0.617108200666397,0.6370668854018741
flowers102,resnet50_tv_sgd,4,hue_+0.500,hue,0.5,6149,0.4560091071718978,0.4663799237531572,0.4830253538312826
flowers102,resnet50_tv_sgd,4,shuffle_021,shuffle,"(0, 2, 1)",6149,0.7027158887624004,0.6927416432573944,0.7075809538492588
flowers102,resnet50_tv_sgd,4,shuffle_102,shuffle,"(1, 0, 2)",6149,0.7490648885997723,0.7457550668279243,0.7749233633140529
flowers102,resnet50_tv_sgd,4,shuffle_120,shuffle,"(1, 2, 0)",6149,0.5343958367214181,0.5489801442199065,0.5578958977684753
flowers102,resnet50_tv_sgd,4,shuffle_201,shuffle,"(2, 0, 1)",6149,0.5879004716214018,0.5777075255239158,0.592949462116048
flowers102,resnet50_tv_sgd,4,shuffle_210,shuffle,"(2, 1, 0)",6149,0.5622052366238413,0.5741558340166352,0.5838964052411336
flowers102,resnet50_tv_sgd,4,quant_2,quant,2,6149,0.1561229468206212,0.1514737800278972,0.1819744043279315
flowers102,resnet50_tv_sgd,4,quant_4,quant,4,6149,0.4493413563181005,0.470065300175729,0.4986258730452151
flowers102,resnet50_tv_sgd,4,quant_8,quant,8,6149,0.7601235973328997,0.7763579540935319,0.7965979015671537
flowers102,resnet50_tv_sgd,4,quant_16,quant,16,6149,0.8827451618149292,0.883543817451481,0.9058607550036551
flowers102,resnet50_adamw_lr1e3,0,clean,clean,0,6149,0.9063262319076272,0.9017786310602668,0.9233552067899278
flowers102,resnet50_adamw_lr1e3,0,grayscale,grayscale,,6149,0.5643194015287039,0.5374914552901117,0.5896621528117622
flowers102,resnet50_adamw_lr1e3,0,hue_-0.500,hue,-0.5,6149,0.6223776223776224,0.6129763771821227,0.6556885932199772
flowers102,resnet50_adamw_lr1e3,0,hue_-0.250,hue,-0.25,6149,0.6467718328183445,0.6402192744963987,0.6712517559708339
flowers102,resnet50_adamw_lr1e3,0,hue_-0.083,hue,-0.083,6149,0.8490811514067328,0.8345140528607348,0.8559621096157697
flowers102,resnet50_adamw_lr1e3,0,hue_+0.083,hue,0.083,6149,0.8284273865669215,0.8240186884277115,0.8457045917320127
flowers102,resnet50_adamw_lr1e3,0,hue_+0.250,hue,0.25,6149,0.6627093836396162,0.6501290638039692,0.6728971528397081
flowers102,resnet50_adamw_lr1e3,0,hue_+0.500,hue,0.5,6149,0.6223776223776224,0.6129763771821227,0.6556885932199772
flowers102,resnet50_adamw_lr1e3,0,shuffle_021,shuffle,"(0, 2, 1)",6149,0.7142624817043421,0.7040849495350031,0.7213428697301882
flowers102,resnet50_adamw_lr1e3,0,shuffle_102,shuffle,"(1, 0, 2)",6149,0.8108635550496016,0.7984720802197869,0.8249645802686181
flowers102,resnet50_adamw_lr1e3,0,shuffle_120,shuffle,"(1, 2, 0)",6149,0.5974955277280859,0.5856112527195544,0.6184422845139956
flowers102,resnet50_adamw_lr1e3,0,shuffle_201,shuffle,"(2, 0, 1)",6149,0.6705155309806473,0.6539610715580317,0.6775291509492621
flowers102,resnet50_adamw_lr1e3,0,shuffle_210,shuffle,"(2, 1, 0)",6149,0.643681899495853,0.6328930479666167,0.6696258001560966
flowers102,resnet50_adamw_lr1e3,0,quant_2,quant,2,6149,0.4678809562530492,0.4804008863393634,0.4909939094747156
flowers102,resnet50_adamw_lr1e3,0,quant_4,quant,4,6149,0.7306879167344283,0.7279331817087186,0.7469754649706466
flowers102,resnet50_adamw_lr1e3,0,quant_8,quant,8,6149,0.846316474223451,0.8405471825651263,0.8647929707555226
flowers102,resnet50_adamw_lr1e3,0,quant_16,quant,16,6149,0.8868108635550496,0.8791786460188348,0.904644063390124
flowers102,resnet50_adamw_lr1e3,1,clean,clean,0,6149,0.9051878354203936,0.9029176627893536,0.9229669923185294
flowers102,resnet50_adamw_lr1e3,1,grayscale,grayscale,,6149,0.5857863067165393,0.556505420371637,0.6145488213012532
flowers102,resnet50_adamw_lr1e3,1,hue_-0.500,hue,-0.5,6149,0.5716376646609205,0.5973030175886537,0.6112547537873523
flowers102,resnet50_adamw_lr1e3,1,hue_-0.250,hue,-0.25,6149,0.6381525451292893,0.6332110659429656,0.6579420624132406
flowers102,resnet50_adamw_lr1e3,1,hue_-0.083,hue,-0.083,6149,0.8570499268173687,0.850212228440307,0.8695710240780161
flowers102,resnet50_adamw_lr1e3,1,hue_+0.083,hue,0.083,6149,0.830541551471784,0.8349322281468202,0.8569637527468331
flowers102,resnet50_adamw_lr1e3,1,hue_+0.250,hue,0.25,6149,0.622702878516832,0.626729818115226,0.6436524745682292
flowers102,resnet50_adamw_lr1e3,1,hue_+0.500,hue,0.5,6149,0.5716376646609205,0.5973030175886537,0.6112547537873523
flowers102,resnet50_adamw_lr1e3,1,shuffle_021,shuffle,"(0, 2, 1)",6149,0.729224264107985,0.726523224929567,0.7429918266336174
flowers102,resnet50_adamw_lr1e3,1,shuffle_102,shuffle,"(1, 0, 2)",6149,0.7350788746137583,0.7488123884911503,0.7687485151952624
flowers102,resnet50_adamw_lr1e3,1,shuffle_120,shuffle,"(1, 2, 0)",6149,0.6088794926004228,0.5997956059595425,0.6239482663966818
flowers102,resnet50_adamw_lr1e3,1,shuffle_201,shuffle,"(2, 0, 1)",6149,0.5841600260204911,0.588714728064895,0.6123476754092536
flowers102,resnet50_adamw_lr1e3,1,shuffle_210,shuffle,"(2, 1, 0)",6149,0.620100829403155,0.6328699487911482,0.6530819607539043
flowers102,resnet50_adamw_lr1e3,1,quant_2,quant,2,6149,0.5278907139372255,0.5293528720211758,0.5478058630736072
flowers102,resnet50_adamw_lr1e3,1,quant_4,quant,4,6149,0.7119856887298748,0.7120114969189784,0.7338751915068311
flowers102,resnet50_adamw_lr1e3,1,quant_8,quant,8,6149,0.8243616848268011,0.8200627275555212,0.8480426343806167
flowers102,resnet50_adamw_lr1e3,1,quant_16,quant,16,6149,0.8775410635875752,0.8735719889536848,0.9007275796211464
flowers102,resnet50_adamw_lr1e3,2,clean,clean,0,6149,0.9142950073182632,0.9106987458847968,0.9282065473021112
flowers102,resnet50_adamw_lr1e3,2,grayscale,grayscale,,6149,0.6246544153520898,0.609934385232133,0.6476574735217809
flowers102,resnet50_adamw_lr1e3,2,hue_-0.500,hue,-0.5,6149,0.6609204748739632,0.6564486846543667,0.6929524276838619
flowers102,resnet50_adamw_lr1e3,2,hue_-0.250,hue,-0.25,6149,0.6692145064238088,0.6547727405947062,0.6748203562860218
flowers102,resnet50_adamw_lr1e3,2,hue_-0.083,hue,-0.083,6149,0.8648560741583997,0.8585849039309608,0.8757595064322399
flowers102,resnet50_adamw_lr1e3,2,hue_+0.083,hue,0.083,6149,0.8461538461538461,0.8464651737855994,0.8671629724567249
flowers102,resnet50_adamw_lr1e3,2,hue_+0.250,hue,0.25,6149,0.6631972678484307,0.6572528599681198,0.678579136744533
flowers102,resnet50_adamw_lr1e3,2,hue_+0.500,hue,0.5,6149,0.6609204748739632,0.6564486846543667,0.6929524276838619
flowers102,resnet50_adamw_lr1e3,2,shuffle_021,shuffle,"(0, 2, 1)",6149,0.7303626605952187,0.7190569894424558,0.7401934480812965
flowers102,resnet50_adamw_lr1e3,2,shuffle_102,shuffle,"(1, 0, 2)",6149,0.7744348674581233,0.7729517042552178,0.8005079487348626
flowers102,resnet50_adamw_lr1e3,2,shuffle_120,shuffle,"(1, 2, 0)",6149,0.6399414538949423,0.6199570432202725,0.6468147346647476
flowers102,resnet50_adamw_lr1e3,2,shuffle_201,shuffle,"(2, 0, 1)",6149,0.6692145064238088,0.6508208094729099,0.6655089427898189
flowers102,resnet50_adamw_lr1e3,2,shuffle_210,shuffle,"(2, 1, 0)",6149,0.7123109448690844,0.6965496473475169,0.7244701323842325
flowers102,resnet50_adamw_lr1e3,2,quant_2,quant,2,6149,0.4584485282159701,0.4766746625309525,0.4678620003454269
flowers102,resnet50_adamw_lr1e3,2,quant_4,quant,4,6149,0.7449991868596519,0.7509881767322275,0.7644787958914417
flowers102,resnet50_adamw_lr1e3,2,quant_8,quant,8,6149,0.8563994145389494,0.8538942721401028,0.8772256067636487
flowers102,resnet50_adamw_lr1e3,2,quant_16,quant,16,6149,0.8923402179216132,0.8859403230076449,0.9082730071952752
flowers102,resnet50_adamw_lr1e3,3,clean,clean,0,6149,0.9129939827614246,0.9119595346195708,0.9286152124610472
flowers102,resnet50_adamw_lr1e3,3,grayscale,grayscale,,6149,0.6082289803220036,0.5806256708609924,0.6265927866398024
flowers102,resnet50_adamw_lr1e3,3,hue_-0.500,hue,-0.5,6149,0.5976581557976907,0.6061668238260989,0.6367429112747853
flowers102,resnet50_adamw_lr1e3,3,hue_-0.250,hue,-0.25,6149,0.6573426573426573,0.653319909160924,0.6754407563526869
flowers102,resnet50_adamw_lr1e3,3,hue_-0.083,hue,-0.083,6149,0.8633924215319564,0.8545270150826635,0.8722933079635027
flowers102,resnet50_adamw_lr1e3,3,hue_+0.083,hue,0.083,6149,0.8446901935274028,0.8416016153422998,0.859345171674985
flowers102,resnet50_adamw_lr1e3,3,hue_+0.250,hue,0.25,6149,0.6485607415839973,0.6520291966384067,0.6693270314851066
flowers102,resnet50_adamw_lr1e3,3,hue_+0.500,hue,0.5,6149,0.5976581557976907,0.6061668238260989,0.6367429112747853
flowers102,resnet50_adamw_lr1e3,3,shuffle_021,shuffle,"(0, 2, 1)",6149,0.7334525939177102,0.7214457460898093,0.7384986113488222
flowers102,resnet50_adamw_lr1e3,3,shuffle_102,shuffle,"(1, 0, 2)",6149,0.7682550008131404,0.7767066774829887,0.8027671381377154
flowers102,resnet50_adamw_lr1e3,3,shuffle_120,shuffle,"(1, 2, 0)",6149,0.6025369978858351,0.6094132396111575,0.627465080164404
flowers102,resnet50_adamw_lr1e3,3,shuffle_201,shuffle,"(2, 0, 1)",6149,0.6329484469019353,0.6354353395325844,0.6494480824894227
flowers102,resnet50_adamw_lr1e3,3,shuffle_210,shuffle,"(2, 1, 0)",6149,0.6241665311432754,0.6405710099579608,0.6556054895500815
flowers102,resnet50_adamw_lr1e3,3,quant_2,quant,2,6149,0.5002439421044073,0.5100844527209921,0.5107882443219811
flowers102,resnet50_adamw_lr1e3,3,quant_4,quant,4,6149,0.7672792323955114,0.7700628766992531,0.7844853972961182
flowers102,resnet50_adamw_lr1e3,3,quant_8,quant,8,6149,0.855098389982111,0.8529257167284987,0.8762019165562221
flowers102,resnet50_adamw_lr1e3,3,quant_16,quant,16,6149,0.8902260530167507,0.8884741788256107,0.9073230411130648
flowers102,resnet50_adamw_lr1e3,4,clean,clean,0,6149,0.8991705968450154,0.8974023820340706,0.918321954952768
flowers102,resnet50_adamw_lr1e3,4,grayscale,grayscale,,6149,0.6041632785818832,0.588228492165434,0.6416477582109693
flowers102,resnet50_adamw_lr1e3,4,hue_-0.500,hue,-0.5,6149,0.6145714750365913,0.6128475737636553,0.6570742897607837
flowers102,resnet50_adamw_lr1e3,4,hue_-0.250,hue,-0.25,6149,0.6259554399089283,0.6242369181219929,0.6584912170047454
flowers102,resnet50_adamw_lr1e3,4,hue_-0.083,hue,-0.083,6149,0.8481053829891039,0.8400855861837806,0.8632195697896053
flowers102,resnet50_adamw_lr1e3,4,hue_+0.083,hue,0.083,6149,0.8160676532769556,0.81238561684703,0.8379123425533823
flowers102,resnet50_adamw_lr1e3,4,hue_+0.250,hue,0.25,6149,0.6604325906651488,0.6437763314938563,0.6727538030629915
flowers102,resnet50_adamw_lr1e3,4,hue_+0.500,hue,0.5,6149,0.6145714750365913,0.6128475737636553,0.6570742897607837
flowers102,resnet50_adamw_lr1e3,4,shuffle_021,shuffle,"(0, 2, 1)",6149,0.7127988290778988,0.7081047269534747,0.7309424554859885
flowers102,resnet50_adamw_lr1e3,4,shuffle_102,shuffle,"(1, 0, 2)",6149,0.7723207025532607,0.7650115167040437,0.7943159477143913
flowers102,resnet50_adamw_lr1e3,4,shuffle_120,shuffle,"(1, 2, 0)",6149,0.5945682224751992,0.5957100344080684,0.6265494258747657
flowers102,resnet50_adamw_lr1e3,4,shuffle_201,shuffle,"(2, 0, 1)",6149,0.6924703203772972,0.6734786946349243,0.700846888732337
flowers102,resnet50_adamw_lr1e3,4,shuffle_210,shuffle,"(2, 1, 0)",6149,0.682062123922589,0.6798896490527341,0.7094330054820097
flowers102,resnet50_adamw_lr1e3,4,quant_2,quant,2,6149,0.4041307529679622,0.4047246989654466,0.4262739253407604
flowers102,resnet50_adamw_lr1e3,4,quant_4,quant,4,6149,0.6537648398113515,0.6741631958859812,0.6951348996120786
flowers102,resnet50_adamw_lr1e3,4,quant_8,quant,8,6149,0.8194828427386567,0.8220123766869765,0.8501381328819496
flowers102,resnet50_adamw_lr1e3,4,quant_16,quant,16,6149,0.8708733127337779,0.8677870469088288,0.8941837734431384
flowers102,resnet50_sgd,0,clean,clean,0,6149,0.7658155797690681,0.7596500434541573,0.7963281832689354
flowers102,resnet50_sgd,0,grayscale,grayscale,,6149,0.3733940478126524,0.3231463969189279,0.3915206923269967
flowers102,resnet50_sgd,0,hue_-0.500,hue,-0.5,6149,0.4059196617336152,0.3670199780239558,0.4243719236483332
flowers102,resnet50_sgd,0,hue_-0.250,hue,-0.25,6149,0.4083590827776874,0.3697455784877048,0.419134400519598
flowers102,resnet50_sgd,0,hue_-0.083,hue,-0.083,6149,0.6669377134493414,0.6578790587521509,0.6982986907206693
flowers102,resnet50_sgd,0,hue_+0.083,hue,0.083,6149,0.6571800292730525,0.6529863533271849,0.6835945587592401
flowers102,resnet50_sgd,0,hue_+0.250,hue,0.25,6149,0.4286875914782891,0.4064464317594107,0.434111027287106
flowers102,resnet50_sgd,0,hue_+0.500,hue,0.5,6149,0.40608228980322,0.3670912687315917,0.424445087242129
flowers102,resnet50_sgd,0,shuffle_021,shuffle,"(0, 2, 1)",6149,0.5002439421044073,0.4659326297679924,0.5124758589962549
flowers102,resnet50_sgd,0,shuffle_102,shuffle,"(1, 0, 2)",6149,0.5906651488046837,0.573036910083891,0.6148264895577473
flowers102,resnet50_sgd,0,shuffle_120,shuffle,"(1, 2, 0)",6149,0.3943730687916734,0.3434028937289803,0.4043085616244534
flowers102,resnet50_sgd,0,shuffle_201,shuffle,"(2, 0, 1)",6149,0.4077085704992682,0.3769017359961443,0.4104024059022744
flowers102,resnet50_sgd,0,shuffle_210,shuffle,"(2, 1, 0)",6149,0.4057570336640104,0.3822166186521566,0.4312673283146379
flowers102,resnet50_sgd,0,quant_2,quant,2,6149,0.3060660269962595,0.2969807308457698,0.3049241079320734
flowers102,resnet50_sgd,0,quant_4,quant,4,6149,0.492600422832981,0.513911283521078,0.5160424749702119
flowers102,resnet50_sgd,0,quant_8,quant,8,6149,0.6667750853797365,0.6653246502770254,0.6960468741740936
flowers102,resnet50_sgd,0,quant_16,quant,16,6149,0.7215807448365588,0.717474644889081,0.7550937012945216
flowers102,resnet50_sgd,1,clean,clean,0,6149,0.7697186534395837,0.7607997703039814,0.7976826364018768
flowers102,resnet50_sgd,1,grayscale,grayscale,,6149,0.3946983249308831,0.3646279784027574,0.4149253622113518
flowers102,resnet50_sgd,1,hue_-0.500,hue,-0.5,6149,0.4332411774272239,0.4130794660728485,0.4461395912115849
flowers102,resnet50_sgd,1,hue_-0.250,hue,-0.25,6149,0.4338916897056432,0.4078339842771371,0.440536908436274
flowers102,resnet50_sgd,1,hue_-0.083,hue,-0.083,6149,0.6851520572450805,0.6717156976921168,0.7081654858013031
flowers102,resnet50_sgd,1,hue_+0.083,hue,0.083,6149,0.6383151731988941,0.6357388462797074,0.6658429157291004
flowers102,resnet50_sgd,1,hue_+0.250,hue,0.25,6149,0.4498292405269149,0.4395503779217171,0.4610742739955384
flowers102,resnet50_sgd,1,hue_+0.500,hue,0.5,6149,0.4332411774272239,0.4130794660728485,0.4461395912115849
flowers102,resnet50_sgd,1,shuffle_021,shuffle,"(0, 2, 1)",6149,0.5280533420068304,0.5042402860023305,0.5380508233156848
flowers102,resnet50_sgd,1,shuffle_102,shuffle,"(1, 0, 2)",6149,0.5669214506423809,0.5493188256599232,0.592543924917659
flowers102,resnet50_sgd,1,shuffle_120,shuffle,"(1, 2, 0)",6149,0.4081964547080826,0.3713988236278651,0.4103509881374799
flowers102,resnet50_sgd,1,shuffle_201,shuffle,"(2, 0, 1)",6149,0.4433241177427224,0.4190929500542653,0.4483612992952432
flowers102,resnet50_sgd,1,shuffle_210,shuffle,"(2, 1, 0)",6149,0.455033338754269,0.4424166341651255,0.4757022711185695
flowers102,resnet50_sgd,1,quant_2,quant,2,6149,0.3002114164904862,0.3095064980757305,0.314586902579156
flowers102,resnet50_sgd,1,quant_4,quant,4,6149,0.4706456334363311,0.4920616545276801,0.500547033000049
flowers102,resnet50_sgd,1,quant_8,quant,8,6149,0.6327858188323304,0.6333979366649585,0.6608005919341653
flowers102,resnet50_sgd,1,quant_16,quant,16,6149,0.7227191413237924,0.7128264396513153,0.750096357901815
flowers102,resnet50_sgd,2,clean,clean,0,6149,0.7640266710034151,0.7614602360970727,0.7985041608635437
flowers102,resnet50_sgd,2,grayscale,grayscale,,6149,0.3637989917059684,0.3110644136545324,0.3829236390348438
flowers102,resnet50_sgd,2,hue_-0.500,hue,-0.5,6149,0.4140510652138559,0.378019808163944,0.4184763746073631
flowers102,resnet50_sgd,2,hue_-0.250,hue,-0.25,6149,0.3883558302162953,0.3446355176310049,0.3964738038924528
flowers102,resnet50_sgd,2,hue_-0.083,hue,-0.083,6149,0.6283948609530005,0.6187539498369765,0.6547474872398305
flowers102,resnet50_sgd,2,hue_+0.083,hue,0.083,6149,0.6148967311758009,0.618600055041067,0.6487256467269916
flowers102,resnet50_sgd,2,hue_+0.250,hue,0.25,6149,0.4161652301187185,0.4070949143826101,0.4349669932132696
flowers102,resnet50_sgd,2,hue_+0.500,hue,0.5,6149,0.4142136932834607,0.3784540155645087,0.4187154946456223
flowers102,resnet50_sgd,2,shuffle_021,shuffle,"(0, 2, 1)",6149,0.4833306228655066,0.4379273234721312,0.4912956452932783
flowers102,resnet50_sgd,2,shuffle_102,shuffle,"(1, 0, 2)",6149,0.5012197105220361,0.4872288670824531,0.5292432450799294
flowers102,resnet50_sgd,2,shuffle_120,shuffle,"(1, 2, 0)",6149,0.3779476337615872,0.326040497073787,0.3788310758863499
flowers102,resnet50_sgd,2,shuffle_201,shuffle,"(2, 0, 1)",6149,0.4044560091071719,0.3873836146268146,0.4132961781206633
flowers102,resnet50_sgd,2,shuffle_210,shuffle,"(2, 1, 0)",6149,0.479427549194991,0.4642778724162021,0.5026686219905808
flowers102,resnet50_sgd,2,quant_2,quant,2,6149,0.2317449991868596,0.2180364677876556,0.2283707063980097
flowers102,resnet50_sgd,2,quant_4,quant,4,6149,0.4830053667262969,0.5015458506417371,0.5133949259626174
flowers102,resnet50_sgd,2,quant_8,quant,8,6149,0.6500243942104407,0.6581776864243375,0.6863589862754177
flowers102,resnet50_sgd,2,quant_16,quant,16,6149,0.7157261343307855,0.7129257423423772,0.7506402174735034
flowers102,resnet50_sgd,3,clean,clean,0,6149,0.7721580744836559,0.7647189773543005,0.7974257357943895
flowers102,resnet50_sgd,3,grayscale,grayscale,,6149,0.404293381037567,0.3826528328525415,0.4206201366560099
flowers102,resnet50_sgd,3,hue_-0.500,hue,-0.5,6149,0.403480240689543,0.3921338426897688,0.43133115531125
flowers102,resnet50_sgd,3,hue_-0.250,hue,-0.25,6149,0.4374695072369491,0.4008136398721126,0.4464286717276455
flowers102,resnet50_sgd,3,hue_-0.083,hue,-0.083,6149,0.6524638152545129,0.6297031358355214,0.6648099160787804
flowers102,resnet50_sgd,3,hue_+0.083,hue,0.083,6149,0.6344120995283786,0.6296978857915615,0.6593946504738503
flowers102,resnet50_sgd,3,hue_+0.250,hue,0.25,6149,0.4010408196454708,0.3908440252635341,0.4224219844886906
flowers102,resnet50_sgd,3,hue_+0.500,hue,0.5,6149,0.403480240689543,0.3921338426897688,0.43133115531125
flowers102,resnet50_sgd,3,shuffle_021,shuffle,"(0, 2, 1)",6149,0.530167506911693,0.5057422908274976,0.5426558094035681
flowers102,resnet50_sgd,3,shuffle_102,shuffle,"(1, 0, 2)",6149,0.5165067490648886,0.4976372129019019,0.5487743202357297
flowers102,resnet50_sgd,3,shuffle_120,shuffle,"(1, 2, 0)",6149,0.4216945844852822,0.3890818969563732,0.4333690487278258
flowers102,resnet50_sgd,3,shuffle_201,shuffle,"(2, 0, 1)",6149,0.3742071881606765,0.3589817200061639,0.3874906304137249
flowers102,resnet50_sgd,3,shuffle_210,shuffle,"(2, 1, 0)",6149,0.4517807773621727,0.4294069632122692,0.4765134737580225
flowers102,resnet50_sgd,3,quant_2,quant,2,6149,0.243616848268011,0.2341031360787823,0.241245708768003
flowers102,resnet50_sgd,3,quant_4,quant,4,6149,0.478614408846967,0.4915185402854473,0.502063576257868
flowers102,resnet50_sgd,3,quant_8,quant,8,6149,0.6373394047812653,0.6378315279388326,0.6632971496909781
flowers102,resnet50_sgd,3,quant_16,quant,16,6149,0.7264595869247032,0.7201831566217723,0.7512056717680835
flowers102,resnet50_sgd,4,clean,clean,0,6149,0.7583346885672467,0.7476281403474684,0.78642404621304
flowers102,resnet50_sgd,4,grayscale,grayscale,,6149,0.36022117417466254,0.32487298871224474,0.3811974982708801
flowers102,resnet50_sgd,4,hue_-0.500,hue,-0.5,6149,0.4247845178077736,0.38877505868855505,0.42696984458611287
flowers102,resnet50_sgd,4,hue_-0.250,hue,-0.25,6149,0.40998536347373554,0.3831665016204265,0.4207270279808155
flowers102,resnet50_sgd,4,hue_-0.083,hue,-0.083,6149,0.674255976581558,0.6537926747752132,0.6909219980953694
flowers102,resnet50_sgd,4,hue_+0.083,hue,0.083,6149,0.6521385591153033,0.6388220726995183,0.6712733203562686
flowers102,resnet50_sgd,4,hue_+0.250,hue,0.25,6149,0.47975280533420067,0.4394113681650829,0.47336261942870367
flowers102,resnet50_sgd,4,hue_+0.500,hue,0.5,6149,0.4247845178077736,0.38877505868855505,0.42696984458611287
flowers102,resnet50_sgd,4,shuffle_021,shuffle,"(0, 2, 1)",6149,0.5376483981135144,0.5096806831170109,0.5430572732783758
flowers102,resnet50_sgd,4,shuffle_102,shuffle,"(1, 0, 2)",6149,0.6074158399739795,0.5779623523150005,0.6217752083468426
flowers102,resnet50_sgd,4,shuffle_120,shuffle,"(1, 2, 0)",6149,0.38250121971052203,0.3447223217438638,0.3975905079714489
flowers102,resnet50_sgd,4,shuffle_201,shuffle,"(2, 0, 1)",6149,0.483818507074321,0.44348884613809364,0.47331549702041076
flowers102,resnet50_sgd,4,shuffle_210,shuffle,"(2, 1, 0)",6149,0.4007155635062612,0.37827946314251804,0.4254529622569758
flowers102,resnet50_sgd,4,quant_2,quant,2,6149,0.238412750040657,0.22231719861401744,0.23335670679994686
flowers102,resnet50_sgd,4,quant_4,quant,4,6149,0.4599121808424134,0.47136040002461715,0.48090449671785945
flowers102,resnet50_sgd,4,quant_8,quant,8,6149,0.6373394047812653,0.630274497560058,0.6599691765789812
flowers102,resnet50_sgd,4,quant_16,quant,16,6149,0.7103594080338267,0.7009564141653399,0.740122915521675
