dataset,model,seed,condition,kind,param,n,acc,macro_f1,uar
cub200,resnet50,0,clean,clean,0,5794,0.7875388332758025,0.7882345075849589,0.7895538956887296
cub200,resnet50,0,grayscale,grayscale,,5794,0.3753883327580255,0.3444277749489802,0.3803128555609618
cub200,resnet50,0,hue_-0.500,hue,-0.5,5794,0.3859164653089403,0.3851531025555925,0.3940238000533708
cub200,resnet50,0,hue_-0.250,hue,-0.25,5794,0.380738695201933,0.3752408626694544,0.3899107032127824
cub200,resnet50,0,hue_-0.083,hue,-0.083,5794,0.5459095616154642,0.546950091917622,0.5521184725864162
cub200,resnet50,0,hue_+0.083,hue,0.083,5794,0.5669658267172938,0.560390163185045,0.5736861784031949
cub200,resnet50,0,hue_+0.250,hue,0.25,5794,0.3324128408698654,0.3193292415792351,0.3430096416861587
cub200,resnet50,0,hue_+0.500,hue,0.5,5794,0.3859164653089403,0.3851531025555925,0.3940238000533708
cub200,resnet50,0,shuffle_021,shuffle,"(0, 2, 1)",5794,0.4913703831549879,0.4841840543913014,0.4987304450264483
cub200,resnet50,0,shuffle_102,shuffle,"(1, 0, 2)",5794,0.4651363479461512,0.4485935663816053,0.4729223268964451
cub200,resnet50,0,shuffle_120,shuffle,"(1, 2, 0)",5794,0.3562305833620987,0.3412258940490149,0.3662801177388883
cub200,resnet50,0,shuffle_201,shuffle,"(2, 0, 1)",5794,0.3234380393510528,0.3158561599077535,0.3332132536656524
cub200,resnet50,0,shuffle_210,shuffle,"(2, 1, 0)",5794,0.3810838798757335,0.3716089730881137,0.3895487788212675
cub200,resnet50,0,quant_2,quant,2,5794,0.210044874007594,0.1975388104673789,0.213985287432932
cub200,resnet50,0,quant_4,quant,4,5794,0.5811183983431135,0.576165000692152,0.5832428058956308
cub200,resnet50,0,quant_8,quant,8,5794,0.7255781843286158,0.7236847075299799,0.7278039081853294
cub200,resnet50,0,quant_16,quant,16,5794,0.7682084915429755,0.7677142000478087,0.7705386878961802
cub200,resnet50,1,clean,clean,0,5794,0.7833966171901967,0.782986983075771,0.7852449377662034
cub200,resnet50,1,grayscale,grayscale,,5794,0.3791853641698308,0.3522740916774945,0.3844854344265493
cub200,resnet50,1,hue_-0.500,hue,-0.5,5794,0.3845357266137383,0.3889214051196064,0.3925306073937811
cub200,resnet50,1,hue_-0.250,hue,-0.25,5794,0.3895409043838453,0.3832319866157299,0.3985570058829942
cub200,resnet50,1,hue_-0.083,hue,-0.083,5794,0.5377977217811529,0.5385178755802799,0.5439266070771042
cub200,resnet50,1,hue_+0.083,hue,0.083,5794,0.5657576803589921,0.5607513292948613,0.5721951964564014
cub200,resnet50,1,hue_+0.250,hue,0.25,5794,0.3560579910251985,0.3429188733784326,0.3653393752002605
cub200,resnet50,1,hue_+0.500,hue,0.5,5794,0.3845357266137383,0.3889214051196064,0.3925306073937811
cub200,resnet50,1,shuffle_021,shuffle,"(0, 2, 1)",5794,0.4946496375560925,0.487774920794086,0.5019546571546295
cub200,resnet50,1,shuffle_102,shuffle,"(1, 0, 2)",5794,0.4765274421815671,0.4606609188024639,0.483992785425615
cub200,resnet50,1,shuffle_120,shuffle,"(1, 2, 0)",5794,0.3638246461857093,0.3499967481439884,0.3721327838433693
cub200,resnet50,1,shuffle_201,shuffle,"(2, 0, 1)",5794,0.3489817052122885,0.3392967174058487,0.3584028370160106
cub200,resnet50,1,shuffle_210,shuffle,"(2, 1, 0)",5794,0.3816016568864342,0.3770448591470557,0.3901868987944699
cub200,resnet50,1,quant_2,quant,2,5794,0.2233344839489126,0.2192556054151642,0.2267418189956263
cub200,resnet50,1,quant_4,quant,4,5794,0.5724887814981015,0.5688016418720103,0.5752174073270894
cub200,resnet50,1,quant_8,quant,8,5794,0.7335174318260269,0.7324880065702353,0.7357485818406673
cub200,resnet50,1,quant_16,quant,16,5794,0.7726958923023818,0.7719816408497638,0.774766509882623
cub200,resnet50,2,clean,clean,0,5794,0.7887469796341042,0.7891142798742316,0.7906928557194083
cub200,resnet50,2,grayscale,grayscale,,5794,0.3738350017259234,0.3441266975806265,0.3806380613265526
cub200,resnet50,2,hue_-0.500,hue,-0.5,5794,0.3779772178115291,0.3783530025208229,0.3861815888052375
cub200,resnet50,2,hue_-0.250,hue,-0.25,5794,0.3690024162927166,0.3616814344586203,0.3790327768067056
cub200,resnet50,2,hue_-0.083,hue,-0.083,5794,0.5310666206420435,0.5311252242349422,0.536852021424163
cub200,resnet50,2,hue_+0.083,hue,0.083,5794,0.5607525025888851,0.5581722186897671,0.5670902147030137
cub200,resnet50,2,hue_+0.250,hue,0.25,5794,0.3187780462547463,0.3083399955834411,0.3291576587809524
cub200,resnet50,2,hue_+0.500,hue,0.5,5794,0.3779772178115291,0.3783530025208229,0.3861815888052375
cub200,resnet50,2,shuffle_021,shuffle,"(0, 2, 1)",5794,0.46427338626165,0.4570015728563636,0.4723715662192739
cub200,resnet50,2,shuffle_102,shuffle,"(1, 0, 2)",5794,0.4658267172937521,0.4542245969214654,0.4726967934351348
cub200,resnet50,2,shuffle_120,shuffle,"(1, 2, 0)",5794,0.3438039351052813,0.3291735734496231,0.3534577802542372
cub200,resnet50,2,shuffle_201,shuffle,"(2, 0, 1)",5794,0.3217121159820504,0.3177217339979716,0.3320405456473673
cub200,resnet50,2,shuffle_210,shuffle,"(2, 1, 0)",5794,0.3774594408008284,0.3691479618611369,0.3864113582846715
cub200,resnet50,2,quant_2,quant,2,5794,0.1705212288574387,0.1590094227697283,0.1744247847610508
cub200,resnet50,2,quant_4,quant,4,5794,0.5730065585088022,0.5698899713133279,0.574773432189415
cub200,resnet50,2,quant_8,quant,8,5794,0.7233344839489126,0.7233449178997468,0.7255499590401152
cub200,resnet50,2,quant_16,quant,16,5794,0.7651018294787711,0.7658922389481458,0.7672302077136766
cub200,resnet50,3,clean,clean,0,5794,0.7856403175698999,0.7854495367604453,0.7876817789928142
cub200,resnet50,3,grayscale,grayscale,,5794,0.3702105626510183,0.3382904256474206,0.3764087174278329
cub200,resnet50,3,hue_-0.500,hue,-0.5,5794,0.3833275802554367,0.3890238344161766,0.3913574776063137
cub200,resnet50,3,hue_-0.250,hue,-0.25,5794,0.3793579565067311,0.3783553757499281,0.387456833870193
cub200,resnet50,3,hue_-0.083,hue,-0.083,5794,0.536416983085951,0.5306946811971851,0.5421738510998749
cub200,resnet50,3,hue_+0.083,hue,0.083,5794,0.5643769416637902,0.5608075382474031,0.5706531725695302
cub200,resnet50,3,hue_+0.250,hue,0.25,5794,0.340697273041077,0.3308096261594606,0.350394565053091
cub200,resnet50,3,hue_+0.500,hue,0.5,5794,0.3833275802554367,0.3890238344161766,0.3913574776063137
cub200,resnet50,3,shuffle_021,shuffle,"(0, 2, 1)",5794,0.4791163272350707,0.4782696123600992,0.486812806165051
cub200,resnet50,3,shuffle_102,shuffle,"(1, 0, 2)",5794,0.4834311356575768,0.4692624748865971,0.4904954822270177
cub200,resnet50,3,shuffle_120,shuffle,"(1, 2, 0)",5794,0.3524335519502934,0.3449051683826185,0.361318581262675
cub200,resnet50,3,shuffle_201,shuffle,"(2, 0, 1)",5794,0.3403520883672765,0.3357621832991602,0.3490356934850542
cub200,resnet50,3,shuffle_210,shuffle,"(2, 1, 0)",5794,0.3786675871591301,0.3756450880707165,0.3869495862014602
cub200,resnet50,3,quant_2,quant,2,5794,0.1769071453227476,0.1644582335794773,0.1796097198361461
cub200,resnet50,3,quant_4,quant,4,5794,0.5797376596479117,0.5744831251452912,0.5814744403427627
cub200,resnet50,3,quant_8,quant,8,5794,0.7380048325854333,0.7375941120507838,0.7410546905085295
cub200,resnet50,3,quant_16,quant,16,5794,0.7713151536071798,0.770369107466719,0.7735595248386812
cub200,resnet50,4,clean,clean,0,5794,0.7909906800138073,0.7906234681564023,0.7925398161338151
cub200,resnet50,4,grayscale,grayscale,,5794,0.3576113220573007,0.3321621237831687,0.3634725477082456
cub200,resnet50,4,hue_-0.500,hue,-0.5,5794,0.3784949948222298,0.3782092291410767,0.3861023419497932
cub200,resnet50,4,hue_-0.250,hue,-0.25,5794,0.3774594408008284,0.3730860322265938,0.3851669442121979
cub200,resnet50,4,hue_-0.083,hue,-0.083,5794,0.5246807041767345,0.5232063422616305,0.5301561884798293
cub200,resnet50,4,hue_+0.083,hue,0.083,5794,0.5802554366586123,0.5733195582703061,0.5863293015219553
cub200,resnet50,4,hue_+0.250,hue,0.25,5794,0.3417328270624784,0.3327118141756942,0.3514766701460657
cub200,resnet50,4,hue_+0.500,hue,0.5,5794,0.3784949948222298,0.3782092291410767,0.3861023419497932
cub200,resnet50,4,shuffle_021,shuffle,"(0, 2, 1)",5794,0.4722126337590611,0.467664162976951,0.4793456249796303
cub200,resnet50,4,shuffle_102,shuffle,"(1, 0, 2)",5794,0.489989644459786,0.4754690212336397,0.4969919144386713
cub200,resnet50,4,shuffle_120,shuffle,"(1, 2, 0)",5794,0.3634794615119088,0.3518200067754153,0.3718096996304997
cub200,resnet50,4,shuffle_201,shuffle,"(2, 0, 1)",5794,0.3332758025543665,0.3281453482702526,0.342775607188986
cub200,resnet50,4,shuffle_210,shuffle,"(2, 1, 0)",5794,0.3848809112875388,0.3770743530213144,0.3930903986353564
cub200,resnet50,4,quant_2,quant,2,5794,0.2209181912323093,0.2145338226564363,0.225876035047423
cub200,resnet50,4,quant_4,quant,4,5794,0.5871591301346221,0.5858235009031424,0.5886869812307159
cub200,resnet50,4,quant_8,quant,8,5794,0.7376596479116327,0.7371851917539374,0.7397427974207743
cub200,resnet50,4,quant_16,quant,16,5794,0.7745944080082844,0.7753730467258114,0.7769939212476299
cub200,convnext_tiny_in1k,0,clean,clean,0,5794,0.8413876423886779,0.8409589345851981,0.8436565673506613
cub200,convnext_tiny_in1k,0,grayscale,grayscale,,5794,0.426475664480497,0.3747735930152713,0.4333118607612611
cub200,convnext_tiny_in1k,0,hue_-0.500,hue,-0.5,5794,0.4380393510528133,0.4450508894507899,0.4455932900599317
cub200,convnext_tiny_in1k,0,hue_-0.250,hue,-0.25,5794,0.4634104245771487,0.4428170360502272,0.4716582326136299
cub200,convnext_tiny_in1k,0,hue_-0.083,hue,-0.083,5794,0.5819813600276148,0.5784346608613088,0.5881374631707229
cub200,convnext_tiny_in1k,0,hue_+0.083,hue,0.083,5794,0.6240938902312737,0.6141978304643024,0.6296233411349603
cub200,convnext_tiny_in1k,0,hue_+0.250,hue,0.25,5794,0.4083534691059717,0.3908625852270525,0.4173992625600374
cub200,convnext_tiny_in1k,0,hue_+0.500,hue,0.5,5794,0.4380393510528133,0.4450508894507899,0.4455932900599317
cub200,convnext_tiny_in1k,0,shuffle_021,shuffle,"(0, 2, 1)",5794,0.5859509837763204,0.5667002791215368,0.5925265824755686
cub200,convnext_tiny_in1k,0,shuffle_102,shuffle,"(1, 0, 2)",5794,0.5524680704176734,0.5312746488254656,0.5587561994623266
cub200,convnext_tiny_in1k,0,shuffle_120,shuffle,"(1, 2, 0)",5794,0.3954090438384536,0.3673833675769519,0.4049530061670242
cub200,convnext_tiny_in1k,0,shuffle_201,shuffle,"(2, 0, 1)",5794,0.3774594408008284,0.3629296016605036,0.3862274299219577
cub200,convnext_tiny_in1k,0,shuffle_210,shuffle,"(2, 1, 0)",5794,0.3985157059026579,0.3871811537822836,0.4063635210089483
cub200,convnext_tiny_in1k,0,quant_2,quant,2,5794,0.5058681394546082,0.5041651288710618,0.5109458472598416
cub200,convnext_tiny_in1k,0,quant_4,quant,4,5794,0.6095961339316535,0.6130603093437285,0.6133220990120698
cub200,convnext_tiny_in1k,0,quant_8,quant,8,5794,0.7625129444252675,0.7617132587330872,0.7656333618919432
cub200,convnext_tiny_in1k,0,quant_16,quant,16,5794,0.8211943389713496,0.8201695341065097,0.8234767781514014
cub200,convnext_tiny_in1k,1,clean,clean,0,5794,0.8332758025543666,0.8323011014707609,0.8350186066392175
cub200,convnext_tiny_in1k,1,grayscale,grayscale,,5794,0.4230238177424922,0.3689649398193985,0.429869151935474
cub200,convnext_tiny_in1k,1,hue_-0.500,hue,-0.5,5794,0.4325163962720055,0.4343969837153411,0.4401923050164981
cub200,convnext_tiny_in1k,1,hue_-0.250,hue,-0.25,5794,0.4382119433897135,0.4155475706794002,0.4468166281640597
cub200,convnext_tiny_in1k,1,hue_-0.083,hue,-0.083,5794,0.5669658267172938,0.5603667126353836,0.5737462446685005
cub200,convnext_tiny_in1k,1,hue_+0.083,hue,0.083,5794,0.6104590956161546,0.5985689661496406,0.6157412368873546
cub200,convnext_tiny_in1k,1,hue_+0.250,hue,0.25,5794,0.4231964100793924,0.4000706281106101,0.4322681952543075
cub200,convnext_tiny_in1k,1,hue_+0.500,hue,0.5,5794,0.4325163962720055,0.4343969837153411,0.4401923050164981
cub200,convnext_tiny_in1k,1,shuffle_021,shuffle,"(0, 2, 1)",5794,0.556437694166379,0.5327417463202039,0.5634684589129274
cub200,convnext_tiny_in1k,1,shuffle_102,shuffle,"(1, 0, 2)",5794,0.5667932343803935,0.5476685897074147,0.5740472795716226
cub200,convnext_tiny_in1k,1,shuffle_120,shuffle,"(1, 2, 0)",5794,0.3797031411805316,0.347518017790329,0.3890095153202152
cub200,convnext_tiny_in1k,1,shuffle_201,shuffle,"(2, 0, 1)",5794,0.3881601656886434,0.363393671134837,0.3972375342888639
cub200,convnext_tiny_in1k,1,shuffle_210,shuffle,"(2, 1, 0)",5794,0.3867794269934415,0.3710835953125715,0.3955589095375255
cub200,convnext_tiny_in1k,1,quant_2,quant,2,5794,0.5091473938557128,0.5093459731077996,0.5140969060675917
cub200,convnext_tiny_in1k,1,quant_4,quant,4,5794,0.6320331377286849,0.6336572095225906,0.63569068120522
cub200,convnext_tiny_in1k,1,quant_8,quant,8,5794,0.7606144287193649,0.7586594373018404,0.7630283267063035
cub200,convnext_tiny_in1k,1,quant_16,quant,16,5794,0.8127373144632378,0.8112339928978765,0.8147401017572841
cub200,convnext_tiny_in1k,2,clean,clean,0,5794,0.840006903693476,0.8394778607940574,0.8422951691155549
cub200,convnext_tiny_in1k,2,grayscale,grayscale,,5794,0.4183638246461857,0.3716316819851944,0.4258502721549356
cub200,convnext_tiny_in1k,2,hue_-0.500,hue,-0.5,5794,0.4509837763203314,0.454614700730278,0.45915840045973
cub200,convnext_tiny_in1k,2,hue_-0.250,hue,-0.25,5794,0.4373489817052123,0.4128092673746892,0.4465137741403818
cub200,convnext_tiny_in1k,2,hue_-0.083,hue,-0.083,5794,0.5576458405246807,0.5434683538025987,0.5654390211157749
cub200,convnext_tiny_in1k,2,hue_+0.083,hue,0.083,5794,0.5961339316534345,0.5834254346682879,0.6027025297043248
cub200,convnext_tiny_in1k,2,hue_+0.250,hue,0.25,5794,0.3943734898170521,0.3780409582572222,0.4044716215584597
cub200,convnext_tiny_in1k,2,hue_+0.500,hue,0.5,5794,0.4509837763203314,0.454614700730278,0.45915840045973
cub200,convnext_tiny_in1k,2,shuffle_021,shuffle,"(0, 2, 1)",5794,0.5711080428028995,0.5475591989216789,0.5788073687982352
cub200,convnext_tiny_in1k,2,shuffle_102,shuffle,"(1, 0, 2)",5794,0.5205384880911288,0.5056008848483144,0.5279979759019252
cub200,convnext_tiny_in1k,2,shuffle_120,shuffle,"(1, 2, 0)",5794,0.3797031411805316,0.34859722828589,0.388999812102846
cub200,convnext_tiny_in1k,2,shuffle_201,shuffle,"(2, 0, 1)",5794,0.3722816706938212,0.354827976351949,0.3821721064509079
cub200,convnext_tiny_in1k,2,shuffle_210,shuffle,"(2, 1, 0)",5794,0.3876423886779427,0.3708322962751654,0.3968031926581007
cub200,convnext_tiny_in1k,2,quant_2,quant,2,5794,0.5039696237487056,0.5011843902887817,0.5094684653499062
cub200,convnext_tiny_in1k,2,quant_4,quant,4,5794,0.6304798066965827,0.6313010521003218,0.6338578157816301
cub200,convnext_tiny_in1k,2,quant_8,quant,8,5794,0.7670003451846737,0.7661997160090184,0.7697809181365759
cub200,convnext_tiny_in1k,2,quant_16,quant,16,5794,0.8189506385916465,0.8184896894690346,0.8216817384425488
cub200,convnext_tiny_in1k,3,clean,clean,0,5794,0.8377632033137729,0.8376414227740248,0.8399301633892496
cub200,convnext_tiny_in1k,3,grayscale,grayscale,,5794,0.4202623403520883,0.3700553214679077,0.4272726809818067
cub200,convnext_tiny_in1k,3,hue_-0.500,hue,-0.5,5794,0.4081808767690714,0.4100437199462265,0.4157357530865579
cub200,convnext_tiny_in1k,3,hue_-0.250,hue,-0.25,5794,0.4402830514325164,0.4184886515540251,0.4489373797540766
cub200,convnext_tiny_in1k,3,hue_-0.083,hue,-0.083,5794,0.5749050742147048,0.5655742619293419,0.5815037765898059
cub200,convnext_tiny_in1k,3,hue_+0.083,hue,0.083,5794,0.6166724197445633,0.6120237331529419,0.6219359775386565
cub200,convnext_tiny_in1k,3,hue_+0.250,hue,0.25,5794,0.4233690024162927,0.4061961316180331,0.4329293340488796
cub200,convnext_tiny_in1k,3,hue_+0.500,hue,0.5,5794,0.4081808767690714,0.4100437199462265,0.4157357530865579
cub200,convnext_tiny_in1k,3,shuffle_021,shuffle,"(0, 2, 1)",5794,0.5688643424231964,0.5469117580728774,0.57600387731221
cub200,convnext_tiny_in1k,3,shuffle_102,shuffle,"(1, 0, 2)",5794,0.5516051087331723,0.5312520490758581,0.5585197248341729
cub200,convnext_tiny_in1k,3,shuffle_120,shuffle,"(1, 2, 0)",5794,0.3790127718329306,0.3508769626597221,0.3876470060986355
cub200,convnext_tiny_in1k,3,shuffle_201,shuffle,"(2, 0, 1)",5794,0.3919571971004487,0.3751346005976391,0.4016302132677695
cub200,convnext_tiny_in1k,3,shuffle_210,shuffle,"(2, 1, 0)",5794,0.3835001725923369,0.3723490808928306,0.3925637221911388
cub200,convnext_tiny_in1k,3,quant_2,quant,2,5794,0.4870555747324819,0.4878362587398566,0.4926301171094235
cub200,convnext_tiny_in1k,3,quant_4,quant,4,5794,0.6196064894718675,0.6239707461269489,0.6239142738141594
cub200,convnext_tiny_in1k,3,quant_8,quant,8,5794,0.7583707283396617,0.759396177994995,0.7611167440492383
cub200,convnext_tiny_in1k,3,quant_16,quant,16,5794,0.8111839834311356,0.8106300531512832,0.8136861031579133
cub200,convnext_tiny_in1k,4,clean,clean,0,5794,0.8348291335864687,0.833711160819943,0.8366540838826605
cub200,convnext_tiny_in1k,4,grayscale,grayscale,,5794,0.4173282706247843,0.3697889771325648,0.4247705092536427
cub200,convnext_tiny_in1k,4,hue_-0.500,hue,-0.5,5794,0.4225060407317915,0.4260558515483109,0.4308043788219753
cub200,convnext_tiny_in1k,4,hue_-0.250,hue,-0.25,5794,0.4527096996893338,0.4209596929344764,0.4611741593296276
cub200,convnext_tiny_in1k,4,hue_-0.083,hue,-0.083,5794,0.5793924749741112,0.5666480703196448,0.5856913481401567
cub200,convnext_tiny_in1k,4,hue_+0.083,hue,0.083,5794,0.6040731791508457,0.595894536750831,0.6084920479335377
cub200,convnext_tiny_in1k,4,hue_+0.250,hue,0.25,5794,0.4183638246461857,0.3976878245715768,0.4272105165366034
cub200,convnext_tiny_in1k,4,hue_+0.500,hue,0.5,5794,0.4225060407317915,0.4260558515483109,0.4308043788219753
cub200,convnext_tiny_in1k,4,shuffle_021,shuffle,"(0, 2, 1)",5794,0.5742147048671039,0.5426452647545084,0.5817094053457582
cub200,convnext_tiny_in1k,4,shuffle_102,shuffle,"(1, 0, 2)",5794,0.5588539868829824,0.5383999385145335,0.5653272790851304
cub200,convnext_tiny_in1k,4,shuffle_120,shuffle,"(1, 2, 0)",5794,0.3929927511218501,0.3574851697688257,0.4022229835805351
cub200,convnext_tiny_in1k,4,shuffle_201,shuffle,"(2, 0, 1)",5794,0.3829823955816361,0.3637919223882195,0.3922867809768109
cub200,convnext_tiny_in1k,4,shuffle_210,shuffle,"(2, 1, 0)",5794,0.387124611667242,0.3760322445787287,0.3956689441812735
cub200,convnext_tiny_in1k,4,quant_2,quant,2,5794,0.4917155678287884,0.4907911862141262,0.4974100137903893
cub200,convnext_tiny_in1k,4,quant_4,quant,4,5794,0.6309975837072834,0.6298511564751061,0.6352841081832442
cub200,convnext_tiny_in1k,4,quant_8,quant,8,5794,0.7632033137728684,0.7621298230962106,0.766242658075038
cub200,convnext_tiny_in1k,4,quant_16,quant,16,5794,0.815671384190542,0.8148365426646466,0.8186619647387225
cub200,vit_small_in1k,0,clean,clean,0,5794,0.7959958577839144,0.7942205368329696,0.7975935726716915
cub200,vit_small_in1k,0,grayscale,grayscale,,5794,0.2963410424577148,0.2662546646850648,0.3016460633224817
cub200,vit_small_in1k,0,hue_-0.500,hue,-0.5,5794,0.2970314118053158,0.3027237134282572,0.3032041768898867
cub200,vit_small_in1k,0,hue_-0.250,hue,-0.25,5794,0.2664825681739731,0.2636665254556101,0.2720081194651344
cub200,vit_small_in1k,0,hue_-0.083,hue,-0.083,5794,0.4711770797376596,0.4654331371988664,0.4762780892380632
cub200,vit_small_in1k,0,hue_+0.083,hue,0.083,5794,0.5170866413531239,0.509928854128514,0.5220257594488242
cub200,vit_small_in1k,0,hue_+0.250,hue,0.25,5794,0.2569899896444598,0.260177417060954,0.2645643402994859
cub200,vit_small_in1k,0,hue_+0.500,hue,0.5,5794,0.2970314118053158,0.3027237134282572,0.3032041768898867
cub200,vit_small_in1k,0,shuffle_021,shuffle,"(0, 2, 1)",5794,0.3910942354159475,0.3798686465106015,0.3956327448959619
cub200,vit_small_in1k,0,shuffle_102,shuffle,"(1, 0, 2)",5794,0.4152571625819813,0.4026738827526803,0.4195502267633964
cub200,vit_small_in1k,0,shuffle_120,shuffle,"(1, 2, 0)",5794,0.2424922333448395,0.2316503963032878,0.249133489662942
cub200,vit_small_in1k,0,shuffle_201,shuffle,"(2, 0, 1)",5794,0.2397307559544356,0.2422768329025337,0.2458912680798777
cub200,vit_small_in1k,0,shuffle_210,shuffle,"(2, 1, 0)",5794,0.2844321712115982,0.2769048282690109,0.2911318716200551
cub200,vit_small_in1k,0,quant_2,quant,2,5794,0.0331377286848463,0.021600713008952,0.0337025792235884
cub200,vit_small_in1k,0,quant_4,quant,4,5794,0.5472903003106662,0.5373132603614844,0.5497891579985401
cub200,vit_small_in1k,0,quant_8,quant,8,5794,0.7397307559544356,0.7367345905531435,0.7406808225434637
cub200,vit_small_in1k,0,quant_16,quant,16,5794,0.7844321712115983,0.7829260701343612,0.7859060691296744
cub200,vit_small_in1k,1,clean,clean,0,5794,0.7884017949603037,0.7867087275132036,0.7893373317153402
cub200,vit_small_in1k,1,grayscale,grayscale,,5794,0.3001380738695202,0.2580439197899086,0.3055206137780903
cub200,vit_small_in1k,1,hue_-0.500,hue,-0.5,5794,0.3066965826717294,0.3096009504156775,0.3128488977588836
cub200,vit_small_in1k,1,hue_-0.250,hue,-0.25,5794,0.2635484984466689,0.2494890201599757,0.2699925028386718
cub200,vit_small_in1k,1,hue_-0.083,hue,-0.083,5794,0.4820503969623749,0.4729252814039097,0.4874570554748097
cub200,vit_small_in1k,1,hue_+0.083,hue,0.083,5794,0.5091473938557128,0.512340887567888,0.51487897831672
cub200,vit_small_in1k,1,hue_+0.250,hue,0.25,5794,0.2604418363824646,0.2614723460271067,0.2686250301466509
cub200,vit_small_in1k,1,hue_+0.500,hue,0.5,5794,0.3066965826717294,0.3096009504156775,0.3128488977588836
cub200,vit_small_in1k,1,shuffle_021,shuffle,"(0, 2, 1)",5794,0.3755609250949258,0.3567143124360707,0.3820935200007243
cub200,vit_small_in1k,1,shuffle_102,shuffle,"(1, 0, 2)",5794,0.4207801173627891,0.4194602133278916,0.4261674249491854
cub200,vit_small_in1k,1,shuffle_120,shuffle,"(1, 2, 0)",5794,0.2535381429064549,0.2378581365343022,0.2618646425088862
cub200,vit_small_in1k,1,shuffle_201,shuffle,"(2, 0, 1)",5794,0.242147048671039,0.2474199278035811,0.2500777488006439
cub200,vit_small_in1k,1,shuffle_210,shuffle,"(2, 1, 0)",5794,0.2949603037625129,0.2900413322598087,0.302578608258104
cub200,vit_small_in1k,1,quant_2,quant,2,5794,0.0348636520538488,0.02521449596831,0.0348397999218838
cub200,vit_small_in1k,1,quant_4,quant,4,5794,0.5428028995512599,0.535037751191656,0.5453193202546948
cub200,vit_small_in1k,1,quant_8,quant,8,5794,0.7385226095961339,0.735553443679214,0.7400811793497424
cub200,vit_small_in1k,1,quant_16,quant,16,5794,0.7858129099068001,0.7842430684448164,0.7869979672497033
cub200,vit_small_in1k,2,clean,clean,0,5794,0.7963410424577149,0.7950949432412944,0.7979956546087099
cub200,vit_small_in1k,2,grayscale,grayscale,,5794,0.282878840179496,0.2519175469968989,0.2879329938088716
cub200,vit_small_in1k,2,hue_-0.500,hue,-0.5,5794,0.3230928546772523,0.3313873478334714,0.3303978091480459
cub200,vit_small_in1k,2,hue_-0.250,hue,-0.25,5794,0.2587159130134622,0.2484543698508744,0.2660364136062668
cub200,vit_small_in1k,2,hue_-0.083,hue,-0.083,5794,0.472903003106662,0.4665772117515749,0.4785630375868087
cub200,vit_small_in1k,2,hue_+0.083,hue,0.083,5794,0.5117362789092165,0.5070078217179684,0.5175094004253635
cub200,vit_small_in1k,2,hue_+0.250,hue,0.25,5794,0.2559544356230583,0.2582489327189858,0.2642827136281133
cub200,vit_small_in1k,2,hue_+0.500,hue,0.5,5794,0.3230928546772523,0.3313873478334714,0.3303978091480459
cub200,vit_small_in1k,2,shuffle_021,shuffle,"(0, 2, 1)",5794,0.3691750086296168,0.3607293956874515,0.3754723122610955
cub200,vit_small_in1k,2,shuffle_102,shuffle,"(1, 0, 2)",5794,0.4319986192613048,0.4200460432966589,0.4370702683153167
cub200,vit_small_in1k,2,shuffle_120,shuffle,"(1, 2, 0)",5794,0.2445633413876423,0.2336962885136355,0.2528870150660571
cub200,vit_small_in1k,2,shuffle_201,shuffle,"(2, 0, 1)",5794,0.247152226441146,0.2506908810422466,0.2543051284938762
cub200,vit_small_in1k,2,shuffle_210,shuffle,"(2, 1, 0)",5794,0.3111839834311357,0.3038174428049008,0.3201770169868884
cub200,vit_small_in1k,2,quant_2,quant,2,5794,0.0402140144977563,0.0244930075125617,0.0413203924025158
cub200,vit_small_in1k,2,quant_4,quant,4,5794,0.5212288574387297,0.507113669966345,0.5250678038918393
cub200,vit_small_in1k,2,quant_8,quant,8,5794,0.7345529858474283,0.7319777087272865,0.737162367010844
cub200,vit_small_in1k,2,quant_16,quant,16,5794,0.7861580945806006,0.7849843294677258,0.7884660344419282
cub200,vit_small_in1k,3,clean,clean,0,5794,0.7923714187090093,0.7899934796077289,0.7943367297552771
cub200,vit_small_in1k,3,grayscale,grayscale,,5794,0.3061788056610287,0.2682758058253853,0.3107249166806493
cub200,vit_small_in1k,3,hue_-0.500,hue,-0.5,5794,0.3432861580945806,0.3392537231389131,0.3498247829438943
cub200,vit_small_in1k,3,hue_-0.250,hue,-0.25,5794,0.2600966517086641,0.257525643233278,0.2666749670898057
cub200,vit_small_in1k,3,hue_-0.083,hue,-0.083,5794,0.5046599930963065,0.4976919747822231,0.5101483197430092
cub200,vit_small_in1k,3,hue_+0.083,hue,0.083,5794,0.5229547808077322,0.5144157128316187,0.5288884544180054
cub200,vit_small_in1k,3,hue_+0.250,hue,0.25,5794,0.2823610631687953,0.2744142109295948,0.2894934258009891
cub200,vit_small_in1k,3,hue_+0.500,hue,0.5,5794,0.3432861580945806,0.3392537231389131,0.3498247829438943
cub200,vit_small_in1k,3,shuffle_021,shuffle,"(0, 2, 1)",5794,0.3740075940628236,0.3671483220761671,0.3804715453380332
cub200,vit_small_in1k,3,shuffle_102,shuffle,"(1, 0, 2)",5794,0.427166033828098,0.4155949795729958,0.432393111168125
cub200,vit_small_in1k,3,shuffle_120,shuffle,"(1, 2, 0)",5794,0.2573351743182602,0.2432543221211013,0.2650134464077295
cub200,vit_small_in1k,3,shuffle_201,shuffle,"(2, 0, 1)",5794,0.2751121850189851,0.2742878042233394,0.282344319630558
cub200,vit_small_in1k,3,shuffle_210,shuffle,"(2, 1, 0)",5794,0.3234380393510528,0.3070090642200941,0.3310924623589146
cub200,vit_small_in1k,3,quant_2,quant,2,5794,0.0353814290645495,0.0213013383721853,0.0358530635198551
cub200,vit_small_in1k,3,quant_4,quant,4,5794,0.5543665861235761,0.5472374908612561,0.5576335045711278
cub200,vit_small_in1k,3,quant_8,quant,8,5794,0.7418018639972386,0.7383232296995541,0.7441510831637479
cub200,vit_small_in1k,3,quant_16,quant,16,5794,0.7849499482222989,0.7820827109281048,0.78676224207886
cub200,vit_small_in1k,4,clean,clean,0,5794,0.8025543665861236,0.801825972277899,0.8040375744973908
cub200,vit_small_in1k,4,grayscale,grayscale,,5794,0.3044528822920262,0.2674320720654571,0.3087783468266976
cub200,vit_small_in1k,4,hue_-0.500,hue,-0.5,5794,0.3244735933724542,0.3270632415318564,0.3302349742712522
cub200,vit_small_in1k,4,hue_-0.250,hue,-0.25,5794,0.2502588885053504,0.2494937079164287,0.2566127036980426
cub200,vit_small_in1k,4,hue_-0.083,hue,-0.083,5794,0.4703141180531584,0.4626274714861986,0.4760052884608633
cub200,vit_small_in1k,4,hue_+0.083,hue,0.083,5794,0.5220918191232309,0.5139493281656801,0.5268123790011859
cub200,vit_small_in1k,4,hue_+0.250,hue,0.25,5794,0.2680358992060752,0.2676493105886972,0.2755415414222129
cub200,vit_small_in1k,4,hue_+0.500,hue,0.5,5794,0.3244735933724542,0.3270632415318564,0.3302349742712522
cub200,vit_small_in1k,4,shuffle_021,shuffle,"(0, 2, 1)",5794,0.3722816706938212,0.3680871135492836,0.3785108690995419
cub200,vit_small_in1k,4,shuffle_102,shuffle,"(1, 0, 2)",5794,0.4316534345875043,0.4215326692918761,0.4375237428081269
cub200,vit_small_in1k,4,shuffle_120,shuffle,"(1, 2, 0)",5794,0.2500862961684501,0.2388737275540318,0.2570370301190549
cub200,vit_small_in1k,4,shuffle_201,shuffle,"(2, 0, 1)",5794,0.2452537107352433,0.2438695842482859,0.2529961731778192
cub200,vit_small_in1k,4,shuffle_210,shuffle,"(2, 1, 0)",5794,0.2975491888160165,0.2880455205226455,0.3052319510707225
cub200,vit_small_in1k,4,quant_2,quant,2,5794,0.0331377286848463,0.0199315894852642,0.0347749162936569
cub200,vit_small_in1k,4,quant_4,quant,4,5794,0.5321021746634449,0.5190241938561793,0.5351214707375442
cub200,vit_small_in1k,4,quant_8,quant,8,5794,0.7533655505695547,0.7510458654441591,0.7549103115672595
cub200,vit_small_in1k,4,quant_16,quant,16,5794,0.7968588194684156,0.7962591500561714,0.7985686785764511
cub200,swin_tiny,0,clean,clean,0,5794,0.8412150500517777,0.8402773072911409,0.8422531440907712
cub200,swin_tiny,0,grayscale,grayscale,,5794,0.4055919917155678,0.364897932826572,0.4119093704618442
cub200,swin_tiny,0,hue_-0.500,hue,-0.5,5794,0.4068001380738695,0.4210070539820488,0.4144043219676653
cub200,swin_tiny,0,hue_-0.250,hue,-0.25,5794,0.412840869865378,0.4060456654228116,0.4186678676372711
cub200,swin_tiny,0,hue_-0.083,hue,-0.083,5794,0.5937176389368312,0.5879145612101665,0.5980344102657881
cub200,swin_tiny,0,hue_+0.083,hue,0.083,5794,0.6389368312046945,0.6363043218604707,0.6433700716249244
cub200,swin_tiny,0,hue_+0.250,hue,0.25,5794,0.3710735243355195,0.3836364006397474,0.378783510918621
cub200,swin_tiny,0,hue_+0.500,hue,0.5,5794,0.4068001380738695,0.4210070539820488,0.4144043219676653
cub200,swin_tiny,0,shuffle_021,shuffle,"(0, 2, 1)",5794,0.530031066620642,0.5255240191606535,0.5346419705689216
cub200,swin_tiny,0,shuffle_102,shuffle,"(1, 0, 2)",5794,0.5138073869520193,0.5106752488781102,0.5186600292168034
cub200,swin_tiny,0,shuffle_120,shuffle,"(1, 2, 0)",5794,0.3762512944425267,0.3621245050391748,0.38380435574841
cub200,swin_tiny,0,shuffle_201,shuffle,"(2, 0, 1)",5794,0.3608905764584052,0.3717271536071686,0.3683929967849324
cub200,swin_tiny,0,shuffle_210,shuffle,"(2, 1, 0)",5794,0.380738695201933,0.3745371464913269,0.3884557644040206
cub200,swin_tiny,0,quant_2,quant,2,5794,0.4661719019675526,0.4585551856149335,0.4717554570222643
cub200,swin_tiny,0,quant_4,quant,4,5794,0.6404901622367967,0.6372360298325015,0.6437888533292344
cub200,swin_tiny,0,quant_8,quant,8,5794,0.779254401104591,0.778291323338662,0.7806400963555938
cub200,swin_tiny,0,quant_16,quant,16,5794,0.8287884017949603,0.8282183717629844,0.8295695506275874
cub200,swin_tiny,1,clean,clean,0,5794,0.8451846738004832,0.8435831458325819,0.8467726754228962
cub200,swin_tiny,1,grayscale,grayscale,,5794,0.4111149464963756,0.3648283623160857,0.4179630160507024
cub200,swin_tiny,1,hue_-0.500,hue,-0.5,5794,0.4176734552985847,0.4299663863876112,0.424770483113772
cub200,swin_tiny,1,hue_-0.250,hue,-0.25,5794,0.387124611667242,0.3894561222060116,0.3944959974845756
cub200,swin_tiny,1,hue_-0.083,hue,-0.083,5794,0.5840524680704177,0.5917061732139886,0.5884694368534225
cub200,swin_tiny,1,hue_+0.083,hue,0.083,5794,0.6297894373489817,0.6251882518817015,0.6350235153278238
cub200,swin_tiny,1,hue_+0.250,hue,0.25,5794,0.4068001380738695,0.4102528630174161,0.4143085100996013
cub200,swin_tiny,1,hue_+0.500,hue,0.5,5794,0.4176734552985847,0.4299663863876112,0.424770483113772
cub200,swin_tiny,1,shuffle_021,shuffle,"(0, 2, 1)",5794,0.4780807732136693,0.478530416838842,0.4843669209723616
cub200,swin_tiny,1,shuffle_102,shuffle,"(1, 0, 2)",5794,0.5341732827062479,0.520837791478579,0.5392403953875982
cub200,swin_tiny,1,shuffle_120,shuffle,"(1, 2, 0)",5794,0.3905764584052468,0.3840550019540878,0.3992790215664436
cub200,swin_tiny,1,shuffle_201,shuffle,"(2, 0, 1)",5794,0.3560579910251985,0.3660212053749223,0.3642106856483484
cub200,swin_tiny,1,shuffle_210,shuffle,"(2, 1, 0)",5794,0.3847083189506386,0.3797404059677028,0.3923366530341398
cub200,swin_tiny,1,quant_2,quant,2,5794,0.4879185364169831,0.4839113336598823,0.4933149510285547
cub200,swin_tiny,1,quant_4,quant,4,5794,0.6515360717984121,0.6500420563200082,0.6542697267640256
cub200,swin_tiny,1,quant_8,quant,8,5794,0.7814981014842941,0.7801769924402773,0.7829972833146904
cub200,swin_tiny,1,quant_16,quant,16,5794,0.8282706247842596,0.8274356693266869,0.8292820111361499
cub200,swin_tiny,2,clean,clean,0,5794,0.8496720745598896,0.8490276356894038,0.8515866263395461
cub200,swin_tiny,2,grayscale,grayscale,,5794,0.4202623403520883,0.3890171531686565,0.4273403188252869
cub200,swin_tiny,2,hue_-0.500,hue,-0.5,5794,0.4116327235070763,0.422623211427906,0.4202431464380095
cub200,swin_tiny,2,hue_-0.250,hue,-0.25,5794,0.4306178805661028,0.4309759114258887,0.4377039338568969
cub200,swin_tiny,2,hue_-0.083,hue,-0.083,5794,0.59285467725233,0.5964329698380297,0.5978720527049455
cub200,swin_tiny,2,hue_+0.083,hue,0.083,5794,0.6413531239212978,0.6352965255566481,0.6466981709223089
cub200,swin_tiny,2,hue_+0.250,hue,0.25,5794,0.4256127027959958,0.424009838987706,0.4338713596680928
cub200,swin_tiny,2,hue_+0.500,hue,0.5,5794,0.4116327235070763,0.422623211427906,0.4202431464380095
cub200,swin_tiny,2,shuffle_021,shuffle,"(0, 2, 1)",5794,0.5322747670003452,0.5304905486729515,0.5381880998526622
cub200,swin_tiny,2,shuffle_102,shuffle,"(1, 0, 2)",5794,0.5472903003106662,0.534505540180878,0.5533156885761045
cub200,swin_tiny,2,shuffle_120,shuffle,"(1, 2, 0)",5794,0.4066275457369693,0.3928070856806921,0.4153540177160078
cub200,swin_tiny,2,shuffle_201,shuffle,"(2, 0, 1)",5794,0.3760787021056265,0.3820345675539501,0.3848958035171442
cub200,swin_tiny,2,shuffle_210,shuffle,"(2, 1, 0)",5794,0.391439420089748,0.3876059475382791,0.4002756982599363
cub200,swin_tiny,2,quant_2,quant,2,5794,0.4884363134276838,0.4851095409514374,0.4933779518853889
cub200,swin_tiny,2,quant_4,quant,4,5794,0.6467034863652054,0.6438478864252899,0.6501523033868967
cub200,swin_tiny,2,quant_8,quant,8,5794,0.7754573696927857,0.7733966812561218,0.7774473684896631
cub200,swin_tiny,2,quant_16,quant,16,5794,0.8272350707628582,0.8273182391641194,0.8289241120110095
cub200,swin_tiny,3,clean,clean,0,5794,0.8489817052122886,0.8481309344898083,0.8509546068791907
cub200,swin_tiny,3,grayscale,grayscale,,5794,0.3976527442181567,0.3540242519523154,0.403382902941709
cub200,swin_tiny,3,hue_-0.500,hue,-0.5,5794,0.4195719710044874,0.4255096001630005,0.4266018678563458
cub200,swin_tiny,3,hue_-0.250,hue,-0.25,5794,0.4287193648602002,0.4205002996463251,0.4357774866605057
cub200,swin_tiny,3,hue_-0.083,hue,-0.083,5794,0.5807732136693131,0.5862013494937602,0.5858638162392009
cub200,swin_tiny,3,hue_+0.083,hue,0.083,5794,0.6323783224024854,0.6278227779258794,0.6381358746361903
cub200,swin_tiny,3,hue_+0.250,hue,0.25,5794,0.4107697618225751,0.4183935804633439,0.4186050998035927
cub200,swin_tiny,3,hue_+0.500,hue,0.5,5794,0.4195719710044874,0.4255096001630005,0.4266018678563458
cub200,swin_tiny,3,shuffle_021,shuffle,"(0, 2, 1)",5794,0.5193303417328271,0.5174409004282451,0.5248968832471554
cub200,swin_tiny,3,shuffle_102,shuffle,"(1, 0, 2)",5794,0.5358992060752502,0.523670329373139,0.5415132929041435
cub200,swin_tiny,3,shuffle_120,shuffle,"(1, 2, 0)",5794,0.3738350017259234,0.355425856822515,0.381988549640329
cub200,swin_tiny,3,shuffle_201,shuffle,"(2, 0, 1)",5794,0.3722816706938212,0.3786607080931813,0.3796512927659065
cub200,swin_tiny,3,shuffle_210,shuffle,"(2, 1, 0)",5794,0.391439420089748,0.3877326276173201,0.3996147564753065
cub200,swin_tiny,3,quant_2,quant,2,5794,0.4508111839834311,0.4404260230026385,0.4564004062897774
cub200,swin_tiny,3,quant_4,quant,4,5794,0.6515360717984121,0.6458574568932979,0.6545209137577953
cub200,swin_tiny,3,quant_8,quant,8,5794,0.7751121850189852,0.7729168429065862,0.777085970904897
cub200,swin_tiny,3,quant_16,quant,16,5794,0.8244735933724543,0.8233833144651264,0.8259204036178511
cub200,swin_tiny,4,clean,clean,0,5794,0.8488091128753883,0.8479545316310378,0.8510836160494687
cub200,swin_tiny,4,grayscale,grayscale,,5794,0.4506385916465309,0.4112644828823781,0.4568069872275073
cub200,swin_tiny,4,hue_-0.500,hue,-0.5,5794,0.4382119433897135,0.4497105312432352,0.4464336668968564
cub200,swin_tiny,4,hue_-0.250,hue,-0.25,5794,0.4295823265447014,0.4247839051685409,0.4380152519667631
cub200,swin_tiny,4,hue_-0.083,hue,-0.083,5794,0.5949257852951328,0.5931373661627923,0.6004461890153123
cub200,swin_tiny,4,hue_+0.083,hue,0.083,5794,0.6344494304452882,0.6258971449158405,0.6399673154612789
cub200,swin_tiny,4,hue_+0.250,hue,0.25,5794,0.3935105281325509,0.4043387356567177,0.400943460165507
cub200,swin_tiny,4,hue_+0.500,hue,0.5,5794,0.4382119433897135,0.4497105312432352,0.4464336668968564
cub200,swin_tiny,4,shuffle_021,shuffle,"(0, 2, 1)",5794,0.5274421815671384,0.5292035303258708,0.5338583983271113
cub200,swin_tiny,4,shuffle_102,shuffle,"(1, 0, 2)",5794,0.5215740421125302,0.515497303889654,0.527723343101746
cub200,swin_tiny,4,shuffle_120,shuffle,"(1, 2, 0)",5794,0.3776320331377287,0.3693271825060921,0.3868247957580002
cub200,swin_tiny,4,shuffle_201,shuffle,"(2, 0, 1)",5794,0.3848809112875388,0.3853037276158845,0.3934452829961391
cub200,swin_tiny,4,shuffle_210,shuffle,"(2, 1, 0)",5794,0.3993786675871591,0.3923544495860652,0.4082659085480832
cub200,swin_tiny,4,quant_2,quant,2,5794,0.4801518812564722,0.4722216333861053,0.4854152404339218
cub200,swin_tiny,4,quant_4,quant,4,5794,0.6539523645150155,0.6494602155393548,0.6571294544246884
cub200,swin_tiny,4,quant_8,quant,8,5794,0.7908180876769072,0.7890453917149334,0.7934097423774691
cub200,swin_tiny,4,quant_16,quant,16,5794,0.8322402485329652,0.8314559469256956,0.8344439153786587
cub200,convnext_tiny,0,clean,clean,0,5794,0.8833275802554367,0.8832229166171043,0.8845561036936007
cub200,convnext_tiny,0,grayscale,grayscale,,5794,0.5324473593372454,0.4962720432182868,0.5374689601739432
cub200,convnext_tiny,0,hue_-0.500,hue,-0.5,5794,0.5229547808077322,0.5369222783825264,0.5289512940708199
cub200,convnext_tiny,0,hue_-0.250,hue,-0.25,5794,0.5355540214014498,0.5169939218583027,0.5420391402853526
cub200,convnext_tiny,0,hue_-0.083,hue,-0.083,5794,0.6953745253710735,0.6844452878203731,0.6989448593817725
cub200,convnext_tiny,0,hue_+0.083,hue,0.083,5794,0.731446323783224,0.7282425020643776,0.735241862267685
cub200,convnext_tiny,0,hue_+0.250,hue,0.25,5794,0.5381429064549534,0.5275691580482456,0.5441507101269982
cub200,convnext_tiny,0,hue_+0.500,hue,0.5,5794,0.5229547808077322,0.5369222783825264,0.5289512940708199
cub200,convnext_tiny,0,shuffle_021,shuffle,"(0, 2, 1)",5794,0.651363479461512,0.6340035469012568,0.6559159062397049
cub200,convnext_tiny,0,shuffle_102,shuffle,"(1, 0, 2)",5794,0.649292371418709,0.6422505884247087,0.653035745935592
cub200,convnext_tiny,0,shuffle_120,shuffle,"(1, 2, 0)",5794,0.4967207455988954,0.4813390024891519,0.50408535474538
cub200,convnext_tiny,0,shuffle_201,shuffle,"(2, 0, 1)",5794,0.4858474283741802,0.4771134678637301,0.4923590081722726
cub200,convnext_tiny,0,shuffle_210,shuffle,"(2, 1, 0)",5794,0.4711770797376596,0.4670160678859899,0.478652338376062
cub200,convnext_tiny,0,quant_2,quant,2,5794,0.3727994477045219,0.3701953883889747,0.3770554365579419
cub200,convnext_tiny,0,quant_4,quant,4,5794,0.7583707283396617,0.759383640248522,0.7600668255090255
cub200,convnext_tiny,0,quant_8,quant,8,5794,0.8584742837418019,0.8582014496536181,0.859723796556571
cub200,convnext_tiny,0,quant_16,quant,16,5794,0.8765964791163272,0.8764024377044382,0.8777965017132143
cub200,convnext_tiny,1,clean,clean,0,5794,0.8897134967207456,0.8892189685160562,0.8911230761728868
cub200,convnext_tiny,1,grayscale,grayscale,,5794,0.5172592336900241,0.4777374429490825,0.5244119210790875
cub200,convnext_tiny,1,hue_-0.500,hue,-0.5,5794,0.473593372454263,0.4768669094705239,0.4818197796852023
cub200,convnext_tiny,1,hue_-0.250,hue,-0.25,5794,0.525716258198136,0.512386761160217,0.5338194647819835
cub200,convnext_tiny,1,hue_-0.083,hue,-0.083,5794,0.6767345529858474,0.6720558993186403,0.6814167982367897
cub200,convnext_tiny,1,hue_+0.083,hue,0.083,5794,0.7159130134622023,0.7047987735270718,0.7203495324162293
cub200,convnext_tiny,1,hue_+0.250,hue,0.25,5794,0.5258888505350362,0.5202345798532282,0.5334942624294001
cub200,convnext_tiny,1,hue_+0.500,hue,0.5,5794,0.473593372454263,0.4768669094705239,0.4818197796852023
cub200,convnext_tiny,1,shuffle_021,shuffle,"(0, 2, 1)",5794,0.6223679668622714,0.6138251815716136,0.6287333182677813
cub200,convnext_tiny,1,shuffle_102,shuffle,"(1, 0, 2)",5794,0.6432516396272006,0.6345751421194066,0.6482934540756682
cub200,convnext_tiny,1,shuffle_120,shuffle,"(1, 2, 0)",5794,0.4801518812564722,0.4620240591365409,0.4891509089230031
cub200,convnext_tiny,1,shuffle_201,shuffle,"(2, 0, 1)",5794,0.4696237487055574,0.4623931335627703,0.4780994233291833
cub200,convnext_tiny,1,shuffle_210,shuffle,"(2, 1, 0)",5794,0.4620296858819468,0.4489886081055744,0.4707927301064286
cub200,convnext_tiny,1,quant_2,quant,2,5794,0.4283741801863997,0.4219678117146249,0.4331303118158046
cub200,convnext_tiny,1,quant_4,quant,4,5794,0.7751121850189852,0.7768764125550376,0.7776014952502368
cub200,convnext_tiny,1,quant_8,quant,8,5794,0.8655505695547118,0.8651042908382809,0.8671727227768418
cub200,convnext_tiny,1,quant_16,quant,16,5794,0.8788401794960303,0.8788347342262581,0.8803927806063845
cub200,convnext_tiny,2,clean,clean,0,5794,0.8841905419399378,0.8843010526529076,0.8858289234240864
cub200,convnext_tiny,2,grayscale,grayscale,,5794,0.5182947877114256,0.4760124145469986,0.5246734767675547
cub200,convnext_tiny,2,hue_-0.500,hue,-0.5,5794,0.482913358646876,0.4844133532043975,0.4908057520808448
cub200,convnext_tiny,2,hue_-0.250,hue,-0.25,5794,0.530031066620642,0.5213551541362303,0.5381562785471686
cub200,convnext_tiny,2,hue_-0.083,hue,-0.083,5794,0.68570935450466,0.6829333403597954,0.6914655342042306
cub200,convnext_tiny,2,hue_+0.083,hue,0.083,5794,0.7088367276492924,0.703170535610367,0.7133695999853973
cub200,convnext_tiny,2,hue_+0.250,hue,0.25,5794,0.5326199516741457,0.5276813853940333,0.5399704002068872
cub200,convnext_tiny,2,hue_+0.500,hue,0.5,5794,0.482913358646876,0.4844133532043975,0.4908057520808448
cub200,convnext_tiny,2,shuffle_021,shuffle,"(0, 2, 1)",5794,0.6477390403866068,0.6379209738394443,0.6533565235240253
cub200,convnext_tiny,2,shuffle_102,shuffle,"(1, 0, 2)",5794,0.634276838108388,0.6245879088037429,0.6399505977129272
cub200,convnext_tiny,2,shuffle_120,shuffle,"(1, 2, 0)",5794,0.4910251984811874,0.4806272541331465,0.4996974262764919
cub200,convnext_tiny,2,shuffle_201,shuffle,"(2, 0, 1)",5794,0.4804970659302727,0.4729958613224898,0.4886518817271993
cub200,convnext_tiny,2,shuffle_210,shuffle,"(2, 1, 0)",5794,0.4811874352778736,0.4706849080964864,0.4899960951654907
cub200,convnext_tiny,2,quant_2,quant,2,5794,0.3784949948222298,0.3755831696612776,0.3848111277923675
cub200,convnext_tiny,2,quant_4,quant,4,5794,0.7644114601311702,0.7637001388784426,0.7670798557473575
cub200,convnext_tiny,2,quant_8,quant,8,5794,0.8614083534691059,0.8607617246090632,0.8628764997718876
cub200,convnext_tiny,2,quant_16,quant,16,5794,0.880048325854332,0.879593602182512,0.8817821762064443
cub200,convnext_tiny,3,clean,clean,0,5794,0.8883327580255437,0.8883268899694481,0.8898105113014764
cub200,convnext_tiny,3,grayscale,grayscale,,5794,0.5327925440110459,0.4924642635082359,0.5380591768586324
cub200,convnext_tiny,3,hue_-0.500,hue,-0.5,5794,0.4758370728339661,0.4806897910119405,0.4821426738630439
cub200,convnext_tiny,3,hue_-0.250,hue,-0.25,5794,0.5429754918881602,0.5292919589371203,0.54881676134215
cub200,convnext_tiny,3,hue_-0.083,hue,-0.083,5794,0.7131515360717984,0.7097401648286398,0.7175314491059381
cub200,convnext_tiny,3,hue_+0.083,hue,0.083,5794,0.717811529168105,0.7147181147505541,0.722398250453703
cub200,convnext_tiny,3,hue_+0.250,hue,0.25,5794,0.530031066620642,0.5200623513887271,0.536864209256204
cub200,convnext_tiny,3,hue_+0.500,hue,0.5,5794,0.4758370728339661,0.4806897910119405,0.4821426738630439
cub200,convnext_tiny,3,shuffle_021,shuffle,"(0, 2, 1)",5794,0.6625819813600277,0.6492028307543868,0.6666522308999032
cub200,convnext_tiny,3,shuffle_102,shuffle,"(1, 0, 2)",5794,0.6404901622367967,0.6263405093902544,0.6463765886655495
cub200,convnext_tiny,3,shuffle_120,shuffle,"(1, 2, 0)",5794,0.4989644459785985,0.4786050356940028,0.505963478760646
cub200,convnext_tiny,3,shuffle_201,shuffle,"(2, 0, 1)",5794,0.4741111494649637,0.4655337082728724,0.4796900343841084
cub200,convnext_tiny,3,shuffle_210,shuffle,"(2, 1, 0)",5794,0.4568519157749396,0.4500600227939791,0.4647865530979829
cub200,convnext_tiny,3,quant_2,quant,2,5794,0.3805661028650328,0.3789527723218562,0.3840596895651933
cub200,convnext_tiny,3,quant_4,quant,4,5794,0.7590610976872627,0.7602422998658107,0.7605765634944006
cub200,convnext_tiny,3,quant_8,quant,8,5794,0.8612357611322057,0.8615673514864151,0.8628612193522041
cub200,convnext_tiny,3,quant_16,quant,16,5794,0.8788401794960303,0.8785134587551895,0.8805026085726788
cub200,convnext_tiny,4,clean,clean,0,5794,0.8874697963410425,0.8875434376899648,0.8887423136189412
cub200,convnext_tiny,4,grayscale,grayscale,,5794,0.5340006903693476,0.4965271352565615,0.5418329637490058
cub200,convnext_tiny,4,hue_-0.500,hue,-0.5,5794,0.4870555747324819,0.4919995423398361,0.4950164713410393
cub200,convnext_tiny,4,hue_-0.250,hue,-0.25,5794,0.5481532619951675,0.5423843482513407,0.5559375602763317
cub200,convnext_tiny,4,hue_-0.083,hue,-0.083,5794,0.6941663790127718,0.6933406722898077,0.6987472592543017
cub200,convnext_tiny,4,hue_+0.083,hue,0.083,5794,0.7497411114946496,0.7473084654301893,0.7537568246784296
cub200,convnext_tiny,4,hue_+0.250,hue,0.25,5794,0.5548843631342768,0.5555393103413787,0.5620146065996101
cub200,convnext_tiny,4,hue_+0.500,hue,0.5,5794,0.4870555747324819,0.4919995423398361,0.4950164713410393
cub200,convnext_tiny,4,shuffle_021,shuffle,"(0, 2, 1)",5794,0.6475664480497066,0.6412091089582443,0.6538265151334867
cub200,convnext_tiny,4,shuffle_102,shuffle,"(1, 0, 2)",5794,0.6655160510873317,0.6558248184307811,0.6704892854273625
cub200,convnext_tiny,4,shuffle_120,shuffle,"(1, 2, 0)",5794,0.5117362789092165,0.4933737977573528,0.5209568180868583
cub200,convnext_tiny,4,shuffle_201,shuffle,"(2, 0, 1)",5794,0.5,0.4979817832905279,0.5073498226495938
cub200,convnext_tiny,4,shuffle_210,shuffle,"(2, 1, 0)",5794,0.4855022437003797,0.476236747509802,0.4943945485632142
cub200,convnext_tiny,4,quant_2,quant,2,5794,0.4061097687262685,0.4055379587676455,0.4092421480194699
cub200,convnext_tiny,4,quant_4,quant,4,5794,0.774249223334484,0.7743391100280494,0.7767768605853117
cub200,convnext_tiny,4,quant_8,quant,8,5794,0.8652053848809113,0.8651724993410386,0.8669479490760956
cub200,convnext_tiny,4,quant_16,quant,16,5794,0.8793579565067311,0.8791384034121063,0.8806765896128124
cub200,vit_small,0,clean,clean,0,5794,0.8503624439074905,0.8487309462480128,0.8512916718770502
cub200,vit_small,0,grayscale,grayscale,,5794,0.412150500517777,0.3638524380201269,0.4171352780021998
cub200,vit_small,0,hue_-0.500,hue,-0.5,5794,0.3816016568864342,0.3777798159394734,0.3881636234982917
cub200,vit_small,0,hue_-0.250,hue,-0.25,5794,0.416465308940283,0.3993671489605244,0.4220529025663366
cub200,vit_small,0,hue_-0.083,hue,-0.083,5794,0.6225405591991715,0.6188550456695793,0.6273386384913647
cub200,vit_small,0,hue_+0.083,hue,0.083,5794,0.66430790472903,0.6626575127022614,0.6688089483579305
cub200,vit_small,0,hue_+0.250,hue,0.25,5794,0.3629616845012081,0.362830245888948,0.3701827840030712
cub200,vit_small,0,hue_+0.500,hue,0.5,5794,0.3816016568864342,0.3777798159394734,0.3881636234982917
cub200,vit_small,0,shuffle_021,shuffle,"(0, 2, 1)",5794,0.5107007248878149,0.4880730311047632,0.5166304912023368
cub200,vit_small,0,shuffle_102,shuffle,"(1, 0, 2)",5794,0.525716258198136,0.5205209677951824,0.5304386198589426
cub200,vit_small,0,shuffle_120,shuffle,"(1, 2, 0)",5794,0.3760787021056265,0.355010980499825,0.3825392196947077
cub200,vit_small,0,shuffle_201,shuffle,"(2, 0, 1)",5794,0.3479461511908871,0.3447086965898157,0.3548466371976393
cub200,vit_small,0,shuffle_210,shuffle,"(2, 1, 0)",5794,0.4017949603037625,0.3886169165353591,0.4093397195162168
cub200,vit_small,0,quant_2,quant,2,5794,0.0246807041767345,0.0148626280857605,0.0246890398457115
cub200,vit_small,0,quant_4,quant,4,5794,0.6582671729375216,0.6552833953073519,0.6592847920496464
cub200,vit_small,0,quant_8,quant,8,5794,0.8175698998964446,0.8154841680115783,0.8190030719205541
cub200,vit_small,0,quant_16,quant,16,5794,0.8455298584742837,0.843926239588969,0.8468575662109356
cub200,vit_small,1,clean,clean,0,5794,0.8463928201587849,0.8452684595112094,0.8481465488556351
cub200,vit_small,1,grayscale,grayscale,,5794,0.4380393510528133,0.397197647342499,0.443812506626205
cub200,vit_small,1,hue_-0.500,hue,-0.5,5794,0.3867794269934415,0.3758597416917167,0.3934361362872962
cub200,vit_small,1,hue_-0.250,hue,-0.25,5794,0.4238867794269934,0.4040572703299776,0.4307132270148525
cub200,vit_small,1,hue_-0.083,hue,-0.083,5794,0.6297894373489817,0.6193305151850047,0.6341970944498365
cub200,vit_small,1,hue_+0.083,hue,0.083,5794,0.6574042112530204,0.6561644951779957,0.6624805494377617
cub200,vit_small,1,hue_+0.250,hue,0.25,5794,0.3969623748705557,0.3996288111881073,0.404327621188763
cub200,vit_small,1,hue_+0.500,hue,0.5,5794,0.3867794269934415,0.3758597416917167,0.3934361362872962
cub200,vit_small,1,shuffle_021,shuffle,"(0, 2, 1)",5794,0.5402140144977563,0.5178013817871181,0.5462793332697854
cub200,vit_small,1,shuffle_102,shuffle,"(1, 0, 2)",5794,0.5433206765619607,0.5386936546754506,0.5487814584946282
cub200,vit_small,1,shuffle_120,shuffle,"(1, 2, 0)",5794,0.3917846047635485,0.37192337602519,0.3992641384949836
cub200,vit_small,1,shuffle_201,shuffle,"(2, 0, 1)",5794,0.3848809112875388,0.379803349827122,0.3908437141655204
cub200,vit_small,1,shuffle_210,shuffle,"(2, 1, 0)",5794,0.4081808767690714,0.3943678726306638,0.4162316859393124
cub200,vit_small,1,quant_2,quant,2,5794,0.0203658957542285,0.0129200359287762,0.0208929562996279
cub200,vit_small,1,quant_4,quant,4,5794,0.659302726958923,0.6530500994780174,0.6614563800110039
cub200,vit_small,1,quant_8,quant,8,5794,0.8168795305488437,0.8149090438835341,0.8184821772313684
cub200,vit_small,1,quant_16,quant,16,5794,0.8412150500517777,0.8401818655581621,0.8433835664884549
cub200,vit_small,2,clean,clean,0,5794,0.8503624439074905,0.8491103074313742,0.8524363294280443
cub200,vit_small,2,grayscale,grayscale,,5794,0.427856403175699,0.3867099717112361,0.4342917637917638
cub200,vit_small,2,hue_-0.500,hue,-0.5,5794,0.3897134967207456,0.3841546391120181,0.3970530247587179
cub200,vit_small,2,hue_-0.250,hue,-0.25,5794,0.3874697963410424,0.3740657671302002,0.3930586150539595
cub200,vit_small,2,hue_-0.083,hue,-0.083,5794,0.627890921643079,0.6278296477181453,0.6319919930451374
cub200,vit_small,2,hue_+0.083,hue,0.083,5794,0.6511908871246117,0.6514440529121929,0.6561873045204735
cub200,vit_small,2,hue_+0.250,hue,0.25,5794,0.3496720745598895,0.3528637478790055,0.3575951973150545
cub200,vit_small,2,hue_+0.500,hue,0.5,5794,0.3897134967207456,0.3841546391120181,0.3970530247587179
cub200,vit_small,2,shuffle_021,shuffle,"(0, 2, 1)",5794,0.511391094235416,0.4940371106981473,0.5169466727302875
cub200,vit_small,2,shuffle_102,shuffle,"(1, 0, 2)",5794,0.5236451501553331,0.5202908282539647,0.5295106582054622
cub200,vit_small,2,shuffle_120,shuffle,"(1, 2, 0)",5794,0.3639972385226096,0.343419438725204,0.3716405736153427
cub200,vit_small,2,shuffle_201,shuffle,"(2, 0, 1)",5794,0.3370728339661719,0.3430416254176087,0.3452093590701655
cub200,vit_small,2,shuffle_210,shuffle,"(2, 1, 0)",5794,0.391439420089748,0.3861319149409314,0.399327184352277
cub200,vit_small,2,quant_2,quant,2,5794,0.0181221953745253,0.011183827695005,0.0182122234198695
cub200,vit_small,2,quant_4,quant,4,5794,0.6361753538142907,0.6302322912595787,0.638775769114876
cub200,vit_small,2,quant_8,quant,8,5794,0.8137728684846393,0.8109869057793915,0.8157042501775794
cub200,vit_small,2,quant_16,quant,16,5794,0.8412150500517777,0.8398121824473386,0.8430830400256346
cub200,vit_small,3,clean,clean,0,5794,0.8477735588539869,0.8460430281785292,0.8487563462055887
cub200,vit_small,3,grayscale,grayscale,,5794,0.4306178805661028,0.3883579919385852,0.4359593357389459
cub200,vit_small,3,hue_-0.500,hue,-0.5,5794,0.3776320331377287,0.370693951259152,0.3836347539289227
cub200,vit_small,3,hue_-0.250,hue,-0.25,5794,0.4187090093199861,0.4022588872908139,0.4252061097615426
cub200,vit_small,3,hue_-0.083,hue,-0.083,5794,0.6515360717984121,0.6411594221375632,0.6551828047365805
cub200,vit_small,3,hue_+0.083,hue,0.083,5794,0.656368657231619,0.6509053631152293,0.661543206949405
cub200,vit_small,3,hue_+0.250,hue,0.25,5794,0.3639972385226096,0.3644011113535961,0.3713559852140693
cub200,vit_small,3,hue_+0.500,hue,0.5,5794,0.3776320331377287,0.370693951259152,0.3836347539289227
cub200,vit_small,3,shuffle_021,shuffle,"(0, 2, 1)",5794,0.5469451156368658,0.5287114464958165,0.5515899861176433
cub200,vit_small,3,shuffle_102,shuffle,"(1, 0, 2)",5794,0.5308940283051432,0.5211922086628566,0.5362573309093273
cub200,vit_small,3,shuffle_120,shuffle,"(1, 2, 0)",5794,0.3752157404211253,0.3540055500777426,0.3830393031936865
cub200,vit_small,3,shuffle_201,shuffle,"(2, 0, 1)",5794,0.3472557818432861,0.3410513043227183,0.3534609690746754
cub200,vit_small,3,shuffle_210,shuffle,"(2, 1, 0)",5794,0.397134967207456,0.3826507978464334,0.4037501760574632
cub200,vit_small,3,quant_2,quant,2,5794,0.0217466344494304,0.0166139958887918,0.021946538094589
cub200,vit_small,3,quant_4,quant,4,5794,0.6389368312046945,0.635756992048524,0.6408057356106752
cub200,vit_small,3,quant_8,quant,8,5794,0.8075595443562306,0.8046088595338128,0.8090451307170315
cub200,vit_small,3,quant_16,quant,16,5794,0.8403520883672765,0.8378807286984999,0.8417607049284829
cub200,vit_small,4,clean,clean,0,5794,0.8543320676561961,0.8534626234442894,0.8562679416509212
cub200,vit_small,4,grayscale,grayscale,,5794,0.4275112185018985,0.3859921421117536,0.4344877066544982
cub200,vit_small,4,hue_-0.500,hue,-0.5,5794,0.3945460821539523,0.3975039354680817,0.4018463184332552
cub200,vit_small,4,hue_-0.250,hue,-0.25,5794,0.4097342078011736,0.3949950345339249,0.4162118933362127
cub200,vit_small,4,hue_-0.083,hue,-0.083,5794,0.624266482568174,0.619294350571513,0.6295343560510847
cub200,vit_small,4,hue_+0.083,hue,0.083,5794,0.6572316189161201,0.6520371223688776,0.6628942670025089
cub200,vit_small,4,hue_+0.250,hue,0.25,5794,0.4156023472557818,0.4140136898509357,0.4249150947234668
cub200,vit_small,4,hue_+0.500,hue,0.5,5794,0.3945460821539523,0.3975039354680817,0.4018463184332552
cub200,vit_small,4,shuffle_021,shuffle,"(0, 2, 1)",5794,0.5310666206420435,0.5137818927730282,0.5365434437366499
cub200,vit_small,4,shuffle_102,shuffle,"(1, 0, 2)",5794,0.5693821194338972,0.5602137848066135,0.5755436026604653
cub200,vit_small,4,shuffle_120,shuffle,"(1, 2, 0)",5794,0.3833275802554367,0.362531857405766,0.391109338424536
cub200,vit_small,4,shuffle_201,shuffle,"(2, 0, 1)",5794,0.3954090438384536,0.3963875018697013,0.403226702239722
cub200,vit_small,4,shuffle_210,shuffle,"(2, 1, 0)",5794,0.3985157059026579,0.3927922590906694,0.4073875675951743
cub200,vit_small,4,quant_2,quant,2,5794,0.0217466344494304,0.011895597025853,0.0222535652753044
cub200,vit_small,4,quant_4,quant,4,5794,0.647911632723507,0.6428299311462325,0.6499490163270246
cub200,vit_small,4,quant_8,quant,8,5794,0.8251639627200552,0.8228313982646724,0.8266543206677153
cub200,vit_small,4,quant_16,quant,16,5794,0.8489817052122886,0.8474698882345066,0.8511854533128306
cub200,resnet50_gray,0,clean,clean,0,5794,0.0428028995512599,0.0443231737415003,0.0448953403181683
cub200,resnet50_gray,0,grayscale,grayscale,,5794,0.6487745944080083,0.6491451362046348,0.6523041656155758
cub200,resnet50_gray,0,hue_-0.500,hue,-0.5,5794,0.0567828788401795,0.05949397268274,0.0590102489482075
cub200,resnet50_gray,0,hue_-0.250,hue,-0.25,5794,0.0440110459095616,0.0468761601606742,0.0468200953876602
cub200,resnet50_gray,0,hue_-0.083,hue,-0.083,5794,0.0434932688988608,0.0425466216129891,0.0457154063091489
cub200,resnet50_gray,0,hue_+0.083,hue,0.083,5794,0.0417673455298584,0.0443018590564323,0.0443212928693477
cub200,resnet50_gray,0,hue_+0.250,hue,0.25,5794,0.0410769761822575,0.0426331730995559,0.0433304644385485
cub200,resnet50_gray,0,hue_+0.500,hue,0.5,5794,0.0567828788401795,0.05949397268274,0.0590102489482075
cub200,resnet50_gray,0,shuffle_021,shuffle,"(0, 2, 1)",5794,0.0497065930272695,0.0515719712501325,0.0523294835222555
cub200,resnet50_gray,0,shuffle_102,shuffle,"(1, 0, 2)",5794,0.0447014152571625,0.0477712136995188,0.0477699357486897
cub200,resnet50_gray,0,shuffle_120,shuffle,"(1, 2, 0)",5794,0.0554021401449775,0.0609384245999799,0.0584666690919748
cub200,resnet50_gray,0,shuffle_201,shuffle,"(2, 0, 1)",5794,0.0490162236796686,0.0499926230894157,0.0520186449224167
cub200,resnet50_gray,0,shuffle_210,shuffle,"(2, 1, 0)",5794,0.0529858474283741,0.0572977547186199,0.0552498339114965
cub200,resnet50_gray,0,quant_2,quant,2,5794,0.0081118398343113,0.0023824267513417,0.007873973727422
cub200,resnet50_gray,0,quant_4,quant,4,5794,0.0077666551605108,0.004026768798698,0.0076474262868565
cub200,resnet50_gray,0,quant_8,quant,8,5794,0.0144977562996202,0.0115707368647451,0.0153492533466691
cub200,resnet50_gray,0,quant_16,quant,16,5794,0.0326199516741456,0.0323830080894321,0.0347058998937007
cub200,resnet50_gray,1,clean,clean,0,5794,0.0609250949257852,0.068326611427675,0.0633308647282647
cub200,resnet50_gray,1,grayscale,grayscale,,5794,0.6439420089748015,0.6452860724878522,0.6475365724045398
cub200,resnet50_gray,1,hue_-0.500,hue,-0.5,5794,0.0419399378667587,0.0487809871517724,0.0442017225324453
cub200,resnet50_gray,1,hue_-0.250,hue,-0.25,5794,0.0341732827062478,0.0422757941581583,0.0358400618556067
cub200,resnet50_gray,1,hue_-0.083,hue,-0.083,5794,0.0383154987918536,0.0441590285021979,0.0404516537869137
cub200,resnet50_gray,1,hue_+0.083,hue,0.083,5794,0.0633413876423886,0.0709290391443812,0.065944143326097
cub200,resnet50_gray,1,hue_+0.250,hue,0.25,5794,0.0431480842250604,0.0470813385390635,0.045348862308422
cub200,resnet50_gray,1,hue_+0.500,hue,0.5,5794,0.0419399378667587,0.0487809871517724,0.0442017225324453
cub200,resnet50_gray,1,shuffle_021,shuffle,"(0, 2, 1)",5794,0.0333103210217466,0.0389201812208442,0.0358142549253967
cub200,resnet50_gray,1,shuffle_102,shuffle,"(1, 0, 2)",5794,0.0717984121505005,0.0814098460496422,0.0748000711664603
cub200,resnet50_gray,1,shuffle_120,shuffle,"(1, 2, 0)",5794,0.0521228857438729,0.0615390785617589,0.0540808169622183
cub200,resnet50_gray,1,shuffle_201,shuffle,"(2, 0, 1)",5794,0.0391784604763548,0.0455533013079105,0.0413811054144834
cub200,resnet50_gray,1,shuffle_210,shuffle,"(2, 1, 0)",5794,0.039351052813255,0.0448560113917395,0.0411677207363509
cub200,resnet50_gray,1,quant_2,quant,2,5794,0.0062133241284086,0.0017929909660194,0.0065846944948578
cub200,resnet50_gray,1,quant_4,quant,4,5794,0.0094925785295132,0.0046684200158638,0.0105290381125226
cub200,resnet50_gray,1,quant_8,quant,8,5794,0.0231273731446323,0.0229083979932102,0.0234721804340481
cub200,resnet50_gray,1,quant_16,quant,16,5794,0.0562651018294787,0.0621455183018237,0.0594776992911609
cub200,resnet50_gray,2,clean,clean,0,5794,0.040041422160856,0.0407581042098666,0.0423114162856528
cub200,resnet50_gray,2,grayscale,grayscale,,5794,0.6522264411460131,0.6537155204162132,0.6552628996207273
cub200,resnet50_gray,2,hue_-0.500,hue,-0.5,5794,0.0398688298239558,0.0439737102231596,0.0420300152910032
cub200,resnet50_gray,2,hue_-0.250,hue,-0.25,5794,0.0181221953745253,0.022093722084328,0.0191327694833376
cub200,resnet50_gray,2,hue_-0.083,hue,-0.083,5794,0.0169140490162236,0.0187144465803767,0.0178837829888883
cub200,resnet50_gray,2,hue_+0.083,hue,0.083,5794,0.0673110113910942,0.0698544583479515,0.0703740529681703
cub200,resnet50_gray,2,hue_+0.250,hue,0.25,5794,0.0314118053158439,0.0319467252337408,0.032577469894581
cub200,resnet50_gray,2,hue_+0.500,hue,0.5,5794,0.0398688298239558,0.0439737102231596,0.0420300152910032
cub200,resnet50_gray,2,shuffle_021,shuffle,"(0, 2, 1)",5794,0.0157059026579219,0.0184622239168723,0.0163220590661607
cub200,resnet50_gray,2,shuffle_102,shuffle,"(1, 0, 2)",5794,0.0623058336209872,0.069072080031148,0.0649960117409616
cub200,resnet50_gray,2,shuffle_120,shuffle,"(1, 2, 0)",5794,0.0386606834656541,0.0441894711469598,0.0400964364878394
cub200,resnet50_gray,2,shuffle_201,shuffle,"(2, 0, 1)",5794,0.0296858819468415,0.028920261069616,0.0308210698990901
cub200,resnet50_gray,2,shuffle_210,shuffle,"(2, 1, 0)",5794,0.0345184673800483,0.0358989776828585,0.0356620829195791
cub200,resnet50_gray,2,quant_2,quant,2,5794,0.0062133241284086,0.0021200970629662,0.0064939503932244
cub200,resnet50_gray,2,quant_4,quant,4,5794,0.0075940628236106,0.0043271634176184,0.0080743539713396
cub200,resnet50_gray,2,quant_8,quant,8,5794,0.0182947877114256,0.0181054300897239,0.0194356950028061
cub200,resnet50_gray,2,quant_16,quant,16,5794,0.0371073524335519,0.0382708600976328,0.0396378846304278
cub200,resnet50_gray,3,clean,clean,0,5794,0.01432516396272,0.0131733448682138,0.0155429664696018
cub200,resnet50_gray,3,grayscale,grayscale,,5794,0.6544701415257163,0.6549553041354433,0.657394742180586
cub200,resnet50_gray,3,hue_-0.500,hue,-0.5,5794,0.0165688643424231,0.0171627850605759,0.0178190757662863
cub200,resnet50_gray,3,hue_-0.250,hue,-0.25,5794,0.0074214704867103,0.0045926384753143,0.007899144412756
cub200,resnet50_gray,3,hue_-0.083,hue,-0.083,5794,0.0094925785295132,0.006016715358221,0.0105605824907095
cub200,resnet50_gray,3,hue_+0.083,hue,0.083,5794,0.0340006903693476,0.034214516771497,0.0354813768453593
cub200,resnet50_gray,3,hue_+0.250,hue,0.25,5794,0.0131170176044183,0.0100937314894814,0.0141670538619958
cub200,resnet50_gray,3,hue_+0.500,hue,0.5,5794,0.0165688643424231,0.0171627850605759,0.0178190757662863
cub200,resnet50_gray,3,shuffle_021,shuffle,"(0, 2, 1)",5794,0.0075940628236106,0.0040505004308112,0.0082949183303085
cub200,resnet50_gray,3,shuffle_102,shuffle,"(1, 0, 2)",5794,0.0279599585778391,0.0312977679679272,0.0295526168904611
cub200,resnet50_gray,3,shuffle_120,shuffle,"(1, 2, 0)",5794,0.0148429409734207,0.0138897696644757,0.0159731718214713
cub200,resnet50_gray,3,shuffle_201,shuffle,"(2, 0, 1)",5794,0.009319986192613,0.0059393393648291,0.0096860725481415
cub200,resnet50_gray,3,shuffle_210,shuffle,"(2, 1, 0)",5794,0.0141525716258198,0.0130005103625015,0.0152485882827554
cub200,resnet50_gray,3,quant_2,quant,2,5794,0.0067311011391094,0.0010570781308848,0.0071869328493647
cub200,resnet50_gray,3,quant_4,quant,4,5794,0.0044874007594062,0.0020866118718808,0.0054553608363282
cub200,resnet50_gray,3,quant_8,quant,8,5794,0.0075940628236106,0.0042098009680539,0.0083158798249542
cub200,resnet50_gray,3,quant_16,quant,16,5794,0.0110459095616154,0.0080773475084592,0.0116241505016459
cub200,resnet50_gray,4,clean,clean,0,5794,0.0176044183638246,0.0211023635464059,0.0175720927130419
cub200,resnet50_gray,4,grayscale,grayscale,,5794,0.6498101484294098,0.6505776693171924,0.6527349142509326
cub200,resnet50_gray,4,hue_-0.500,hue,-0.5,5794,0.0274421815671384,0.0320514244968524,0.0291483597743165
cub200,resnet50_gray,4,hue_-0.250,hue,-0.25,5794,0.0098377632033137,0.0096396604217138,0.0099656508041263
cub200,resnet50_gray,4,hue_-0.083,hue,-0.083,5794,0.0091473938557128,0.0096191350227419,0.0092730101114856
cub200,resnet50_gray,4,hue_+0.083,hue,0.083,5794,0.0521228857438729,0.0604491808296527,0.0542271717253173
cub200,resnet50_gray,4,hue_+0.250,hue,0.25,5794,0.0205384880911287,0.0210114233164274,0.0216668240555047
cub200,resnet50_gray,4,hue_+0.500,hue,0.5,5794,0.0274421815671384,0.0320514244968524,0.0291483597743165
cub200,resnet50_gray,4,shuffle_021,shuffle,"(0, 2, 1)",5794,0.0096651708664135,0.0087001028029375,0.0099968710962358
cub200,resnet50_gray,4,shuffle_102,shuffle,"(1, 0, 2)",5794,0.0510873317224715,0.0589599871906552,0.0526223286366701
cub200,resnet50_gray,4,shuffle_120,shuffle,"(1, 2, 0)",5794,0.0215740421125302,0.0258850907903755,0.0224629346297459
cub200,resnet50_gray,4,shuffle_201,shuffle,"(2, 0, 1)",5794,0.0162236796686227,0.0156825811729742,0.0169272949820373
cub200,resnet50_gray,4,shuffle_210,shuffle,"(2, 1, 0)",5794,0.0205384880911287,0.0235678475193133,0.0215279816516895
cub200,resnet50_gray,4,quant_2,quant,2,5794,0.0055229547808077,0.0018159475015163,0.0054355716878402
cub200,resnet50_gray,4,quant_4,quant,4,5794,0.0034518467380048,0.0013502309309871,0.0034355716878402
cub200,resnet50_gray,4,quant_8,quant,8,5794,0.0081118398343113,0.0071906241665478,0.0088381160581705
cub200,resnet50_gray,4,quant_16,quant,16,5794,0.0141525716258198,0.0164886426873853,0.0143936408419167
cub200,convnext_tiny_in1k_gray,0,clean,clean,0,5794,0.6962374870555748,0.6974019826500377,0.6993563837352403
cub200,convnext_tiny_in1k_gray,0,grayscale,grayscale,,5794,0.7431826026924404,0.743064941041035,0.7466103843989111
cub200,convnext_tiny_in1k_gray,0,hue_-0.500,hue,-0.5,5794,0.6111494649637557,0.6166031537490703,0.6167415985245426
cub200,convnext_tiny_in1k_gray,0,hue_-0.250,hue,-0.25,5794,0.6670693821194339,0.6708053465574264,0.670783226423722
cub200,convnext_tiny_in1k_gray,0,hue_-0.083,hue,-0.083,5794,0.6624093890231274,0.6651067919385909,0.6661629081287213
cub200,convnext_tiny_in1k_gray,0,hue_+0.083,hue,0.083,5794,0.6971004487400759,0.6977648069612331,0.6999470663728141
cub200,convnext_tiny_in1k_gray,0,hue_+0.250,hue,0.25,5794,0.6667241974456334,0.6707494338721781,0.6710612093636832
cub200,convnext_tiny_in1k_gray,0,hue_+0.500,hue,0.5,5794,0.6111494649637557,0.6166031537490703,0.6167415985245426
cub200,convnext_tiny_in1k_gray,0,shuffle_021,shuffle,"(0, 2, 1)",5794,0.6831204694511563,0.6863187776804297,0.6859769787539061
cub200,convnext_tiny_in1k_gray,0,shuffle_102,shuffle,"(1, 0, 2)",5794,0.6889886089057646,0.6919131338341111,0.6927873904511835
cub200,convnext_tiny_in1k_gray,0,shuffle_120,shuffle,"(1, 2, 0)",5794,0.6686227131515361,0.6725857026759019,0.6721727753492727
cub200,convnext_tiny_in1k_gray,0,shuffle_201,shuffle,"(2, 0, 1)",5794,0.6781152916810493,0.6817203511660449,0.6819152305861255
cub200,convnext_tiny_in1k_gray,0,shuffle_210,shuffle,"(2, 1, 0)",5794,0.6831204694511563,0.687267896321706,0.6869678752470514
cub200,convnext_tiny_in1k_gray,0,quant_2,quant,2,5794,0.4026579219882637,0.3984570363586737,0.4086314621744867
cub200,convnext_tiny_in1k_gray,0,quant_4,quant,4,5794,0.4984466689678978,0.4982947942809175,0.5024864973878624
cub200,convnext_tiny_in1k_gray,0,quant_8,quant,8,5794,0.619261304798067,0.6182762974104413,0.6223584111937699
cub200,convnext_tiny_in1k_gray,0,quant_16,quant,16,5794,0.6732827062478426,0.6725089296762863,0.6757132090819655
cub200,convnext_tiny_in1k_gray,1,clean,clean,0,5794,0.6901967552640663,0.6938873298040604,0.6938874623276896
cub200,convnext_tiny_in1k_gray,1,grayscale,grayscale,,5794,0.7338626164998274,0.7349284537191201,0.7374229642201118
cub200,convnext_tiny_in1k_gray,1,hue_-0.500,hue,-0.5,5794,0.5961339316534345,0.6028540505764498,0.6015982225374042
cub200,convnext_tiny_in1k_gray,1,hue_-0.250,hue,-0.25,5794,0.6603382809803244,0.6631011436047629,0.6649459524908314
cub200,convnext_tiny_in1k_gray,1,hue_-0.083,hue,-0.083,5794,0.6537797721781153,0.656612254674453,0.6582259670125211
cub200,convnext_tiny_in1k_gray,1,hue_+0.083,hue,0.083,5794,0.6917500862961684,0.695475157611175,0.6954738623912655
cub200,convnext_tiny_in1k_gray,1,hue_+0.250,hue,0.25,5794,0.670693821194339,0.6730150927912933,0.675289718336846
cub200,convnext_tiny_in1k_gray,1,hue_+0.500,hue,0.5,5794,0.5961339316534345,0.6028540505764498,0.6015982225374042
cub200,convnext_tiny_in1k_gray,1,shuffle_021,shuffle,"(0, 2, 1)",5794,0.6648256817397308,0.6685653047254566,0.6689677693810495
cub200,convnext_tiny_in1k_gray,1,shuffle_102,shuffle,"(1, 0, 2)",5794,0.6919226786330687,0.6946176301328149,0.6959910133360974
cub200,convnext_tiny_in1k_gray,1,shuffle_120,shuffle,"(1, 2, 0)",5794,0.6587849499482223,0.6619388187588947,0.6631525290782175
cub200,convnext_tiny_in1k_gray,1,shuffle_201,shuffle,"(2, 0, 1)",5794,0.6675871591301347,0.6707984630559389,0.6722572576829461
cub200,convnext_tiny_in1k_gray,1,shuffle_210,shuffle,"(2, 1, 0)",5794,0.6536071798412151,0.6630634220266757,0.6587433084587864
cub200,convnext_tiny_in1k_gray,1,quant_2,quant,2,5794,0.3898860890576458,0.3854114757312791,0.3954630326267073
cub200,convnext_tiny_in1k_gray,1,quant_4,quant,4,5794,0.4782533655505696,0.4801075029907382,0.4825892850205168
cub200,convnext_tiny_in1k_gray,1,quant_8,quant,8,5794,0.6030376251294443,0.6037214843403751,0.6068752418596772
cub200,convnext_tiny_in1k_gray,1,quant_16,quant,16,5794,0.6632723507076286,0.6656169295840043,0.6670652320848999
cub200,convnext_tiny_in1k_gray,2,clean,clean,0,5794,0.6846738004832585,0.6855380140963294,0.6883506327111433
cub200,convnext_tiny_in1k_gray,2,grayscale,grayscale,,5794,0.7405937176389368,0.7411035685158928,0.743325699151727
cub200,convnext_tiny_in1k_gray,2,hue_-0.500,hue,-0.5,5794,0.6075250258888505,0.612353916757331,0.6127987861735396
cub200,convnext_tiny_in1k_gray,2,hue_-0.250,hue,-0.25,5794,0.6582671729375216,0.6618130314970727,0.6628592442347275
cub200,convnext_tiny_in1k_gray,2,hue_-0.083,hue,-0.083,5794,0.6454953400069037,0.6496069792266682,0.6497083436340322
cub200,convnext_tiny_in1k_gray,2,hue_+0.083,hue,0.083,5794,0.6919226786330687,0.6923621664716783,0.6961801678533115
cub200,convnext_tiny_in1k_gray,2,hue_+0.250,hue,0.25,5794,0.6558508802209182,0.6592478273482593,0.6606842386339941
cub200,convnext_tiny_in1k_gray,2,hue_+0.500,hue,0.5,5794,0.6075250258888505,0.612353916757331,0.6127987861735396
cub200,convnext_tiny_in1k_gray,2,shuffle_021,shuffle,"(0, 2, 1)",5794,0.6698308595098378,0.6730839650607768,0.674062956773128
cub200,convnext_tiny_in1k_gray,2,shuffle_102,shuffle,"(1, 0, 2)",5794,0.6834656541249569,0.6848474099858938,0.6885586010844239
cub200,convnext_tiny_in1k_gray,2,shuffle_120,shuffle,"(1, 2, 0)",5794,0.6553331032102174,0.6588515330957625,0.6599483566874279
cub200,convnext_tiny_in1k_gray,2,shuffle_201,shuffle,"(2, 0, 1)",5794,0.6584397652744218,0.6626274811002798,0.6631429650927205
cub200,convnext_tiny_in1k_gray,2,shuffle_210,shuffle,"(2, 1, 0)",5794,0.6582671729375216,0.6625645120102607,0.6624716510938202
cub200,convnext_tiny_in1k_gray,2,quant_2,quant,2,5794,0.4000690369347601,0.3938160768251394,0.405845571139365
cub200,convnext_tiny_in1k_gray,2,quant_4,quant,4,5794,0.5088022091819123,0.512645092975998,0.5136020375352223
cub200,convnext_tiny_in1k_gray,2,quant_8,quant,8,5794,0.6218501898515706,0.6240435152286344,0.6259397318665447
cub200,convnext_tiny_in1k_gray,2,quant_16,quant,16,5794,0.6758715913013462,0.6790469142341249,0.6804550453338625
cub200,convnext_tiny_in1k_gray,3,clean,clean,0,5794,0.6736278909216431,0.6740995785802412,0.6767087241347283
cub200,convnext_tiny_in1k_gray,3,grayscale,grayscale,,5794,0.7424922333448395,0.7418355634995061,0.7444390927692238
cub200,convnext_tiny_in1k_gray,3,hue_-0.500,hue,-0.5,5794,0.5906109768726269,0.5963053855688744,0.5959340037401073
cub200,convnext_tiny_in1k_gray,3,hue_-0.250,hue,-0.25,5794,0.6496375560925095,0.6540819931563702,0.6538941799284852
cub200,convnext_tiny_in1k_gray,3,hue_-0.083,hue,-0.083,5794,0.6560234725578185,0.6579639662018864,0.6596840862734297
cub200,convnext_tiny_in1k_gray,3,hue_+0.083,hue,0.083,5794,0.6696582671729375,0.6747102222677595,0.6733909807259646
cub200,convnext_tiny_in1k_gray,3,hue_+0.250,hue,0.25,5794,0.6527442181567138,0.6562482495319546,0.6569225318411186
cub200,convnext_tiny_in1k_gray,3,hue_+0.500,hue,0.5,5794,0.5906109768726269,0.5963053855688744,0.5959340037401073
cub200,convnext_tiny_in1k_gray,3,shuffle_021,shuffle,"(0, 2, 1)",5794,0.6618916120124266,0.6659486905645912,0.6653369807711716
cub200,convnext_tiny_in1k_gray,3,shuffle_102,shuffle,"(1, 0, 2)",5794,0.6724197445633414,0.6764277688238309,0.676512218931575
cub200,convnext_tiny_in1k_gray,3,shuffle_120,shuffle,"(1, 2, 0)",5794,0.6532619951674146,0.6562925037400865,0.6575213315380798
cub200,convnext_tiny_in1k_gray,3,shuffle_201,shuffle,"(2, 0, 1)",5794,0.6558508802209182,0.6615545213820059,0.6596019517896144
cub200,convnext_tiny_in1k_gray,3,shuffle_210,shuffle,"(2, 1, 0)",5794,0.6574042112530204,0.6643893409228998,0.6612169996194104
cub200,convnext_tiny_in1k_gray,3,quant_2,quant,2,5794,0.3897134967207456,0.3855514645519451,0.394994445812129
cub200,convnext_tiny_in1k_gray,3,quant_4,quant,4,5794,0.4855022437003797,0.4872890879662692,0.4894805721872518
cub200,convnext_tiny_in1k_gray,3,quant_8,quant,8,5794,0.5987228167069382,0.6000493348901702,0.6027922709671506
cub200,convnext_tiny_in1k_gray,3,quant_16,quant,16,5794,0.6508457024508112,0.6509936076988393,0.6537672688855518
cub200,convnext_tiny_in1k_gray,4,clean,clean,0,5794,0.6789782533655506,0.6816378268046729,0.6824307844726648
cub200,convnext_tiny_in1k_gray,4,grayscale,grayscale,,5794,0.7381774249223334,0.7379257489781565,0.7411002405087074
cub200,convnext_tiny_in1k_gray,4,hue_-0.500,hue,-0.5,5794,0.6007939247497411,0.6066241889314736,0.6059230627805551
cub200,convnext_tiny_in1k_gray,4,hue_-0.250,hue,-0.25,5794,0.6541249568519157,0.6561973645921252,0.6582830443497018
cub200,convnext_tiny_in1k_gray,4,hue_-0.083,hue,-0.083,5794,0.6594753192958233,0.6599587446020548,0.6636059392778796
cub200,convnext_tiny_in1k_gray,4,hue_+0.083,hue,0.083,5794,0.675008629616845,0.677609598893156,0.6781291325304977
cub200,convnext_tiny_in1k_gray,4,hue_+0.250,hue,0.25,5794,0.6403175698998964,0.6428539229484832,0.6444182965704113
cub200,convnext_tiny_in1k_gray,4,hue_+0.500,hue,0.5,5794,0.6007939247497411,0.6066241889314736,0.6059230627805551
cub200,convnext_tiny_in1k_gray,4,shuffle_021,shuffle,"(0, 2, 1)",5794,0.670003451846738,0.6711608932932868,0.6736978672974885
cub200,convnext_tiny_in1k_gray,4,shuffle_102,shuffle,"(1, 0, 2)",5794,0.6686227131515361,0.6712478887858327,0.6721355466144979
cub200,convnext_tiny_in1k_gray,4,shuffle_120,shuffle,"(1, 2, 0)",5794,0.6598205039696238,0.6612504520086158,0.6637144571675465
cub200,convnext_tiny_in1k_gray,4,shuffle_201,shuffle,"(2, 0, 1)",5794,0.6515360717984121,0.6558588364229828,0.6553587812211461
cub200,convnext_tiny_in1k_gray,4,shuffle_210,shuffle,"(2, 1, 0)",5794,0.6525716258198136,0.6595697061151583,0.6568176363201812
cub200,convnext_tiny_in1k_gray,4,quant_2,quant,2,5794,0.3817742492233344,0.3779658113218132,0.3858657008389904
cub200,convnext_tiny_in1k_gray,4,quant_4,quant,4,5794,0.4784259578874698,0.4766008674333315,0.4811397848821703
cub200,convnext_tiny_in1k_gray,4,quant_8,quant,8,5794,0.593545046599931,0.5928991743133543,0.5965449245950312
cub200,convnext_tiny_in1k_gray,4,quant_16,quant,16,5794,0.6537797721781153,0.6548102736689484,0.6569563378118969
cub200,vit_small_in1k_gray,0,clean,clean,0,5794,0.5617880566102865,0.5549255247804945,0.5649797477153077
cub200,vit_small_in1k_gray,0,grayscale,grayscale,,5794,0.6213324128408698,0.6200428291336852,0.6244257555047423
cub200,vit_small_in1k_gray,0,hue_-0.500,hue,-0.5,5794,0.5172592336900241,0.5138023295763999,0.5217039516722701
cub200,vit_small_in1k_gray,0,hue_-0.250,hue,-0.25,5794,0.5051777701070073,0.4987867766189021,0.5089859177203728
cub200,vit_small_in1k_gray,0,hue_-0.083,hue,-0.083,5794,0.5412495685191577,0.5343412922941624,0.5442198135374771
cub200,vit_small_in1k_gray,0,hue_+0.083,hue,0.083,5794,0.5403866068346566,0.5332532858962382,0.5440142042055953
cub200,vit_small_in1k_gray,0,hue_+0.250,hue,0.25,5794,0.5079392474974112,0.4990587225411149,0.5118409499681692
cub200,vit_small_in1k_gray,0,hue_+0.500,hue,0.5,5794,0.5172592336900241,0.5138023295763999,0.5217039516722701
cub200,vit_small_in1k_gray,0,shuffle_021,shuffle,"(0, 2, 1)",5794,0.5210562651018295,0.5127544276306957,0.524313178166804
cub200,vit_small_in1k_gray,0,shuffle_102,shuffle,"(1, 0, 2)",5794,0.5302036589575423,0.5241417742662566,0.5342708414145919
cub200,vit_small_in1k_gray,0,shuffle_120,shuffle,"(1, 2, 0)",5794,0.5153607179841215,0.5108940894685045,0.5189901417426076
cub200,vit_small_in1k_gray,0,shuffle_201,shuffle,"(2, 0, 1)",5794,0.536416983085951,0.5320821949216442,0.5405032581469692
cub200,vit_small_in1k_gray,0,shuffle_210,shuffle,"(2, 1, 0)",5794,0.5680013807386952,0.5655695179829102,0.5716544922465187
cub200,vit_small_in1k_gray,0,quant_2,quant,2,5794,0.0189851570590265,0.0109108678779298,0.0189236405904519
cub200,vit_small_in1k_gray,0,quant_4,quant,4,5794,0.4069727304107697,0.3969262704961531,0.4108436379859681
cub200,vit_small_in1k_gray,0,quant_8,quant,8,5794,0.5262340352088367,0.5172009147207376,0.5298755029678844
cub200,vit_small_in1k_gray,0,quant_16,quant,16,5794,0.55712806351398,0.5483713551380448,0.5601255467632805
cub200,vit_small_in1k_gray,1,clean,clean,0,5794,0.5554021401449776,0.5477839184437929,0.5599018547180191
cub200,vit_small_in1k_gray,1,grayscale,grayscale,,5794,0.6187435277873662,0.6178250144212104,0.6225660187758152
cub200,vit_small_in1k_gray,1,hue_-0.500,hue,-0.5,5794,0.5198481187435278,0.5133321188197555,0.5251095337600901
cub200,vit_small_in1k_gray,1,hue_-0.250,hue,-0.25,5794,0.5056955471177079,0.4988938378209483,0.5096419347133662
cub200,vit_small_in1k_gray,1,hue_-0.083,hue,-0.083,5794,0.5410769761822575,0.5337477278354273,0.5449331315933541
cub200,vit_small_in1k_gray,1,hue_+0.083,hue,0.083,5794,0.5415947531929582,0.5359385662848435,0.5465085453910911
cub200,vit_small_in1k_gray,1,hue_+0.250,hue,0.25,5794,0.5015533310321022,0.4963554503378763,0.5068596003706672
cub200,vit_small_in1k_gray,1,hue_+0.500,hue,0.5,5794,0.5198481187435278,0.5133321188197555,0.5251095337600901
cub200,vit_small_in1k_gray,1,shuffle_021,shuffle,"(0, 2, 1)",5794,0.5134622022782188,0.507079405253465,0.5183684108026607
cub200,vit_small_in1k_gray,1,shuffle_102,shuffle,"(1, 0, 2)",5794,0.5246807041767345,0.5226579519069143,0.5296567660831647
cub200,vit_small_in1k_gray,1,shuffle_120,shuffle,"(1, 2, 0)",5794,0.5039696237487056,0.4973327194145419,0.5081305821776705
cub200,vit_small_in1k_gray,1,shuffle_201,shuffle,"(2, 0, 1)",5794,0.5302036589575423,0.527471603542643,0.5348966637847921
cub200,vit_small_in1k_gray,1,shuffle_210,shuffle,"(2, 1, 0)",5794,0.5585088022091819,0.5550845369637881,0.5628093807091874
cub200,vit_small_in1k_gray,1,quant_2,quant,2,5794,0.020020711080428,0.0110157815310128,0.0199646756292183
cub200,vit_small_in1k_gray,1,quant_4,quant,4,5794,0.3850535036244391,0.373456386004324,0.3891299949360196
cub200,vit_small_in1k_gray,1,quant_8,quant,8,5794,0.5125992405937176,0.5008358629977735,0.5169525876349438
cub200,vit_small_in1k_gray,1,quant_16,quant,16,5794,0.5415947531929582,0.5331429584712208,0.5461169046744483
cub200,vit_small_in1k_gray,2,clean,clean,0,5794,0.5510873317224715,0.5418069415459208,0.554955034308739
cub200,vit_small_in1k_gray,2,grayscale,grayscale,,5794,0.6102865032792544,0.6098699260994902,0.6138349031218715
cub200,vit_small_in1k_gray,2,hue_-0.500,hue,-0.5,5794,0.5155333103210218,0.5112205788024877,0.5199505596764336
cub200,vit_small_in1k_gray,2,hue_-0.250,hue,-0.25,5794,0.4898170521228857,0.490595679931718,0.4944685896779718
cub200,vit_small_in1k_gray,2,hue_-0.083,hue,-0.083,5794,0.5305488436313428,0.5243284409761765,0.5346669012510763
cub200,vit_small_in1k_gray,2,hue_+0.083,hue,0.083,5794,0.535036244390749,0.5317292322244818,0.5383792475691395
cub200,vit_small_in1k_gray,2,hue_+0.250,hue,0.25,5794,0.4925785295132896,0.4892619107572729,0.4973818565001986
cub200,vit_small_in1k_gray,2,hue_+0.500,hue,0.5,5794,0.5155333103210218,0.5112205788024877,0.5199505596764336
cub200,vit_small_in1k_gray,2,shuffle_021,shuffle,"(0, 2, 1)",5794,0.5091473938557128,0.5063475145732521,0.513728625757723
cub200,vit_small_in1k_gray,2,shuffle_102,shuffle,"(1, 0, 2)",5794,0.5122540559199171,0.5091113369532223,0.5166664886603732
cub200,vit_small_in1k_gray,2,shuffle_120,shuffle,"(1, 2, 0)",5794,0.4998274076630997,0.4990624776518289,0.5042184375728722
cub200,vit_small_in1k_gray,2,shuffle_201,shuffle,"(2, 0, 1)",5794,0.520020711080428,0.5178723781057755,0.5257227032672271
cub200,vit_small_in1k_gray,2,shuffle_210,shuffle,"(2, 1, 0)",5794,0.5560925094925785,0.5522603487295275,0.5598526451936062
cub200,vit_small_in1k_gray,2,quant_2,quant,2,5794,0.025025888850535,0.0133181669602256,0.0248496168582375
cub200,vit_small_in1k_gray,2,quant_4,quant,4,5794,0.360717984121505,0.3504489509205167,0.3654094781671914
cub200,vit_small_in1k_gray,2,quant_8,quant,8,5794,0.5112185018985157,0.4993532002043067,0.5148823353803231
cub200,vit_small_in1k_gray,2,quant_16,quant,16,5794,0.5424577148774594,0.5328987981099855,0.5464019582425051
cub200,vit_small_in1k_gray,3,clean,clean,0,5794,0.5453917846047636,0.536308822867277,0.5490108405729017
cub200,vit_small_in1k_gray,3,grayscale,grayscale,,5794,0.5997583707283397,0.5984681129238834,0.6037086884923032
cub200,vit_small_in1k_gray,3,hue_-0.500,hue,-0.5,5794,0.5051777701070073,0.500928295324267,0.510325060516432
cub200,vit_small_in1k_gray,3,hue_-0.250,hue,-0.25,5794,0.4823955816361753,0.480354008468927,0.4872164244283908
cub200,vit_small_in1k_gray,3,hue_-0.083,hue,-0.083,5794,0.5110459095616154,0.5027904542124984,0.51568572473086
cub200,vit_small_in1k_gray,3,hue_+0.083,hue,0.083,5794,0.5295132896099414,0.5216624180661787,0.5335451745803084
cub200,vit_small_in1k_gray,3,hue_+0.250,hue,0.25,5794,0.479288919571971,0.4731417824185361,0.4846079307932658
cub200,vit_small_in1k_gray,3,hue_+0.500,hue,0.5,5794,0.5051777701070073,0.500928295324267,0.510325060516432
cub200,vit_small_in1k_gray,3,shuffle_021,shuffle,"(0, 2, 1)",5794,0.4967207455988954,0.4902545742310976,0.5017950829568245
cub200,vit_small_in1k_gray,3,shuffle_102,shuffle,"(1, 0, 2)",5794,0.5044874007594062,0.4974026256339512,0.5092610392046792
cub200,vit_small_in1k_gray,3,shuffle_120,shuffle,"(1, 2, 0)",5794,0.4981014842940973,0.495151346351027,0.5030343660784361
cub200,vit_small_in1k_gray,3,shuffle_201,shuffle,"(2, 0, 1)",5794,0.5096651708664135,0.5052906902788288,0.5149957539880999
cub200,vit_small_in1k_gray,3,shuffle_210,shuffle,"(2, 1, 0)",5794,0.5467725232999655,0.5428940033751012,0.5508662561453732
cub200,vit_small_in1k_gray,3,quant_2,quant,2,5794,0.0184673800483258,0.0103871957704553,0.0183728712566793
cub200,vit_small_in1k_gray,3,quant_4,quant,4,5794,0.3710735243355195,0.3608936113977007,0.3740084074613586
cub200,vit_small_in1k_gray,3,quant_8,quant,8,5794,0.5089748015188126,0.4992182075797716,0.5133281101349239
cub200,vit_small_in1k_gray,3,quant_16,quant,16,5794,0.5384880911287538,0.5298900180262408,0.5431834298935617
cub200,vit_small_in1k_gray,4,clean,clean,0,5794,0.5766309975837073,0.5711157699123354,0.5800025105443318
cub200,vit_small_in1k_gray,4,grayscale,grayscale,,5794,0.6325509147393855,0.6334394141436932,0.6357553618894264
cub200,vit_small_in1k_gray,4,hue_-0.500,hue,-0.5,5794,0.5262340352088367,0.5270911639623382,0.5311118888644139
cub200,vit_small_in1k_gray,4,hue_-0.250,hue,-0.25,5794,0.5144977562996202,0.5122986205095768,0.5187143098075198
cub200,vit_small_in1k_gray,4,hue_-0.083,hue,-0.083,5794,0.5502243700379703,0.5497719721519669,0.5538345216810654
cub200,vit_small_in1k_gray,4,hue_+0.083,hue,0.083,5794,0.5497065930272695,0.5475392453110102,0.5543967175469582
cub200,vit_small_in1k_gray,4,hue_+0.250,hue,0.25,5794,0.5086296168450121,0.5068612789979053,0.5137306787035936
cub200,vit_small_in1k_gray,4,hue_+0.500,hue,0.5,5794,0.5262340352088367,0.5270911639623382,0.5311118888644139
cub200,vit_small_in1k_gray,4,shuffle_021,shuffle,"(0, 2, 1)",5794,0.5251984811874353,0.5230474927849293,0.5292504051063193
cub200,vit_small_in1k_gray,4,shuffle_102,shuffle,"(1, 0, 2)",5794,0.5341732827062479,0.5330320073250436,0.5384204998199908
cub200,vit_small_in1k_gray,4,shuffle_120,shuffle,"(1, 2, 0)",5794,0.5265792198826372,0.5222418453042443,0.5304411081778517
cub200,vit_small_in1k_gray,4,shuffle_201,shuffle,"(2, 0, 1)",5794,0.5395236451501554,0.5412945512383978,0.5446569581137364
cub200,vit_small_in1k_gray,4,shuffle_210,shuffle,"(2, 1, 0)",5794,0.5752502588885053,0.5784151981486716,0.5791449951475005
cub200,vit_small_in1k_gray,4,quant_2,quant,2,5794,0.0167414566793234,0.0102448992479051,0.0163300492610837
cub200,vit_small_in1k_gray,4,quant_4,quant,4,5794,0.3938557128063514,0.3846625595514518,0.3988293008446089
cub200,vit_small_in1k_gray,4,quant_8,quant,8,5794,0.5403866068346566,0.5313811294078283,0.5432754043872958
cub200,vit_small_in1k_gray,4,quant_16,quant,16,5794,0.5704176734552986,0.5650736248154637,0.573745257856814
cub200,swin_tiny_gray,0,clean,clean,0,5794,0.7153952364515016,0.7134118267539651,0.7182817319855708
cub200,swin_tiny_gray,0,grayscale,grayscale,,5794,0.7333448394891267,0.7305266404861069,0.735982418049845
cub200,swin_tiny_gray,0,hue_-0.500,hue,-0.5,5794,0.6463583016914048,0.6409975394712657,0.6498583773680633
cub200,swin_tiny_gray,0,hue_-0.250,hue,-0.25,5794,0.670003451846738,0.6691944292466491,0.6734818318322422
cub200,swin_tiny_gray,0,hue_-0.083,hue,-0.083,5794,0.6872626855367622,0.6861757188870016,0.6906392822044206
cub200,swin_tiny_gray,0,hue_+0.083,hue,0.083,5794,0.699344149119779,0.69550358153065,0.7024958961315388
cub200,swin_tiny_gray,0,hue_+0.250,hue,0.25,5794,0.6689678978253366,0.6652585345668968,0.6723870139952953
cub200,swin_tiny_gray,0,hue_+0.500,hue,0.5,5794,0.6463583016914048,0.6409975394712657,0.6498583773680633
cub200,swin_tiny_gray,0,shuffle_021,shuffle,"(0, 2, 1)",5794,0.6731101139109423,0.6726363531631169,0.6768194411799715
cub200,swin_tiny_gray,0,shuffle_102,shuffle,"(1, 0, 2)",5794,0.690714532274767,0.6885972995459356,0.6943009900048486
cub200,swin_tiny_gray,0,shuffle_120,shuffle,"(1, 2, 0)",5794,0.6696582671729375,0.6672093905879609,0.6727839223232382
cub200,swin_tiny_gray,0,shuffle_201,shuffle,"(2, 0, 1)",5794,0.6820849154297549,0.6807543373310798,0.68541695842479
cub200,swin_tiny_gray,0,shuffle_210,shuffle,"(2, 1, 0)",5794,0.695719710044874,0.6931769935143691,0.6989149845123765
cub200,swin_tiny_gray,0,quant_2,quant,2,5794,0.3479461511908871,0.3388811966316414,0.3534799821500878
cub200,swin_tiny_gray,0,quant_4,quant,4,5794,0.5429754918881602,0.5390874545056115,0.5468318746076775
cub200,swin_tiny_gray,0,quant_8,quant,8,5794,0.649292371418709,0.6469320424339173,0.6523068457460868
cub200,swin_tiny_gray,0,quant_16,quant,16,5794,0.6950293406972731,0.6921544292856862,0.697790966393231
cub200,swin_tiny_gray,1,clean,clean,0,5794,0.7202278218847084,0.7170803643082359,0.7230745024889861
cub200,swin_tiny_gray,1,grayscale,grayscale,,5794,0.731446323783224,0.7286615107157306,0.7337737079306359
cub200,swin_tiny_gray,1,hue_-0.500,hue,-0.5,5794,0.6472212633759061,0.6417304764799246,0.6506436369479058
cub200,swin_tiny_gray,1,hue_-0.250,hue,-0.25,5794,0.6639627200552295,0.6593349418608854,0.6674220367097942
cub200,swin_tiny_gray,1,hue_-0.083,hue,-0.083,5794,0.6845012081463583,0.6799479367101384,0.6876115340072573
cub200,swin_tiny_gray,1,hue_+0.083,hue,0.083,5794,0.7033137728684846,0.7007147652393622,0.7066854629511458
cub200,swin_tiny_gray,1,hue_+0.250,hue,0.25,5794,0.6767345529858474,0.6724738902748174,0.6804760618388016
cub200,swin_tiny_gray,1,hue_+0.500,hue,0.5,5794,0.6472212633759061,0.6417304764799246,0.6506436369479058
cub200,swin_tiny_gray,1,shuffle_021,shuffle,"(0, 2, 1)",5794,0.6746634449430445,0.670073962356904,0.6779631243910618
cub200,swin_tiny_gray,1,shuffle_102,shuffle,"(1, 0, 2)",5794,0.6936486020020711,0.6909608850541699,0.6970818738865374
cub200,swin_tiny_gray,1,shuffle_120,shuffle,"(1, 2, 0)",5794,0.6662064204349327,0.6614391085595672,0.6697814605339658
cub200,swin_tiny_gray,1,shuffle_201,shuffle,"(2, 0, 1)",5794,0.6910597169485675,0.6881502540897756,0.6944353896028717
cub200,swin_tiny_gray,1,shuffle_210,shuffle,"(2, 1, 0)",5794,0.7065930272695893,0.7036874057969833,0.7094421262861451
cub200,swin_tiny_gray,1,quant_2,quant,2,5794,0.3574387297204004,0.3491462773108382,0.3615483857882066
cub200,swin_tiny_gray,1,quant_4,quant,4,5794,0.5372799447704522,0.5278824089851567,0.5406115395676273
cub200,swin_tiny_gray,1,quant_8,quant,8,5794,0.6456679323438039,0.6409406243302658,0.6474813182330146
cub200,swin_tiny_gray,1,quant_16,quant,16,5794,0.7008974801518812,0.6973811992197274,0.7026115112789342
cub200,swin_tiny_gray,2,clean,clean,0,5794,0.7186744908526062,0.7175367455988331,0.7214396976408537
cub200,swin_tiny_gray,2,grayscale,grayscale,,5794,0.7305833620987228,0.7298713371078966,0.7336628390934199
cub200,swin_tiny_gray,2,hue_-0.500,hue,-0.5,5794,0.6323783224024854,0.6302174132017051,0.6372429565168459
cub200,swin_tiny_gray,2,hue_-0.250,hue,-0.25,5794,0.6629271660338281,0.6610828358530171,0.6668602871851312
cub200,swin_tiny_gray,2,hue_-0.083,hue,-0.083,5794,0.6810493614083535,0.6794144563192961,0.68396668097108
cub200,swin_tiny_gray,2,hue_+0.083,hue,0.083,5794,0.6960648947186745,0.6943233942669846,0.6997010455139548
cub200,swin_tiny_gray,2,hue_+0.250,hue,0.25,5794,0.6612012426648257,0.6591271069591608,0.6651267217312353
cub200,swin_tiny_gray,2,hue_+0.500,hue,0.5,5794,0.6323783224024854,0.6302174132017051,0.6372429565168459
cub200,swin_tiny_gray,2,shuffle_021,shuffle,"(0, 2, 1)",5794,0.6732827062478426,0.6714678064194389,0.6771445769694212
cub200,swin_tiny_gray,2,shuffle_102,shuffle,"(1, 0, 2)",5794,0.684328615809458,0.6840724255858602,0.6881937991641496
cub200,swin_tiny_gray,2,shuffle_120,shuffle,"(1, 2, 0)",5794,0.6561960648947187,0.6541988650374455,0.6598906522750917
cub200,swin_tiny_gray,2,shuffle_201,shuffle,"(2, 0, 1)",5794,0.675698998964446,0.6748490570253199,0.6798792901828291
cub200,swin_tiny_gray,2,shuffle_210,shuffle,"(2, 1, 0)",5794,0.6879530548843631,0.6865113735672961,0.6910570880229011
cub200,swin_tiny_gray,2,quant_2,quant,2,5794,0.3517431826026924,0.3418052214436147,0.3577654420397456
cub200,swin_tiny_gray,2,quant_4,quant,4,5794,0.5417673455298585,0.5367334544680447,0.5456546657332777
cub200,swin_tiny_gray,2,quant_8,quant,8,5794,0.6506731101139109,0.6482053739469659,0.6531576441968417
cub200,swin_tiny_gray,2,quant_16,quant,16,5794,0.7022782188470832,0.7003385657099419,0.7048524941855447
cub200,swin_tiny_gray,3,clean,clean,0,5794,0.7167759751467034,0.7162734082913832,0.720433098638417
cub200,swin_tiny_gray,3,grayscale,grayscale,,5794,0.7293752157404211,0.7278742695187467,0.7319472789434717
cub200,swin_tiny_gray,3,hue_-0.500,hue,-0.5,5794,0.6261649982740767,0.623618404162318,0.6303093699460977
cub200,swin_tiny_gray,3,hue_-0.250,hue,-0.25,5794,0.660683465654125,0.6592839925329004,0.664968755761366
cub200,swin_tiny_gray,3,hue_-0.083,hue,-0.083,5794,0.6858819468415602,0.6853638318991802,0.6896815604880783
cub200,swin_tiny_gray,3,hue_+0.083,hue,0.083,5794,0.6979634104245771,0.6967485567319105,0.7015663457428036
cub200,swin_tiny_gray,3,hue_+0.250,hue,0.25,5794,0.6617190196755264,0.6595193425779883,0.6664271521576026
cub200,swin_tiny_gray,3,hue_+0.500,hue,0.5,5794,0.6261649982740767,0.623618404162318,0.6303093699460977
cub200,swin_tiny_gray,3,shuffle_021,shuffle,"(0, 2, 1)",5794,0.6681049361408353,0.6672303134611233,0.6722704893843336
cub200,swin_tiny_gray,3,shuffle_102,shuffle,"(1, 0, 2)",5794,0.6886434242319641,0.6875633732747238,0.6929874371166883
cub200,swin_tiny_gray,3,shuffle_120,shuffle,"(1, 2, 0)",5794,0.6617190196755264,0.6602716687620397,0.665765328198138
cub200,swin_tiny_gray,3,shuffle_201,shuffle,"(2, 0, 1)",5794,0.6796686227131515,0.677984759976423,0.6837697768686681
cub200,swin_tiny_gray,3,shuffle_210,shuffle,"(2, 1, 0)",5794,0.6912323092854677,0.6905186698127395,0.6942239274851127
cub200,swin_tiny_gray,3,quant_2,quant,2,5794,0.3536416983085951,0.3430091145216754,0.3578655120104856
cub200,swin_tiny_gray,3,quant_4,quant,4,5794,0.5377977217811529,0.5356868188893945,0.5417065548991691
cub200,swin_tiny_gray,3,quant_8,quant,8,5794,0.6470486710390059,0.6449193026502642,0.6501864182691531
cub200,swin_tiny_gray,3,quant_16,quant,16,5794,0.6962374870555748,0.6942986842144415,0.6989233474104855
cub200,swin_tiny_gray,4,clean,clean,0,5794,0.7179841215050051,0.717396016315227,0.7210434907443312
cub200,swin_tiny_gray,4,grayscale,grayscale,,5794,0.7302381774249224,0.7296927268508162,0.7331165167514098
cub200,swin_tiny_gray,4,hue_-0.500,hue,-0.5,5794,0.6365205384880911,0.6352910049612509,0.6412858430384273
cub200,swin_tiny_gray,4,hue_-0.250,hue,-0.25,5794,0.6722471522264412,0.6712970318020569,0.6759797394039484
cub200,swin_tiny_gray,4,hue_-0.083,hue,-0.083,5794,0.6936486020020711,0.6934821188732414,0.6970240959850562
cub200,swin_tiny_gray,4,hue_+0.083,hue,0.083,5794,0.695719710044874,0.6958026944877728,0.699540079917102
cub200,swin_tiny_gray,4,hue_+0.250,hue,0.25,5794,0.6684501208146358,0.6664382591626813,0.6728305156738046
cub200,swin_tiny_gray,4,hue_+0.500,hue,0.5,5794,0.6365205384880911,0.6352910049612509,0.6412858430384273
cub200,swin_tiny_gray,4,shuffle_021,shuffle,"(0, 2, 1)",5794,0.6724197445633414,0.6729046834986488,0.6765084203674315
cub200,swin_tiny_gray,4,shuffle_102,shuffle,"(1, 0, 2)",5794,0.6908871246116672,0.6917148668047522,0.695002361985081
cub200,swin_tiny_gray,4,shuffle_120,shuffle,"(1, 2, 0)",5794,0.6677597514670348,0.6668087993065384,0.6714712971964807
cub200,swin_tiny_gray,4,shuffle_201,shuffle,"(2, 0, 1)",5794,0.6846738004832585,0.6844668612659565,0.6886654825698659
cub200,swin_tiny_gray,4,shuffle_210,shuffle,"(2, 1, 0)",5794,0.6974456334138764,0.6972985373515027,0.7013606995911698
cub200,swin_tiny_gray,4,quant_2,quant,2,5794,0.3612357611322057,0.3565914148148906,0.3676219324183303
cub200,swin_tiny_gray,4,quant_4,quant,4,5794,0.5386606834656541,0.537315047779741,0.5427410838275472
cub200,swin_tiny_gray,4,quant_8,quant,8,5794,0.6525716258198136,0.6522947445339132,0.6559386973625314
cub200,swin_tiny_gray,4,quant_16,quant,16,5794,0.7026234035208837,0.7015881447127572,0.7055703683450468
cub200,resnet50_tv_sgd,0,clean,clean,0,5794,0.8075595443562306,0.8066807130411949,0.8092657215092907
cub200,resnet50_tv_sgd,0,grayscale,grayscale,,5794,0.3803935105281325,0.3366003351236554,0.3867092272489573
cub200,resnet50_tv_sgd,0,hue_-0.500,hue,-0.5,5794,0.3196410079392475,0.3099859648615517,0.3265381112767486
cub200,resnet50_tv_sgd,0,hue_-0.250,hue,-0.25,5794,0.3805661028650328,0.3722344727473171,0.3895151760361064
cub200,resnet50_tv_sgd,0,hue_-0.083,hue,-0.083,5794,0.5579910251984812,0.563624369932346,0.5634946455708706
cub200,resnet50_tv_sgd,0,hue_+0.083,hue,0.083,5794,0.5980324473593372,0.5907578426253286,0.6038594595899496
cub200,resnet50_tv_sgd,0,hue_+0.250,hue,0.25,5794,0.3148084225060407,0.3079873345818945,0.3248534120414891
cub200,resnet50_tv_sgd,0,hue_+0.500,hue,0.5,5794,0.3196410079392475,0.3099859648615517,0.3265381112767486
cub200,resnet50_tv_sgd,0,shuffle_021,shuffle,"(0, 2, 1)",5794,0.4653089402830514,0.458475159598625,0.4731584031975809
cub200,resnet50_tv_sgd,0,shuffle_102,shuffle,"(1, 0, 2)",5794,0.4856748360372799,0.4678751290314858,0.4920503746934742
cub200,resnet50_tv_sgd,0,shuffle_120,shuffle,"(1, 2, 0)",5794,0.3612357611322057,0.3404376484415464,0.3706194396426583
cub200,resnet50_tv_sgd,0,shuffle_201,shuffle,"(2, 0, 1)",5794,0.3034173282706248,0.2996440249396589,0.3137387602709152
cub200,resnet50_tv_sgd,0,shuffle_210,shuffle,"(2, 1, 0)",5794,0.3586468760787021,0.3483010224435845,0.3666858978271233
cub200,resnet50_tv_sgd,0,quant_2,quant,2,5794,0.0795650673110113,0.0670788842171911,0.0809934523247866
cub200,resnet50_tv_sgd,0,quant_4,quant,4,5794,0.3206765619606489,0.3156441611658376,0.3217110539020702
cub200,resnet50_tv_sgd,0,quant_8,quant,8,5794,0.6791508457024508,0.6764684660685825,0.6805331480157883
cub200,resnet50_tv_sgd,0,quant_16,quant,16,5794,0.7863306869175009,0.7848719493690526,0.7879706206830802
cub200,resnet50_tv_sgd,1,clean,clean,0,5794,0.8103210217466345,0.8091065530645796,0.8129481174477229
cub200,resnet50_tv_sgd,1,grayscale,grayscale,,5794,0.3740075940628236,0.3233582726323286,0.3805781242197837
cub200,resnet50_tv_sgd,1,hue_-0.500,hue,-0.5,5794,0.3263721090783569,0.316381488845453,0.3352243902760749
cub200,resnet50_tv_sgd,1,hue_-0.250,hue,-0.25,5794,0.370037970314118,0.3677230981169679,0.3790961463573907
cub200,resnet50_tv_sgd,1,hue_-0.083,hue,-0.083,5794,0.5479806696582672,0.5549738627638066,0.5543186166153301
cub200,resnet50_tv_sgd,1,hue_+0.083,hue,0.083,5794,0.5919917155678288,0.5852302371788608,0.5985413822962155
cub200,resnet50_tv_sgd,1,hue_+0.250,hue,0.25,5794,0.3080773213669313,0.3028026296869386,0.3181688842733583
cub200,resnet50_tv_sgd,1,hue_+0.500,hue,0.5,5794,0.3263721090783569,0.316381488845453,0.3352243902760749
cub200,resnet50_tv_sgd,1,shuffle_021,shuffle,"(0, 2, 1)",5794,0.4559889540904384,0.4590174840098069,0.4644213199629044
cub200,resnet50_tv_sgd,1,shuffle_102,shuffle,"(1, 0, 2)",5794,0.4823955816361753,0.468304755872084,0.4898148390175337
cub200,resnet50_tv_sgd,1,shuffle_120,shuffle,"(1, 2, 0)",5794,0.3527787366240938,0.3388856702759122,0.3618596273929857
cub200,resnet50_tv_sgd,1,shuffle_201,shuffle,"(2, 0, 1)",5794,0.2956506731101139,0.2919936611968171,0.3048208899519954
cub200,resnet50_tv_sgd,1,shuffle_210,shuffle,"(2, 1, 0)",5794,0.365723161891612,0.3523281804261784,0.3742941044893424
cub200,resnet50_tv_sgd,1,quant_2,quant,2,5794,0.0602347255781843,0.047780960834765,0.0630189343090984
cub200,resnet50_tv_sgd,1,quant_4,quant,4,5794,0.3087676907145322,0.3130009471066298,0.3112946174309308
cub200,resnet50_tv_sgd,1,quant_8,quant,8,5794,0.6881256472212633,0.6876352141388015,0.6907310562314115
cub200,resnet50_tv_sgd,1,quant_16,quant,16,5794,0.7901277183293062,0.7886817826871507,0.7921742542274381
cub200,resnet50_tv_sgd,2,clean,clean,0,5794,0.812219537452537,0.811186742844028,0.814144708199411
cub200,resnet50_tv_sgd,2,grayscale,grayscale,,5794,0.3772868484639282,0.3466600053665526,0.3839488796505289
cub200,resnet50_tv_sgd,2,hue_-0.500,hue,-0.5,5794,0.324301001035554,0.3163358520989722,0.332479989624253
cub200,resnet50_tv_sgd,2,hue_-0.250,hue,-0.25,5794,0.3583016914049016,0.3618314430254781,0.3672015639327049
cub200,resnet50_tv_sgd,2,hue_-0.083,hue,-0.083,5794,0.5495340006903694,0.5548194258955046,0.5565092526529439
cub200,resnet50_tv_sgd,2,hue_+0.083,hue,0.083,5794,0.598550224370038,0.5889466441550625,0.6044770978785222
cub200,resnet50_tv_sgd,2,hue_+0.250,hue,0.25,5794,0.3123921297894373,0.3069567742576897,0.323695735621069
cub200,resnet50_tv_sgd,2,hue_+0.500,hue,0.5,5794,0.324301001035554,0.3163358520989722,0.332479989624253
cub200,resnet50_tv_sgd,2,shuffle_021,shuffle,"(0, 2, 1)",5794,0.4466689678978253,0.4510186363189669,0.4550749287426672
cub200,resnet50_tv_sgd,2,shuffle_102,shuffle,"(1, 0, 2)",5794,0.4924059371763893,0.4738970874247064,0.5002097318134957
cub200,resnet50_tv_sgd,2,shuffle_120,shuffle,"(1, 2, 0)",5794,0.3469105971694857,0.3392966072770347,0.356128462951867
cub200,resnet50_tv_sgd,2,shuffle_201,shuffle,"(2, 0, 1)",5794,0.2975491888160165,0.2930689118906845,0.3078658975438348
cub200,resnet50_tv_sgd,2,shuffle_210,shuffle,"(2, 1, 0)",5794,0.3570935450465999,0.3466813025855929,0.3658973411653125
cub200,resnet50_tv_sgd,2,quant_2,quant,2,5794,0.0509147393855712,0.0419400045052969,0.0514078421709803
cub200,resnet50_tv_sgd,2,quant_4,quant,4,5794,0.325681739730756,0.3175468998096043,0.328221497368345
cub200,resnet50_tv_sgd,2,quant_8,quant,8,5794,0.695719710044874,0.6928229846749051,0.6986169437233116
cub200,resnet50_tv_sgd,2,quant_16,quant,16,5794,0.7882292026234036,0.7867958436756833,0.7900485924773386
cub200,resnet50_tv_sgd,3,clean,clean,0,5794,0.8170521228857439,0.8164069143857366,0.8194274706796604
cub200,resnet50_tv_sgd,3,grayscale,grayscale,,5794,0.380738695201933,0.3404576415656202,0.3879094843187796
cub200,resnet50_tv_sgd,3,hue_-0.500,hue,-0.5,5794,0.3344839489126683,0.3264623845218823,0.3433245707053408
cub200,resnet50_tv_sgd,3,hue_-0.250,hue,-0.25,5794,0.3850535036244391,0.3883573599981124,0.3931743556724421
cub200,resnet50_tv_sgd,3,hue_-0.083,hue,-0.083,5794,0.5686917500862961,0.574943790786442,0.5747095042448747
cub200,resnet50_tv_sgd,3,hue_+0.083,hue,0.083,5794,0.5995857783914395,0.5899925351666276,0.605778628321712
cub200,resnet50_tv_sgd,3,hue_+0.250,hue,0.25,5794,0.3310321021746634,0.3279794716298335,0.3410650640139909
cub200,resnet50_tv_sgd,3,hue_+0.500,hue,0.5,5794,0.3344839489126683,0.3264623845218823,0.3433245707053408
cub200,resnet50_tv_sgd,3,shuffle_021,shuffle,"(0, 2, 1)",5794,0.4777355885398688,0.4795022422379692,0.4860451126600617
cub200,resnet50_tv_sgd,3,shuffle_102,shuffle,"(1, 0, 2)",5794,0.4917155678287884,0.4768118096652177,0.4984772810787764
cub200,resnet50_tv_sgd,3,shuffle_120,shuffle,"(1, 2, 0)",5794,0.3786675871591301,0.3686370756126959,0.3876876088540256
cub200,resnet50_tv_sgd,3,shuffle_201,shuffle,"(2, 0, 1)",5794,0.3167069382119434,0.3147268879529445,0.3266252157409736
cub200,resnet50_tv_sgd,3,shuffle_210,shuffle,"(2, 1, 0)",5794,0.3740075940628236,0.3602735265014083,0.3833258899611776
cub200,resnet50_tv_sgd,3,quant_2,quant,2,5794,0.0541939937866758,0.0440497854348277,0.0548387245493692
cub200,resnet50_tv_sgd,3,quant_4,quant,4,5794,0.3218847083189506,0.3109802182559336,0.3240829765105587
cub200,resnet50_tv_sgd,3,quant_8,quant,8,5794,0.6832930617880566,0.6792645676697998,0.6855783479418371
cub200,resnet50_tv_sgd,3,quant_16,quant,16,5794,0.7944425267518123,0.7938322144805992,0.7972858757262213
cub200,resnet50_tv_sgd,4,clean,clean,0,5794,0.8154987918536417,0.8158217800603685,0.817908604253353
cub200,resnet50_tv_sgd,4,grayscale,grayscale,,5794,0.3788401794960304,0.3411480940978926,0.3858900402030087
cub200,resnet50_tv_sgd,4,hue_-0.500,hue,-0.5,5794,0.325681739730756,0.3198378049487706,0.3336770287594284
cub200,resnet50_tv_sgd,4,hue_-0.250,hue,-0.25,5794,0.3593372454263031,0.3658848816933137,0.3682158972413647
cub200,resnet50_tv_sgd,4,hue_-0.083,hue,-0.083,5794,0.5474628926475664,0.5552234504092239,0.5541225976628209
cub200,resnet50_tv_sgd,4,hue_+0.083,hue,0.083,5794,0.5938902312737314,0.5879557448154368,0.600116592996653
cub200,resnet50_tv_sgd,4,hue_+0.250,hue,0.25,5794,0.3053158439765274,0.3050424109402871,0.3155559097901085
cub200,resnet50_tv_sgd,4,hue_+0.500,hue,0.5,5794,0.325681739730756,0.3198378049487706,0.3336770287594284
cub200,resnet50_tv_sgd,4,shuffle_021,shuffle,"(0, 2, 1)",5794,0.4525371073524336,0.4583552050712402,0.4610103534675459
cub200,resnet50_tv_sgd,4,shuffle_102,shuffle,"(1, 0, 2)",5794,0.4817052122885744,0.4674192450577676,0.4883227453623966
cub200,resnet50_tv_sgd,4,shuffle_120,shuffle,"(1, 2, 0)",5794,0.3482913358646876,0.3417996888719274,0.3570834933308302
cub200,resnet50_tv_sgd,4,shuffle_201,shuffle,"(2, 0, 1)",5794,0.2989299275112185,0.2993051858068541,0.3088591937673252
cub200,resnet50_tv_sgd,4,shuffle_210,shuffle,"(2, 1, 0)",5794,0.3677942699344149,0.3560201463236284,0.3755931400781081
cub200,resnet50_tv_sgd,4,quant_2,quant,2,5794,0.0585088022091819,0.0512926414314811,0.0597182861976715
cub200,resnet50_tv_sgd,4,quant_4,quant,4,5794,0.3369002416292717,0.3317184689796315,0.3386782991616692
cub200,resnet50_tv_sgd,4,quant_8,quant,8,5794,0.6876078702105627,0.6859422410087807,0.690001376635382
cub200,resnet50_tv_sgd,4,quant_16,quant,16,5794,0.7904729030031067,0.7908434824651103,0.7922071350593405
cub200,resnet50_adamw_lr1e3,0,clean,clean,0,5794,0.818605453917846,0.8179408844160261,0.8202111914705026
cub200,resnet50_adamw_lr1e3,0,grayscale,grayscale,,5794,0.3923023817742492,0.3557441944928681,0.3987404067010317
cub200,resnet50_adamw_lr1e3,0,hue_-0.500,hue,-0.5,5794,0.402140144977563,0.4094603365787182,0.4103420855901918
cub200,resnet50_adamw_lr1e3,0,hue_-0.250,hue,-0.25,5794,0.4080082844321712,0.4054297872479462,0.4157410119770255
cub200,resnet50_adamw_lr1e3,0,hue_-0.083,hue,-0.083,5794,0.5769761822575078,0.57986723602463,0.5824430456318131
cub200,resnet50_adamw_lr1e3,0,hue_+0.083,hue,0.083,5794,0.6120124266482568,0.6050309508616593,0.6173801047376365
cub200,resnet50_adamw_lr1e3,0,hue_+0.250,hue,0.25,5794,0.366413531239213,0.3593343601744688,0.3752430108811787
cub200,resnet50_adamw_lr1e3,0,hue_+0.500,hue,0.5,5794,0.402140144977563,0.4094603365787182,0.4103420855901918
cub200,resnet50_adamw_lr1e3,0,shuffle_021,shuffle,"(0, 2, 1)",5794,0.5160510873317224,0.5148206102737585,0.5226108132298656
cub200,resnet50_adamw_lr1e3,0,shuffle_102,shuffle,"(1, 0, 2)",5794,0.5231273731446324,0.5087201826147516,0.5294394371837164
cub200,resnet50_adamw_lr1e3,0,shuffle_120,shuffle,"(1, 2, 0)",5794,0.3966171901967553,0.3834094955895687,0.4042967596879653
cub200,resnet50_adamw_lr1e3,0,shuffle_201,shuffle,"(2, 0, 1)",5794,0.3529513289609941,0.3563057166488566,0.3611535206466556
cub200,resnet50_adamw_lr1e3,0,shuffle_210,shuffle,"(2, 1, 0)",5794,0.4023127373144632,0.396240891436391,0.4105123022780049
cub200,resnet50_adamw_lr1e3,0,quant_2,quant,2,5794,0.1713841905419399,0.1620877654335552,0.1733483327630925
cub200,resnet50_adamw_lr1e3,0,quant_4,quant,4,5794,0.4459785985502243,0.4328027063141805,0.4467960733034117
cub200,resnet50_adamw_lr1e3,0,quant_8,quant,8,5794,0.7326544701415257,0.7294574184727531,0.7343090563187422
cub200,resnet50_adamw_lr1e3,0,quant_16,quant,16,5794,0.8018639972385226,0.8017524040568687,0.8033607447463678
cub200,resnet50_adamw_lr1e3,1,clean,clean,0,5794,0.8210217466344494,0.8210383218390129,0.8225628074686506
cub200,resnet50_adamw_lr1e3,1,grayscale,grayscale,,5794,0.4081808767690714,0.3689491457262208,0.415042689542295
cub200,resnet50_adamw_lr1e3,1,hue_-0.500,hue,-0.5,5794,0.3765964791163272,0.379018336423447,0.3852303171328264
cub200,resnet50_adamw_lr1e3,1,hue_-0.250,hue,-0.25,5794,0.4554711770797376,0.446299588967401,0.4631938589647696
cub200,resnet50_adamw_lr1e3,1,hue_-0.083,hue,-0.083,5794,0.5968243010010356,0.5984514795062599,0.6008035318771726
cub200,resnet50_adamw_lr1e3,1,hue_+0.083,hue,0.083,5794,0.62858129099068,0.6218500729592906,0.6340313000342985
cub200,resnet50_adamw_lr1e3,1,hue_+0.250,hue,0.25,5794,0.4193993786675871,0.4094588489372783,0.4278936281117492
cub200,resnet50_adamw_lr1e3,1,hue_+0.500,hue,0.5,5794,0.3765964791163272,0.379018336423447,0.3852303171328264
cub200,resnet50_adamw_lr1e3,1,shuffle_021,shuffle,"(0, 2, 1)",5794,0.5562651018294787,0.5506040669069091,0.5618777510515063
cub200,resnet50_adamw_lr1e3,1,shuffle_102,shuffle,"(1, 0, 2)",5794,0.5605799102519848,0.546189730143347,0.5671165569535135
cub200,resnet50_adamw_lr1e3,1,shuffle_120,shuffle,"(1, 2, 0)",5794,0.4361408353469106,0.4197460998641749,0.4445328272580501
cub200,resnet50_adamw_lr1e3,1,shuffle_201,shuffle,"(2, 0, 1)",5794,0.3841905419399378,0.3812102545811311,0.3928591739213731
cub200,resnet50_adamw_lr1e3,1,shuffle_210,shuffle,"(2, 1, 0)",5794,0.3960994131860545,0.392466715303654,0.4047414924191339
cub200,resnet50_adamw_lr1e3,1,quant_2,quant,2,5794,0.2416292716603383,0.2261421356947619,0.2440170079751473
cub200,resnet50_adamw_lr1e3,1,quant_4,quant,4,5794,0.4962029685881947,0.483148017805652,0.497415717779069
cub200,resnet50_adamw_lr1e3,1,quant_8,quant,8,5794,0.745771487745944,0.7458378482960347,0.7482847528015207
cub200,resnet50_adamw_lr1e3,1,quant_16,quant,16,5794,0.8049706593027269,0.8056637684686946,0.8070902580290847
cub200,resnet50_adamw_lr1e3,2,clean,clean,0,5794,0.8191232309285468,0.8185682506517142,0.8210159836152695
cub200,resnet50_adamw_lr1e3,2,grayscale,grayscale,,5794,0.3919571971004487,0.3491493640692242,0.3992979175441694
cub200,resnet50_adamw_lr1e3,2,hue_-0.500,hue,-0.5,5794,0.3743527787366241,0.3785000548615472,0.3836222117046705
cub200,resnet50_adamw_lr1e3,2,hue_-0.250,hue,-0.25,5794,0.4116327235070763,0.4024679113527932,0.4210478352517136
cub200,resnet50_adamw_lr1e3,2,hue_-0.083,hue,-0.083,5794,0.5973420780117363,0.5975748306955709,0.6032353000200392
cub200,resnet50_adamw_lr1e3,2,hue_+0.083,hue,0.083,5794,0.6218501898515706,0.6152177982994306,0.627853501418344
cub200,resnet50_adamw_lr1e3,2,hue_+0.250,hue,0.25,5794,0.351397997928892,0.3437633740377773,0.3617685947929576
cub200,resnet50_adamw_lr1e3,2,hue_+0.500,hue,0.5,5794,0.3743527787366241,0.3785000548615472,0.3836222117046705
cub200,resnet50_adamw_lr1e3,2,shuffle_021,shuffle,"(0, 2, 1)",5794,0.531411805315844,0.5243178262502157,0.5394534606948005
cub200,resnet50_adamw_lr1e3,2,shuffle_102,shuffle,"(1, 0, 2)",5794,0.525025888850535,0.5092250880468941,0.5323999158706805
cub200,resnet50_adamw_lr1e3,2,shuffle_120,shuffle,"(1, 2, 0)",5794,0.4050742147048671,0.3893684232343707,0.4149323032741126
cub200,resnet50_adamw_lr1e3,2,shuffle_201,shuffle,"(2, 0, 1)",5794,0.3374180186399724,0.3317672602647875,0.3476762571796107
cub200,resnet50_adamw_lr1e3,2,shuffle_210,shuffle,"(2, 1, 0)",5794,0.3893683120469451,0.3824784982270783,0.3986344521441775
cub200,resnet50_adamw_lr1e3,2,quant_2,quant,2,5794,0.1572316189161201,0.1557274538878928,0.1601474072642304
cub200,resnet50_adamw_lr1e3,2,quant_4,quant,4,5794,0.4666896789782533,0.4571538847809121,0.4692184571648194
cub200,resnet50_adamw_lr1e3,2,quant_8,quant,8,5794,0.7298929927511218,0.727288155509316,0.7318480695980302
cub200,resnet50_adamw_lr1e3,2,quant_16,quant,16,5794,0.8054884363134277,0.8047398418355444,0.8072924241904553
cub200,resnet50_adamw_lr1e3,3,clean,clean,0,5794,0.8184328615809459,0.8184296810593245,0.8202742470084458
cub200,resnet50_adamw_lr1e3,3,grayscale,grayscale,,5794,0.3919571971004487,0.3618623575662705,0.3988173939448302
cub200,resnet50_adamw_lr1e3,3,hue_-0.500,hue,-0.5,5794,0.3809112875388333,0.3843199702744185,0.3886882163868671
cub200,resnet50_adamw_lr1e3,3,hue_-0.250,hue,-0.25,5794,0.4242319641007939,0.4144313799270063,0.4314117747321606
cub200,resnet50_adamw_lr1e3,3,hue_-0.083,hue,-0.083,5794,0.5754228512254056,0.5740737227627997,0.5799278655236005
cub200,resnet50_adamw_lr1e3,3,hue_+0.083,hue,0.083,5794,0.6152916810493614,0.6057022191807895,0.6207235228685556
cub200,resnet50_adamw_lr1e3,3,hue_+0.250,hue,0.25,5794,0.3826372109078357,0.3723962379939851,0.3909922959502775
cub200,resnet50_adamw_lr1e3,3,hue_+0.500,hue,0.5,5794,0.3809112875388333,0.3843199702744185,0.3886882163868671
cub200,resnet50_adamw_lr1e3,3,shuffle_021,shuffle,"(0, 2, 1)",5794,0.5291681049361409,0.5228241529642744,0.5352604405196728
cub200,resnet50_adamw_lr1e3,3,shuffle_102,shuffle,"(1, 0, 2)",5794,0.5453917846047636,0.5270434302831112,0.5512307533248116
cub200,resnet50_adamw_lr1e3,3,shuffle_120,shuffle,"(1, 2, 0)",5794,0.4105971694856748,0.392052287848549,0.4182123301077377
cub200,resnet50_adamw_lr1e3,3,shuffle_201,shuffle,"(2, 0, 1)",5794,0.3524335519502934,0.3479581917778765,0.3602232987472472
cub200,resnet50_adamw_lr1e3,3,shuffle_210,shuffle,"(2, 1, 0)",5794,0.3960994131860545,0.3942712199947311,0.4040297741995445
cub200,resnet50_adamw_lr1e3,3,quant_2,quant,2,5794,0.1622367966862271,0.1468953381382181,0.1652451621692527
cub200,resnet50_adamw_lr1e3,3,quant_4,quant,4,5794,0.5020711080428029,0.4959177455643392,0.5033594904383984
cub200,resnet50_adamw_lr1e3,3,quant_8,quant,8,5794,0.7525025888850535,0.750719873839586,0.7546710260866143
cub200,resnet50_adamw_lr1e3,3,quant_16,quant,16,5794,0.8053158439765274,0.8051785538721822,0.8070165993317379
cub200,resnet50_adamw_lr1e3,4,clean,clean,0,5794,0.8165343458750431,0.8172435919171045,0.8183961630040499
cub200,resnet50_adamw_lr1e3,4,grayscale,grayscale,,5794,0.3738350017259234,0.3389366784923119,0.3802718686028281
cub200,resnet50_adamw_lr1e3,4,hue_-0.500,hue,-0.5,5794,0.3917846047635485,0.3938847433037211,0.4004991145369706
cub200,resnet50_adamw_lr1e3,4,hue_-0.250,hue,-0.25,5794,0.4254401104590956,0.4197350915730254,0.4331652681686218
cub200,resnet50_adamw_lr1e3,4,hue_-0.083,hue,-0.083,5794,0.5693821194338972,0.5698190250912429,0.573988868709081
cub200,resnet50_adamw_lr1e3,4,hue_+0.083,hue,0.083,5794,0.6109768726268554,0.6063437374869399,0.6168379139601029
cub200,resnet50_adamw_lr1e3,4,hue_+0.250,hue,0.25,5794,0.3605453917846047,0.3612398840964427,0.3691230445543947
cub200,resnet50_adamw_lr1e3,4,hue_+0.500,hue,0.5,5794,0.3917846047635485,0.3938847433037211,0.4004991145369706
cub200,resnet50_adamw_lr1e3,4,shuffle_021,shuffle,"(0, 2, 1)",5794,0.5191577493959268,0.5161058889661357,0.5250903832293795
cub200,resnet50_adamw_lr1e3,4,shuffle_102,shuffle,"(1, 0, 2)",5794,0.5277873662409389,0.5176846382773498,0.5340486315590474
cub200,resnet50_adamw_lr1e3,4,shuffle_120,shuffle,"(1, 2, 0)",5794,0.4095616154642734,0.3937895361940333,0.417516351770455
cub200,resnet50_adamw_lr1e3,4,shuffle_201,shuffle,"(2, 0, 1)",5794,0.3453572661373835,0.3468211980591316,0.3545263488816318
cub200,resnet50_adamw_lr1e3,4,shuffle_210,shuffle,"(2, 1, 0)",5794,0.4026579219882637,0.3938955293151899,0.4111408730228071
cub200,resnet50_adamw_lr1e3,4,quant_2,quant,2,5794,0.1399723852260959,0.1378285071683582,0.141802428518143
cub200,resnet50_adamw_lr1e3,4,quant_4,quant,4,5794,0.4722126337590611,0.4630253887103409,0.4724518786154941
cub200,resnet50_adamw_lr1e3,4,quant_8,quant,8,5794,0.732136693130825,0.7299275571115672,0.7336129551241403
cub200,resnet50_adamw_lr1e3,4,quant_16,quant,16,5794,0.7991025198481188,0.7989581205958737,0.8008929934266673
cub200,resnet50_sgd,0,clean,clean,0,5794,0.7547462892647566,0.7544360076228742,0.7560565166850182
cub200,resnet50_sgd,0,grayscale,grayscale,,5794,0.3474283741801864,0.3048839282473964,0.3523594425052052
cub200,resnet50_sgd,0,hue_-0.500,hue,-0.5,5794,0.3379357956506731,0.3370214485719751,0.3461820707202818
cub200,resnet50_sgd,0,hue_-0.250,hue,-0.25,5794,0.3432861580945806,0.3262556100013297,0.3511947115589899
cub200,resnet50_sgd,0,hue_-0.083,hue,-0.083,5794,0.4815326199516741,0.4760383725031056,0.4878455884919824
cub200,resnet50_sgd,0,hue_+0.083,hue,0.083,5794,0.4848118743527787,0.4828033398714496,0.4916424881409889
cub200,resnet50_sgd,0,hue_+0.250,hue,0.25,5794,0.2965136347946151,0.2801926421379297,0.3054408203268773
cub200,resnet50_sgd,0,hue_+0.500,hue,0.5,5794,0.3379357956506731,0.3370214485719751,0.3461820707202818
cub200,resnet50_sgd,0,shuffle_021,shuffle,"(0, 2, 1)",5794,0.4516741456679323,0.4393486989542648,0.4587684123736952
cub200,resnet50_sgd,0,shuffle_102,shuffle,"(1, 0, 2)",5794,0.3945460821539523,0.3797764534900586,0.4017234130756975
cub200,resnet50_sgd,0,shuffle_120,shuffle,"(1, 2, 0)",5794,0.3239558163617535,0.3049622245577288,0.3322791975925211
cub200,resnet50_sgd,0,shuffle_201,shuffle,"(2, 0, 1)",5794,0.2940973420780117,0.2864199825754469,0.3030269400070749
cub200,resnet50_sgd,0,shuffle_210,shuffle,"(2, 1, 0)",5794,0.3372454263030721,0.327773338549553,0.3448578711539534
cub200,resnet50_sgd,0,quant_2,quant,2,5794,0.1674145667932343,0.1678762142457985,0.1711208310307576
cub200,resnet50_sgd,0,quant_4,quant,4,5794,0.4188816016568864,0.4200573580056463,0.4230835308177097
cub200,resnet50_sgd,0,quant_8,quant,8,5794,0.6441146013117017,0.6447471395569263,0.6475817721218377
cub200,resnet50_sgd,0,quant_16,quant,16,5794,0.7276492923714187,0.7273870544172548,0.7295135654542464
cub200,resnet50_sgd,1,clean,clean,0,5794,0.7509492578529513,0.7498621127064468,0.7529152661307438
cub200,resnet50_sgd,1,grayscale,grayscale,,5794,0.3458750431480842,0.304759885634431,0.3515130525535324
cub200,resnet50_sgd,1,hue_-0.500,hue,-0.5,5794,0.345012081463583,0.3435489439671271,0.3522528032243175
cub200,resnet50_sgd,1,hue_-0.250,hue,-0.25,5794,0.3425957887469796,0.3191455236623717,0.3507003344814439
cub200,resnet50_sgd,1,hue_-0.083,hue,-0.083,5794,0.4941318605453917,0.489369375032052,0.4998567021215369
cub200,resnet50_sgd,1,hue_+0.083,hue,0.083,5794,0.494994822229893,0.4905401060819408,0.5022634288222744
cub200,resnet50_sgd,1,hue_+0.250,hue,0.25,5794,0.308595098377632,0.2926669942294879,0.3180137668151161
cub200,resnet50_sgd,1,hue_+0.500,hue,0.5,5794,0.345012081463583,0.3435489439671271,0.3522528032243175
cub200,resnet50_sgd,1,shuffle_021,shuffle,"(0, 2, 1)",5794,0.4558163617535381,0.4386180109060564,0.4628859032584472
cub200,resnet50_sgd,1,shuffle_102,shuffle,"(1, 0, 2)",5794,0.4036934760096651,0.3884136468943563,0.4112924446320051
cub200,resnet50_sgd,1,shuffle_120,shuffle,"(1, 2, 0)",5794,0.3220573006558508,0.2964815634774236,0.3307285986821219
cub200,resnet50_sgd,1,shuffle_201,shuffle,"(2, 0, 1)",5794,0.3056610286503279,0.2949104365364331,0.3145864676441887
cub200,resnet50_sgd,1,shuffle_210,shuffle,"(2, 1, 0)",5794,0.3405246807041767,0.3296808245817872,0.3483339433908952
cub200,resnet50_sgd,1,quant_2,quant,2,5794,0.2178115291681049,0.2092617425154271,0.2225744204067411
cub200,resnet50_sgd,1,quant_4,quant,4,5794,0.4501208146358301,0.44648566650357,0.453736574092942
cub200,resnet50_sgd,1,quant_8,quant,8,5794,0.6565412495685191,0.6546499974323985,0.6591105564463097
cub200,resnet50_sgd,1,quant_16,quant,16,5794,0.7273041076976182,0.7269099895155918,0.7296096062186176
cub200,resnet50_sgd,2,clean,clean,0,5794,0.752847773558854,0.7523658286936659,0.7547576756245382
cub200,resnet50_sgd,2,grayscale,grayscale,,5794,0.339316534345875,0.2957359284016237,0.3446861455504437
cub200,resnet50_sgd,2,hue_-0.500,hue,-0.5,5794,0.3403520883672765,0.3399007036921621,0.3476434178023186
cub200,resnet50_sgd,2,hue_-0.250,hue,-0.25,5794,0.3384535726613738,0.3224243642300975,0.3460076473329255
cub200,resnet50_sgd,2,hue_-0.083,hue,-0.083,5794,0.4713496720745599,0.4708931021313235,0.4776109868742829
cub200,resnet50_sgd,2,hue_+0.083,hue,0.083,5794,0.4937866758715913,0.4922224898155921,0.5006458304869099
cub200,resnet50_sgd,2,hue_+0.250,hue,0.25,5794,0.2944425267518122,0.2795415982667831,0.3039318219816721
cub200,resnet50_sgd,2,hue_+0.500,hue,0.5,5794,0.3403520883672765,0.3399007036921621,0.3476434178023186
cub200,resnet50_sgd,2,shuffle_021,shuffle,"(0, 2, 1)",5794,0.4318260269244046,0.4201993970996591,0.4393111755146198
cub200,resnet50_sgd,2,shuffle_102,shuffle,"(1, 0, 2)",5794,0.3990334829133586,0.3829474495181142,0.4064508042356421
cub200,resnet50_sgd,2,shuffle_120,shuffle,"(1, 2, 0)",5794,0.3239558163617535,0.3017384072699662,0.3319374414254277
cub200,resnet50_sgd,2,shuffle_201,shuffle,"(2, 0, 1)",5794,0.2968588194684156,0.2884073888985654,0.3049015963637205
cub200,resnet50_sgd,2,shuffle_210,shuffle,"(2, 1, 0)",5794,0.3374180186399724,0.3286194947356418,0.3449975187107476
cub200,resnet50_sgd,2,quant_2,quant,2,5794,0.137901277183293,0.1275976459181705,0.1417884918570036
cub200,resnet50_sgd,2,quant_4,quant,4,5794,0.4344149119779081,0.4334439303152477,0.43775041456216
cub200,resnet50_sgd,2,quant_8,quant,8,5794,0.6520538488091129,0.6510573051165531,0.6546358349464757
cub200,resnet50_sgd,2,quant_16,quant,16,5794,0.7276492923714187,0.727575658943663,0.7298066704973514
cub200,resnet50_sgd,3,clean,clean,0,5794,0.7483603727994477,0.747934523071204,0.7499900471593836
cub200,resnet50_sgd,3,grayscale,grayscale,,5794,0.3484639282015878,0.308780734907413,0.3543738167684944
cub200,resnet50_sgd,3,hue_-0.500,hue,-0.5,5794,0.3365550569554711,0.3380735183305872,0.3447272894244408
cub200,resnet50_sgd,3,hue_-0.250,hue,-0.25,5794,0.3353469105971695,0.3166933508879104,0.3438294889906583
cub200,resnet50_sgd,3,hue_-0.083,hue,-0.083,5794,0.4775629962029686,0.4705896135251888,0.4837508773830481
cub200,resnet50_sgd,3,hue_+0.083,hue,0.083,5794,0.4827407663099758,0.4803326412092001,0.4898696897804844
cub200,resnet50_sgd,3,hue_+0.250,hue,0.25,5794,0.2892647566448049,0.2715176728072401,0.2992084999791147
cub200,resnet50_sgd,3,hue_+0.500,hue,0.5,5794,0.3365550569554711,0.3380735183305872,0.3447272894244408
cub200,resnet50_sgd,3,shuffle_021,shuffle,"(0, 2, 1)",5794,0.4458060062133241,0.430799002615101,0.4531215117972791
cub200,resnet50_sgd,3,shuffle_102,shuffle,"(1, 0, 2)",5794,0.3905764584052468,0.3727026956753796,0.3985410356212257
cub200,resnet50_sgd,3,shuffle_120,shuffle,"(1, 2, 0)",5794,0.3191232309285468,0.2959939917158266,0.3280768090397026
cub200,resnet50_sgd,3,shuffle_201,shuffle,"(2, 0, 1)",5794,0.2953054884363134,0.2849429805306894,0.3048066782466885
cub200,resnet50_sgd,3,shuffle_210,shuffle,"(2, 1, 0)",5794,0.3351743182602692,0.3275605807532675,0.3436814357140444
cub200,resnet50_sgd,3,quant_2,quant,2,5794,0.2069382119433897,0.2038224571240635,0.2109315538883321
cub200,resnet50_sgd,3,quant_4,quant,4,5794,0.4287193648602002,0.4263461036761347,0.4332031960932971
cub200,resnet50_sgd,3,quant_8,quant,8,5794,0.6494649637556092,0.6494316556289569,0.6526222250355447
cub200,resnet50_sgd,3,quant_16,quant,16,5794,0.7293752157404211,0.7290265580621909,0.7317620853819662
cub200,resnet50_sgd,4,clean,clean,0,5794,0.755781843286158,0.7552155266946176,0.7578174560884259
cub200,resnet50_sgd,4,grayscale,grayscale,,5794,0.3469105971694857,0.30564215180237847,0.35263499286061034
cub200,resnet50_sgd,4,hue_-0.500,hue,-0.5,5794,0.34725578184328615,0.34659801006902213,0.35473634700094503
cub200,resnet50_sgd,4,hue_-0.250,hue,-0.25,5794,0.3536416983085951,0.33644471040523966,0.36113837344155736
cub200,resnet50_sgd,4,hue_-0.083,hue,-0.083,5794,0.48688298239558164,0.4804980695554624,0.49271583206503905
cub200,resnet50_sgd,4,hue_+0.083,hue,0.083,5794,0.5018985157059026,0.49793651735561417,0.5084060520244928
cub200,resnet50_sgd,4,hue_+0.250,hue,0.25,5794,0.2994477045219192,0.28631520653936277,0.30803407143283257
cub200,resnet50_sgd,4,hue_+0.500,hue,0.5,5794,0.34725578184328615,0.34659801006902213,0.35473634700094503
cub200,resnet50_sgd,4,shuffle_021,shuffle,"(0, 2, 1)",5794,0.4456334138764239,0.4337963039741408,0.4522221078266213
cub200,resnet50_sgd,4,shuffle_102,shuffle,"(1, 0, 2)",5794,0.41353123921297896,0.39965288860820736,0.419732645126514
cub200,resnet50_sgd,4,shuffle_120,shuffle,"(1, 2, 0)",5794,0.3312046945115637,0.3064275379320257,0.33867498826417397
cub200,resnet50_sgd,4,shuffle_201,shuffle,"(2, 0, 1)",5794,0.3022091819123231,0.2959027818371134,0.3103797766743399
cub200,resnet50_sgd,4,shuffle_210,shuffle,"(2, 1, 0)",5794,0.3424231964100794,0.33194770810262364,0.35003307179317206
cub200,resnet50_sgd,4,quant_2,quant,2,5794,0.17863306869175008,0.17072486736288062,0.18293476809027587
cub200,resnet50_sgd,4,quant_4,quant,4,5794,0.43217121159820504,0.4290071435262143,0.43447260985257125
cub200,resnet50_sgd,4,quant_8,quant,8,5794,0.6561960648947187,0.6535960807153404,0.658763439420407
cub200,resnet50_sgd,4,quant_16,quant,16,5794,0.7343803935105281,0.7330133133114355,0.7366715480242071
